window_start,device_mac,pkt_count,byte_count,mean_iat,std_iat,arp_req_count,arp_req_rate,arp_reply_count,arp_reply_rate,broadcast_ratio,avg_response_latency,send_recv_ratio
1785313143.519992,08:00:27:5a:87:bc,0,0,,,0,0.0,0,0.0,0.0,,0.0
1785313143.519992,08:00:27:8a:0d:75,5,490,1.0669342279434204,0.08167614993117595,0,0.0,0,0.0,0.0,,1.0
1785313143.519992,08:00:27:a5:9e:2d,5,490,1.0669606924057007,0.08171045473391923,0,0.0,0,0.0,0.0,0.00012903213500976564,1.0
1785313148.519992,08:00:27:5a:87:bc,10,532,0.11566098531087239,0.317276027358346,4,0.8,2,0.4,0.4,0.0004959702491760254,1.2201834862385321
1785313148.519992,08:00:27:8a:0d:75,10,790,0.5173423290252686,0.47530154874709285,1,0.2,3,0.6,0.0,,1.0477453580901857
1785313148.519992,08:00:27:a5:9e:2d,10,790,0.5174482133653429,0.47707123135086077,1,0.2,3,0.6,0.0,0.00015246868133544922,1.0477453580901857
1785313153.519992,08:00:27:5a:87:bc,8,336,0.43307341848100933,0.5000020184867902,0,0.0,8,1.6,0.0,,10.0
1785313153.519992,08:00:27:8a:0d:75,0,0,,,0,0.0,0,0.0,0.0,,0.0
1785313153.519992,08:00:27:a5:9e:2d,0,0,,,0,0.0,0,0.0,0.0,,0.0
1785313158.519992,08:00:27:5a:87:bc,0,0,,,0,0.0,0,0.0,0.0,,0.0
1785313158.519992,08:00:27:8a:0d:75,0,0,,,0,0.0,0,0.0,0.0,,0.0
1785313158.519992,08:00:27:a5:9e:2d,0,0,,,0,0.0,0,0.0,0.0,,0.0
1785313163.519992,08:00:27:5a:87:bc,2,84,3.0040740966796875e-05,0.0,0,0.0,2,0.4,0.0,,10.0
1785313163.519992,08:00:27:8a:0d:75,0,0,,,0,0.0,0,0.0,0.0,,0.0
1785313163.519992,08:00:27:a5:9e:2d,0,0,,,0,0.0,0,0.0,0.0,,0.0
1785313168.519992,08:00:27:5a:87:bc,0,0,,,0,0.0,0,0.0,0.0,,0.0
1785313168.519992,08:00:27:8a:0d:75,0,0,,,0,0.0,0,0.0,0.0,,0.0
1785313168.519992,08:00:27:a5:9e:2d,0,0,,,0,0.0,0,0.0,0.0,,0.0
1785313173.519992,08:00:27:5a:87:bc,2,84,4.696846008300781e-05,0.0,0,0.0,2,0.4,0.0,,10.0
1785313173.519992,08:00:27:8a:0d:75,0,0,,,0,0.0,0,0.0,0.0,,0.0
1785313173.519992,08:00:27:a5:9e:2d,0,0,,,0,0.0,0,0.0,0.0,,0.0
1785313178.519992,08:00:27:5a:87:bc,0,0,,,0,0.0,0,0.0,0.0,,0.0
1785313178.519992,08:00:27:8a:0d:75,0,0,,,0,0.0,0,0.0,0.0,,0.0
1785313178.519992,08:00:27:a5:9e:2d,0,0,,,0,0.0,0,0.0,0.0,,0.0
1785313183.519992,08:00:27:5a:87:bc,4,280,0.4127630392710368,0.5831629793248357,0,0.0,2,0.4,0.0,0.0004900693893432617,1.4285714285714286
1785313183.519992,08:00:27:8a:0d:75,1,98,,,0,0.0,0,0.0,0.0,,0.7
1785313183.519992,08:00:27:a5:9e:2d,1,98,,,0,0.0,0,0.0,0.0,,0.7
1785313188.519992,08:00:27:5a:87:bc,0,0,,,0,0.0,0,0.0,0.0,,0.0
1785313188.519992,08:00:27:8a:0d:75,0,0,,,0,0.0,0,0.0,0.0,,0.0
1785313188.519992,08:00:27:a5:9e:2d,0,0,,,0,0.0,0,0.0,0.0,,0.0
1785313193.519992,08:00:27:5a:87:bc,2,84,3.0994415283203125e-05,0.0,0,0.0,2,0.4,0.0,,10.0
1785313193.519992,08:00:27:8a:0d:75,0,0,,,0,0.0,0,0.0,0.0,,0.0
1785313193.519992,08:00:27:a5:9e:2d,0,0,,,0,0.0,0,0.0,0.0,,0.0
1785313198.519992,08:00:27:5a:87:bc,4,392,0.33638763427734375,0.4732262254130884,0,0.0,0,0.0,0.0,0.000996410846710205,1.0
1785313198.519992,08:00:27:8a:0d:75,2,196,1.005798101425171,0.0,0,0.0,0,0.0,0.0,,1.0
1785313198.519992,08:00:27:a5:9e:2d,2,196,1.0066308975219727,0.0,0,0.0,0,0.0,0.0,,1.0
1785313203.519992,08:00:27:5a:87:bc,14,1148,0.30820446747999924,0.43297820492579564,2,0.4,2,0.4,0.0,0.0006968259811401367,1.0436363636363637
1785313203.519992,08:00:27:8a:0d:75,6,550,0.8009622097015381,0.30885378002634944,0,0.0,1,0.2,0.0,,0.9581881533101045
1785313203.519992,08:00:27:a5:9e:2d,6,550,0.8010046005249023,0.3098325695933409,0,0.0,1,0.2,0.0,,0.9581881533101045
1785313208.519992,08:00:27:5a:87:bc,10,980,0.44502168231540257,0.49646735193120256,0,0.0,0,0.0,0.0,0.0006491661071777344,1.0
1785313208.519992,08:00:27:8a:0d:75,5,490,1.0010765194892883,0.00039109010263565814,0,0.0,0,0.0,0.0,,1.0
1785313208.519992,08:00:27:a5:9e:2d,5,490,1.0009552836418152,0.0003478715549886655,0,0.0,0,0.0,0.0,,1.0
1785313213.519992,08:00:27:5a:87:bc,12,1064,0.36409326033158734,0.47502706029319836,0,0.0,2,0.4,0.0,0.0008963108062744141,1.0857142857142856
1785313213.519992,08:00:27:8a:0d:75,5,490,1.0010502338409424,0.00022878706976909747,0,0.0,0,0.0,0.0,,0.9210526315789473
1785313213.519992,08:00:27:a5:9e:2d,5,490,1.0009637475013733,0.001368035194505643,0,0.0,0,0.0,0.0,,0.9210526315789473
1785313218.519992,08:00:27:5a:87:bc,6,588,0.40059599876403806,0.48930444897067504,0,0.0,0,0.0,0.0,0.0007268587748209635,1.0
1785313218.519992,08:00:27:8a:0d:75,3,294,1.0011515617370605,0.0004916191101074219,0,0.0,0,0.0,0.0,,1.0
1785313218.519992,08:00:27:a5:9e:2d,3,294,1.0010559558868408,0.001962900161743164,0,0.0,0,0.0,0.0,,1.0
1785313223.519992,08:00:27:5a:87:bc,8,672,0.2865722860608782,0.38143802464645876,0,0.0,2,0.4,0.0,0.0010042985280354817,1.1428571428571428
1785313223.519992,08:00:27:8a:0d:75,3,294,1.0016365051269531,0.00039839744567871094,0,0.0,0,0.0,0.0,,0.875
1785313223.519992,08:00:27:a5:9e:2d,3,294,1.001250982284546,0.0004990100860595703,0,0.0,0,0.0,0.0,,0.875
1785313228.519992,08:00:27:5a:87:bc,10,980,0.4451009962293837,0.4963734762431191,0,0.0,0,0.0,0.0,0.0007391691207885743,1.0
1785313228.519992,08:00:27:8a:0d:75,5,490,1.001204013824463,0.0002085893477387595,0,0.0,0,0.0,0.0,,1.0
1785313228.519992,08:00:27:a5:9e:2d,5,490,1.0011680126190186,0.0014504304630937822,0,0.0,0,0.0,0.0,,1.0
1785313233.519992,08:00:27:5a:87:bc,12,1064,0.3641931793906472,0.439877711945407,0,0.0,2,0.4,0.0,0.0008228778839111328,1.0857142857142856
1785313233.519992,08:00:27:8a:0d:75,5,490,1.001281499862671,0.0006574892589629556,0,0.0,0,0.0,0.0,,0.9210526315789473
1785313233.519992,08:00:27:a5:9e:2d,5,490,1.0012832283973694,0.0011593971474296023,0,0.0,0,0.0,0.0,,0.9210526315789473
1785313238.519992,08:00:27:5a:87:bc,12,952,0.4061802734028209,0.46806950838170996,0,0.0,4,0.8,0.0,0.0008074641227722168,1.2142857142857142
1785313238.519992,08:00:27:8a:0d:75,5,490,1.0012107491493225,0.0002510496905553281,0,0.0,0,0.0,0.0,0.00024700164794921875,0.8536585365853658
1785313238.519992,08:00:27:a5:9e:2d,5,490,1.0010960102081299,0.0011361388795586322,0,0.0,0,0.0,0.0,,0.8536585365853658
1785313243.519992,08:00:27:5a:87:bc,2,84,4.100799560546875e-05,0.0,0,0.0,2,0.4,0.0,,10.0
1785313243.519992,08:00:27:8a:0d:75,2,196,1.0240509510040283,0.0,0,0.0,0,0.0,0.0,0.0002319812774658203,0.8235294117647058
1785313243.519992,08:00:27:a5:9e:2d,2,196,1.024151086807251,0.0,0,0.0,0,0.0,0.0,,0.8235294117647058
1785313248.519992,08:00:27:5a:87:bc,0,0,,,0,0.0,0,0.0,0.0,,0.0
1785313248.519992,08:00:27:8a:0d:75,0,0,,,0,0.0,0,0.0,0.0,,0.0
1785313248.519992,08:00:27:a5:9e:2d,0,0,,,0,0.0,0,0.0,0.0,,0.0
1785313253.519992,08:00:27:5a:87:bc,0,0,,,0,0.0,0,0.0,0.0,,0.0
1785313253.519992,08:00:27:8a:0d:75,0,0,,,0,0.0,0,0.0,0.0,,0.0
1785313253.519992,08:00:27:a5:9e:2d,0,0,,,0,0.0,0,0.0,0.0,,0.0
1785313258.519992,08:00:27:5a:87:bc,0,0,,,0,0.0,0,0.0,0.0,,0.0
1785313258.519992,08:00:27:8a:0d:75,0,0,,,0,0.0,0,0.0,0.0,,0.0
1785313258.519992,08:00:27:a5:9e:2d,0,0,,,0,0.0,0,0.0,0.0,,0.0
1785313263.519992,08:00:27:5a:87:bc,0,0,,,0,0.0,0,0.0,0.0,,0.0
1785313263.519992,08:00:27:8a:0d:75,1,98,,,0,0.0,0,0.0,0.0,0.00025200843811035156,1.0
1785313263.519992,08:00:27:a5:9e:2d,1,98,,,0,0.0,0,0.0,0.0,,1.0
1785313268.519992,08:00:27:5a:87:bc,0,0,,,0,0.0,0,0.0,0.0,,0.0
1785313268.519992,08:00:27:8a:0d:75,5,490,1.0235769748687744,0.0006961587149090501,0,0.0,0,0.0,0.0,0.00020432472229003906,1.0
1785313268.519992,08:00:27:a5:9e:2d,5,490,1.0235777497291565,0.0008656724881539734,0,0.0,0,0.0,0.0,,1.0
1785313273.519992,08:00:27:5a:87:bc,0,0,,,0,0.0,0,0.0,0.0,,0.0
1785313273.519992,08:00:27:8a:0d:75,6,550,0.8188039779663085,0.3357918128013055,0,0.0,1,0.2,0.0,0.00016231536865234374,1.0
1785313273.519992,08:00:27:a5:9e:2d,6,550,0.8187836170196533,0.33591832970241153,1,0.2,0,0.0,0.0,,1.0
1785313278.519992,08:00:27:5a:87:bc,0,0,,,0,0.0,0,0.0,0.0,,0.0
1785313278.519992,08:00:27:8a:0d:75,6,588,0.8187242031097413,0.29824951749410655,0,0.0,0,0.0,0.0,0.0001949787139892578,1.0
1785313278.519992,08:00:27:a5:9e:2d,6,588,0.8187517642974853,0.29813768914143735,0,0.0,0,0.0,0.0,9.894371032714844e-05,1.0
1785313283.519992,08:00:27:5a:87:bc,0,0,,,0,0.0,0,0.0,0.0,,0.0
1785313283.519992,08:00:27:8a:0d:75,4,392,1.0234003861745198,0.0002922415564493366,0,0.0,0,0.0,0.0,0.00011050701141357422,1.0
1785313283.519992,08:00:27:a5:9e:2d,4,392,1.0233806769053142,0.0003585549277321163,0,0.0,0,0.0,0.0,,1.0
1785313288.519992,08:00:27:5a:87:bc,0,0,,,0,0.0,0,0.0,0.0,,0.0
1785313288.519992,08:00:27:8a:0d:75,1,60,,,1,0.2,0,0.0,0.0,,1.0
1785313288.519992,08:00:27:a5:9e:2d,1,60,,,0,0.0,1,0.2,0.0,,1.0
1785313293.519992,08:00:27:5a:87:bc,0,0,,,0,0.0,0,0.0,0.0,,0.0
1785313293.519992,08:00:27:8a:0d:75,1,98,,,0,0.0,0,0.0,0.0,,1.0
1785313293.519992,08:00:27:a5:9e:2d,1,98,,,0,0.0,0,0.0,0.0,9.584426879882812e-05,1.0
1785313298.519992,08:00:27:5a:87:bc,0,0,,,0,0.0,0,0.0,0.0,,0.0
1785313298.519992,08:00:27:8a:0d:75,0,0,,,0,0.0,0,0.0,0.0,,0.0
1785313298.519992,08:00:27:a5:9e:2d,0,0,,,0,0.0,0,0.0,0.0,,0.0
1785313303.519992,08:00:27:5a:87:bc,0,0,,,0,0.0,0,0.0,0.0,,0.0
1785313303.519992,08:00:27:8a:0d:75,0,0,,,0,0.0,0,0.0,0.0,,0.0
1785313303.519992,08:00:27:a5:9e:2d,0,0,,,0,0.0,0,0.0,0.0,,0.0
1785313308.519992,08:00:27:5a:87:bc,0,0,,,0,0.0,0,0.0,0.0,,0.0
1785313308.519992,08:00:27:8a:0d:75,0,0,,,0,0.0,0,0.0,0.0,,0.0
1785313308.519992,08:00:27:a5:9e:2d,0,0,,,0,0.0,0,0.0,0.0,,0.0
1785313313.519992,08:00:27:5a:87:bc,0,0,,,0,0.0,0,0.0,0.0,,0.0
1785313313.519992,08:00:27:8a:0d:75,0,0,,,0,0.0,0,0.0,0.0,,0.0
1785313313.519992,08:00:27:a5:9e:2d,0,0,,,0,0.0,0,0.0,0.0,,0.0
1785313318.519992,08:00:27:5a:87:bc,84,4148,0.00947732523263219,0.0033471208447305684,71,14.2,2,0.4,0.9523809523809523,,17.283333333333335
1785313318.519992,08:00:27:8a:0d:75,1,120,,,0,0.0,0,0.0,0.0,,0.7894736842105263
1785313318.519992,08:00:27:a5:9e:2d,1,120,,,0,0.0,0,0.0,0.0,,0.7894736842105263
1785313323.519992,08:00:27:5a:87:bc,702,29930,0.00685595445728166,0.019611700768443843,687,137.4,10,2.0,0.9829059829059829,,249.41666666666666
1785313323.519992,08:00:27:8a:0d:75,1,60,,,0,0.0,1,0.2,0.0,,0.17543859649122806
1785313323.519992,08:00:27:a5:9e:2d,1,60,,,0,0.0,1,0.2,0.0,,0.17543859649122806
1785313328.519992,08:00:27:5a:87:bc,531,22632,0.00902258315176334,0.05465022897157525,518,103.6,10,2.0,0.9774011299435028,,94.3
1785313328.519992,08:00:27:8a:0d:75,1,120,,,0,0.0,0,0.0,0.0,,0.30612244897959184
1785313328.519992,08:00:27:a5:9e:2d,1,120,,,0,0.0,0,0.0,0.0,,0.30612244897959184
1785313333.519992,08:00:27:5a:87:bc,271,11878,0.018378240973861128,0.09529375042275891,255,51.0,10,2.0,0.955719557195572,,49.49166666666667
1785313333.519992,08:00:27:8a:0d:75,1,120,,,0,0.0,0,0.0,0.0,,0.30612244897959184
1785313333.519992,08:00:27:a5:9e:2d,1,120,,,0,0.0,0,0.0,0.0,,0.30612244897959184
1785313338.519992,08:00:27:5a:87:bc,750,31730,0.006093003880356915,0.008830923944205791,739,147.8,10,2.0,0.9866666666666667,,10.0
1785313338.519992,08:00:27:8a:0d:75,0,0,,,0,0.0,0,0.0,0.0,,0.0
1785313338.519992,08:00:27:a5:9e:2d,0,0,,,0,0.0,0,0.0,0.0,,0.0
1785313343.519992,08:00:27:5a:87:bc,400,17296,0.011916866876128921,0.05581069073784093,384,76.8,10,2.0,0.97,,72.06666666666666
1785313343.519992,08:00:27:8a:0d:75,3,316,1.0243009328842163,0.007738947868347168,0,0.0,0,0.0,0.0,0.00014495849609375,0.5374149659863946
1785313343.519992,08:00:27:a5:9e:2d,3,316,1.0294114351272583,0.002698540687561035,0,0.0,0,0.0,0.0,,0.5374149659863946
1785313348.519992,08:00:27:5a:87:bc,383,16316,0.011096426329687627,0.06799975919665295,372,74.4,10,2.0,0.9738903394255874,,10.0
1785313348.519992,08:00:27:8a:0d:75,7,610,0.68230668703715,0.47135020653900056,1,0.2,1,0.2,0.0,0.00014119148254394532,0.6703296703296703
1785313348.519992,08:00:27:a5:9e:2d,7,610,0.6823180119196574,0.4713694158427935,1,0.2,1,0.2,0.0,,0.6703296703296703
1785313353.519992,08:00:27:5a:87:bc,753,31956,0.006311331340607176,0.009376087020277644,740,148.0,10,2.0,0.9840637450199203,,133.15
1785313353.519992,08:00:27:8a:0d:75,7,708,0.7480479876200358,0.2872175733879519,0,0.0,0,0.0,0.0,0.00017557144165039062,0.7224489795918367
1785313353.519992,08:00:27:a5:9e:2d,7,708,0.7498483260472616,0.28510974504403164,0,0.0,0,0.0,0.0,0.00012803077697753906,0.7224489795918367
1785313358.519992,08:00:27:5a:87:bc,269,11682,0.018539208974411237,0.10126209224284978,255,51.0,10,2.0,0.9553903345724907,,48.675
1785313358.519992,08:00:27:8a:0d:75,5,512,0.7676554918289185,0.31926511604231494,0,0.0,0,0.0,0.0,0.00015676021575927734,0.6530612244897959
1785313358.519992,08:00:27:a5:9e:2d,5,512,0.7676082253456116,0.323766186289547,0,0.0,0,0.0,0.0,,0.6530612244897959
1785313363.519992,08:00:27:5a:87:bc,530,22602,0.008057158926258917,0.04589537689716119,517,103.4,10,2.0,0.9811320754716981,,10.0
1785313363.519992,08:00:27:8a:0d:75,4,392,1.0233577092488606,2.539453230599922e-05,0,0.0,0,0.0,0.0,0.00011718273162841797,0.5664739884393064
1785313363.519992,08:00:27:a5:9e:2d,4,392,1.0233449935913086,3.627933869181911e-05,0,0.0,0,0.0,0.0,,0.5664739884393064
1785313368.519992,08:00:27:5a:87:bc,700,29730,0.006769456235806488,0.027355437382899406,687,137.4,10,2.0,0.9828571428571429,,123.875
1785313368.519992,08:00:27:8a:0d:75,1,120,,,0,0.0,0,0.0,0.0,,0.30612244897959184
1785313368.519992,08:00:27:a5:9e:2d,1,120,,,0,0.0,0,0.0,0.0,,0.30612244897959184
1785313373.519992,08:00:27:5a:87:bc,218,9548,0.022891207224762386,0.10174017721221812,204,40.8,10,2.0,0.9357798165137615,,26.522222222222222
1785313373.519992,08:00:27:8a:0d:75,2,180,2.7230470180511475,0.0,0,0.0,1,0.2,0.0,,0.4147465437788018
1785313373.519992,08:00:27:a5:9e:2d,2,180,2.709994077682495,0.0,0,0.0,1,0.2,0.0,,0.4147465437788018
1785313378.519992,08:00:27:5a:87:bc,636,27046,0.006735694314551166,0.030682478279461068,623,124.6,10,2.0,0.9842767295597484,,10.0
1785313378.519992,08:00:27:8a:0d:75,0,0,,,0,0.0,0,0.0,0.0,,0.0
1785313378.519992,08:00:27:a5:9e:2d,0,0,,,0,0.0,0,0.0,0.0,,0.0
1785313383.519992,08:00:27:5a:87:bc,612,26034,0.007672931090509443,0.041977619436924775,599,119.8,10,2.0,0.9803921568627451,,108.475
1785313383.519992,08:00:27:8a:0d:75,4,414,1.0640637079874675,0.04735128341323923,0,0.0,0,0.0,0.0,,0.6034985422740525
1785313383.519992,08:00:27:a5:9e:2d,4,414,1.0676079591115315,0.05228915111010391,0,0.0,0,0.0,0.0,0.00011873245239257812,0.6034985422740525
1785313388.519992,08:00:27:5a:87:bc,226,9772,0.02217842208014594,0.11110761703622783,214,42.8,10,2.0,0.9469026548672567,,40.71666666666667
1785313388.519992,08:00:27:8a:0d:75,6,572,0.7225358009338378,0.2985398971220629,0,0.0,1,0.2,0.0,,0.6777251184834123
1785313388.519992,08:00:27:a5:9e:2d,6,572,0.7203747749328613,0.30060050206585875,1,0.2,0,0.0,0.0,0.00021719932556152344,0.6777251184834123
1785313393.519992,08:00:27:5a:87:bc,710,30050,0.006057349852009115,0.009794782158955101,699,139.8,10,2.0,0.9859154929577465,,10.0
1785313393.519992,08:00:27:8a:0d:75,3,294,1.0218344926834106,0.0019077062606811523,0,0.0,0,0.0,0.0,,0.494949494949495
1785313393.519992,08:00:27:a5:9e:2d,3,294,1.0217714309692383,0.0019245147705078125,0,0.0,0,0.0,0.0,0.00016570091247558594,0.494949494949495
1785313398.519992,08:00:27:5a:87:bc,506,21722,0.009265788238827545,0.05872064206498001,489,97.8,12,2.4,0.9723320158102767,,90.50833333333334
1785313398.519992,08:00:27:8a:0d:75,2,180,0.07611393928527832,0.0,1,0.2,0,0.0,0.0,,0.3515625
1785313398.519992,08:00:27:a5:9e:2d,2,180,0.06569981575012207,0.0,0,0.0,1,0.2,0.0,,0.3515625
1785313403.519992,08:00:27:5a:87:bc,240,10196,0.0066956825336153035,0.012517989229711457,235,47.0,0,0.0,1.0,,10.0
1785313403.519992,08:00:27:8a:0d:75,0,0,,,0,0.0,0,0.0,0.0,,0.0
1785313403.519992,08:00:27:a5:9e:2d,0,0,,,0,0.0,0,0.0,0.0,,0.0
1785313408.519992,08:00:27:5a:87:bc,0,0,,,0,0.0,0,0.0,0.0,,0.0
1785313408.519992,08:00:27:8a:0d:75,0,0,,,0,0.0,0,0.0,0.0,,0.0
1785313408.519992,08:00:27:a5:9e:2d,0,0,,,0,0.0,0,0.0,0.0,,0.0
1785313413.519992,08:00:27:5a:87:bc,0,0,,,0,0.0,0,0.0,0.0,,0.0
1785313413.519992,08:00:27:8a:0d:75,0,0,,,0,0.0,0,0.0,0.0,,0.0
1785313413.519992,08:00:27:a5:9e:2d,0,0,,,0,0.0,0,0.0,0.0,,0.0
1785313418.519992,08:00:27:5a:87:bc,0,0,,,0,0.0,0,0.0,0.0,,0.0
1785313418.519992,08:00:27:8a:0d:75,0,0,,,0,0.0,0,0.0,0.0,,0.0
1785313418.519992,08:00:27:a5:9e:2d,0,0,,,0,0.0,0,0.0,0.0,,0.0
1785313423.519992,08:00:27:5a:87:bc,0,0,,,0,0.0,0,0.0,0.0,,0.0
1785313423.519992,08:00:27:8a:0d:75,0,0,,,0,0.0,0,0.0,0.0,,0.0
1785313423.519992,08:00:27:a5:9e:2d,0,0,,,0,0.0,0,0.0,0.0,,0.0
1785313428.519992,08:00:27:5a:87:bc,0,0,,,0,0.0,0,0.0,0.0,,0.0
1785313428.519992,08:00:27:8a:0d:75,0,0,,,0,0.0,0,0.0,0.0,,0.0
1785313428.519992,08:00:27:a5:9e:2d,0,0,,,0,0.0,0,0.0,0.0,,0.0
1785313433.519992,08:00:27:5a:87:bc,0,0,,,0,0.0,0,0.0,0.0,,0.0
1785313433.519992,08:00:27:8a:0d:75,0,0,,,0,0.0,0,0.0,0.0,,0.0
1785313433.519992,08:00:27:a5:9e:2d,0,0,,,0,0.0,0,0.0,0.0,,0.0
1785313438.519992,08:00:27:5a:87:bc,0,0,,,0,0.0,0,0.0,0.0,,0.0
1785313438.519992,08:00:27:8a:0d:75,0,0,,,0,0.0,0,0.0,0.0,,0.0
1785313438.519992,08:00:27:a5:9e:2d,0,0,,,0,0.0,0,0.0,0.0,,0.0
1785313443.519992,08:00:27:5a:87:bc,0,0,,,0,0.0,0,0.0,0.0,,0.0
1785313443.519992,08:00:27:8a:0d:75,0,0,,,0,0.0,0,0.0,0.0,,0.0
1785313443.519992,08:00:27:a5:9e:2d,0,0,,,0,0.0,0,0.0,0.0,,0.0
1785313448.519992,08:00:27:5a:87:bc,0,0,,,0,0.0,0,0.0,0.0,,0.0
1785313448.519992,08:00:27:8a:0d:75,0,0,,,0,0.0,0,0.0,0.0,,0.0
1785313448.519992,08:00:27:a5:9e:2d,0,0,,,0,0.0,0,0.0,0.0,,0.0
1785313453.519992,08:00:27:5a:87:bc,0,0,,,0,0.0,0,0.0,0.0,,0.0
1785313453.519992,08:00:27:8a:0d:75,0,0,,,0,0.0,0,0.0,0.0,,0.0
1785313453.519992,08:00:27:a5:9e:2d,0,0,,,0,0.0,0,0.0,0.0,,0.0
1785313458.519992,08:00:27:5a:87:bc,0,0,,,0,0.0,0,0.0,0.0,,0.0
1785313458.519992,08:00:27:8a:0d:75,0,0,,,0,0.0,0,0.0,0.0,,0.0
1785313458.519992,08:00:27:a5:9e:2d,0,0,,,0,0.0,0,0.0,0.0,,0.0
1785313463.519992,08:00:27:5a:87:bc,0,0,,,0,0.0,0,0.0,0.0,,0.0
1785313463.519992,08:00:27:8a:0d:75,0,0,,,0,0.0,0,0.0,0.0,,0.0
1785313463.519992,08:00:27:a5:9e:2d,0,0,,,0,0.0,0,0.0,0.0,,0.0
1785313468.519992,08:00:27:5a:87:bc,0,0,,,0,0.0,0,0.0,0.0,,0.0
1785313468.519992,08:00:27:8a:0d:75,0,0,,,0,0.0,0,0.0,0.0,,0.0
1785313468.519992,08:00:27:a5:9e:2d,0,0,,,0,0.0,0,0.0,0.0,,0.0
1785313473.519992,08:00:27:5a:87:bc,0,0,,,0,0.0,0,0.0,0.0,,0.0
1785313473.519992,08:00:27:8a:0d:75,0,0,,,0,0.0,0,0.0,0.0,,0.0
1785313473.519992,08:00:27:a5:9e:2d,0,0,,,0,0.0,0,0.0,0.0,,0.0
1785313478.519992,08:00:27:5a:87:bc,0,0,,,0,0.0,0,0.0,0.0,,0.0
1785313478.519992,08:00:27:8a:0d:75,0,0,,,0,0.0,0,0.0,0.0,,0.0
1785313478.519992,08:00:27:a5:9e:2d,0,0,,,0,0.0,0,0.0,0.0,,0.0
1785313483.519992,08:00:27:5a:87:bc,0,0,,,0,0.0,0,0.0,0.0,,0.0
1785313483.519992,08:00:27:8a:0d:75,0,0,,,0,0.0,0,0.0,0.0,,0.0
1785313483.519992,08:00:27:a5:9e:2d,0,0,,,0,0.0,0,0.0,0.0,,0.0
1785313488.519992,08:00:27:5a:87:bc,0,0,,,0,0.0,0,0.0,0.0,,0.0
1785313488.519992,08:00:27:8a:0d:75,0,0,,,0,0.0,0,0.0,0.0,,0.0
1785313488.519992,08:00:27:a5:9e:2d,0,0,,,0,0.0,0,0.0,0.0,,0.0
1785313493.519992,08:00:27:5a:87:bc,0,0,,,0,0.0,0,0.0,0.0,,0.0
1785313493.519992,08:00:27:8a:0d:75,0,0,,,0,0.0,0,0.0,0.0,,0.0
1785313493.519992,08:00:27:a5:9e:2d,0,0,,,0,0.0,0,0.0,0.0,,0.0
1785313498.519992,08:00:27:5a:87:bc,0,0,,,0,0.0,0,0.0,0.0,,0.0
1785313498.519992,08:00:27:8a:0d:75,0,0,,,0,0.0,0,0.0,0.0,,0.0
1785313498.519992,08:00:27:a5:9e:2d,0,0,,,0,0.0,0,0.0,0.0,,0.0
1785313503.519992,08:00:27:5a:87:bc,0,0,,,0,0.0,0,0.0,0.0,,0.0
1785313503.519992,08:00:27:8a:0d:75,0,0,,,0,0.0,0,0.0,0.0,,0.0
1785313503.519992,08:00:27:a5:9e:2d,0,0,,,0,0.0,0,0.0,0.0,,0.0
1785313508.519992,08:00:27:5a:87:bc,0,0,,,0,0.0,0,0.0,0.0,,0.0
1785313508.519992,08:00:27:8a:0d:75,0,0,,,0,0.0,0,0.0,0.0,,0.0
1785313508.519992,08:00:27:a5:9e:2d,0,0,,,0,0.0,0,0.0,0.0,,0.0
1785313513.519992,08:00:27:5a:87:bc,0,0,,,0,0.0,0,0.0,0.0,,0.0
1785313513.519992,08:00:27:8a:0d:75,0,0,,,0,0.0,0,0.0,0.0,,0.0
1785313513.519992,08:00:27:a5:9e:2d,0,0,,,0,0.0,0,0.0,0.0,,0.0
1785313518.519992,08:00:27:5a:87:bc,0,0,,,0,0.0,0,0.0,0.0,,0.0
1785313518.519992,08:00:27:8a:0d:75,0,0,,,0,0.0,0,0.0,0.0,,0.0
1785313518.519992,08:00:27:a5:9e:2d,0,0,,,0,0.0,0,0.0,0.0,,0.0
1785313523.519992,08:00:27:5a:87:bc,0,0,,,0,0.0,0,0.0,0.0,,0.0
1785313523.519992,08:00:27:8a:0d:75,0,0,,,0,0.0,0,0.0,0.0,,0.0
1785313523.519992,08:00:27:a5:9e:2d,0,0,,,0,0.0,0,0.0,0.0,,0.0
1785313528.519992,08:00:27:5a:87:bc,0,0,,,0,0.0,0,0.0,0.0,,0.0
1785313528.519992,08:00:27:8a:0d:75,0,0,,,0,0.0,0,0.0,0.0,,0.0
1785313528.519992,08:00:27:a5:9e:2d,0,0,,,0,0.0,0,0.0,0.0,,0.0
1785313533.519992,08:00:27:5a:87:bc,0,0,,,0,0.0,0,0.0,0.0,,0.0
1785313533.519992,08:00:27:8a:0d:75,0,0,,,0,0.0,0,0.0,0.0,,0.0
1785313533.519992,08:00:27:a5:9e:2d,0,0,,,0,0.0,0,0.0,0.0,,0.0
1785313538.519992,08:00:27:5a:87:bc,0,0,,,0,0.0,0,0.0,0.0,,0.0
1785313538.519992,08:00:27:8a:0d:75,0,0,,,0,0.0,0,0.0,0.0,,0.0
1785313538.519992,08:00:27:a5:9e:2d,0,0,,,0,0.0,0,0.0,0.0,,0.0
1785313543.519992,08:00:27:5a:87:bc,0,0,,,0,0.0,0,0.0,0.0,,0.0
1785313543.519992,08:00:27:8a:0d:75,0,0,,,0,0.0,0,0.0,0.0,,0.0
1785313543.519992,08:00:27:a5:9e:2d,0,0,,,0,0.0,0,0.0,0.0,,0.0
1785313548.519992,08:00:27:5a:87:bc,0,0,,,0,0.0,0,0.0,0.0,,0.0
1785313548.519992,08:00:27:8a:0d:75,0,0,,,0,0.0,0,0.0,0.0,,0.0
1785313548.519992,08:00:27:a5:9e:2d,0,0,,,0,0.0,0,0.0,0.0,,0.0
1785313553.519992,08:00:27:5a:87:bc,0,0,,,0,0.0,0,0.0,0.0,,0.0
1785313553.519992,08:00:27:8a:0d:75,0,0,,,0,0.0,0,0.0,0.0,,0.0
1785313553.519992,08:00:27:a5:9e:2d,0,0,,,0,0.0,0,0.0,0.0,,0.0
1785313558.519992,08:00:27:5a:87:bc,0,0,,,0,0.0,0,0.0,0.0,,0.0
1785313558.519992,08:00:27:8a:0d:75,0,0,,,0,0.0,0,0.0,0.0,,0.0
1785313558.519992,08:00:27:a5:9e:2d,0,0,,,0,0.0,0,0.0,0.0,,0.0
1785313563.519992,08:00:27:5a:87:bc,0,0,,,0,0.0,0,0.0,0.0,,0.0
1785313563.519992,08:00:27:8a:0d:75,0,0,,,0,0.0,0,0.0,0.0,,0.0
1785313563.519992,08:00:27:a5:9e:2d,0,0,,,0,0.0,0,0.0,0.0,,0.0
1785313568.519992,08:00:27:5a:87:bc,0,0,,,0,0.0,0,0.0,0.0,,0.0
1785313568.519992,08:00:27:8a:0d:75,0,0,,,0,0.0,0,0.0,0.0,,0.0
1785313568.519992,08:00:27:a5:9e:2d,0,0,,,0,0.0,0,0.0,0.0,,0.0
1785313573.519992,08:00:27:5a:87:bc,0,0,,,0,0.0,0,0.0,0.0,,0.0
1785313573.519992,08:00:27:8a:0d:75,0,0,,,0,0.0,0,0.0,0.0,,0.0
1785313573.519992,08:00:27:a5:9e:2d,0,0,,,0,0.0,0,0.0,0.0,,0.0
1785313578.519992,08:00:27:5a:87:bc,0,0,,,0,0.0,0,0.0,0.0,,0.0
1785313578.519992,08:00:27:8a:0d:75,0,0,,,0,0.0,0,0.0,0.0,,0.0
1785313578.519992,08:00:27:a5:9e:2d,0,0,,,0,0.0,0,0.0,0.0,,0.0
1785313583.519992,08:00:27:5a:87:bc,0,0,,,0,0.0,0,0.0,0.0,,0.0
1785313583.519992,08:00:27:8a:0d:75,0,0,,,0,0.0,0,0.0,0.0,,0.0
1785313583.519992,08:00:27:a5:9e:2d,0,0,,,0,0.0,0,0.0,0.0,,0.0
1785313588.519992,08:00:27:5a:87:bc,0,0,,,0,0.0,0,0.0,0.0,,0.0
1785313588.519992,08:00:27:8a:0d:75,0,0,,,0,0.0,0,0.0,0.0,,0.0
1785313588.519992,08:00:27:a5:9e:2d,0,0,,,0,0.0,0,0.0,0.0,,0.0
1785313593.519992,08:00:27:5a:87:bc,0,0,,,0,0.0,0,0.0,0.0,,0.0
1785313593.519992,08:00:27:8a:0d:75,0,0,,,0,0.0,0,0.0,0.0,,0.0
1785313593.519992,08:00:27:a5:9e:2d,0,0,,,0,0.0,0,0.0,0.0,,0.0
1785313598.519992,08:00:27:5a:87:bc,0,0,,,0,0.0,0,0.0,0.0,,0.0
1785313598.519992,08:00:27:8a:0d:75,0,0,,,0,0.0,0,0.0,0.0,,0.0
1785313598.519992,08:00:27:a5:9e:2d,0,0,,,0,0.0,0,0.0,0.0,,0.0
1785313603.519992,08:00:27:5a:87:bc,0,0,,,0,0.0,0,0.0,0.0,,0.0
1785313603.519992,08:00:27:8a:0d:75,0,0,,,0,0.0,0,0.0,0.0,,0.0
1785313603.519992,08:00:27:a5:9e:2d,0,0,,,0,0.0,0,0.0,0.0,,0.0
1785313608.519992,08:00:27:5a:87:bc,0,0,,,0,0.0,0,0.0,0.0,,0.0
1785313608.519992,08:00:27:8a:0d:75,0,0,,,0,0.0,0,0.0,0.0,,0.0
1785313608.519992,08:00:27:a5:9e:2d,0,0,,,0,0.0,0,0.0,0.0,,0.0
1785313613.519992,08:00:27:5a:87:bc,0,0,,,0,0.0,0,0.0,0.0,,0.0
1785313613.519992,08:00:27:8a:0d:75,0,0,,,0,0.0,0,0.0,0.0,,0.0
1785313613.519992,08:00:27:a5:9e:2d,0,0,,,0,0.0,0,0.0,0.0,,0.0
1785313618.519992,08:00:27:5a:87:bc,0,0,,,0,0.0,0,0.0,0.0,,0.0
1785313618.519992,08:00:27:8a:0d:75,0,0,,,0,0.0,0,0.0,0.0,,0.0
1785313618.519992,08:00:27:a5:9e:2d,0,0,,,0,0.0,0,0.0,0.0,,0.0
1785313623.519992,08:00:27:5a:87:bc,0,0,,,0,0.0,0,0.0,0.0,,0.0
1785313623.519992,08:00:27:8a:0d:75,0,0,,,0,0.0,0,0.0,0.0,,0.0
1785313623.519992,08:00:27:a5:9e:2d,0,0,,,0,0.0,0,0.0,0.0,,0.0
1785313628.519992,08:00:27:5a:87:bc,0,0,,,0,0.0,0,0.0,0.0,,0.0
1785313628.519992,08:00:27:8a:0d:75,0,0,,,0,0.0,0,0.0,0.0,,0.0
1785313628.519992,08:00:27:a5:9e:2d,0,0,,,0,0.0,0,0.0,0.0,,0.0
1785313633.519992,08:00:27:5a:87:bc,0,0,,,0,0.0,0,0.0,0.0,,0.0
1785313633.519992,08:00:27:8a:0d:75,0,0,,,0,0.0,0,0.0,0.0,,0.0
1785313633.519992,08:00:27:a5:9e:2d,0,0,,,0,0.0,0,0.0,0.0,,0.0
1785313638.519992,08:00:27:5a:87:bc,0,0,,,0,0.0,0,0.0,0.0,,0.0
1785313638.519992,08:00:27:8a:0d:75,0,0,,,0,0.0,0,0.0,0.0,,0.0
1785313638.519992,08:00:27:a5:9e:2d,0,0,,,0,0.0,0,0.0,0.0,,0.0
1785313643.519992,08:00:27:5a:87:bc,0,0,,,0,0.0,0,0.0,0.0,,0.0
1785313643.519992,08:00:27:8a:0d:75,0,0,,,0,0.0,0,0.0,0.0,,0.0
1785313643.519992,08:00:27:a5:9e:2d,0,0,,,0,0.0,0,0.0,0.0,,0.0
1785313648.519992,08:00:27:5a:87:bc,0,0,,,0,0.0,0,0.0,0.0,,0.0
1785313648.519992,08:00:27:8a:0d:75,0,0,,,0,0.0,0,0.0,0.0,,0.0
1785313648.519992,08:00:27:a5:9e:2d,0,0,,,0,0.0,0,0.0,0.0,,0.0
1785313653.519992,08:00:27:5a:87:bc,0,0,,,0,0.0,0,0.0,0.0,,0.0
1785313653.519992,08:00:27:8a:0d:75,0,0,,,0,0.0,0,0.0,0.0,,0.0
1785313653.519992,08:00:27:a5:9e:2d,0,0,,,0,0.0,0,0.0,0.0,,0.0
1785313658.519992,08:00:27:5a:87:bc,0,0,,,0,0.0,0,0.0,0.0,,0.0
1785313658.519992,08:00:27:8a:0d:75,0,0,,,0,0.0,0,0.0,0.0,,0.0
1785313658.519992,08:00:27:a5:9e:2d,0,0,,,0,0.0,0,0.0,0.0,,0.0
1785313663.519992,08:00:27:5a:87:bc,0,0,,,0,0.0,0,0.0,0.0,,0.0
1785313663.519992,08:00:27:8a:0d:75,0,0,,,0,0.0,0,0.0,0.0,,0.0
1785313663.519992,08:00:27:a5:9e:2d,0,0,,,0,0.0,0,0.0,0.0,,0.0
1785313668.519992,08:00:27:5a:87:bc,0,0,,,0,0.0,0,0.0,0.0,,0.0
1785313668.519992,08:00:27:8a:0d:75,0,0,,,0,0.0,0,0.0,0.0,,0.0
1785313668.519992,08:00:27:a5:9e:2d,0,0,,,0,0.0,0,0.0,0.0,,0.0
1785313673.519992,08:00:27:5a:87:bc,0,0,,,0,0.0,0,0.0,0.0,,0.0
1785313673.519992,08:00:27:8a:0d:75,0,0,,,0,0.0,0,0.0,0.0,,0.0
1785313673.519992,08:00:27:a5:9e:2d,0,0,,,0,0.0,0,0.0,0.0,,0.0
1785313678.519992,08:00:27:5a:87:bc,0,0,,,0,0.0,0,0.0,0.0,,0.0
1785313678.519992,08:00:27:8a:0d:75,0,0,,,0,0.0,0,0.0,0.0,,0.0
1785313678.519992,08:00:27:a5:9e:2d,0,0,,,0,0.0,0,0.0,0.0,,0.0
1785313683.519992,08:00:27:5a:87:bc,0,0,,,0,0.0,0,0.0,0.0,,0.0
1785313683.519992,08:00:27:8a:0d:75,0,0,,,0,0.0,0,0.0,0.0,,0.0
1785313683.519992,08:00:27:a5:9e:2d,0,0,,,0,0.0,0,0.0,0.0,,0.0
1785313688.519992,08:00:27:5a:87:bc,0,0,,,0,0.0,0,0.0,0.0,,0.0
1785313688.519992,08:00:27:8a:0d:75,0,0,,,0,0.0,0,0.0,0.0,,0.0
1785313688.519992,08:00:27:a5:9e:2d,0,0,,,0,0.0,0,0.0,0.0,,0.0
1785313693.519992,08:00:27:5a:87:bc,0,0,,,0,0.0,0,0.0,0.0,,0.0
1785313693.519992,08:00:27:8a:0d:75,0,0,,,0,0.0,0,0.0,0.0,,0.0
1785313693.519992,08:00:27:a5:9e:2d,0,0,,,0,0.0,0,0.0,0.0,,0.0
1785313698.519992,08:00:27:5a:87:bc,0,0,,,0,0.0,0,0.0,0.0,,0.0
1785313698.519992,08:00:27:8a:0d:75,0,0,,,0,0.0,0,0.0,0.0,,0.0
1785313698.519992,08:00:27:a5:9e:2d,0,0,,,0,0.0,0,0.0,0.0,,0.0
1785313703.519992,08:00:27:5a:87:bc,0,0,,,0,0.0,0,0.0,0.0,,0.0
1785313703.519992,08:00:27:8a:0d:75,0,0,,,0,0.0,0,0.0,0.0,,0.0
1785313703.519992,08:00:27:a5:9e:2d,0,0,,,0,0.0,0,0.0,0.0,,0.0
1785313708.519992,08:00:27:5a:87:bc,0,0,,,0,0.0,0,0.0,0.0,,0.0
1785313708.519992,08:00:27:8a:0d:75,0,0,,,0,0.0,0,0.0,0.0,,0.0
1785313708.519992,08:00:27:a5:9e:2d,0,0,,,0,0.0,0,0.0,0.0,,0.0
1785313713.519992,08:00:27:5a:87:bc,0,0,,,0,0.0,0,0.0,0.0,,0.0
1785313713.519992,08:00:27:8a:0d:75,0,0,,,0,0.0,0,0.0,0.0,,0.0
1785313713.519992,08:00:27:a5:9e:2d,0,0,,,0,0.0,0,0.0,0.0,,0.0
1785313718.519992,08:00:27:5a:87:bc,0,0,,,0,0.0,0,0.0,0.0,,0.0
1785313718.519992,08:00:27:8a:0d:75,0,0,,,0,0.0,0,0.0,0.0,,0.0
1785313718.519992,08:00:27:a5:9e:2d,0,0,,,0,0.0,0,0.0,0.0,,0.0
1785313723.519992,08:00:27:5a:87:bc,0,0,,,0,0.0,0,0.0,0.0,,0.0
1785313723.519992,08:00:27:8a:0d:75,0,0,,,0,0.0,0,0.0,0.0,,0.0
1785313723.519992,08:00:27:a5:9e:2d,0,0,,,0,0.0,0,0.0,0.0,,0.0
1785313728.519992,08:00:27:5a:87:bc,0,0,,,0,0.0,0,0.0,0.0,,0.0
1785313728.519992,08:00:27:8a:0d:75,0,0,,,0,0.0,0,0.0,0.0,,0.0
1785313728.519992,08:00:27:a5:9e:2d,0,0,,,0,0.0,0,0.0,0.0,,0.0
1785313733.519992,08:00:27:5a:87:bc,0,0,,,0,0.0,0,0.0,0.0,,0.0
1785313733.519992,08:00:27:8a:0d:75,0,0,,,0,0.0,0,0.0,0.0,,0.0
1785313733.519992,08:00:27:a5:9e:2d,0,0,,,0,0.0,0,0.0,0.0,,0.0
1785313738.519992,08:00:27:5a:87:bc,0,0,,,0,0.0,0,0.0,0.0,,0.0
1785313738.519992,08:00:27:8a:0d:75,0,0,,,0,0.0,0,0.0,0.0,,0.0
1785313738.519992,08:00:27:a5:9e:2d,0,0,,,0,0.0,0,0.0,0.0,,0.0
1785313743.519992,08:00:27:5a:87:bc,0,0,,,0,0.0,0,0.0,0.0,,0.0
1785313743.519992,08:00:27:8a:0d:75,0,0,,,0,0.0,0,0.0,0.0,,0.0
1785313743.519992,08:00:27:a5:9e:2d,0,0,,,0,0.0,0,0.0,0.0,,0.0
1785313748.519992,08:00:27:5a:87:bc,0,0,,,0,0.0,0,0.0,0.0,,0.0
1785313748.519992,08:00:27:8a:0d:75,0,0,,,0,0.0,0,0.0,0.0,,0.0
1785313748.519992,08:00:27:a5:9e:2d,0,0,,,0,0.0,0,0.0,0.0,,0.0
1785313753.519992,08:00:27:5a:87:bc,0,0,,,0,0.0,0,0.0,0.0,,0.0
1785313753.519992,08:00:27:8a:0d:75,0,0,,,0,0.0,0,0.0,0.0,,0.0
1785313753.519992,08:00:27:a5:9e:2d,0,0,,,0,0.0,0,0.0,0.0,,0.0
1785313758.519992,08:00:27:5a:87:bc,0,0,,,0,0.0,0,0.0,0.0,,0.0
1785313758.519992,08:00:27:8a:0d:75,0,0,,,0,0.0,0,0.0,0.0,,0.0
1785313758.519992,08:00:27:a5:9e:2d,0,0,,,0,0.0,0,0.0,0.0,,0.0
1785313763.519992,08:00:27:5a:87:bc,0,0,,,0,0.0,0,0.0,0.0,,0.0
1785313763.519992,08:00:27:8a:0d:75,0,0,,,0,0.0,0,0.0,0.0,,0.0
1785313763.519992,08:00:27:a5:9e:2d,0,0,,,0,0.0,0,0.0,0.0,,0.0
1785313768.519992,08:00:27:5a:87:bc,0,0,,,0,0.0,0,0.0,0.0,,0.0
1785313768.519992,08:00:27:8a:0d:75,0,0,,,0,0.0,0,0.0,0.0,,0.0
1785313768.519992,08:00:27:a5:9e:2d,0,0,,,0,0.0,0,0.0,0.0,,0.0
1785313773.519992,08:00:27:5a:87:bc,0,0,,,0,0.0,0,0.0,0.0,,0.0
1785313773.519992,08:00:27:8a:0d:75,0,0,,,0,0.0,0,0.0,0.0,,0.0
1785313773.519992,08:00:27:a5:9e:2d,0,0,,,0,0.0,0,0.0,0.0,,0.0
1785313778.519992,08:00:27:5a:87:bc,0,0,,,0,0.0,0,0.0,0.0,,0.0
1785313778.519992,08:00:27:8a:0d:75,0,0,,,0,0.0,0,0.0,0.0,,0.0
1785313778.519992,08:00:27:a5:9e:2d,0,0,,,0,0.0,0,0.0,0.0,,0.0
1785313783.519992,08:00:27:5a:87:bc,0,0,,,0,0.0,0,0.0,0.0,,0.0
1785313783.519992,08:00:27:8a:0d:75,0,0,,,0,0.0,0,0.0,0.0,,0.0
1785313783.519992,08:00:27:a5:9e:2d,0,0,,,0,0.0,0,0.0,0.0,,0.0
1785313788.519992,08:00:27:5a:87:bc,0,0,,,0,0.0,0,0.0,0.0,,0.0
1785313788.519992,08:00:27:8a:0d:75,0,0,,,0,0.0,0,0.0,0.0,,0.0
1785313788.519992,08:00:27:a5:9e:2d,0,0,,,0,0.0,0,0.0,0.0,,0.0
1785313793.519992,08:00:27:5a:87:bc,0,0,,,0,0.0,0,0.0,0.0,,0.0
1785313793.519992,08:00:27:8a:0d:75,0,0,,,0,0.0,0,0.0,0.0,,0.0
1785313793.519992,08:00:27:a5:9e:2d,0,0,,,0,0.0,0,0.0,0.0,,0.0
1785313798.519992,08:00:27:5a:87:bc,0,0,,,0,0.0,0,0.0,0.0,,0.0
1785313798.519992,08:00:27:8a:0d:75,0,0,,,0,0.0,0,0.0,0.0,,0.0
1785313798.519992,08:00:27:a5:9e:2d,0,0,,,0,0.0,0,0.0,0.0,,0.0
1785313803.519992,08:00:27:5a:87:bc,0,0,,,0,0.0,0,0.0,0.0,,0.0
1785313803.519992,08:00:27:8a:0d:75,0,0,,,0,0.0,0,0.0,0.0,,0.0
1785313803.519992,08:00:27:a5:9e:2d,0,0,,,0,0.0,0,0.0,0.0,,0.0
1785313808.519992,08:00:27:5a:87:bc,0,0,,,0,0.0,0,0.0,0.0,,0.0
1785313808.519992,08:00:27:8a:0d:75,0,0,,,0,0.0,0,0.0,0.0,,0.0
1785313808.519992,08:00:27:a5:9e:2d,0,0,,,0,0.0,0,0.0,0.0,,0.0
1785313813.519992,08:00:27:5a:87:bc,0,0,,,0,0.0,0,0.0,0.0,,0.0
1785313813.519992,08:00:27:8a:0d:75,0,0,,,0,0.0,0,0.0,0.0,,0.0
1785313813.519992,08:00:27:a5:9e:2d,0,0,,,0,0.0,0,0.0,0.0,,0.0
1785313818.519992,08:00:27:5a:87:bc,0,0,,,0,0.0,0,0.0,0.0,,0.0
1785313818.519992,08:00:27:8a:0d:75,0,0,,,0,0.0,0,0.0,0.0,,0.0
1785313818.519992,08:00:27:a5:9e:2d,0,0,,,0,0.0,0,0.0,0.0,,0.0
1785313823.519992,08:00:27:5a:87:bc,0,0,,,0,0.0,0,0.0,0.0,,0.0
1785313823.519992,08:00:27:8a:0d:75,0,0,,,0,0.0,0,0.0,0.0,,0.0
1785313823.519992,08:00:27:a5:9e:2d,0,0,,,0,0.0,0,0.0,0.0,,0.0
1785313828.519992,08:00:27:5a:87:bc,0,0,,,0,0.0,0,0.0,0.0,,0.0
1785313828.519992,08:00:27:8a:0d:75,0,0,,,0,0.0,0,0.0,0.0,,0.0
1785313828.519992,08:00:27:a5:9e:2d,0,0,,,0,0.0,0,0.0,0.0,,0.0
1785313833.519992,08:00:27:5a:87:bc,0,0,,,0,0.0,0,0.0,0.0,,0.0
1785313833.519992,08:00:27:8a:0d:75,0,0,,,0,0.0,0,0.0,0.0,,0.0
1785313833.519992,08:00:27:a5:9e:2d,0,0,,,0,0.0,0,0.0,0.0,,0.0
1785313838.519992,08:00:27:5a:87:bc,0,0,,,0,0.0,0,0.0,0.0,,0.0
1785313838.519992,08:00:27:8a:0d:75,0,0,,,0,0.0,0,0.0,0.0,,0.0
1785313838.519992,08:00:27:a5:9e:2d,0,0,,,0,0.0,0,0.0,0.0,,0.0
1785313843.519992,08:00:27:5a:87:bc,0,0,,,0,0.0,0,0.0,0.0,,0.0
1785313843.519992,08:00:27:8a:0d:75,0,0,,,0,0.0,0,0.0,0.0,,0.0
1785313843.519992,08:00:27:a5:9e:2d,0,0,,,0,0.0,0,0.0,0.0,,0.0
1785313848.519992,08:00:27:5a:87:bc,0,0,,,0,0.0,0,0.0,0.0,,0.0
1785313848.519992,08:00:27:8a:0d:75,0,0,,,0,0.0,0,0.0,0.0,,0.0
1785313848.519992,08:00:27:a5:9e:2d,0,0,,,0,0.0,0,0.0,0.0,,0.0
1785313853.519992,08:00:27:5a:87:bc,0,0,,,0,0.0,0,0.0,0.0,,0.0
1785313853.519992,08:00:27:8a:0d:75,0,0,,,0,0.0,0,0.0,0.0,,0.0
1785313853.519992,08:00:27:a5:9e:2d,0,0,,,0,0.0,0,0.0,0.0,,0.0
1785313858.519992,08:00:27:5a:87:bc,0,0,,,0,0.0,0,0.0,0.0,,0.0
1785313858.519992,08:00:27:8a:0d:75,0,0,,,0,0.0,0,0.0,0.0,,0.0
1785313858.519992,08:00:27:a5:9e:2d,0,0,,,0,0.0,0,0.0,0.0,,0.0
1785313863.519992,08:00:27:5a:87:bc,0,0,,,0,0.0,0,0.0,0.0,,0.0
1785313863.519992,08:00:27:8a:0d:75,0,0,,,0,0.0,0,0.0,0.0,,0.0
1785313863.519992,08:00:27:a5:9e:2d,0,0,,,0,0.0,0,0.0,0.0,,0.0
1785313868.519992,08:00:27:5a:87:bc,0,0,,,0,0.0,0,0.0,0.0,,0.0
1785313868.519992,08:00:27:8a:0d:75,0,0,,,0,0.0,0,0.0,0.0,,0.0
1785313868.519992,08:00:27:a5:9e:2d,0,0,,,0,0.0,0,0.0,0.0,,0.0
1785313873.519992,08:00:27:5a:87:bc,0,0,,,0,0.0,0,0.0,0.0,,0.0
1785313873.519992,08:00:27:8a:0d:75,0,0,,,0,0.0,0,0.0,0.0,,0.0
1785313873.519992,08:00:27:a5:9e:2d,0,0,,,0,0.0,0,0.0,0.0,,0.0
1785313878.519992,08:00:27:5a:87:bc,0,0,,,0,0.0,0,0.0,0.0,,0.0
1785313878.519992,08:00:27:8a:0d:75,0,0,,,0,0.0,0,0.0,0.0,,0.0
1785313878.519992,08:00:27:a5:9e:2d,0,0,,,0,0.0,0,0.0,0.0,,0.0
1785313883.519992,08:00:27:5a:87:bc,0,0,,,0,0.0,0,0.0,0.0,,0.0
1785313883.519992,08:00:27:8a:0d:75,0,0,,,0,0.0,0,0.0,0.0,,0.0
1785313883.519992,08:00:27:a5:9e:2d,0,0,,,0,0.0,0,0.0,0.0,,0.0
1785313888.519992,08:00:27:5a:87:bc,0,0,,,0,0.0,0,0.0,0.0,,0.0
1785313888.519992,08:00:27:8a:0d:75,0,0,,,0,0.0,0,0.0,0.0,,0.0
1785313888.519992,08:00:27:a5:9e:2d,0,0,,,0,0.0,0,0.0,0.0,,0.0
1785313893.519992,08:00:27:5a:87:bc,0,0,,,0,0.0,0,0.0,0.0,,0.0
1785313893.519992,08:00:27:8a:0d:75,0,0,,,0,0.0,0,0.0,0.0,,0.0
1785313893.519992,08:00:27:a5:9e:2d,0,0,,,0,0.0,0,0.0,0.0,,0.0
1785313898.519992,08:00:27:5a:87:bc,0,0,,,0,0.0,0,0.0,0.0,,0.0
1785313898.519992,08:00:27:8a:0d:75,0,0,,,0,0.0,0,0.0,0.0,,0.0
1785313898.519992,08:00:27:a5:9e:2d,0,0,,,0,0.0,0,0.0,0.0,,0.0
1785313903.519992,08:00:27:5a:87:bc,0,0,,,0,0.0,0,0.0,0.0,,0.0
1785313903.519992,08:00:27:8a:0d:75,0,0,,,0,0.0,0,0.0,0.0,,0.0
1785313903.519992,08:00:27:a5:9e:2d,0,0,,,0,0.0,0,0.0,0.0,,0.0
1785313908.519992,08:00:27:5a:87:bc,0,0,,,0,0.0,0,0.0,0.0,,0.0
1785313908.519992,08:00:27:8a:0d:75,0,0,,,0,0.0,0,0.0,0.0,,0.0
1785313908.519992,08:00:27:a5:9e:2d,0,0,,,0,0.0,0,0.0,0.0,,0.0
1785313913.519992,08:00:27:5a:87:bc,0,0,,,0,0.0,0,0.0,0.0,,0.0
1785313913.519992,08:00:27:8a:0d:75,0,0,,,0,0.0,0,0.0,0.0,,0.0
1785313913.519992,08:00:27:a5:9e:2d,0,0,,,0,0.0,0,0.0,0.0,,0.0
1785313918.519992,08:00:27:5a:87:bc,0,0,,,0,0.0,0,0.0,0.0,,0.0
1785313918.519992,08:00:27:8a:0d:75,0,0,,,0,0.0,0,0.0,0.0,,0.0
1785313918.519992,08:00:27:a5:9e:2d,0,0,,,0,0.0,0,0.0,0.0,,0.0
1785313923.519992,08:00:27:5a:87:bc,0,0,,,0,0.0,0,0.0,0.0,,0.0
1785313923.519992,08:00:27:8a:0d:75,0,0,,,0,0.0,0,0.0,0.0,,0.0
1785313923.519992,08:00:27:a5:9e:2d,0,0,,,0,0.0,0,0.0,0.0,,0.0
1785313928.519992,08:00:27:5a:87:bc,0,0,,,0,0.0,0,0.0,0.0,,0.0
1785313928.519992,08:00:27:8a:0d:75,0,0,,,0,0.0,0,0.0,0.0,,0.0
1785313928.519992,08:00:27:a5:9e:2d,0,0,,,0,0.0,0,0.0,0.0,,0.0
1785313933.519992,08:00:27:5a:87:bc,0,0,,,0,0.0,0,0.0,0.0,,0.0
1785313933.519992,08:00:27:8a:0d:75,0,0,,,0,0.0,0,0.0,0.0,,0.0
1785313933.519992,08:00:27:a5:9e:2d,0,0,,,0,0.0,0,0.0,0.0,,0.0
1785313938.519992,08:00:27:5a:87:bc,0,0,,,0,0.0,0,0.0,0.0,,0.0
1785313938.519992,08:00:27:8a:0d:75,0,0,,,0,0.0,0,0.0,0.0,,0.0
1785313938.519992,08:00:27:a5:9e:2d,0,0,,,0,0.0,0,0.0,0.0,,0.0
1785313943.519992,08:00:27:5a:87:bc,0,0,,,0,0.0,0,0.0,0.0,,0.0
1785313943.519992,08:00:27:8a:0d:75,0,0,,,0,0.0,0,0.0,0.0,,0.0
1785313943.519992,08:00:27:a5:9e:2d,0,0,,,0,0.0,0,0.0,0.0,,0.0
1785313948.519992,08:00:27:5a:87:bc,0,0,,,0,0.0,0,0.0,0.0,,0.0
1785313948.519992,08:00:27:8a:0d:75,0,0,,,0,0.0,0,0.0,0.0,,0.0
1785313948.519992,08:00:27:a5:9e:2d,0,0,,,0,0.0,0,0.0,0.0,,0.0
1785313953.519992,08:00:27:5a:87:bc,0,0,,,0,0.0,0,0.0,0.0,,0.0
1785313953.519992,08:00:27:8a:0d:75,0,0,,,0,0.0,0,0.0,0.0,,0.0
1785313953.519992,08:00:27:a5:9e:2d,0,0,,,0,0.0,0,0.0,0.0,,0.0
1785313958.519992,08:00:27:5a:87:bc,0,0,,,0,0.0,0,0.0,0.0,,0.0
1785313958.519992,08:00:27:8a:0d:75,0,0,,,0,0.0,0,0.0,0.0,,0.0
1785313958.519992,08:00:27:a5:9e:2d,0,0,,,0,0.0,0,0.0,0.0,,0.0
1785313963.519992,08:00:27:5a:87:bc,0,0,,,0,0.0,0,0.0,0.0,,0.0
1785313963.519992,08:00:27:8a:0d:75,0,0,,,0,0.0,0,0.0,0.0,,0.0
1785313963.519992,08:00:27:a5:9e:2d,0,0,,,0,0.0,0,0.0,0.0,,0.0
1785313968.519992,08:00:27:5a:87:bc,0,0,,,0,0.0,0,0.0,0.0,,0.0
1785313968.519992,08:00:27:8a:0d:75,0,0,,,0,0.0,0,0.0,0.0,,0.0
1785313968.519992,08:00:27:a5:9e:2d,0,0,,,0,0.0,0,0.0,0.0,,0.0
1785313973.519992,08:00:27:5a:87:bc,0,0,,,0,0.0,0,0.0,0.0,,0.0
1785313973.519992,08:00:27:8a:0d:75,0,0,,,0,0.0,0,0.0,0.0,,0.0
1785313973.519992,08:00:27:a5:9e:2d,0,0,,,0,0.0,0,0.0,0.0,,0.0
1785313978.519992,08:00:27:5a:87:bc,0,0,,,0,0.0,0,0.0,0.0,,0.0
1785313978.519992,08:00:27:8a:0d:75,0,0,,,0,0.0,0,0.0,0.0,,0.0
1785313978.519992,08:00:27:a5:9e:2d,0,0,,,0,0.0,0,0.0,0.0,,0.0
1785313983.519992,08:00:27:5a:87:bc,0,0,,,0,0.0,0,0.0,0.0,,0.0
1785313983.519992,08:00:27:8a:0d:75,0,0,,,0,0.0,0,0.0,0.0,,0.0
1785313983.519992,08:00:27:a5:9e:2d,0,0,,,0,0.0,0,0.0,0.0,,0.0
1785313988.519992,08:00:27:5a:87:bc,0,0,,,0,0.0,0,0.0,0.0,,0.0
1785313988.519992,08:00:27:8a:0d:75,0,0,,,0,0.0,0,0.0,0.0,,0.0
1785313988.519992,08:00:27:a5:9e:2d,0,0,,,0,0.0,0,0.0,0.0,,0.0
1785313993.519992,08:00:27:5a:87:bc,0,0,,,0,0.0,0,0.0,0.0,,0.0
1785313993.519992,08:00:27:8a:0d:75,0,0,,,0,0.0,0,0.0,0.0,,0.0
1785313993.519992,08:00:27:a5:9e:2d,0,0,,,0,0.0,0,0.0,0.0,,0.0
1785313998.519992,08:00:27:5a:87:bc,0,0,,,0,0.0,0,0.0,0.0,,0.0
1785313998.519992,08:00:27:8a:0d:75,0,0,,,0,0.0,0,0.0,0.0,,0.0
1785313998.519992,08:00:27:a5:9e:2d,0,0,,,0,0.0,0,0.0,0.0,,0.0
1785314003.519992,08:00:27:5a:87:bc,0,0,,,0,0.0,0,0.0,0.0,,0.0
1785314003.519992,08:00:27:8a:0d:75,0,0,,,0,0.0,0,0.0,0.0,,0.0
1785314003.519992,08:00:27:a5:9e:2d,0,0,,,0,0.0,0,0.0,0.0,,0.0
1785314008.519992,08:00:27:5a:87:bc,0,0,,,0,0.0,0,0.0,0.0,,0.0
1785314008.519992,08:00:27:8a:0d:75,0,0,,,0,0.0,0,0.0,0.0,,0.0
1785314008.519992,08:00:27:a5:9e:2d,0,0,,,0,0.0,0,0.0,0.0,,0.0
1785314013.519992,08:00:27:5a:87:bc,0,0,,,0,0.0,0,0.0,0.0,,0.0
1785314013.519992,08:00:27:8a:0d:75,0,0,,,0,0.0,0,0.0,0.0,,0.0
1785314013.519992,08:00:27:a5:9e:2d,0,0,,,0,0.0,0,0.0,0.0,,0.0
1785314018.519992,08:00:27:5a:87:bc,0,0,,,0,0.0,0,0.0,0.0,,0.0
1785314018.519992,08:00:27:8a:0d:75,0,0,,,0,0.0,0,0.0,0.0,,0.0
1785314018.519992,08:00:27:a5:9e:2d,0,0,,,0,0.0,0,0.0,0.0,,0.0
1785314023.519992,08:00:27:5a:87:bc,0,0,,,0,0.0,0,0.0,0.0,,0.0
1785314023.519992,08:00:27:8a:0d:75,0,0,,,0,0.0,0,0.0,0.0,,0.0
1785314023.519992,08:00:27:a5:9e:2d,0,0,,,0,0.0,0,0.0,0.0,,0.0
1785314028.519992,08:00:27:5a:87:bc,0,0,,,0,0.0,0,0.0,0.0,,0.0
1785314028.519992,08:00:27:8a:0d:75,0,0,,,0,0.0,0,0.0,0.0,,0.0
1785314028.519992,08:00:27:a5:9e:2d,0,0,,,0,0.0,0,0.0,0.0,,0.0
1785314033.519992,08:00:27:5a:87:bc,0,0,,,0,0.0,0,0.0,0.0,,0.0
1785314033.519992,08:00:27:8a:0d:75,0,0,,,0,0.0,0,0.0,0.0,,0.0
1785314033.519992,08:00:27:a5:9e:2d,0,0,,,0,0.0,0,0.0,0.0,,0.0
1785314038.519992,08:00:27:5a:87:bc,0,0,,,0,0.0,0,0.0,0.0,,0.0
1785314038.519992,08:00:27:8a:0d:75,0,0,,,0,0.0,0,0.0,0.0,,0.0
1785314038.519992,08:00:27:a5:9e:2d,0,0,,,0,0.0,0,0.0,0.0,,0.0
1785314043.519992,08:00:27:5a:87:bc,0,0,,,0,0.0,0,0.0,0.0,,0.0
1785314043.519992,08:00:27:8a:0d:75,0,0,,,0,0.0,0,0.0,0.0,,0.0
1785314043.519992,08:00:27:a5:9e:2d,0,0,,,0,0.0,0,0.0,0.0,,0.0
1785314048.519992,08:00:27:5a:87:bc,0,0,,,0,0.0,0,0.0,0.0,,0.0
1785314048.519992,08:00:27:8a:0d:75,0,0,,,0,0.0,0,0.0,0.0,,0.0
1785314048.519992,08:00:27:a5:9e:2d,0,0,,,0,0.0,0,0.0,0.0,,0.0
1785314053.519992,08:00:27:5a:87:bc,0,0,,,0,0.0,0,0.0,0.0,,0.0
1785314053.519992,08:00:27:8a:0d:75,0,0,,,0,0.0,0,0.0,0.0,,0.0
1785314053.519992,08:00:27:a5:9e:2d,0,0,,,0,0.0,0,0.0,0.0,,0.0
1785314058.519992,08:00:27:5a:87:bc,0,0,,,0,0.0,0,0.0,0.0,,0.0
1785314058.519992,08:00:27:8a:0d:75,0,0,,,0,0.0,0,0.0,0.0,,0.0
1785314058.519992,08:00:27:a5:9e:2d,0,0,,,0,0.0,0,0.0,0.0,,0.0
1785314063.519992,08:00:27:5a:87:bc,0,0,,,0,0.0,0,0.0,0.0,,0.0
1785314063.519992,08:00:27:8a:0d:75,0,0,,,0,0.0,0,0.0,0.0,,0.0
1785314063.519992,08:00:27:a5:9e:2d,0,0,,,0,0.0,0,0.0,0.0,,0.0
1785314068.519992,08:00:27:5a:87:bc,0,0,,,0,0.0,0,0.0,0.0,,0.0
1785314068.519992,08:00:27:8a:0d:75,0,0,,,0,0.0,0,0.0,0.0,,0.0
1785314068.519992,08:00:27:a5:9e:2d,0,0,,,0,0.0,0,0.0,0.0,,0.0
1785314073.519992,08:00:27:5a:87:bc,0,0,,,0,0.0,0,0.0,0.0,,0.0
1785314073.519992,08:00:27:8a:0d:75,0,0,,,0,0.0,0,0.0,0.0,,0.0
1785314073.519992,08:00:27:a5:9e:2d,0,0,,,0,0.0,0,0.0,0.0,,0.0
1785314078.519992,08:00:27:5a:87:bc,0,0,,,0,0.0,0,0.0,0.0,,0.0
1785314078.519992,08:00:27:8a:0d:75,0,0,,,0,0.0,0,0.0,0.0,,0.0
1785314078.519992,08:00:27:a5:9e:2d,0,0,,,0,0.0,0,0.0,0.0,,0.0
1785314083.519992,08:00:27:5a:87:bc,0,0,,,0,0.0,0,0.0,0.0,,0.0
1785314083.519992,08:00:27:8a:0d:75,0,0,,,0,0.0,0,0.0,0.0,,0.0
1785314083.519992,08:00:27:a5:9e:2d,0,0,,,0,0.0,0,0.0,0.0,,0.0
1785314088.519992,08:00:27:5a:87:bc,0,0,,,0,0.0,0,0.0,0.0,,0.0
1785314088.519992,08:00:27:8a:0d:75,0,0,,,0,0.0,0,0.0,0.0,,0.0
1785314088.519992,08:00:27:a5:9e:2d,0,0,,,0,0.0,0,0.0,0.0,,0.0
1785314093.519992,08:00:27:5a:87:bc,0,0,,,0,0.0,0,0.0,0.0,,0.0
1785314093.519992,08:00:27:8a:0d:75,2,196,1.0157783031463623,0.0,0,0.0,0,0.0,0.0,,1.0
1785314093.519992,08:00:27:a5:9e:2d,2,196,1.0158228874206543,0.0,0,0.0,0,0.0,0.0,9.40561294555664e-05,1.0
1785314098.519992,08:00:27:5a:87:bc,0,0,,,0,0.0,0,0.0,0.0,,0.0
1785314098.519992,08:00:27:8a:0d:75,6,512,0.6364711284637451,0.45028767568789774,1,0.2,1,0.2,0.0,,1.0
1785314098.519992,08:00:27:a5:9e:2d,6,512,0.6365214824676514,0.450239671114752,1,0.2,1,0.2,0.0,9.948015213012695e-05,1.0
1785314103.519992,08:00:27:5a:87:bc,0,0,,,0,0.0,0,0.0,0.0,,0.0
1785314103.519992,08:00:27:8a:0d:75,5,490,1.0244213938713074,0.006154060754887476,0,0.0,0,0.0,0.0,,1.0
1785314103.519992,08:00:27:a5:9e:2d,5,490,1.0244236588478088,0.006108014000127798,0,0.0,0,0.0,0.0,0.00013527870178222656,1.0
1785314108.519992,08:00:27:5a:87:bc,0,0,,,0,0.0,0,0.0,0.0,,0.0
1785314108.519992,08:00:27:8a:0d:75,5,490,1.016934335231781,0.009062651694020055,0,0.0,0,0.0,0.0,,1.0
1785314108.519992,08:00:27:a5:9e:2d,5,490,1.016954779624939,0.009040309180475822,0,0.0,0,0.0,0.0,0.00015921592712402343,1.0
1785314113.519992,08:00:27:5a:87:bc,0,0,,,0,0.0,0,0.0,0.0,,0.0
1785314113.519992,08:00:27:8a:0d:75,5,490,1.0586814880371094,0.06152784484677756,0,0.0,0,0.0,0.0,,1.0
1785314113.519992,08:00:27:a5:9e:2d,5,490,1.058691143989563,0.06155420946891466,0,0.0,0,0.0,0.0,0.00012412071228027344,1.0
1785314118.519992,08:00:27:5a:87:bc,0,0,,,0,0.0,0,0.0,0.0,,0.0
1785314118.519992,08:00:27:8a:0d:75,5,490,1.0231517553329468,0.0012461211842090159,0,0.0,0,0.0,0.0,,1.0
1785314118.519992,08:00:27:a5:9e:2d,5,490,1.023179531097412,0.001223623089158609,0,0.0,0,0.0,0.0,0.00010919570922851562,1.0
1785314123.519992,08:00:27:5a:87:bc,0,0,,,0,0.0,0,0.0,0.0,,0.0
1785314123.519992,08:00:27:8a:0d:75,4,392,1.0249440670013428,0.001955500998189573,0,0.0,0,0.0,0.0,,1.0
1785314123.519992,08:00:27:a5:9e:2d,4,392,1.0248740514119465,0.0018843207364365787,0,0.0,0,0.0,0.0,0.00015693902969360352,1.0
1785314128.519992,08:00:27:5a:87:bc,0,0,,,0,0.0,0,0.0,0.0,,0.0
1785314128.519992,08:00:27:8a:0d:75,0,0,,,0,0.0,0,0.0,0.0,,0.0
1785314128.519992,08:00:27:a5:9e:2d,0,0,,,0,0.0,0,0.0,0.0,,0.0
1785314133.519992,08:00:27:5a:87:bc,0,0,,,0,0.0,0,0.0,0.0,,0.0
1785314133.519992,08:00:27:8a:0d:75,0,0,,,0,0.0,0,0.0,0.0,,0.0
1785314133.519992,08:00:27:a5:9e:2d,0,0,,,0,0.0,0,0.0,0.0,,0.0
1785314138.519992,08:00:27:5a:87:bc,0,0,,,0,0.0,0,0.0,0.0,,0.0
1785314138.519992,08:00:27:8a:0d:75,0,0,,,0,0.0,0,0.0,0.0,,0.0
1785314138.519992,08:00:27:a5:9e:2d,0,0,,,0,0.0,0,0.0,0.0,,0.0
1785314143.519992,08:00:27:5a:87:bc,0,0,,,0,0.0,0,0.0,0.0,,0.0
1785314143.519992,08:00:27:8a:0d:75,0,0,,,0,0.0,0,0.0,0.0,,0.0
1785314143.519992,08:00:27:a5:9e:2d,0,0,,,0,0.0,0,0.0,0.0,,0.0
1785314148.519992,08:00:27:5a:87:bc,0,0,,,0,0.0,0,0.0,0.0,,0.0
1785314148.519992,08:00:27:8a:0d:75,0,0,,,0,0.0,0,0.0,0.0,,0.0
1785314148.519992,08:00:27:a5:9e:2d,0,0,,,0,0.0,0,0.0,0.0,,0.0
1785314153.519992,08:00:27:5a:87:bc,0,0,,,0,0.0,0,0.0,0.0,,0.0
1785314153.519992,08:00:27:8a:0d:75,0,0,,,0,0.0,0,0.0,0.0,,0.0
1785314153.519992,08:00:27:a5:9e:2d,0,0,,,0,0.0,0,0.0,0.0,,0.0
1785314158.519992,08:00:27:5a:87:bc,0,0,,,0,0.0,0,0.0,0.0,,0.0
1785314158.519992,08:00:27:8a:0d:75,0,0,,,0,0.0,0,0.0,0.0,,0.0
1785314158.519992,08:00:27:a5:9e:2d,0,0,,,0,0.0,0,0.0,0.0,,0.0
1785314163.519992,08:00:27:5a:87:bc,0,0,,,0,0.0,0,0.0,0.0,,0.0
1785314163.519992,08:00:27:8a:0d:75,0,0,,,0,0.0,0,0.0,0.0,,0.0
1785314163.519992,08:00:27:a5:9e:2d,0,0,,,0,0.0,0,0.0,0.0,,0.0
1785314168.519992,08:00:27:5a:87:bc,0,0,,,0,0.0,0,0.0,0.0,,0.0
1785314168.519992,08:00:27:8a:0d:75,0,0,,,0,0.0,0,0.0,0.0,,0.0
1785314168.519992,08:00:27:a5:9e:2d,0,0,,,0,0.0,0,0.0,0.0,,0.0
1785314173.519992,08:00:27:5a:87:bc,0,0,,,0,0.0,0,0.0,0.0,,0.0
1785314173.519992,08:00:27:8a:0d:75,0,0,,,0,0.0,0,0.0,0.0,,0.0
1785314173.519992,08:00:27:a5:9e:2d,0,0,,,0,0.0,0,0.0,0.0,,0.0
1785314178.519992,08:00:27:5a:87:bc,0,0,,,0,0.0,0,0.0,0.0,,0.0
1785314178.519992,08:00:27:8a:0d:75,0,0,,,0,0.0,0,0.0,0.0,,0.0
1785314178.519992,08:00:27:a5:9e:2d,0,0,,,0,0.0,0,0.0,0.0,,0.0
1785314183.519992,08:00:27:5a:87:bc,0,0,,,0,0.0,0,0.0,0.0,,0.0
1785314183.519992,08:00:27:8a:0d:75,0,0,,,0,0.0,0,0.0,0.0,,0.0
1785314183.519992,08:00:27:a5:9e:2d,0,0,,,0,0.0,0,0.0,0.0,,0.0
1785314188.519992,08:00:27:5a:87:bc,0,0,,,0,0.0,0,0.0,0.0,,0.0
1785314188.519992,08:00:27:8a:0d:75,0,0,,,0,0.0,0,0.0,0.0,,0.0
1785314188.519992,08:00:27:a5:9e:2d,0,0,,,0,0.0,0,0.0,0.0,,0.0
1785314193.519992,08:00:27:5a:87:bc,0,0,,,0,0.0,0,0.0,0.0,,0.0
1785314193.519992,08:00:27:8a:0d:75,0,0,,,0,0.0,0,0.0,0.0,,0.0
1785314193.519992,08:00:27:a5:9e:2d,0,0,,,0,0.0,0,0.0,0.0,,0.0
1785314198.519992,08:00:27:5a:87:bc,0,0,,,0,0.0,0,0.0,0.0,,0.0
1785314198.519992,08:00:27:8a:0d:75,0,0,,,0,0.0,0,0.0,0.0,,0.0
1785314198.519992,08:00:27:a5:9e:2d,0,0,,,0,0.0,0,0.0,0.0,,0.0
1785314203.519992,08:00:27:5a:87:bc,0,0,,,0,0.0,0,0.0,0.0,,0.0
1785314203.519992,08:00:27:8a:0d:75,0,0,,,0,0.0,0,0.0,0.0,,0.0
1785314203.519992,08:00:27:a5:9e:2d,0,0,,,0,0.0,0,0.0,0.0,,0.0
1785314208.519992,08:00:27:5a:87:bc,0,0,,,0,0.0,0,0.0,0.0,,0.0
1785314208.519992,08:00:27:8a:0d:75,0,0,,,0,0.0,0,0.0,0.0,,0.0
1785314208.519992,08:00:27:a5:9e:2d,0,0,,,0,0.0,0,0.0,0.0,,0.0
1785314213.519992,08:00:27:5a:87:bc,0,0,,,0,0.0,0,0.0,0.0,,0.0
1785314213.519992,08:00:27:8a:0d:75,0,0,,,0,0.0,0,0.0,0.0,,0.0
1785314213.519992,08:00:27:a5:9e:2d,0,0,,,0,0.0,0,0.0,0.0,,0.0
1785314218.519992,08:00:27:5a:87:bc,0,0,,,0,0.0,0,0.0,0.0,,0.0
1785314218.519992,08:00:27:8a:0d:75,0,0,,,0,0.0,0,0.0,0.0,,0.0
1785314218.519992,08:00:27:a5:9e:2d,0,0,,,0,0.0,0,0.0,0.0,,0.0
1785314223.519992,08:00:27:5a:87:bc,0,0,,,0,0.0,0,0.0,0.0,,0.0
1785314223.519992,08:00:27:8a:0d:75,0,0,,,0,0.0,0,0.0,0.0,,0.0
1785314223.519992,08:00:27:a5:9e:2d,0,0,,,0,0.0,0,0.0,0.0,,0.0
1785314228.519992,08:00:27:5a:87:bc,0,0,,,0,0.0,0,0.0,0.0,,0.0
1785314228.519992,08:00:27:8a:0d:75,0,0,,,0,0.0,0,0.0,0.0,,0.0
1785314228.519992,08:00:27:a5:9e:2d,0,0,,,0,0.0,0,0.0,0.0,,0.0
1785314233.519992,08:00:27:5a:87:bc,0,0,,,0,0.0,0,0.0,0.0,,0.0
1785314233.519992,08:00:27:8a:0d:75,0,0,,,0,0.0,0,0.0,0.0,,0.0
1785314233.519992,08:00:27:a5:9e:2d,0,0,,,0,0.0,0,0.0,0.0,,0.0
1785314238.519992,08:00:27:5a:87:bc,0,0,,,0,0.0,0,0.0,0.0,,0.0
1785314238.519992,08:00:27:8a:0d:75,0,0,,,0,0.0,0,0.0,0.0,,0.0
1785314238.519992,08:00:27:a5:9e:2d,0,0,,,0,0.0,0,0.0,0.0,,0.0
1785314243.519992,08:00:27:5a:87:bc,0,0,,,0,0.0,0,0.0,0.0,,0.0
1785314243.519992,08:00:27:8a:0d:75,0,0,,,0,0.0,0,0.0,0.0,,0.0
1785314243.519992,08:00:27:a5:9e:2d,0,0,,,0,0.0,0,0.0,0.0,,0.0
1785314248.519992,08:00:27:5a:87:bc,0,0,,,0,0.0,0,0.0,0.0,,0.0
1785314248.519992,08:00:27:8a:0d:75,0,0,,,0,0.0,0,0.0,0.0,,0.0
1785314248.519992,08:00:27:a5:9e:2d,0,0,,,0,0.0,0,0.0,0.0,,0.0
1785314253.519992,08:00:27:5a:87:bc,0,0,,,0,0.0,0,0.0,0.0,,0.0
1785314253.519992,08:00:27:8a:0d:75,0,0,,,0,0.0,0,0.0,0.0,,0.0
1785314253.519992,08:00:27:a5:9e:2d,0,0,,,0,0.0,0,0.0,0.0,,0.0
1785314258.519992,08:00:27:5a:87:bc,0,0,,,0,0.0,0,0.0,0.0,,0.0
1785314258.519992,08:00:27:8a:0d:75,0,0,,,0,0.0,0,0.0,0.0,,0.0
1785314258.519992,08:00:27:a5:9e:2d,0,0,,,0,0.0,0,0.0,0.0,,0.0
1785314263.519992,08:00:27:5a:87:bc,0,0,,,0,0.0,0,0.0,0.0,,0.0
1785314263.519992,08:00:27:8a:0d:75,0,0,,,0,0.0,0,0.0,0.0,,0.0
1785314263.519992,08:00:27:a5:9e:2d,0,0,,,0,0.0,0,0.0,0.0,,0.0
1785314268.519992,08:00:27:5a:87:bc,0,0,,,0,0.0,0,0.0,0.0,,0.0
1785314268.519992,08:00:27:8a:0d:75,0,0,,,0,0.0,0,0.0,0.0,,0.0
1785314268.519992,08:00:27:a5:9e:2d,0,0,,,0,0.0,0,0.0,0.0,,0.0
1785314273.519992,08:00:27:5a:87:bc,0,0,,,0,0.0,0,0.0,0.0,,0.0
1785314273.519992,08:00:27:8a:0d:75,0,0,,,0,0.0,0,0.0,0.0,,0.0
1785314273.519992,08:00:27:a5:9e:2d,0,0,,,0,0.0,0,0.0,0.0,,0.0
1785314278.519992,08:00:27:5a:87:bc,0,0,,,0,0.0,0,0.0,0.0,,0.0
1785314278.519992,08:00:27:8a:0d:75,0,0,,,0,0.0,0,0.0,0.0,,0.0
1785314278.519992,08:00:27:a5:9e:2d,0,0,,,0,0.0,0,0.0,0.0,,0.0
1785314283.519992,08:00:27:5a:87:bc,0,0,,,0,0.0,0,0.0,0.0,,0.0
1785314283.519992,08:00:27:8a:0d:75,0,0,,,0,0.0,0,0.0,0.0,,0.0
1785314283.519992,08:00:27:a5:9e:2d,0,0,,,0,0.0,0,0.0,0.0,,0.0
1785314288.519992,08:00:27:5a:87:bc,0,0,,,0,0.0,0,0.0,0.0,,0.0
1785314288.519992,08:00:27:8a:0d:75,0,0,,,0,0.0,0,0.0,0.0,,0.0
1785314288.519992,08:00:27:a5:9e:2d,0,0,,,0,0.0,0,0.0,0.0,,0.0
1785314293.519992,08:00:27:5a:87:bc,0,0,,,0,0.0,0,0.0,0.0,,0.0
1785314293.519992,08:00:27:8a:0d:75,0,0,,,0,0.0,0,0.0,0.0,,0.0
1785314293.519992,08:00:27:a5:9e:2d,0,0,,,0,0.0,0,0.0,0.0,,0.0
1785314298.519992,08:00:27:5a:87:bc,0,0,,,0,0.0,0,0.0,0.0,,0.0
1785314298.519992,08:00:27:8a:0d:75,0,0,,,0,0.0,0,0.0,0.0,,0.0
1785314298.519992,08:00:27:a5:9e:2d,0,0,,,0,0.0,0,0.0,0.0,,0.0
1785314303.519992,08:00:27:5a:87:bc,0,0,,,0,0.0,0,0.0,0.0,,0.0
1785314303.519992,08:00:27:8a:0d:75,0,0,,,0,0.0,0,0.0,0.0,,0.0
1785314303.519992,08:00:27:a5:9e:2d,0,0,,,0,0.0,0,0.0,0.0,,0.0
1785314308.519992,08:00:27:5a:87:bc,0,0,,,0,0.0,0,0.0,0.0,,0.0
1785314308.519992,08:00:27:8a:0d:75,0,0,,,0,0.0,0,0.0,0.0,,0.0
1785314308.519992,08:00:27:a5:9e:2d,0,0,,,0,0.0,0,0.0,0.0,,0.0
1785314313.519992,08:00:27:5a:87:bc,0,0,,,0,0.0,0,0.0,0.0,,0.0
1785314313.519992,08:00:27:8a:0d:75,0,0,,,0,0.0,0,0.0,0.0,,0.0
1785314313.519992,08:00:27:a5:9e:2d,0,0,,,0,0.0,0,0.0,0.0,,0.0
1785314318.519992,08:00:27:5a:87:bc,0,0,,,0,0.0,0,0.0,0.0,,0.0
1785314318.519992,08:00:27:8a:0d:75,0,0,,,0,0.0,0,0.0,0.0,,0.0
1785314318.519992,08:00:27:a5:9e:2d,0,0,,,0,0.0,0,0.0,0.0,,0.0
1785314323.519992,08:00:27:5a:87:bc,0,0,,,0,0.0,0,0.0,0.0,,0.0
1785314323.519992,08:00:27:8a:0d:75,0,0,,,0,0.0,0,0.0,0.0,,0.0
1785314323.519992,08:00:27:a5:9e:2d,0,0,,,0,0.0,0,0.0,0.0,,0.0
1785314328.519992,08:00:27:5a:87:bc,0,0,,,0,0.0,0,0.0,0.0,,0.0
1785314328.519992,08:00:27:8a:0d:75,0,0,,,0,0.0,0,0.0,0.0,,0.0
1785314328.519992,08:00:27:a5:9e:2d,0,0,,,0,0.0,0,0.0,0.0,,0.0
1785314333.519992,08:00:27:5a:87:bc,0,0,,,0,0.0,0,0.0,0.0,,0.0
1785314333.519992,08:00:27:8a:0d:75,0,0,,,0,0.0,0,0.0,0.0,,0.0
1785314333.519992,08:00:27:a5:9e:2d,0,0,,,0,0.0,0,0.0,0.0,,0.0
1785314338.519992,08:00:27:5a:87:bc,0,0,,,0,0.0,0,0.0,0.0,,0.0
1785314338.519992,08:00:27:8a:0d:75,0,0,,,0,0.0,0,0.0,0.0,,0.0
1785314338.519992,08:00:27:a5:9e:2d,0,0,,,0,0.0,0,0.0,0.0,,0.0
1785314343.519992,08:00:27:5a:87:bc,0,0,,,0,0.0,0,0.0,0.0,,0.0
1785314343.519992,08:00:27:8a:0d:75,0,0,,,0,0.0,0,0.0,0.0,,0.0
1785314343.519992,08:00:27:a5:9e:2d,0,0,,,0,0.0,0,0.0,0.0,,0.0
1785314348.519992,08:00:27:5a:87:bc,0,0,,,0,0.0,0,0.0,0.0,,0.0
1785314348.519992,08:00:27:8a:0d:75,0,0,,,0,0.0,0,0.0,0.0,,0.0
1785314348.519992,08:00:27:a5:9e:2d,0,0,,,0,0.0,0,0.0,0.0,,0.0
1785314353.519992,08:00:27:5a:87:bc,0,0,,,0,0.0,0,0.0,0.0,,0.0
1785314353.519992,08:00:27:8a:0d:75,0,0,,,0,0.0,0,0.0,0.0,,0.0
1785314353.519992,08:00:27:a5:9e:2d,0,0,,,0,0.0,0,0.0,0.0,,0.0
1785314358.519992,08:00:27:5a:87:bc,0,0,,,0,0.0,0,0.0,0.0,,0.0
1785314358.519992,08:00:27:8a:0d:75,0,0,,,0,0.0,0,0.0,0.0,,0.0
1785314358.519992,08:00:27:a5:9e:2d,0,0,,,0,0.0,0,0.0,0.0,,0.0
1785314363.519992,08:00:27:5a:87:bc,0,0,,,0,0.0,0,0.0,0.0,,0.0
1785314363.519992,08:00:27:8a:0d:75,0,0,,,0,0.0,0,0.0,0.0,,0.0
1785314363.519992,08:00:27:a5:9e:2d,0,0,,,0,0.0,0,0.0,0.0,,0.0
1785314368.519992,08:00:27:5a:87:bc,0,0,,,0,0.0,0,0.0,0.0,,0.0
1785314368.519992,08:00:27:8a:0d:75,0,0,,,0,0.0,0,0.0,0.0,,0.0
1785314368.519992,08:00:27:a5:9e:2d,0,0,,,0,0.0,0,0.0,0.0,,0.0
1785314373.519992,08:00:27:5a:87:bc,0,0,,,0,0.0,0,0.0,0.0,,0.0
1785314373.519992,08:00:27:8a:0d:75,0,0,,,0,0.0,0,0.0,0.0,,0.0
1785314373.519992,08:00:27:a5:9e:2d,0,0,,,0,0.0,0,0.0,0.0,,0.0
1785314378.519992,08:00:27:5a:87:bc,0,0,,,0,0.0,0,0.0,0.0,,0.0
1785314378.519992,08:00:27:8a:0d:75,0,0,,,0,0.0,0,0.0,0.0,,0.0
1785314378.519992,08:00:27:a5:9e:2d,0,0,,,0,0.0,0,0.0,0.0,,0.0
1785314383.519992,08:00:27:5a:87:bc,0,0,,,0,0.0,0,0.0,0.0,,0.0
1785314383.519992,08:00:27:8a:0d:75,0,0,,,0,0.0,0,0.0,0.0,,0.0
1785314383.519992,08:00:27:a5:9e:2d,0,0,,,0,0.0,0,0.0,0.0,,0.0
1785314388.519992,08:00:27:5a:87:bc,0,0,,,0,0.0,0,0.0,0.0,,0.0
1785314388.519992,08:00:27:8a:0d:75,0,0,,,0,0.0,0,0.0,0.0,,0.0
1785314388.519992,08:00:27:a5:9e:2d,0,0,,,0,0.0,0,0.0,0.0,,0.0
1785314393.519992,08:00:27:5a:87:bc,0,0,,,0,0.0,0,0.0,0.0,,0.0
1785314393.519992,08:00:27:8a:0d:75,0,0,,,0,0.0,0,0.0,0.0,,0.0
1785314393.519992,08:00:27:a5:9e:2d,0,0,,,0,0.0,0,0.0,0.0,,0.0
1785314398.519992,08:00:27:5a:87:bc,0,0,,,0,0.0,0,0.0,0.0,,0.0
1785314398.519992,08:00:27:8a:0d:75,0,0,,,0,0.0,0,0.0,0.0,,0.0
1785314398.519992,08:00:27:a5:9e:2d,0,0,,,0,0.0,0,0.0,0.0,,0.0
1785314403.519992,08:00:27:5a:87:bc,0,0,,,0,0.0,0,0.0,0.0,,0.0
1785314403.519992,08:00:27:8a:0d:75,0,0,,,0,0.0,0,0.0,0.0,,0.0
1785314403.519992,08:00:27:a5:9e:2d,0,0,,,0,0.0,0,0.0,0.0,,0.0
1785314408.519992,08:00:27:5a:87:bc,0,0,,,0,0.0,0,0.0,0.0,,0.0
1785314408.519992,08:00:27:8a:0d:75,0,0,,,0,0.0,0,0.0,0.0,,0.0
1785314408.519992,08:00:27:a5:9e:2d,0,0,,,0,0.0,0,0.0,0.0,,0.0
1785314413.519992,08:00:27:5a:87:bc,0,0,,,0,0.0,0,0.0,0.0,,0.0
1785314413.519992,08:00:27:8a:0d:75,0,0,,,0,0.0,0,0.0,0.0,,0.0
1785314413.519992,08:00:27:a5:9e:2d,0,0,,,0,0.0,0,0.0,0.0,,0.0
1785314418.519992,08:00:27:5a:87:bc,0,0,,,0,0.0,0,0.0,0.0,,0.0
1785314418.519992,08:00:27:8a:0d:75,0,0,,,0,0.0,0,0.0,0.0,,0.0
1785314418.519992,08:00:27:a5:9e:2d,0,0,,,0,0.0,0,0.0,0.0,,0.0
1785314423.519992,08:00:27:5a:87:bc,0,0,,,0,0.0,0,0.0,0.0,,0.0
1785314423.519992,08:00:27:8a:0d:75,0,0,,,0,0.0,0,0.0,0.0,,0.0
1785314423.519992,08:00:27:a5:9e:2d,0,0,,,0,0.0,0,0.0,0.0,,0.0
1785314428.519992,08:00:27:5a:87:bc,0,0,,,0,0.0,0,0.0,0.0,,0.0
1785314428.519992,08:00:27:8a:0d:75,0,0,,,0,0.0,0,0.0,0.0,,0.0
1785314428.519992,08:00:27:a5:9e:2d,0,0,,,0,0.0,0,0.0,0.0,,0.0
1785314433.519992,08:00:27:5a:87:bc,0,0,,,0,0.0,0,0.0,0.0,,0.0
1785314433.519992,08:00:27:8a:0d:75,0,0,,,0,0.0,0,0.0,0.0,,0.0
1785314433.519992,08:00:27:a5:9e:2d,0,0,,,0,0.0,0,0.0,0.0,,0.0
1785314438.519992,08:00:27:5a:87:bc,0,0,,,0,0.0,0,0.0,0.0,,0.0
1785314438.519992,08:00:27:8a:0d:75,0,0,,,0,0.0,0,0.0,0.0,,0.0
1785314438.519992,08:00:27:a5:9e:2d,0,0,,,0,0.0,0,0.0,0.0,,0.0
1785314443.519992,08:00:27:5a:87:bc,0,0,,,0,0.0,0,0.0,0.0,,0.0
1785314443.519992,08:00:27:8a:0d:75,0,0,,,0,0.0,0,0.0,0.0,,0.0
1785314443.519992,08:00:27:a5:9e:2d,0,0,,,0,0.0,0,0.0,0.0,,0.0
1785314448.519992,08:00:27:5a:87:bc,0,0,,,0,0.0,0,0.0,0.0,,0.0
1785314448.519992,08:00:27:8a:0d:75,0,0,,,0,0.0,0,0.0,0.0,,0.0
1785314448.519992,08:00:27:a5:9e:2d,0,0,,,0,0.0,0,0.0,0.0,,0.0
1785314453.519992,08:00:27:5a:87:bc,0,0,,,0,0.0,0,0.0,0.0,,0.0
1785314453.519992,08:00:27:8a:0d:75,0,0,,,0,0.0,0,0.0,0.0,,0.0
1785314453.519992,08:00:27:a5:9e:2d,0,0,,,0,0.0,0,0.0,0.0,,0.0
1785314458.519992,08:00:27:5a:87:bc,0,0,,,0,0.0,0,0.0,0.0,,0.0
1785314458.519992,08:00:27:8a:0d:75,0,0,,,0,0.0,0,0.0,0.0,,0.0
1785314458.519992,08:00:27:a5:9e:2d,0,0,,,0,0.0,0,0.0,0.0,,0.0
1785314463.519992,08:00:27:5a:87:bc,0,0,,,0,0.0,0,0.0,0.0,,0.0
1785314463.519992,08:00:27:8a:0d:75,0,0,,,0,0.0,0,0.0,0.0,,0.0
1785314463.519992,08:00:27:a5:9e:2d,0,0,,,0,0.0,0,0.0,0.0,,0.0
1785314468.519992,08:00:27:5a:87:bc,0,0,,,0,0.0,0,0.0,0.0,,0.0
1785314468.519992,08:00:27:8a:0d:75,0,0,,,0,0.0,0,0.0,0.0,,0.0
1785314468.519992,08:00:27:a5:9e:2d,0,0,,,0,0.0,0,0.0,0.0,,0.0
1785314473.519992,08:00:27:5a:87:bc,0,0,,,0,0.0,0,0.0,0.0,,0.0
1785314473.519992,08:00:27:8a:0d:75,0,0,,,0,0.0,0,0.0,0.0,,0.0
1785314473.519992,08:00:27:a5:9e:2d,0,0,,,0,0.0,0,0.0,0.0,,0.0
1785314478.519992,08:00:27:5a:87:bc,0,0,,,0,0.0,0,0.0,0.0,,0.0
1785314478.519992,08:00:27:8a:0d:75,0,0,,,0,0.0,0,0.0,0.0,,0.0
1785314478.519992,08:00:27:a5:9e:2d,0,0,,,0,0.0,0,0.0,0.0,,0.0
1785314483.519992,08:00:27:5a:87:bc,0,0,,,0,0.0,0,0.0,0.0,,0.0
1785314483.519992,08:00:27:8a:0d:75,0,0,,,0,0.0,0,0.0,0.0,,0.0
1785314483.519992,08:00:27:a5:9e:2d,0,0,,,0,0.0,0,0.0,0.0,,0.0
1785314488.519992,08:00:27:5a:87:bc,0,0,,,0,0.0,0,0.0,0.0,,0.0
1785314488.519992,08:00:27:8a:0d:75,0,0,,,0,0.0,0,0.0,0.0,,0.0
1785314488.519992,08:00:27:a5:9e:2d,0,0,,,0,0.0,0,0.0,0.0,,0.0
1785314493.519992,08:00:27:5a:87:bc,0,0,,,0,0.0,0,0.0,0.0,,0.0
1785314493.519992,08:00:27:8a:0d:75,0,0,,,0,0.0,0,0.0,0.0,,0.0
1785314493.519992,08:00:27:a5:9e:2d,0,0,,,0,0.0,0,0.0,0.0,,0.0
1785314498.519992,08:00:27:5a:87:bc,0,0,,,0,0.0,0,0.0,0.0,,0.0
1785314498.519992,08:00:27:8a:0d:75,0,0,,,0,0.0,0,0.0,0.0,,0.0
1785314498.519992,08:00:27:a5:9e:2d,0,0,,,0,0.0,0,0.0,0.0,,0.0
1785314503.519992,08:00:27:5a:87:bc,0,0,,,0,0.0,0,0.0,0.0,,0.0
1785314503.519992,08:00:27:8a:0d:75,0,0,,,0,0.0,0,0.0,0.0,,0.0
1785314503.519992,08:00:27:a5:9e:2d,0,0,,,0,0.0,0,0.0,0.0,,0.0
1785314508.519992,08:00:27:5a:87:bc,0,0,,,0,0.0,0,0.0,0.0,,0.0
1785314508.519992,08:00:27:8a:0d:75,0,0,,,0,0.0,0,0.0,0.0,,0.0
1785314508.519992,08:00:27:a5:9e:2d,0,0,,,0,0.0,0,0.0,0.0,,0.0
1785314513.519992,08:00:27:5a:87:bc,0,0,,,0,0.0,0,0.0,0.0,,0.0
1785314513.519992,08:00:27:8a:0d:75,0,0,,,0,0.0,0,0.0,0.0,,0.0
1785314513.519992,08:00:27:a5:9e:2d,0,0,,,0,0.0,0,0.0,0.0,,0.0
1785314518.519992,08:00:27:5a:87:bc,0,0,,,0,0.0,0,0.0,0.0,,0.0
1785314518.519992,08:00:27:8a:0d:75,0,0,,,0,0.0,0,0.0,0.0,,0.0
1785314518.519992,08:00:27:a5:9e:2d,0,0,,,0,0.0,0,0.0,0.0,,0.0
1785314523.519992,08:00:27:5a:87:bc,0,0,,,0,0.0,0,0.0,0.0,,0.0
1785314523.519992,08:00:27:8a:0d:75,0,0,,,0,0.0,0,0.0,0.0,,0.0
1785314523.519992,08:00:27:a5:9e:2d,0,0,,,0,0.0,0,0.0,0.0,,0.0
1785314528.519992,08:00:27:5a:87:bc,0,0,,,0,0.0,0,0.0,0.0,,0.0
1785314528.519992,08:00:27:8a:0d:75,0,0,,,0,0.0,0,0.0,0.0,,0.0
1785314528.519992,08:00:27:a5:9e:2d,0,0,,,0,0.0,0,0.0,0.0,,0.0
1785314533.519992,08:00:27:5a:87:bc,0,0,,,0,0.0,0,0.0,0.0,,0.0
1785314533.519992,08:00:27:8a:0d:75,0,0,,,0,0.0,0,0.0,0.0,,0.0
1785314533.519992,08:00:27:a5:9e:2d,0,0,,,0,0.0,0,0.0,0.0,,0.0
1785314538.519992,08:00:27:5a:87:bc,0,0,,,0,0.0,0,0.0,0.0,,0.0
1785314538.519992,08:00:27:8a:0d:75,0,0,,,0,0.0,0,0.0,0.0,,0.0
1785314538.519992,08:00:27:a5:9e:2d,0,0,,,0,0.0,0,0.0,0.0,,0.0
1785314543.519992,08:00:27:5a:87:bc,0,0,,,0,0.0,0,0.0,0.0,,0.0
1785314543.519992,08:00:27:8a:0d:75,0,0,,,0,0.0,0,0.0,0.0,,0.0
1785314543.519992,08:00:27:a5:9e:2d,0,0,,,0,0.0,0,0.0,0.0,,0.0
1785314548.519992,08:00:27:5a:87:bc,0,0,,,0,0.0,0,0.0,0.0,,0.0
1785314548.519992,08:00:27:8a:0d:75,0,0,,,0,0.0,0,0.0,0.0,,0.0
1785314548.519992,08:00:27:a5:9e:2d,0,0,,,0,0.0,0,0.0,0.0,,0.0
1785314553.519992,08:00:27:5a:87:bc,0,0,,,0,0.0,0,0.0,0.0,,0.0
1785314553.519992,08:00:27:8a:0d:75,0,0,,,0,0.0,0,0.0,0.0,,0.0
1785314553.519992,08:00:27:a5:9e:2d,0,0,,,0,0.0,0,0.0,0.0,,0.0
1785314558.519992,08:00:27:5a:87:bc,0,0,,,0,0.0,0,0.0,0.0,,0.0
1785314558.519992,08:00:27:8a:0d:75,0,0,,,0,0.0,0,0.0,0.0,,0.0
1785314558.519992,08:00:27:a5:9e:2d,0,0,,,0,0.0,0,0.0,0.0,,0.0
1785314563.519992,08:00:27:5a:87:bc,0,0,,,0,0.0,0,0.0,0.0,,0.0
1785314563.519992,08:00:27:8a:0d:75,0,0,,,0,0.0,0,0.0,0.0,,0.0
1785314563.519992,08:00:27:a5:9e:2d,0,0,,,0,0.0,0,0.0,0.0,,0.0
1785314568.519992,08:00:27:5a:87:bc,0,0,,,0,0.0,0,0.0,0.0,,0.0
1785314568.519992,08:00:27:8a:0d:75,0,0,,,0,0.0,0,0.0,0.0,,0.0
1785314568.519992,08:00:27:a5:9e:2d,0,0,,,0,0.0,0,0.0,0.0,,0.0
1785314573.519992,08:00:27:5a:87:bc,0,0,,,0,0.0,0,0.0,0.0,,0.0
1785314573.519992,08:00:27:8a:0d:75,0,0,,,0,0.0,0,0.0,0.0,,0.0
1785314573.519992,08:00:27:a5:9e:2d,0,0,,,0,0.0,0,0.0,0.0,,0.0
1785314578.519992,08:00:27:5a:87:bc,0,0,,,0,0.0,0,0.0,0.0,,0.0
1785314578.519992,08:00:27:8a:0d:75,0,0,,,0,0.0,0,0.0,0.0,,0.0
1785314578.519992,08:00:27:a5:9e:2d,0,0,,,0,0.0,0,0.0,0.0,,0.0
1785314583.519992,08:00:27:5a:87:bc,0,0,,,0,0.0,0,0.0,0.0,,0.0
1785314583.519992,08:00:27:8a:0d:75,0,0,,,0,0.0,0,0.0,0.0,,0.0
1785314583.519992,08:00:27:a5:9e:2d,0,0,,,0,0.0,0,0.0,0.0,,0.0
1785314588.519992,08:00:27:5a:87:bc,0,0,,,0,0.0,0,0.0,0.0,,0.0
1785314588.519992,08:00:27:8a:0d:75,0,0,,,0,0.0,0,0.0,0.0,,0.0
1785314588.519992,08:00:27:a5:9e:2d,0,0,,,0,0.0,0,0.0,0.0,,0.0
1785314593.519992,08:00:27:5a:87:bc,0,0,,,0,0.0,0,0.0,0.0,,0.0
1785314593.519992,08:00:27:8a:0d:75,0,0,,,0,0.0,0,0.0,0.0,,0.0
1785314593.519992,08:00:27:a5:9e:2d,0,0,,,0,0.0,0,0.0,0.0,,0.0
1785314598.519992,08:00:27:5a:87:bc,0,0,,,0,0.0,0,0.0,0.0,,0.0
1785314598.519992,08:00:27:8a:0d:75,0,0,,,0,0.0,0,0.0,0.0,,0.0
1785314598.519992,08:00:27:a5:9e:2d,0,0,,,0,0.0,0,0.0,0.0,,0.0
1785314603.519992,08:00:27:5a:87:bc,0,0,,,0,0.0,0,0.0,0.0,,0.0
1785314603.519992,08:00:27:8a:0d:75,0,0,,,0,0.0,0,0.0,0.0,,0.0
1785314603.519992,08:00:27:a5:9e:2d,0,0,,,0,0.0,0,0.0,0.0,,0.0
1785314608.519992,08:00:27:5a:87:bc,0,0,,,0,0.0,0,0.0,0.0,,0.0
1785314608.519992,08:00:27:8a:0d:75,0,0,,,0,0.0,0,0.0,0.0,,0.0
1785314608.519992,08:00:27:a5:9e:2d,0,0,,,0,0.0,0,0.0,0.0,,0.0
1785314613.519992,08:00:27:5a:87:bc,0,0,,,0,0.0,0,0.0,0.0,,0.0
1785314613.519992,08:00:27:8a:0d:75,0,0,,,0,0.0,0,0.0,0.0,,0.0
1785314613.519992,08:00:27:a5:9e:2d,0,0,,,0,0.0,0,0.0,0.0,,0.0
1785314618.519992,08:00:27:5a:87:bc,0,0,,,0,0.0,0,0.0,0.0,,0.0
1785314618.519992,08:00:27:8a:0d:75,0,0,,,0,0.0,0,0.0,0.0,,0.0
1785314618.519992,08:00:27:a5:9e:2d,0,0,,,0,0.0,0,0.0,0.0,,0.0
1785314623.519992,08:00:27:5a:87:bc,0,0,,,0,0.0,0,0.0,0.0,,0.0
1785314623.519992,08:00:27:8a:0d:75,0,0,,,0,0.0,0,0.0,0.0,,0.0
1785314623.519992,08:00:27:a5:9e:2d,0,0,,,0,0.0,0,0.0,0.0,,0.0
1785314628.519992,08:00:27:5a:87:bc,0,0,,,0,0.0,0,0.0,0.0,,0.0
1785314628.519992,08:00:27:8a:0d:75,0,0,,,0,0.0,0,0.0,0.0,,0.0
1785314628.519992,08:00:27:a5:9e:2d,0,0,,,0,0.0,0,0.0,0.0,,0.0
1785314633.519992,08:00:27:5a:87:bc,0,0,,,0,0.0,0,0.0,0.0,,0.0
1785314633.519992,08:00:27:8a:0d:75,0,0,,,0,0.0,0,0.0,0.0,,0.0
1785314633.519992,08:00:27:a5:9e:2d,0,0,,,0,0.0,0,0.0,0.0,,0.0
1785314638.519992,08:00:27:5a:87:bc,0,0,,,0,0.0,0,0.0,0.0,,0.0
1785314638.519992,08:00:27:8a:0d:75,0,0,,,0,0.0,0,0.0,0.0,,0.0
1785314638.519992,08:00:27:a5:9e:2d,0,0,,,0,0.0,0,0.0,0.0,,0.0
1785314643.519992,08:00:27:5a:87:bc,0,0,,,0,0.0,0,0.0,0.0,,0.0
1785314643.519992,08:00:27:8a:0d:75,0,0,,,0,0.0,0,0.0,0.0,,0.0
1785314643.519992,08:00:27:a5:9e:2d,0,0,,,0,0.0,0,0.0,0.0,,0.0
1785314648.519992,08:00:27:5a:87:bc,0,0,,,0,0.0,0,0.0,0.0,,0.0
1785314648.519992,08:00:27:8a:0d:75,0,0,,,0,0.0,0,0.0,0.0,,0.0
1785314648.519992,08:00:27:a5:9e:2d,0,0,,,0,0.0,0,0.0,0.0,,0.0
1785314653.519992,08:00:27:5a:87:bc,0,0,,,0,0.0,0,0.0,0.0,,0.0
1785314653.519992,08:00:27:8a:0d:75,0,0,,,0,0.0,0,0.0,0.0,,0.0
1785314653.519992,08:00:27:a5:9e:2d,0,0,,,0,0.0,0,0.0,0.0,,0.0
1785314658.519992,08:00:27:5a:87:bc,0,0,,,0,0.0,0,0.0,0.0,,0.0
1785314658.519992,08:00:27:8a:0d:75,0,0,,,0,0.0,0,0.0,0.0,,0.0
1785314658.519992,08:00:27:a5:9e:2d,0,0,,,0,0.0,0,0.0,0.0,,0.0
1785314663.519992,08:00:27:5a:87:bc,0,0,,,0,0.0,0,0.0,0.0,,0.0
1785314663.519992,08:00:27:8a:0d:75,0,0,,,0,0.0,0,0.0,0.0,,0.0
1785314663.519992,08:00:27:a5:9e:2d,0,0,,,0,0.0,0,0.0,0.0,,0.0
1785314668.519992,08:00:27:5a:87:bc,0,0,,,0,0.0,0,0.0,0.0,,0.0
1785314668.519992,08:00:27:8a:0d:75,0,0,,,0,0.0,0,0.0,0.0,,0.0
1785314668.519992,08:00:27:a5:9e:2d,0,0,,,0,0.0,0,0.0,0.0,,0.0
1785314673.519992,08:00:27:5a:87:bc,0,0,,,0,0.0,0,0.0,0.0,,0.0
1785314673.519992,08:00:27:8a:0d:75,0,0,,,0,0.0,0,0.0,0.0,,0.0
1785314673.519992,08:00:27:a5:9e:2d,0,0,,,0,0.0,0,0.0,0.0,,0.0
1785314678.519992,08:00:27:5a:87:bc,0,0,,,0,0.0,0,0.0,0.0,,0.0
1785314678.519992,08:00:27:8a:0d:75,0,0,,,0,0.0,0,0.0,0.0,,0.0
1785314678.519992,08:00:27:a5:9e:2d,0,0,,,0,0.0,0,0.0,0.0,,0.0
1785314683.519992,08:00:27:5a:87:bc,0,0,,,0,0.0,0,0.0,0.0,,0.0
1785314683.519992,08:00:27:8a:0d:75,0,0,,,0,0.0,0,0.0,0.0,,0.0
1785314683.519992,08:00:27:a5:9e:2d,0,0,,,0,0.0,0,0.0,0.0,,0.0
1785314688.519992,08:00:27:5a:87:bc,0,0,,,0,0.0,0,0.0,0.0,,0.0
1785314688.519992,08:00:27:8a:0d:75,0,0,,,0,0.0,0,0.0,0.0,,0.0
1785314688.519992,08:00:27:a5:9e:2d,0,0,,,0,0.0,0,0.0,0.0,,0.0
1785314693.519992,08:00:27:5a:87:bc,0,0,,,0,0.0,0,0.0,0.0,,0.0
1785314693.519992,08:00:27:8a:0d:75,0,0,,,0,0.0,0,0.0,0.0,,0.0
1785314693.519992,08:00:27:a5:9e:2d,0,0,,,0,0.0,0,0.0,0.0,,0.0
1785314698.519992,08:00:27:5a:87:bc,0,0,,,0,0.0,0,0.0,0.0,,0.0
1785314698.519992,08:00:27:8a:0d:75,0,0,,,0,0.0,0,0.0,0.0,,0.0
1785314698.519992,08:00:27:a5:9e:2d,0,0,,,0,0.0,0,0.0,0.0,,0.0
1785314703.519992,08:00:27:5a:87:bc,0,0,,,0,0.0,0,0.0,0.0,,0.0
1785314703.519992,08:00:27:8a:0d:75,0,0,,,0,0.0,0,0.0,0.0,,0.0
1785314703.519992,08:00:27:a5:9e:2d,0,0,,,0,0.0,0,0.0,0.0,,0.0
1785314708.519992,08:00:27:5a:87:bc,0,0,,,0,0.0,0,0.0,0.0,,0.0
1785314708.519992,08:00:27:8a:0d:75,0,0,,,0,0.0,0,0.0,0.0,,0.0
1785314708.519992,08:00:27:a5:9e:2d,0,0,,,0,0.0,0,0.0,0.0,,0.0
1785314713.519992,08:00:27:5a:87:bc,0,0,,,0,0.0,0,0.0,0.0,,0.0
1785314713.519992,08:00:27:8a:0d:75,0,0,,,0,0.0,0,0.0,0.0,,0.0
1785314713.519992,08:00:27:a5:9e:2d,0,0,,,0,0.0,0,0.0,0.0,,0.0
1785314718.519992,08:00:27:5a:87:bc,0,0,,,0,0.0,0,0.0,0.0,,0.0
1785314718.519992,08:00:27:8a:0d:75,0,0,,,0,0.0,0,0.0,0.0,,0.0
1785314718.519992,08:00:27:a5:9e:2d,0,0,,,0,0.0,0,0.0,0.0,,0.0
1785314723.519992,08:00:27:5a:87:bc,0,0,,,0,0.0,0,0.0,0.0,,0.0
1785314723.519992,08:00:27:8a:0d:75,0,0,,,0,0.0,0,0.0,0.0,,0.0
1785314723.519992,08:00:27:a5:9e:2d,0,0,,,0,0.0,0,0.0,0.0,,0.0
1785314728.519992,08:00:27:5a:87:bc,0,0,,,0,0.0,0,0.0,0.0,,0.0
1785314728.519992,08:00:27:8a:0d:75,0,0,,,0,0.0,0,0.0,0.0,,0.0
1785314728.519992,08:00:27:a5:9e:2d,0,0,,,0,0.0,0,0.0,0.0,,0.0
1785314733.519992,08:00:27:5a:87:bc,0,0,,,0,0.0,0,0.0,0.0,,0.0
1785314733.519992,08:00:27:8a:0d:75,0,0,,,0,0.0,0,0.0,0.0,,0.0
1785314733.519992,08:00:27:a5:9e:2d,0,0,,,0,0.0,0,0.0,0.0,,0.0
1785314738.519992,08:00:27:5a:87:bc,0,0,,,0,0.0,0,0.0,0.0,,0.0
1785314738.519992,08:00:27:8a:0d:75,0,0,,,0,0.0,0,0.0,0.0,,0.0
1785314738.519992,08:00:27:a5:9e:2d,0,0,,,0,0.0,0,0.0,0.0,,0.0
1785314743.519992,08:00:27:5a:87:bc,0,0,,,0,0.0,0,0.0,0.0,,0.0
1785314743.519992,08:00:27:8a:0d:75,0,0,,,0,0.0,0,0.0,0.0,,0.0
1785314743.519992,08:00:27:a5:9e:2d,0,0,,,0,0.0,0,0.0,0.0,,0.0
1785314748.519992,08:00:27:5a:87:bc,0,0,,,0,0.0,0,0.0,0.0,,0.0
1785314748.519992,08:00:27:8a:0d:75,0,0,,,0,0.0,0,0.0,0.0,,0.0
1785314748.519992,08:00:27:a5:9e:2d,0,0,,,0,0.0,0,0.0,0.0,,0.0
1785314753.519992,08:00:27:5a:87:bc,0,0,,,0,0.0,0,0.0,0.0,,0.0
1785314753.519992,08:00:27:8a:0d:75,0,0,,,0,0.0,0,0.0,0.0,,0.0
1785314753.519992,08:00:27:a5:9e:2d,0,0,,,0,0.0,0,0.0,0.0,,0.0
1785314758.519992,08:00:27:5a:87:bc,0,0,,,0,0.0,0,0.0,0.0,,0.0
1785314758.519992,08:00:27:8a:0d:75,0,0,,,0,0.0,0,0.0,0.0,,0.0
1785314758.519992,08:00:27:a5:9e:2d,0,0,,,0,0.0,0,0.0,0.0,,0.0
1785314763.519992,08:00:27:5a:87:bc,0,0,,,0,0.0,0,0.0,0.0,,0.0
1785314763.519992,08:00:27:8a:0d:75,0,0,,,0,0.0,0,0.0,0.0,,0.0
1785314763.519992,08:00:27:a5:9e:2d,0,0,,,0,0.0,0,0.0,0.0,,0.0
1785314768.519992,08:00:27:5a:87:bc,0,0,,,0,0.0,0,0.0,0.0,,0.0
1785314768.519992,08:00:27:8a:0d:75,0,0,,,0,0.0,0,0.0,0.0,,0.0
1785314768.519992,08:00:27:a5:9e:2d,0,0,,,0,0.0,0,0.0,0.0,,0.0
1785314773.519992,08:00:27:5a:87:bc,0,0,,,0,0.0,0,0.0,0.0,,0.0
1785314773.519992,08:00:27:8a:0d:75,0,0,,,0,0.0,0,0.0,0.0,,0.0
1785314773.519992,08:00:27:a5:9e:2d,0,0,,,0,0.0,0,0.0,0.0,,0.0
1785314778.519992,08:00:27:5a:87:bc,0,0,,,0,0.0,0,0.0,0.0,,0.0
1785314778.519992,08:00:27:8a:0d:75,0,0,,,0,0.0,0,0.0,0.0,,0.0
1785314778.519992,08:00:27:a5:9e:2d,0,0,,,0,0.0,0,0.0,0.0,,0.0
1785314783.519992,08:00:27:5a:87:bc,0,0,,,0,0.0,0,0.0,0.0,,0.0
1785314783.519992,08:00:27:8a:0d:75,0,0,,,0,0.0,0,0.0,0.0,,0.0
1785314783.519992,08:00:27:a5:9e:2d,0,0,,,0,0.0,0,0.0,0.0,,0.0
1785314788.519992,08:00:27:5a:87:bc,0,0,,,0,0.0,0,0.0,0.0,,0.0
1785314788.519992,08:00:27:8a:0d:75,0,0,,,0,0.0,0,0.0,0.0,,0.0
1785314788.519992,08:00:27:a5:9e:2d,0,0,,,0,0.0,0,0.0,0.0,,0.0
1785314793.519992,08:00:27:5a:87:bc,0,0,,,0,0.0,0,0.0,0.0,,0.0
1785314793.519992,08:00:27:8a:0d:75,0,0,,,0,0.0,0,0.0,0.0,,0.0
1785314793.519992,08:00:27:a5:9e:2d,0,0,,,0,0.0,0,0.0,0.0,,0.0
1785314798.519992,08:00:27:5a:87:bc,0,0,,,0,0.0,0,0.0,0.0,,0.0
1785314798.519992,08:00:27:8a:0d:75,0,0,,,0,0.0,0,0.0,0.0,,0.0
1785314798.519992,08:00:27:a5:9e:2d,0,0,,,0,0.0,0,0.0,0.0,,0.0
1785314803.519992,08:00:27:5a:87:bc,0,0,,,0,0.0,0,0.0,0.0,,0.0
1785314803.519992,08:00:27:8a:0d:75,0,0,,,0,0.0,0,0.0,0.0,,0.0
1785314803.519992,08:00:27:a5:9e:2d,0,0,,,0,0.0,0,0.0,0.0,,0.0
1785314808.519992,08:00:27:5a:87:bc,0,0,,,0,0.0,0,0.0,0.0,,0.0
1785314808.519992,08:00:27:8a:0d:75,0,0,,,0,0.0,0,0.0,0.0,,0.0
1785314808.519992,08:00:27:a5:9e:2d,0,0,,,0,0.0,0,0.0,0.0,,0.0
1785314813.519992,08:00:27:5a:87:bc,0,0,,,0,0.0,0,0.0,0.0,,0.0
1785314813.519992,08:00:27:8a:0d:75,0,0,,,0,0.0,0,0.0,0.0,,0.0
1785314813.519992,08:00:27:a5:9e:2d,0,0,,,0,0.0,0,0.0,0.0,,0.0
1785314818.519992,08:00:27:5a:87:bc,0,0,,,0,0.0,0,0.0,0.0,,0.0
1785314818.519992,08:00:27:8a:0d:75,0,0,,,0,0.0,0,0.0,0.0,,0.0
1785314818.519992,08:00:27:a5:9e:2d,0,0,,,0,0.0,0,0.0,0.0,,0.0
1785314823.519992,08:00:27:5a:87:bc,0,0,,,0,0.0,0,0.0,0.0,,0.0
1785314823.519992,08:00:27:8a:0d:75,0,0,,,0,0.0,0,0.0,0.0,,0.0
1785314823.519992,08:00:27:a5:9e:2d,0,0,,,0,0.0,0,0.0,0.0,,0.0
1785314828.519992,08:00:27:5a:87:bc,0,0,,,0,0.0,0,0.0,0.0,,0.0
1785314828.519992,08:00:27:8a:0d:75,0,0,,,0,0.0,0,0.0,0.0,,0.0
1785314828.519992,08:00:27:a5:9e:2d,0,0,,,0,0.0,0,0.0,0.0,,0.0
1785314833.519992,08:00:27:5a:87:bc,0,0,,,0,0.0,0,0.0,0.0,,0.0
1785314833.519992,08:00:27:8a:0d:75,0,0,,,0,0.0,0,0.0,0.0,,0.0
1785314833.519992,08:00:27:a5:9e:2d,0,0,,,0,0.0,0,0.0,0.0,,0.0
1785314838.519992,08:00:27:5a:87:bc,0,0,,,0,0.0,0,0.0,0.0,,0.0
1785314838.519992,08:00:27:8a:0d:75,0,0,,,0,0.0,0,0.0,0.0,,0.0
1785314838.519992,08:00:27:a5:9e:2d,0,0,,,0,0.0,0,0.0,0.0,,0.0
1785314843.519992,08:00:27:5a:87:bc,0,0,,,0,0.0,0,0.0,0.0,,0.0
1785314843.519992,08:00:27:8a:0d:75,0,0,,,0,0.0,0,0.0,0.0,,0.0
1785314843.519992,08:00:27:a5:9e:2d,0,0,,,0,0.0,0,0.0,0.0,,0.0
1785314848.519992,08:00:27:5a:87:bc,0,0,,,0,0.0,0,0.0,0.0,,0.0
1785314848.519992,08:00:27:8a:0d:75,0,0,,,0,0.0,0,0.0,0.0,,0.0
1785314848.519992,08:00:27:a5:9e:2d,0,0,,,0,0.0,0,0.0,0.0,,0.0
1785314853.519992,08:00:27:5a:87:bc,0,0,,,0,0.0,0,0.0,0.0,,0.0
1785314853.519992,08:00:27:8a:0d:75,0,0,,,0,0.0,0,0.0,0.0,,0.0
1785314853.519992,08:00:27:a5:9e:2d,0,0,,,0,0.0,0,0.0,0.0,,0.0
1785314858.519992,08:00:27:5a:87:bc,0,0,,,0,0.0,0,0.0,0.0,,0.0
1785314858.519992,08:00:27:8a:0d:75,0,0,,,0,0.0,0,0.0,0.0,,0.0
1785314858.519992,08:00:27:a5:9e:2d,0,0,,,0,0.0,0,0.0,0.0,,0.0
1785314863.519992,08:00:27:5a:87:bc,0,0,,,0,0.0,0,0.0,0.0,,0.0
1785314863.519992,08:00:27:8a:0d:75,0,0,,,0,0.0,0,0.0,0.0,,0.0
1785314863.519992,08:00:27:a5:9e:2d,0,0,,,0,0.0,0,0.0,0.0,,0.0
1785314868.519992,08:00:27:5a:87:bc,0,0,,,0,0.0,0,0.0,0.0,,0.0
1785314868.519992,08:00:27:8a:0d:75,0,0,,,0,0.0,0,0.0,0.0,,0.0
1785314868.519992,08:00:27:a5:9e:2d,0,0,,,0,0.0,0,0.0,0.0,,0.0
1785314873.519992,08:00:27:5a:87:bc,0,0,,,0,0.0,0,0.0,0.0,,0.0
1785314873.519992,08:00:27:8a:0d:75,0,0,,,0,0.0,0,0.0,0.0,,0.0
1785314873.519992,08:00:27:a5:9e:2d,0,0,,,0,0.0,0,0.0,0.0,,0.0
1785314878.519992,08:00:27:5a:87:bc,0,0,,,0,0.0,0,0.0,0.0,,0.0
1785314878.519992,08:00:27:8a:0d:75,0,0,,,0,0.0,0,0.0,0.0,,0.0
1785314878.519992,08:00:27:a5:9e:2d,0,0,,,0,0.0,0,0.0,0.0,,0.0
1785314883.519992,08:00:27:5a:87:bc,0,0,,,0,0.0,0,0.0,0.0,,0.0
1785314883.519992,08:00:27:8a:0d:75,0,0,,,0,0.0,0,0.0,0.0,,0.0
1785314883.519992,08:00:27:a5:9e:2d,0,0,,,0,0.0,0,0.0,0.0,,0.0
1785314888.519992,08:00:27:5a:87:bc,0,0,,,0,0.0,0,0.0,0.0,,0.0
1785314888.519992,08:00:27:8a:0d:75,0,0,,,0,0.0,0,0.0,0.0,,0.0
1785314888.519992,08:00:27:a5:9e:2d,0,0,,,0,0.0,0,0.0,0.0,,0.0
1785314893.519992,08:00:27:5a:87:bc,0,0,,,0,0.0,0,0.0,0.0,,0.0
1785314893.519992,08:00:27:8a:0d:75,0,0,,,0,0.0,0,0.0,0.0,,0.0
1785314893.519992,08:00:27:a5:9e:2d,0,0,,,0,0.0,0,0.0,0.0,,0.0
1785314898.519992,08:00:27:5a:87:bc,0,0,,,0,0.0,0,0.0,0.0,,0.0
1785314898.519992,08:00:27:8a:0d:75,0,0,,,0,0.0,0,0.0,0.0,,0.0
1785314898.519992,08:00:27:a5:9e:2d,0,0,,,0,0.0,0,0.0,0.0,,0.0
1785314903.519992,08:00:27:5a:87:bc,0,0,,,0,0.0,0,0.0,0.0,,0.0
1785314903.519992,08:00:27:8a:0d:75,0,0,,,0,0.0,0,0.0,0.0,,0.0
1785314903.519992,08:00:27:a5:9e:2d,0,0,,,0,0.0,0,0.0,0.0,,0.0
1785314908.519992,08:00:27:5a:87:bc,0,0,,,0,0.0,0,0.0,0.0,,0.0
1785314908.519992,08:00:27:8a:0d:75,0,0,,,0,0.0,0,0.0,0.0,,0.0
1785314908.519992,08:00:27:a5:9e:2d,0,0,,,0,0.0,0,0.0,0.0,,0.0
1785314913.519992,08:00:27:5a:87:bc,0,0,,,0,0.0,0,0.0,0.0,,0.0
1785314913.519992,08:00:27:8a:0d:75,0,0,,,0,0.0,0,0.0,0.0,,0.0
1785314913.519992,08:00:27:a5:9e:2d,0,0,,,0,0.0,0,0.0,0.0,,0.0
1785314918.519992,08:00:27:5a:87:bc,0,0,,,0,0.0,0,0.0,0.0,,0.0
1785314918.519992,08:00:27:8a:0d:75,0,0,,,0,0.0,0,0.0,0.0,,0.0
1785314918.519992,08:00:27:a5:9e:2d,0,0,,,0,0.0,0,0.0,0.0,,0.0
1785314923.519992,08:00:27:5a:87:bc,0,0,,,0,0.0,0,0.0,0.0,,0.0
1785314923.519992,08:00:27:8a:0d:75,0,0,,,0,0.0,0,0.0,0.0,,0.0
1785314923.519992,08:00:27:a5:9e:2d,0,0,,,0,0.0,0,0.0,0.0,,0.0
1785314928.519992,08:00:27:5a:87:bc,0,0,,,0,0.0,0,0.0,0.0,,0.0
1785314928.519992,08:00:27:8a:0d:75,0,0,,,0,0.0,0,0.0,0.0,,0.0
1785314928.519992,08:00:27:a5:9e:2d,0,0,,,0,0.0,0,0.0,0.0,,0.0
1785314933.519992,08:00:27:5a:87:bc,0,0,,,0,0.0,0,0.0,0.0,,0.0
1785314933.519992,08:00:27:8a:0d:75,0,0,,,0,0.0,0,0.0,0.0,,0.0
1785314933.519992,08:00:27:a5:9e:2d,0,0,,,0,0.0,0,0.0,0.0,,0.0
1785314938.519992,08:00:27:5a:87:bc,0,0,,,0,0.0,0,0.0,0.0,,0.0
1785314938.519992,08:00:27:8a:0d:75,0,0,,,0,0.0,0,0.0,0.0,,0.0
1785314938.519992,08:00:27:a5:9e:2d,0,0,,,0,0.0,0,0.0,0.0,,0.0
1785314943.519992,08:00:27:5a:87:bc,0,0,,,0,0.0,0,0.0,0.0,,0.0
1785314943.519992,08:00:27:8a:0d:75,0,0,,,0,0.0,0,0.0,0.0,,0.0
1785314943.519992,08:00:27:a5:9e:2d,0,0,,,0,0.0,0,0.0,0.0,,0.0
1785314948.519992,08:00:27:5a:87:bc,0,0,,,0,0.0,0,0.0,0.0,,0.0
1785314948.519992,08:00:27:8a:0d:75,0,0,,,0,0.0,0,0.0,0.0,,0.0
1785314948.519992,08:00:27:a5:9e:2d,0,0,,,0,0.0,0,0.0,0.0,,0.0
1785314953.519992,08:00:27:5a:87:bc,0,0,,,0,0.0,0,0.0,0.0,,0.0
1785314953.519992,08:00:27:8a:0d:75,0,0,,,0,0.0,0,0.0,0.0,,0.0
1785314953.519992,08:00:27:a5:9e:2d,0,0,,,0,0.0,0,0.0,0.0,,0.0
1785314958.519992,08:00:27:5a:87:bc,0,0,,,0,0.0,0,0.0,0.0,,0.0
1785314958.519992,08:00:27:8a:0d:75,0,0,,,0,0.0,0,0.0,0.0,,0.0
1785314958.519992,08:00:27:a5:9e:2d,0,0,,,0,0.0,0,0.0,0.0,,0.0
1785314963.519992,08:00:27:5a:87:bc,0,0,,,0,0.0,0,0.0,0.0,,0.0
1785314963.519992,08:00:27:8a:0d:75,0,0,,,0,0.0,0,0.0,0.0,,0.0
1785314963.519992,08:00:27:a5:9e:2d,0,0,,,0,0.0,0,0.0,0.0,,0.0
1785314968.519992,08:00:27:5a:87:bc,0,0,,,0,0.0,0,0.0,0.0,,0.0
1785314968.519992,08:00:27:8a:0d:75,0,0,,,0,0.0,0,0.0,0.0,,0.0
1785314968.519992,08:00:27:a5:9e:2d,0,0,,,0,0.0,0,0.0,0.0,,0.0
1785314973.519992,08:00:27:5a:87:bc,0,0,,,0,0.0,0,0.0,0.0,,0.0
1785314973.519992,08:00:27:8a:0d:75,0,0,,,0,0.0,0,0.0,0.0,,0.0
1785314973.519992,08:00:27:a5:9e:2d,0,0,,,0,0.0,0,0.0,0.0,,0.0
1785314978.519992,08:00:27:5a:87:bc,0,0,,,0,0.0,0,0.0,0.0,,0.0
1785314978.519992,08:00:27:8a:0d:75,0,0,,,0,0.0,0,0.0,0.0,,0.0
1785314978.519992,08:00:27:a5:9e:2d,0,0,,,0,0.0,0,0.0,0.0,,0.0
1785314983.519992,08:00:27:5a:87:bc,0,0,,,0,0.0,0,0.0,0.0,,0.0
1785314983.519992,08:00:27:8a:0d:75,0,0,,,0,0.0,0,0.0,0.0,,0.0
1785314983.519992,08:00:27:a5:9e:2d,0,0,,,0,0.0,0,0.0,0.0,,0.0
1785314988.519992,08:00:27:5a:87:bc,0,0,,,0,0.0,0,0.0,0.0,,0.0
1785314988.519992,08:00:27:8a:0d:75,0,0,,,0,0.0,0,0.0,0.0,,0.0
1785314988.519992,08:00:27:a5:9e:2d,0,0,,,0,0.0,0,0.0,0.0,,0.0
1785314993.519992,08:00:27:5a:87:bc,0,0,,,0,0.0,0,0.0,0.0,,0.0
1785314993.519992,08:00:27:8a:0d:75,0,0,,,0,0.0,0,0.0,0.0,,0.0
1785314993.519992,08:00:27:a5:9e:2d,0,0,,,0,0.0,0,0.0,0.0,,0.0
1785314998.519992,08:00:27:5a:87:bc,0,0,,,0,0.0,0,0.0,0.0,,0.0
1785314998.519992,08:00:27:8a:0d:75,0,0,,,0,0.0,0,0.0,0.0,,0.0
1785314998.519992,08:00:27:a5:9e:2d,0,0,,,0,0.0,0,0.0,0.0,,0.0
1785315003.519992,08:00:27:5a:87:bc,0,0,,,0,0.0,0,0.0,0.0,,0.0
1785315003.519992,08:00:27:8a:0d:75,0,0,,,0,0.0,0,0.0,0.0,,0.0
1785315003.519992,08:00:27:a5:9e:2d,0,0,,,0,0.0,0,0.0,0.0,,0.0
1785315008.519992,08:00:27:5a:87:bc,0,0,,,0,0.0,0,0.0,0.0,,0.0
1785315008.519992,08:00:27:8a:0d:75,0,0,,,0,0.0,0,0.0,0.0,,0.0
1785315008.519992,08:00:27:a5:9e:2d,0,0,,,0,0.0,0,0.0,0.0,,0.0
1785315013.519992,08:00:27:5a:87:bc,0,0,,,0,0.0,0,0.0,0.0,,0.0
1785315013.519992,08:00:27:8a:0d:75,0,0,,,0,0.0,0,0.0,0.0,,0.0
1785315013.519992,08:00:27:a5:9e:2d,0,0,,,0,0.0,0,0.0,0.0,,0.0
1785315018.519992,08:00:27:5a:87:bc,0,0,,,0,0.0,0,0.0,0.0,,0.0
1785315018.519992,08:00:27:8a:0d:75,0,0,,,0,0.0,0,0.0,0.0,,0.0
1785315018.519992,08:00:27:a5:9e:2d,0,0,,,0,0.0,0,0.0,0.0,,0.0
1785315023.519992,08:00:27:5a:87:bc,0,0,,,0,0.0,0,0.0,0.0,,0.0
1785315023.519992,08:00:27:8a:0d:75,0,0,,,0,0.0,0,0.0,0.0,,0.0
1785315023.519992,08:00:27:a5:9e:2d,0,0,,,0,0.0,0,0.0,0.0,,0.0
1785315028.519992,08:00:27:5a:87:bc,0,0,,,0,0.0,0,0.0,0.0,,0.0
1785315028.519992,08:00:27:8a:0d:75,0,0,,,0,0.0,0,0.0,0.0,,0.0
1785315028.519992,08:00:27:a5:9e:2d,0,0,,,0,0.0,0,0.0,0.0,,0.0
1785315033.519992,08:00:27:5a:87:bc,0,0,,,0,0.0,0,0.0,0.0,,0.0
1785315033.519992,08:00:27:8a:0d:75,0,0,,,0,0.0,0,0.0,0.0,,0.0
1785315033.519992,08:00:27:a5:9e:2d,0,0,,,0,0.0,0,0.0,0.0,,0.0
1785315038.519992,08:00:27:5a:87:bc,0,0,,,0,0.0,0,0.0,0.0,,0.0
1785315038.519992,08:00:27:8a:0d:75,0,0,,,0,0.0,0,0.0,0.0,,0.0
1785315038.519992,08:00:27:a5:9e:2d,0,0,,,0,0.0,0,0.0,0.0,,0.0
1785315043.519992,08:00:27:5a:87:bc,0,0,,,0,0.0,0,0.0,0.0,,0.0
1785315043.519992,08:00:27:8a:0d:75,0,0,,,0,0.0,0,0.0,0.0,,0.0
1785315043.519992,08:00:27:a5:9e:2d,0,0,,,0,0.0,0,0.0,0.0,,0.0
1785315048.519992,08:00:27:5a:87:bc,0,0,,,0,0.0,0,0.0,0.0,,0.0
1785315048.519992,08:00:27:8a:0d:75,0,0,,,0,0.0,0,0.0,0.0,,0.0
1785315048.519992,08:00:27:a5:9e:2d,0,0,,,0,0.0,0,0.0,0.0,,0.0
1785315053.519992,08:00:27:5a:87:bc,0,0,,,0,0.0,0,0.0,0.0,,0.0
1785315053.519992,08:00:27:8a:0d:75,0,0,,,0,0.0,0,0.0,0.0,,0.0
1785315053.519992,08:00:27:a5:9e:2d,0,0,,,0,0.0,0,0.0,0.0,,0.0
1785315058.519992,08:00:27:5a:87:bc,0,0,,,0,0.0,0,0.0,0.0,,0.0
1785315058.519992,08:00:27:8a:0d:75,0,0,,,0,0.0,0,0.0,0.0,,0.0
1785315058.519992,08:00:27:a5:9e:2d,0,0,,,0,0.0,0,0.0,0.0,,0.0
1785315063.519992,08:00:27:5a:87:bc,0,0,,,0,0.0,0,0.0,0.0,,0.0
1785315063.519992,08:00:27:8a:0d:75,0,0,,,0,0.0,0,0.0,0.0,,0.0
1785315063.519992,08:00:27:a5:9e:2d,0,0,,,0,0.0,0,0.0,0.0,,0.0
1785315068.519992,08:00:27:5a:87:bc,0,0,,,0,0.0,0,0.0,0.0,,0.0
1785315068.519992,08:00:27:8a:0d:75,0,0,,,0,0.0,0,0.0,0.0,,0.0
1785315068.519992,08:00:27:a5:9e:2d,0,0,,,0,0.0,0,0.0,0.0,,0.0
1785315073.519992,08:00:27:5a:87:bc,0,0,,,0,0.0,0,0.0,0.0,,0.0
1785315073.519992,08:00:27:8a:0d:75,0,0,,,0,0.0,0,0.0,0.0,,0.0
1785315073.519992,08:00:27:a5:9e:2d,0,0,,,0,0.0,0,0.0,0.0,,0.0
1785315078.519992,08:00:27:5a:87:bc,0,0,,,0,0.0,0,0.0,0.0,,0.0
1785315078.519992,08:00:27:8a:0d:75,0,0,,,0,0.0,0,0.0,0.0,,0.0
1785315078.519992,08:00:27:a5:9e:2d,0,0,,,0,0.0,0,0.0,0.0,,0.0
1785315083.519992,08:00:27:5a:87:bc,0,0,,,0,0.0,0,0.0,0.0,,0.0
1785315083.519992,08:00:27:8a:0d:75,0,0,,,0,0.0,0,0.0,0.0,,0.0
1785315083.519992,08:00:27:a5:9e:2d,0,0,,,0,0.0,0,0.0,0.0,,0.0
1785315088.519992,08:00:27:5a:87:bc,0,0,,,0,0.0,0,0.0,0.0,,0.0
1785315088.519992,08:00:27:8a:0d:75,0,0,,,0,0.0,0,0.0,0.0,,0.0
1785315088.519992,08:00:27:a5:9e:2d,0,0,,,0,0.0,0,0.0,0.0,,0.0
1785315093.519992,08:00:27:5a:87:bc,0,0,,,0,0.0,0,0.0,0.0,,0.0
1785315093.519992,08:00:27:8a:0d:75,0,0,,,0,0.0,0,0.0,0.0,,0.0
1785315093.519992,08:00:27:a5:9e:2d,0,0,,,0,0.0,0,0.0,0.0,,0.0
1785315098.519992,08:00:27:5a:87:bc,0,0,,,0,0.0,0,0.0,0.0,,0.0
1785315098.519992,08:00:27:8a:0d:75,0,0,,,0,0.0,0,0.0,0.0,,0.0
1785315098.519992,08:00:27:a5:9e:2d,0,0,,,0,0.0,0,0.0,0.0,,0.0
1785315103.519992,08:00:27:5a:87:bc,0,0,,,0,0.0,0,0.0,0.0,,0.0
1785315103.519992,08:00:27:8a:0d:75,0,0,,,0,0.0,0,0.0,0.0,,0.0
1785315103.519992,08:00:27:a5:9e:2d,0,0,,,0,0.0,0,0.0,0.0,,0.0
1785315108.519992,08:00:27:5a:87:bc,0,0,,,0,0.0,0,0.0,0.0,,0.0
1785315108.519992,08:00:27:8a:0d:75,0,0,,,0,0.0,0,0.0,0.0,,0.0
1785315108.519992,08:00:27:a5:9e:2d,0,0,,,0,0.0,0,0.0,0.0,,0.0
1785315113.519992,08:00:27:5a:87:bc,0,0,,,0,0.0,0,0.0,0.0,,0.0
1785315113.519992,08:00:27:8a:0d:75,0,0,,,0,0.0,0,0.0,0.0,,0.0
1785315113.519992,08:00:27:a5:9e:2d,0,0,,,0,0.0,0,0.0,0.0,,0.0
1785315118.519992,08:00:27:5a:87:bc,0,0,,,0,0.0,0,0.0,0.0,,0.0
1785315118.519992,08:00:27:8a:0d:75,0,0,,,0,0.0,0,0.0,0.0,,0.0
1785315118.519992,08:00:27:a5:9e:2d,0,0,,,0,0.0,0,0.0,0.0,,0.0
1785315123.519992,08:00:27:5a:87:bc,0,0,,,0,0.0,0,0.0,0.0,,0.0
1785315123.519992,08:00:27:8a:0d:75,0,0,,,0,0.0,0,0.0,0.0,,0.0
1785315123.519992,08:00:27:a5:9e:2d,0,0,,,0,0.0,0,0.0,0.0,,0.0
1785315128.519992,08:00:27:5a:87:bc,0,0,,,0,0.0,0,0.0,0.0,,0.0
1785315128.519992,08:00:27:8a:0d:75,0,0,,,0,0.0,0,0.0,0.0,,0.0
1785315128.519992,08:00:27:a5:9e:2d,0,0,,,0,0.0,0,0.0,0.0,,0.0
1785315133.519992,08:00:27:5a:87:bc,0,0,,,0,0.0,0,0.0,0.0,,0.0
1785315133.519992,08:00:27:8a:0d:75,0,0,,,0,0.0,0,0.0,0.0,,0.0
1785315133.519992,08:00:27:a5:9e:2d,0,0,,,0,0.0,0,0.0,0.0,,0.0
1785315138.519992,08:00:27:5a:87:bc,0,0,,,0,0.0,0,0.0,0.0,,0.0
1785315138.519992,08:00:27:8a:0d:75,0,0,,,0,0.0,0,0.0,0.0,,0.0
1785315138.519992,08:00:27:a5:9e:2d,0,0,,,0,0.0,0,0.0,0.0,,0.0
1785315143.519992,08:00:27:5a:87:bc,0,0,,,0,0.0,0,0.0,0.0,,0.0
1785315143.519992,08:00:27:8a:0d:75,0,0,,,0,0.0,0,0.0,0.0,,0.0
1785315143.519992,08:00:27:a5:9e:2d,0,0,,,0,0.0,0,0.0,0.0,,0.0
1785315148.519992,08:00:27:5a:87:bc,0,0,,,0,0.0,0,0.0,0.0,,0.0
1785315148.519992,08:00:27:8a:0d:75,0,0,,,0,0.0,0,0.0,0.0,,0.0
1785315148.519992,08:00:27:a5:9e:2d,0,0,,,0,0.0,0,0.0,0.0,,0.0
1785315153.519992,08:00:27:5a:87:bc,0,0,,,0,0.0,0,0.0,0.0,,0.0
1785315153.519992,08:00:27:8a:0d:75,0,0,,,0,0.0,0,0.0,0.0,,0.0
1785315153.519992,08:00:27:a5:9e:2d,0,0,,,0,0.0,0,0.0,0.0,,0.0
1785315158.519992,08:00:27:5a:87:bc,0,0,,,0,0.0,0,0.0,0.0,,0.0
1785315158.519992,08:00:27:8a:0d:75,0,0,,,0,0.0,0,0.0,0.0,,0.0
1785315158.519992,08:00:27:a5:9e:2d,0,0,,,0,0.0,0,0.0,0.0,,0.0
1785315163.519992,08:00:27:5a:87:bc,0,0,,,0,0.0,0,0.0,0.0,,0.0
1785315163.519992,08:00:27:8a:0d:75,0,0,,,0,0.0,0,0.0,0.0,,0.0
1785315163.519992,08:00:27:a5:9e:2d,0,0,,,0,0.0,0,0.0,0.0,,0.0
1785315168.519992,08:00:27:5a:87:bc,0,0,,,0,0.0,0,0.0,0.0,,0.0
1785315168.519992,08:00:27:8a:0d:75,0,0,,,0,0.0,0,0.0,0.0,,0.0
1785315168.519992,08:00:27:a5:9e:2d,0,0,,,0,0.0,0,0.0,0.0,,0.0
1785315173.519992,08:00:27:5a:87:bc,0,0,,,0,0.0,0,0.0,0.0,,0.0
1785315173.519992,08:00:27:8a:0d:75,0,0,,,0,0.0,0,0.0,0.0,,0.0
1785315173.519992,08:00:27:a5:9e:2d,0,0,,,0,0.0,0,0.0,0.0,,0.0
1785315178.519992,08:00:27:5a:87:bc,0,0,,,0,0.0,0,0.0,0.0,,0.0
1785315178.519992,08:00:27:8a:0d:75,0,0,,,0,0.0,0,0.0,0.0,,0.0
1785315178.519992,08:00:27:a5:9e:2d,0,0,,,0,0.0,0,0.0,0.0,,0.0
1785315183.519992,08:00:27:5a:87:bc,0,0,,,0,0.0,0,0.0,0.0,,0.0
1785315183.519992,08:00:27:8a:0d:75,0,0,,,0,0.0,0,0.0,0.0,,0.0
1785315183.519992,08:00:27:a5:9e:2d,0,0,,,0,0.0,0,0.0,0.0,,0.0
1785315188.519992,08:00:27:5a:87:bc,0,0,,,0,0.0,0,0.0,0.0,,0.0
1785315188.519992,08:00:27:8a:0d:75,0,0,,,0,0.0,0,0.0,0.0,,0.0
1785315188.519992,08:00:27:a5:9e:2d,0,0,,,0,0.0,0,0.0,0.0,,0.0
1785315193.519992,08:00:27:5a:87:bc,0,0,,,0,0.0,0,0.0,0.0,,0.0
1785315193.519992,08:00:27:8a:0d:75,0,0,,,0,0.0,0,0.0,0.0,,0.0
1785315193.519992,08:00:27:a5:9e:2d,0,0,,,0,0.0,0,0.0,0.0,,0.0
1785315198.519992,08:00:27:5a:87:bc,0,0,,,0,0.0,0,0.0,0.0,,0.0
1785315198.519992,08:00:27:8a:0d:75,0,0,,,0,0.0,0,0.0,0.0,,0.0
1785315198.519992,08:00:27:a5:9e:2d,0,0,,,0,0.0,0,0.0,0.0,,0.0
1785315203.519992,08:00:27:5a:87:bc,0,0,,,0,0.0,0,0.0,0.0,,0.0
1785315203.519992,08:00:27:8a:0d:75,0,0,,,0,0.0,0,0.0,0.0,,0.0
1785315203.519992,08:00:27:a5:9e:2d,0,0,,,0,0.0,0,0.0,0.0,,0.0
1785315208.519992,08:00:27:5a:87:bc,0,0,,,0,0.0,0,0.0,0.0,,0.0
1785315208.519992,08:00:27:8a:0d:75,0,0,,,0,0.0,0,0.0,0.0,,0.0
1785315208.519992,08:00:27:a5:9e:2d,0,0,,,0,0.0,0,0.0,0.0,,0.0
1785315213.519992,08:00:27:5a:87:bc,0,0,,,0,0.0,0,0.0,0.0,,0.0
1785315213.519992,08:00:27:8a:0d:75,0,0,,,0,0.0,0,0.0,0.0,,0.0
1785315213.519992,08:00:27:a5:9e:2d,0,0,,,0,0.0,0,0.0,0.0,,0.0
1785315218.519992,08:00:27:5a:87:bc,0,0,,,0,0.0,0,0.0,0.0,,0.0
1785315218.519992,08:00:27:8a:0d:75,0,0,,,0,0.0,0,0.0,0.0,,0.0
1785315218.519992,08:00:27:a5:9e:2d,0,0,,,0,0.0,0,0.0,0.0,,0.0
1785315223.519992,08:00:27:5a:87:bc,0,0,,,0,0.0,0,0.0,0.0,,0.0
1785315223.519992,08:00:27:8a:0d:75,0,0,,,0,0.0,0,0.0,0.0,,0.0
1785315223.519992,08:00:27:a5:9e:2d,0,0,,,0,0.0,0,0.0,0.0,,0.0
1785315228.519992,08:00:27:5a:87:bc,0,0,,,0,0.0,0,0.0,0.0,,0.0
1785315228.519992,08:00:27:8a:0d:75,0,0,,,0,0.0,0,0.0,0.0,,0.0
1785315228.519992,08:00:27:a5:9e:2d,0,0,,,0,0.0,0,0.0,0.0,,0.0
1785315233.519992,08:00:27:5a:87:bc,0,0,,,0,0.0,0,0.0,0.0,,0.0
1785315233.519992,08:00:27:8a:0d:75,0,0,,,0,0.0,0,0.0,0.0,,0.0
1785315233.519992,08:00:27:a5:9e:2d,0,0,,,0,0.0,0,0.0,0.0,,0.0
1785315238.519992,08:00:27:5a:87:bc,0,0,,,0,0.0,0,0.0,0.0,,0.0
1785315238.519992,08:00:27:8a:0d:75,0,0,,,0,0.0,0,0.0,0.0,,0.0
1785315238.519992,08:00:27:a5:9e:2d,0,0,,,0,0.0,0,0.0,0.0,,0.0
1785315243.519992,08:00:27:5a:87:bc,0,0,,,0,0.0,0,0.0,0.0,,0.0
1785315243.519992,08:00:27:8a:0d:75,0,0,,,0,0.0,0,0.0,0.0,,0.0
1785315243.519992,08:00:27:a5:9e:2d,0,0,,,0,0.0,0,0.0,0.0,,0.0
1785315248.519992,08:00:27:5a:87:bc,0,0,,,0,0.0,0,0.0,0.0,,0.0
1785315248.519992,08:00:27:8a:0d:75,0,0,,,0,0.0,0,0.0,0.0,,0.0
1785315248.519992,08:00:27:a5:9e:2d,0,0,,,0,0.0,0,0.0,0.0,,0.0
1785315253.519992,08:00:27:5a:87:bc,0,0,,,0,0.0,0,0.0,0.0,,0.0
1785315253.519992,08:00:27:8a:0d:75,0,0,,,0,0.0,0,0.0,0.0,,0.0
1785315253.519992,08:00:27:a5:9e:2d,0,0,,,0,0.0,0,0.0,0.0,,0.0
1785315258.519992,08:00:27:5a:87:bc,0,0,,,0,0.0,0,0.0,0.0,,0.0
1785315258.519992,08:00:27:8a:0d:75,0,0,,,0,0.0,0,0.0,0.0,,0.0
1785315258.519992,08:00:27:a5:9e:2d,0,0,,,0,0.0,0,0.0,0.0,,0.0
1785315263.519992,08:00:27:5a:87:bc,0,0,,,0,0.0,0,0.0,0.0,,0.0
1785315263.519992,08:00:27:8a:0d:75,0,0,,,0,0.0,0,0.0,0.0,,0.0
1785315263.519992,08:00:27:a5:9e:2d,0,0,,,0,0.0,0,0.0,0.0,,0.0
1785315268.519992,08:00:27:5a:87:bc,0,0,,,0,0.0,0,0.0,0.0,,0.0
1785315268.519992,08:00:27:8a:0d:75,0,0,,,0,0.0,0,0.0,0.0,,0.0
1785315268.519992,08:00:27:a5:9e:2d,0,0,,,0,0.0,0,0.0,0.0,,0.0
1785315273.519992,08:00:27:5a:87:bc,0,0,,,0,0.0,0,0.0,0.0,,0.0
1785315273.519992,08:00:27:8a:0d:75,0,0,,,0,0.0,0,0.0,0.0,,0.0
1785315273.519992,08:00:27:a5:9e:2d,0,0,,,0,0.0,0,0.0,0.0,,0.0
1785315278.519992,08:00:27:5a:87:bc,0,0,,,0,0.0,0,0.0,0.0,,0.0
1785315278.519992,08:00:27:8a:0d:75,0,0,,,0,0.0,0,0.0,0.0,,0.0
1785315278.519992,08:00:27:a5:9e:2d,0,0,,,0,0.0,0,0.0,0.0,,0.0
1785315283.519992,08:00:27:5a:87:bc,0,0,,,0,0.0,0,0.0,0.0,,0.0
1785315283.519992,08:00:27:8a:0d:75,0,0,,,0,0.0,0,0.0,0.0,,0.0
1785315283.519992,08:00:27:a5:9e:2d,0,0,,,0,0.0,0,0.0,0.0,,0.0
1785315288.519992,08:00:27:5a:87:bc,0,0,,,0,0.0,0,0.0,0.0,,0.0
1785315288.519992,08:00:27:8a:0d:75,0,0,,,0,0.0,0,0.0,0.0,,0.0
1785315288.519992,08:00:27:a5:9e:2d,0,0,,,0,0.0,0,0.0,0.0,,0.0
1785315293.519992,08:00:27:5a:87:bc,0,0,,,0,0.0,0,0.0,0.0,,0.0
1785315293.519992,08:00:27:8a:0d:75,0,0,,,0,0.0,0,0.0,0.0,,0.0
1785315293.519992,08:00:27:a5:9e:2d,0,0,,,0,0.0,0,0.0,0.0,,0.0
1785315298.519992,08:00:27:5a:87:bc,0,0,,,0,0.0,0,0.0,0.0,,0.0
1785315298.519992,08:00:27:8a:0d:75,0,0,,,0,0.0,0,0.0,0.0,,0.0
1785315298.519992,08:00:27:a5:9e:2d,0,0,,,0,0.0,0,0.0,0.0,,0.0
1785315303.519992,08:00:27:5a:87:bc,0,0,,,0,0.0,0,0.0,0.0,,0.0
1785315303.519992,08:00:27:8a:0d:75,0,0,,,0,0.0,0,0.0,0.0,,0.0
1785315303.519992,08:00:27:a5:9e:2d,0,0,,,0,0.0,0,0.0,0.0,,0.0
1785315308.519992,08:00:27:5a:87:bc,0,0,,,0,0.0,0,0.0,0.0,,0.0
1785315308.519992,08:00:27:8a:0d:75,0,0,,,0,0.0,0,0.0,0.0,,0.0
1785315308.519992,08:00:27:a5:9e:2d,0,0,,,0,0.0,0,0.0,0.0,,0.0
1785315313.519992,08:00:27:5a:87:bc,0,0,,,0,0.0,0,0.0,0.0,,0.0
1785315313.519992,08:00:27:8a:0d:75,0,0,,,0,0.0,0,0.0,0.0,,0.0
1785315313.519992,08:00:27:a5:9e:2d,0,0,,,0,0.0,0,0.0,0.0,,0.0
1785315318.519992,08:00:27:5a:87:bc,0,0,,,0,0.0,0,0.0,0.0,,0.0
1785315318.519992,08:00:27:8a:0d:75,0,0,,,0,0.0,0,0.0,0.0,,0.0
1785315318.519992,08:00:27:a5:9e:2d,0,0,,,0,0.0,0,0.0,0.0,,0.0
1785315323.519992,08:00:27:5a:87:bc,0,0,,,0,0.0,0,0.0,0.0,,0.0
1785315323.519992,08:00:27:8a:0d:75,0,0,,,0,0.0,0,0.0,0.0,,0.0
1785315323.519992,08:00:27:a5:9e:2d,0,0,,,0,0.0,0,0.0,0.0,,0.0
1785315328.519992,08:00:27:5a:87:bc,0,0,,,0,0.0,0,0.0,0.0,,0.0
1785315328.519992,08:00:27:8a:0d:75,0,0,,,0,0.0,0,0.0,0.0,,0.0
1785315328.519992,08:00:27:a5:9e:2d,0,0,,,0,0.0,0,0.0,0.0,,0.0
1785315333.519992,08:00:27:5a:87:bc,0,0,,,0,0.0,0,0.0,0.0,,0.0
1785315333.519992,08:00:27:8a:0d:75,0,0,,,0,0.0,0,0.0,0.0,,0.0
1785315333.519992,08:00:27:a5:9e:2d,0,0,,,0,0.0,0,0.0,0.0,,0.0
1785315338.519992,08:00:27:5a:87:bc,0,0,,,0,0.0,0,0.0,0.0,,0.0
1785315338.519992,08:00:27:8a:0d:75,0,0,,,0,0.0,0,0.0,0.0,,0.0
1785315338.519992,08:00:27:a5:9e:2d,0,0,,,0,0.0,0,0.0,0.0,,0.0
1785315343.519992,08:00:27:5a:87:bc,0,0,,,0,0.0,0,0.0,0.0,,0.0
1785315343.519992,08:00:27:8a:0d:75,0,0,,,0,0.0,0,0.0,0.0,,0.0
1785315343.519992,08:00:27:a5:9e:2d,0,0,,,0,0.0,0,0.0,0.0,,0.0
1785315348.519992,08:00:27:5a:87:bc,0,0,,,0,0.0,0,0.0,0.0,,0.0
1785315348.519992,08:00:27:8a:0d:75,0,0,,,0,0.0,0,0.0,0.0,,0.0
1785315348.519992,08:00:27:a5:9e:2d,0,0,,,0,0.0,0,0.0,0.0,,0.0
1785315353.519992,08:00:27:5a:87:bc,0,0,,,0,0.0,0,0.0,0.0,,0.0
1785315353.519992,08:00:27:8a:0d:75,0,0,,,0,0.0,0,0.0,0.0,,0.0
1785315353.519992,08:00:27:a5:9e:2d,0,0,,,0,0.0,0,0.0,0.0,,0.0
1785315358.519992,08:00:27:5a:87:bc,0,0,,,0,0.0,0,0.0,0.0,,0.0
1785315358.519992,08:00:27:8a:0d:75,0,0,,,0,0.0,0,0.0,0.0,,0.0
1785315358.519992,08:00:27:a5:9e:2d,0,0,,,0,0.0,0,0.0,0.0,,0.0
1785315363.519992,08:00:27:5a:87:bc,0,0,,,0,0.0,0,0.0,0.0,,0.0
1785315363.519992,08:00:27:8a:0d:75,0,0,,,0,0.0,0,0.0,0.0,,0.0
1785315363.519992,08:00:27:a5:9e:2d,0,0,,,0,0.0,0,0.0,0.0,,0.0
1785315368.519992,08:00:27:5a:87:bc,0,0,,,0,0.0,0,0.0,0.0,,0.0
1785315368.519992,08:00:27:8a:0d:75,0,0,,,0,0.0,0,0.0,0.0,,0.0
1785315368.519992,08:00:27:a5:9e:2d,0,0,,,0,0.0,0,0.0,0.0,,0.0
1785315373.519992,08:00:27:5a:87:bc,0,0,,,0,0.0,0,0.0,0.0,,0.0
1785315373.519992,08:00:27:8a:0d:75,0,0,,,0,0.0,0,0.0,0.0,,0.0
1785315373.519992,08:00:27:a5:9e:2d,0,0,,,0,0.0,0,0.0,0.0,,0.0
1785315378.519992,08:00:27:5a:87:bc,0,0,,,0,0.0,0,0.0,0.0,,0.0
1785315378.519992,08:00:27:8a:0d:75,0,0,,,0,0.0,0,0.0,0.0,,0.0
1785315378.519992,08:00:27:a5:9e:2d,0,0,,,0,0.0,0,0.0,0.0,,0.0
1785315383.519992,08:00:27:5a:87:bc,0,0,,,0,0.0,0,0.0,0.0,,0.0
1785315383.519992,08:00:27:8a:0d:75,0,0,,,0,0.0,0,0.0,0.0,,0.0
1785315383.519992,08:00:27:a5:9e:2d,0,0,,,0,0.0,0,0.0,0.0,,0.0
1785315388.519992,08:00:27:5a:87:bc,0,0,,,0,0.0,0,0.0,0.0,,0.0
1785315388.519992,08:00:27:8a:0d:75,0,0,,,0,0.0,0,0.0,0.0,,0.0
1785315388.519992,08:00:27:a5:9e:2d,0,0,,,0,0.0,0,0.0,0.0,,0.0
1785315393.519992,08:00:27:5a:87:bc,0,0,,,0,0.0,0,0.0,0.0,,0.0
1785315393.519992,08:00:27:8a:0d:75,0,0,,,0,0.0,0,0.0,0.0,,0.0
1785315393.519992,08:00:27:a5:9e:2d,0,0,,,0,0.0,0,0.0,0.0,,0.0
1785315398.519992,08:00:27:5a:87:bc,0,0,,,0,0.0,0,0.0,0.0,,0.0
1785315398.519992,08:00:27:8a:0d:75,0,0,,,0,0.0,0,0.0,0.0,,0.0
1785315398.519992,08:00:27:a5:9e:2d,0,0,,,0,0.0,0,0.0,0.0,,0.0
1785315403.519992,08:00:27:5a:87:bc,0,0,,,0,0.0,0,0.0,0.0,,0.0
1785315403.519992,08:00:27:8a:0d:75,0,0,,,0,0.0,0,0.0,0.0,,0.0
1785315403.519992,08:00:27:a5:9e:2d,0,0,,,0,0.0,0,0.0,0.0,,0.0
1785315408.519992,08:00:27:5a:87:bc,0,0,,,0,0.0,0,0.0,0.0,,0.0
1785315408.519992,08:00:27:8a:0d:75,0,0,,,0,0.0,0,0.0,0.0,,0.0
1785315408.519992,08:00:27:a5:9e:2d,0,0,,,0,0.0,0,0.0,0.0,,0.0
1785315413.519992,08:00:27:5a:87:bc,0,0,,,0,0.0,0,0.0,0.0,,0.0
1785315413.519992,08:00:27:8a:0d:75,0,0,,,0,0.0,0,0.0,0.0,,0.0
1785315413.519992,08:00:27:a5:9e:2d,0,0,,,0,0.0,0,0.0,0.0,,0.0
1785315418.519992,08:00:27:5a:87:bc,0,0,,,0,0.0,0,0.0,0.0,,0.0
1785315418.519992,08:00:27:8a:0d:75,0,0,,,0,0.0,0,0.0,0.0,,0.0
1785315418.519992,08:00:27:a5:9e:2d,0,0,,,0,0.0,0,0.0,0.0,,0.0
1785315423.519992,08:00:27:5a:87:bc,0,0,,,0,0.0,0,0.0,0.0,,0.0
1785315423.519992,08:00:27:8a:0d:75,0,0,,,0,0.0,0,0.0,0.0,,0.0
1785315423.519992,08:00:27:a5:9e:2d,0,0,,,0,0.0,0,0.0,0.0,,0.0
1785315428.519992,08:00:27:5a:87:bc,0,0,,,0,0.0,0,0.0,0.0,,0.0
1785315428.519992,08:00:27:8a:0d:75,0,0,,,0,0.0,0,0.0,0.0,,0.0
1785315428.519992,08:00:27:a5:9e:2d,0,0,,,0,0.0,0,0.0,0.0,,0.0
1785315433.519992,08:00:27:5a:87:bc,0,0,,,0,0.0,0,0.0,0.0,,0.0
1785315433.519992,08:00:27:8a:0d:75,0,0,,,0,0.0,0,0.0,0.0,,0.0
1785315433.519992,08:00:27:a5:9e:2d,0,0,,,0,0.0,0,0.0,0.0,,0.0
1785315438.519992,08:00:27:5a:87:bc,0,0,,,0,0.0,0,0.0,0.0,,0.0
1785315438.519992,08:00:27:8a:0d:75,0,0,,,0,0.0,0,0.0,0.0,,0.0
1785315438.519992,08:00:27:a5:9e:2d,0,0,,,0,0.0,0,0.0,0.0,,0.0
1785315443.519992,08:00:27:5a:87:bc,0,0,,,0,0.0,0,0.0,0.0,,0.0
1785315443.519992,08:00:27:8a:0d:75,0,0,,,0,0.0,0,0.0,0.0,,0.0
1785315443.519992,08:00:27:a5:9e:2d,0,0,,,0,0.0,0,0.0,0.0,,0.0
1785315448.519992,08:00:27:5a:87:bc,0,0,,,0,0.0,0,0.0,0.0,,0.0
1785315448.519992,08:00:27:8a:0d:75,0,0,,,0,0.0,0,0.0,0.0,,0.0
1785315448.519992,08:00:27:a5:9e:2d,0,0,,,0,0.0,0,0.0,0.0,,0.0
1785315453.519992,08:00:27:5a:87:bc,0,0,,,0,0.0,0,0.0,0.0,,0.0
1785315453.519992,08:00:27:8a:0d:75,0,0,,,0,0.0,0,0.0,0.0,,0.0
1785315453.519992,08:00:27:a5:9e:2d,0,0,,,0,0.0,0,0.0,0.0,,0.0
1785315458.519992,08:00:27:5a:87:bc,0,0,,,0,0.0,0,0.0,0.0,,0.0
1785315458.519992,08:00:27:8a:0d:75,0,0,,,0,0.0,0,0.0,0.0,,0.0
1785315458.519992,08:00:27:a5:9e:2d,0,0,,,0,0.0,0,0.0,0.0,,0.0
1785315463.519992,08:00:27:5a:87:bc,0,0,,,0,0.0,0,0.0,0.0,,0.0
1785315463.519992,08:00:27:8a:0d:75,0,0,,,0,0.0,0,0.0,0.0,,0.0
1785315463.519992,08:00:27:a5:9e:2d,0,0,,,0,0.0,0,0.0,0.0,,0.0
1785315468.519992,08:00:27:5a:87:bc,0,0,,,0,0.0,0,0.0,0.0,,0.0
1785315468.519992,08:00:27:8a:0d:75,0,0,,,0,0.0,0,0.0,0.0,,0.0
1785315468.519992,08:00:27:a5:9e:2d,0,0,,,0,0.0,0,0.0,0.0,,0.0
1785315473.519992,08:00:27:5a:87:bc,0,0,,,0,0.0,0,0.0,0.0,,0.0
1785315473.519992,08:00:27:8a:0d:75,0,0,,,0,0.0,0,0.0,0.0,,0.0
1785315473.519992,08:00:27:a5:9e:2d,0,0,,,0,0.0,0,0.0,0.0,,0.0
1785315478.519992,08:00:27:5a:87:bc,0,0,,,0,0.0,0,0.0,0.0,,0.0
1785315478.519992,08:00:27:8a:0d:75,0,0,,,0,0.0,0,0.0,0.0,,0.0
1785315478.519992,08:00:27:a5:9e:2d,0,0,,,0,0.0,0,0.0,0.0,,0.0
1785315483.519992,08:00:27:5a:87:bc,0,0,,,0,0.0,0,0.0,0.0,,0.0
1785315483.519992,08:00:27:8a:0d:75,0,0,,,0,0.0,0,0.0,0.0,,0.0
1785315483.519992,08:00:27:a5:9e:2d,0,0,,,0,0.0,0,0.0,0.0,,0.0
1785315488.519992,08:00:27:5a:87:bc,0,0,,,0,0.0,0,0.0,0.0,,0.0
1785315488.519992,08:00:27:8a:0d:75,0,0,,,0,0.0,0,0.0,0.0,,0.0
1785315488.519992,08:00:27:a5:9e:2d,0,0,,,0,0.0,0,0.0,0.0,,0.0
1785315493.519992,08:00:27:5a:87:bc,0,0,,,0,0.0,0,0.0,0.0,,0.0
1785315493.519992,08:00:27:8a:0d:75,0,0,,,0,0.0,0,0.0,0.0,,0.0
1785315493.519992,08:00:27:a5:9e:2d,0,0,,,0,0.0,0,0.0,0.0,,0.0
1785315498.519992,08:00:27:5a:87:bc,0,0,,,0,0.0,0,0.0,0.0,,0.0
1785315498.519992,08:00:27:8a:0d:75,0,0,,,0,0.0,0,0.0,0.0,,0.0
1785315498.519992,08:00:27:a5:9e:2d,0,0,,,0,0.0,0,0.0,0.0,,0.0
1785315503.519992,08:00:27:5a:87:bc,0,0,,,0,0.0,0,0.0,0.0,,0.0
1785315503.519992,08:00:27:8a:0d:75,0,0,,,0,0.0,0,0.0,0.0,,0.0
1785315503.519992,08:00:27:a5:9e:2d,0,0,,,0,0.0,0,0.0,0.0,,0.0
1785315508.519992,08:00:27:5a:87:bc,0,0,,,0,0.0,0,0.0,0.0,,0.0
1785315508.519992,08:00:27:8a:0d:75,0,0,,,0,0.0,0,0.0,0.0,,0.0
1785315508.519992,08:00:27:a5:9e:2d,0,0,,,0,0.0,0,0.0,0.0,,0.0
1785315513.519992,08:00:27:5a:87:bc,0,0,,,0,0.0,0,0.0,0.0,,0.0
1785315513.519992,08:00:27:8a:0d:75,0,0,,,0,0.0,0,0.0,0.0,,0.0
1785315513.519992,08:00:27:a5:9e:2d,0,0,,,0,0.0,0,0.0,0.0,,0.0
1785315518.519992,08:00:27:5a:87:bc,0,0,,,0,0.0,0,0.0,0.0,,0.0
1785315518.519992,08:00:27:8a:0d:75,0,0,,,0,0.0,0,0.0,0.0,,0.0
1785315518.519992,08:00:27:a5:9e:2d,0,0,,,0,0.0,0,0.0,0.0,,0.0
1785315523.519992,08:00:27:5a:87:bc,0,0,,,0,0.0,0,0.0,0.0,,0.0
1785315523.519992,08:00:27:8a:0d:75,0,0,,,0,0.0,0,0.0,0.0,,0.0
1785315523.519992,08:00:27:a5:9e:2d,0,0,,,0,0.0,0,0.0,0.0,,0.0
1785315528.519992,08:00:27:5a:87:bc,0,0,,,0,0.0,0,0.0,0.0,,0.0
1785315528.519992,08:00:27:8a:0d:75,0,0,,,0,0.0,0,0.0,0.0,,0.0
1785315528.519992,08:00:27:a5:9e:2d,0,0,,,0,0.0,0,0.0,0.0,,0.0
1785315533.519992,08:00:27:5a:87:bc,0,0,,,0,0.0,0,0.0,0.0,,0.0
1785315533.519992,08:00:27:8a:0d:75,0,0,,,0,0.0,0,0.0,0.0,,0.0
1785315533.519992,08:00:27:a5:9e:2d,0,0,,,0,0.0,0,0.0,0.0,,0.0
1785315538.519992,08:00:27:5a:87:bc,0,0,,,0,0.0,0,0.0,0.0,,0.0
1785315538.519992,08:00:27:8a:0d:75,0,0,,,0,0.0,0,0.0,0.0,,0.0
1785315538.519992,08:00:27:a5:9e:2d,0,0,,,0,0.0,0,0.0,0.0,,0.0
1785315543.519992,08:00:27:5a:87:bc,0,0,,,0,0.0,0,0.0,0.0,,0.0
1785315543.519992,08:00:27:8a:0d:75,0,0,,,0,0.0,0,0.0,0.0,,0.0
1785315543.519992,08:00:27:a5:9e:2d,0,0,,,0,0.0,0,0.0,0.0,,0.0
1785315548.519992,08:00:27:5a:87:bc,0,0,,,0,0.0,0,0.0,0.0,,0.0
1785315548.519992,08:00:27:8a:0d:75,0,0,,,0,0.0,0,0.0,0.0,,0.0
1785315548.519992,08:00:27:a5:9e:2d,0,0,,,0,0.0,0,0.0,0.0,,0.0
1785315553.519992,08:00:27:5a:87:bc,0,0,,,0,0.0,0,0.0,0.0,,0.0
1785315553.519992,08:00:27:8a:0d:75,0,0,,,0,0.0,0,0.0,0.0,,0.0
1785315553.519992,08:00:27:a5:9e:2d,0,0,,,0,0.0,0,0.0,0.0,,0.0
1785315558.519992,08:00:27:5a:87:bc,0,0,,,0,0.0,0,0.0,0.0,,0.0
1785315558.519992,08:00:27:8a:0d:75,0,0,,,0,0.0,0,0.0,0.0,,0.0
1785315558.519992,08:00:27:a5:9e:2d,0,0,,,0,0.0,0,0.0,0.0,,0.0
1785315563.519992,08:00:27:5a:87:bc,0,0,,,0,0.0,0,0.0,0.0,,0.0
1785315563.519992,08:00:27:8a:0d:75,0,0,,,0,0.0,0,0.0,0.0,,0.0
1785315563.519992,08:00:27:a5:9e:2d,0,0,,,0,0.0,0,0.0,0.0,,0.0
1785315568.519992,08:00:27:5a:87:bc,0,0,,,0,0.0,0,0.0,0.0,,0.0
1785315568.519992,08:00:27:8a:0d:75,0,0,,,0,0.0,0,0.0,0.0,,0.0
1785315568.519992,08:00:27:a5:9e:2d,0,0,,,0,0.0,0,0.0,0.0,,0.0
1785315573.519992,08:00:27:5a:87:bc,0,0,,,0,0.0,0,0.0,0.0,,0.0
1785315573.519992,08:00:27:8a:0d:75,0,0,,,0,0.0,0,0.0,0.0,,0.0
1785315573.519992,08:00:27:a5:9e:2d,0,0,,,0,0.0,0,0.0,0.0,,0.0
1785315578.519992,08:00:27:5a:87:bc,0,0,,,0,0.0,0,0.0,0.0,,0.0
1785315578.519992,08:00:27:8a:0d:75,0,0,,,0,0.0,0,0.0,0.0,,0.0
1785315578.519992,08:00:27:a5:9e:2d,0,0,,,0,0.0,0,0.0,0.0,,0.0
1785315583.519992,08:00:27:5a:87:bc,0,0,,,0,0.0,0,0.0,0.0,,0.0
1785315583.519992,08:00:27:8a:0d:75,0,0,,,0,0.0,0,0.0,0.0,,0.0
1785315583.519992,08:00:27:a5:9e:2d,0,0,,,0,0.0,0,0.0,0.0,,0.0
1785315588.519992,08:00:27:5a:87:bc,0,0,,,0,0.0,0,0.0,0.0,,0.0
1785315588.519992,08:00:27:8a:0d:75,0,0,,,0,0.0,0,0.0,0.0,,0.0
1785315588.519992,08:00:27:a5:9e:2d,0,0,,,0,0.0,0,0.0,0.0,,0.0
1785315593.519992,08:00:27:5a:87:bc,0,0,,,0,0.0,0,0.0,0.0,,0.0
1785315593.519992,08:00:27:8a:0d:75,0,0,,,0,0.0,0,0.0,0.0,,0.0
1785315593.519992,08:00:27:a5:9e:2d,0,0,,,0,0.0,0,0.0,0.0,,0.0
1785315598.519992,08:00:27:5a:87:bc,0,0,,,0,0.0,0,0.0,0.0,,0.0
1785315598.519992,08:00:27:8a:0d:75,0,0,,,0,0.0,0,0.0,0.0,,0.0
1785315598.519992,08:00:27:a5:9e:2d,0,0,,,0,0.0,0,0.0,0.0,,0.0
1785315603.519992,08:00:27:5a:87:bc,0,0,,,0,0.0,0,0.0,0.0,,0.0
1785315603.519992,08:00:27:8a:0d:75,0,0,,,0,0.0,0,0.0,0.0,,0.0
1785315603.519992,08:00:27:a5:9e:2d,0,0,,,0,0.0,0,0.0,0.0,,0.0
1785315608.519992,08:00:27:5a:87:bc,0,0,,,0,0.0,0,0.0,0.0,,0.0
1785315608.519992,08:00:27:8a:0d:75,0,0,,,0,0.0,0,0.0,0.0,,0.0
1785315608.519992,08:00:27:a5:9e:2d,0,0,,,0,0.0,0,0.0,0.0,,0.0
1785315613.519992,08:00:27:5a:87:bc,0,0,,,0,0.0,0,0.0,0.0,,0.0
1785315613.519992,08:00:27:8a:0d:75,0,0,,,0,0.0,0,0.0,0.0,,0.0
1785315613.519992,08:00:27:a5:9e:2d,0,0,,,0,0.0,0,0.0,0.0,,0.0
1785315618.519992,08:00:27:5a:87:bc,0,0,,,0,0.0,0,0.0,0.0,,0.0
1785315618.519992,08:00:27:8a:0d:75,0,0,,,0,0.0,0,0.0,0.0,,0.0
1785315618.519992,08:00:27:a5:9e:2d,0,0,,,0,0.0,0,0.0,0.0,,0.0
1785315623.519992,08:00:27:5a:87:bc,0,0,,,0,0.0,0,0.0,0.0,,0.0
1785315623.519992,08:00:27:8a:0d:75,0,0,,,0,0.0,0,0.0,0.0,,0.0
1785315623.519992,08:00:27:a5:9e:2d,0,0,,,0,0.0,0,0.0,0.0,,0.0
1785315628.519992,08:00:27:5a:87:bc,0,0,,,0,0.0,0,0.0,0.0,,0.0
1785315628.519992,08:00:27:8a:0d:75,0,0,,,0,0.0,0,0.0,0.0,,0.0
1785315628.519992,08:00:27:a5:9e:2d,0,0,,,0,0.0,0,0.0,0.0,,0.0
1785315633.519992,08:00:27:5a:87:bc,0,0,,,0,0.0,0,0.0,0.0,,0.0
1785315633.519992,08:00:27:8a:0d:75,0,0,,,0,0.0,0,0.0,0.0,,0.0
1785315633.519992,08:00:27:a5:9e:2d,0,0,,,0,0.0,0,0.0,0.0,,0.0
1785315638.519992,08:00:27:5a:87:bc,0,0,,,0,0.0,0,0.0,0.0,,0.0
1785315638.519992,08:00:27:8a:0d:75,0,0,,,0,0.0,0,0.0,0.0,,0.0
1785315638.519992,08:00:27:a5:9e:2d,0,0,,,0,0.0,0,0.0,0.0,,0.0
1785315643.519992,08:00:27:5a:87:bc,0,0,,,0,0.0,0,0.0,0.0,,0.0
1785315643.519992,08:00:27:8a:0d:75,0,0,,,0,0.0,0,0.0,0.0,,0.0
1785315643.519992,08:00:27:a5:9e:2d,0,0,,,0,0.0,0,0.0,0.0,,0.0
1785315648.519992,08:00:27:5a:87:bc,0,0,,,0,0.0,0,0.0,0.0,,0.0
1785315648.519992,08:00:27:8a:0d:75,0,0,,,0,0.0,0,0.0,0.0,,0.0
1785315648.519992,08:00:27:a5:9e:2d,0,0,,,0,0.0,0,0.0,0.0,,0.0
1785315653.519992,08:00:27:5a:87:bc,0,0,,,0,0.0,0,0.0,0.0,,0.0
1785315653.519992,08:00:27:8a:0d:75,0,0,,,0,0.0,0,0.0,0.0,,0.0
1785315653.519992,08:00:27:a5:9e:2d,0,0,,,0,0.0,0,0.0,0.0,,0.0
1785315658.519992,08:00:27:5a:87:bc,0,0,,,0,0.0,0,0.0,0.0,,0.0
1785315658.519992,08:00:27:8a:0d:75,0,0,,,0,0.0,0,0.0,0.0,,0.0
1785315658.519992,08:00:27:a5:9e:2d,0,0,,,0,0.0,0,0.0,0.0,,0.0
1785315663.519992,08:00:27:5a:87:bc,0,0,,,0,0.0,0,0.0,0.0,,0.0
1785315663.519992,08:00:27:8a:0d:75,0,0,,,0,0.0,0,0.0,0.0,,0.0
1785315663.519992,08:00:27:a5:9e:2d,0,0,,,0,0.0,0,0.0,0.0,,0.0
1785315668.519992,08:00:27:5a:87:bc,0,0,,,0,0.0,0,0.0,0.0,,0.0
1785315668.519992,08:00:27:8a:0d:75,0,0,,,0,0.0,0,0.0,0.0,,0.0
1785315668.519992,08:00:27:a5:9e:2d,0,0,,,0,0.0,0,0.0,0.0,,0.0
1785315673.519992,08:00:27:5a:87:bc,0,0,,,0,0.0,0,0.0,0.0,,0.0
1785315673.519992,08:00:27:8a:0d:75,0,0,,,0,0.0,0,0.0,0.0,,0.0
1785315673.519992,08:00:27:a5:9e:2d,0,0,,,0,0.0,0,0.0,0.0,,0.0
1785315678.519992,08:00:27:5a:87:bc,0,0,,,0,0.0,0,0.0,0.0,,0.0
1785315678.519992,08:00:27:8a:0d:75,0,0,,,0,0.0,0,0.0,0.0,,0.0
1785315678.519992,08:00:27:a5:9e:2d,0,0,,,0,0.0,0,0.0,0.0,,0.0
1785315683.519992,08:00:27:5a:87:bc,0,0,,,0,0.0,0,0.0,0.0,,0.0
1785315683.519992,08:00:27:8a:0d:75,0,0,,,0,0.0,0,0.0,0.0,,0.0
1785315683.519992,08:00:27:a5:9e:2d,0,0,,,0,0.0,0,0.0,0.0,,0.0
1785315688.519992,08:00:27:5a:87:bc,0,0,,,0,0.0,0,0.0,0.0,,0.0
1785315688.519992,08:00:27:8a:0d:75,0,0,,,0,0.0,0,0.0,0.0,,0.0
1785315688.519992,08:00:27:a5:9e:2d,0,0,,,0,0.0,0,0.0,0.0,,0.0
1785315693.519992,08:00:27:5a:87:bc,0,0,,,0,0.0,0,0.0,0.0,,0.0
1785315693.519992,08:00:27:8a:0d:75,0,0,,,0,0.0,0,0.0,0.0,,0.0
1785315693.519992,08:00:27:a5:9e:2d,0,0,,,0,0.0,0,0.0,0.0,,0.0
1785315698.519992,08:00:27:5a:87:bc,0,0,,,0,0.0,0,0.0,0.0,,0.0
1785315698.519992,08:00:27:8a:0d:75,0,0,,,0,0.0,0,0.0,0.0,,0.0
1785315698.519992,08:00:27:a5:9e:2d,0,0,,,0,0.0,0,0.0,0.0,,0.0
1785315703.519992,08:00:27:5a:87:bc,0,0,,,0,0.0,0,0.0,0.0,,0.0
1785315703.519992,08:00:27:8a:0d:75,0,0,,,0,0.0,0,0.0,0.0,,0.0
1785315703.519992,08:00:27:a5:9e:2d,0,0,,,0,0.0,0,0.0,0.0,,0.0
1785315708.519992,08:00:27:5a:87:bc,0,0,,,0,0.0,0,0.0,0.0,,0.0
1785315708.519992,08:00:27:8a:0d:75,0,0,,,0,0.0,0,0.0,0.0,,0.0
1785315708.519992,08:00:27:a5:9e:2d,0,0,,,0,0.0,0,0.0,0.0,,0.0
1785315713.519992,08:00:27:5a:87:bc,0,0,,,0,0.0,0,0.0,0.0,,0.0
1785315713.519992,08:00:27:8a:0d:75,0,0,,,0,0.0,0,0.0,0.0,,0.0
1785315713.519992,08:00:27:a5:9e:2d,0,0,,,0,0.0,0,0.0,0.0,,0.0
1785315718.519992,08:00:27:5a:87:bc,0,0,,,0,0.0,0,0.0,0.0,,0.0
1785315718.519992,08:00:27:8a:0d:75,0,0,,,0,0.0,0,0.0,0.0,,0.0
1785315718.519992,08:00:27:a5:9e:2d,0,0,,,0,0.0,0,0.0,0.0,,0.0
1785315723.519992,08:00:27:5a:87:bc,0,0,,,0,0.0,0,0.0,0.0,,0.0
1785315723.519992,08:00:27:8a:0d:75,0,0,,,0,0.0,0,0.0,0.0,,0.0
1785315723.519992,08:00:27:a5:9e:2d,0,0,,,0,0.0,0,0.0,0.0,,0.0
1785315728.519992,08:00:27:5a:87:bc,0,0,,,0,0.0,0,0.0,0.0,,0.0
1785315728.519992,08:00:27:8a:0d:75,0,0,,,0,0.0,0,0.0,0.0,,0.0
1785315728.519992,08:00:27:a5:9e:2d,0,0,,,0,0.0,0,0.0,0.0,,0.0
1785315733.519992,08:00:27:5a:87:bc,0,0,,,0,0.0,0,0.0,0.0,,0.0
1785315733.519992,08:00:27:8a:0d:75,0,0,,,0,0.0,0,0.0,0.0,,0.0
1785315733.519992,08:00:27:a5:9e:2d,0,0,,,0,0.0,0,0.0,0.0,,0.0
1785315738.519992,08:00:27:5a:87:bc,0,0,,,0,0.0,0,0.0,0.0,,0.0
1785315738.519992,08:00:27:8a:0d:75,0,0,,,0,0.0,0,0.0,0.0,,0.0
1785315738.519992,08:00:27:a5:9e:2d,0,0,,,0,0.0,0,0.0,0.0,,0.0
1785315743.519992,08:00:27:5a:87:bc,0,0,,,0,0.0,0,0.0,0.0,,0.0
1785315743.519992,08:00:27:8a:0d:75,0,0,,,0,0.0,0,0.0,0.0,,0.0
1785315743.519992,08:00:27:a5:9e:2d,0,0,,,0,0.0,0,0.0,0.0,,0.0
1785315748.519992,08:00:27:5a:87:bc,0,0,,,0,0.0,0,0.0,0.0,,0.0
1785315748.519992,08:00:27:8a:0d:75,0,0,,,0,0.0,0,0.0,0.0,,0.0
1785315748.519992,08:00:27:a5:9e:2d,0,0,,,0,0.0,0,0.0,0.0,,0.0
1785315753.519992,08:00:27:5a:87:bc,0,0,,,0,0.0,0,0.0,0.0,,0.0
1785315753.519992,08:00:27:8a:0d:75,0,0,,,0,0.0,0,0.0,0.0,,0.0
1785315753.519992,08:00:27:a5:9e:2d,0,0,,,0,0.0,0,0.0,0.0,,0.0
1785315758.519992,08:00:27:5a:87:bc,0,0,,,0,0.0,0,0.0,0.0,,0.0
1785315758.519992,08:00:27:8a:0d:75,0,0,,,0,0.0,0,0.0,0.0,,0.0
1785315758.519992,08:00:27:a5:9e:2d,0,0,,,0,0.0,0,0.0,0.0,,0.0
1785315763.519992,08:00:27:5a:87:bc,0,0,,,0,0.0,0,0.0,0.0,,0.0
1785315763.519992,08:00:27:8a:0d:75,0,0,,,0,0.0,0,0.0,0.0,,0.0
1785315763.519992,08:00:27:a5:9e:2d,0,0,,,0,0.0,0,0.0,0.0,,0.0
1785315768.519992,08:00:27:5a:87:bc,0,0,,,0,0.0,0,0.0,0.0,,0.0
1785315768.519992,08:00:27:8a:0d:75,0,0,,,0,0.0,0,0.0,0.0,,0.0
1785315768.519992,08:00:27:a5:9e:2d,0,0,,,0,0.0,0,0.0,0.0,,0.0
1785315773.519992,08:00:27:5a:87:bc,0,0,,,0,0.0,0,0.0,0.0,,0.0
1785315773.519992,08:00:27:8a:0d:75,0,0,,,0,0.0,0,0.0,0.0,,0.0
1785315773.519992,08:00:27:a5:9e:2d,0,0,,,0,0.0,0,0.0,0.0,,0.0
1785315778.519992,08:00:27:5a:87:bc,0,0,,,0,0.0,0,0.0,0.0,,0.0
1785315778.519992,08:00:27:8a:0d:75,0,0,,,0,0.0,0,0.0,0.0,,0.0
1785315778.519992,08:00:27:a5:9e:2d,0,0,,,0,0.0,0,0.0,0.0,,0.0
1785315783.519992,08:00:27:5a:87:bc,0,0,,,0,0.0,0,0.0,0.0,,0.0
1785315783.519992,08:00:27:8a:0d:75,0,0,,,0,0.0,0,0.0,0.0,,0.0
1785315783.519992,08:00:27:a5:9e:2d,0,0,,,0,0.0,0,0.0,0.0,,0.0
1785315788.519992,08:00:27:5a:87:bc,0,0,,,0,0.0,0,0.0,0.0,,0.0
1785315788.519992,08:00:27:8a:0d:75,0,0,,,0,0.0,0,0.0,0.0,,0.0
1785315788.519992,08:00:27:a5:9e:2d,0,0,,,0,0.0,0,0.0,0.0,,0.0
1785315793.519992,08:00:27:5a:87:bc,0,0,,,0,0.0,0,0.0,0.0,,0.0
1785315793.519992,08:00:27:8a:0d:75,0,0,,,0,0.0,0,0.0,0.0,,0.0
1785315793.519992,08:00:27:a5:9e:2d,0,0,,,0,0.0,0,0.0,0.0,,0.0
1785315798.519992,08:00:27:5a:87:bc,0,0,,,0,0.0,0,0.0,0.0,,0.0
1785315798.519992,08:00:27:8a:0d:75,0,0,,,0,0.0,0,0.0,0.0,,0.0
1785315798.519992,08:00:27:a5:9e:2d,0,0,,,0,0.0,0,0.0,0.0,,0.0
1785315803.519992,08:00:27:5a:87:bc,0,0,,,0,0.0,0,0.0,0.0,,0.0
1785315803.519992,08:00:27:8a:0d:75,0,0,,,0,0.0,0,0.0,0.0,,0.0
1785315803.519992,08:00:27:a5:9e:2d,0,0,,,0,0.0,0,0.0,0.0,,0.0
1785315808.519992,08:00:27:5a:87:bc,0,0,,,0,0.0,0,0.0,0.0,,0.0
1785315808.519992,08:00:27:8a:0d:75,0,0,,,0,0.0,0,0.0,0.0,,0.0
1785315808.519992,08:00:27:a5:9e:2d,0,0,,,0,0.0,0,0.0,0.0,,0.0
1785315813.519992,08:00:27:5a:87:bc,0,0,,,0,0.0,0,0.0,0.0,,0.0
1785315813.519992,08:00:27:8a:0d:75,0,0,,,0,0.0,0,0.0,0.0,,0.0
1785315813.519992,08:00:27:a5:9e:2d,0,0,,,0,0.0,0,0.0,0.0,,0.0
1785315818.519992,08:00:27:5a:87:bc,0,0,,,0,0.0,0,0.0,0.0,,0.0
1785315818.519992,08:00:27:8a:0d:75,0,0,,,0,0.0,0,0.0,0.0,,0.0
1785315818.519992,08:00:27:a5:9e:2d,0,0,,,0,0.0,0,0.0,0.0,,0.0
1785315823.519992,08:00:27:5a:87:bc,0,0,,,0,0.0,0,0.0,0.0,,0.0
1785315823.519992,08:00:27:8a:0d:75,0,0,,,0,0.0,0,0.0,0.0,,0.0
1785315823.519992,08:00:27:a5:9e:2d,0,0,,,0,0.0,0,0.0,0.0,,0.0
1785315828.519992,08:00:27:5a:87:bc,0,0,,,0,0.0,0,0.0,0.0,,0.0
1785315828.519992,08:00:27:8a:0d:75,0,0,,,0,0.0,0,0.0,0.0,,0.0
1785315828.519992,08:00:27:a5:9e:2d,0,0,,,0,0.0,0,0.0,0.0,,0.0
1785315833.519992,08:00:27:5a:87:bc,0,0,,,0,0.0,0,0.0,0.0,,0.0
1785315833.519992,08:00:27:8a:0d:75,0,0,,,0,0.0,0,0.0,0.0,,0.0
1785315833.519992,08:00:27:a5:9e:2d,0,0,,,0,0.0,0,0.0,0.0,,0.0
1785315838.519992,08:00:27:5a:87:bc,0,0,,,0,0.0,0,0.0,0.0,,0.0
1785315838.519992,08:00:27:8a:0d:75,0,0,,,0,0.0,0,0.0,0.0,,0.0
1785315838.519992,08:00:27:a5:9e:2d,0,0,,,0,0.0,0,0.0,0.0,,0.0
1785315843.519992,08:00:27:5a:87:bc,0,0,,,0,0.0,0,0.0,0.0,,0.0
1785315843.519992,08:00:27:8a:0d:75,0,0,,,0,0.0,0,0.0,0.0,,0.0
1785315843.519992,08:00:27:a5:9e:2d,0,0,,,0,0.0,0,0.0,0.0,,0.0
1785315848.519992,08:00:27:5a:87:bc,0,0,,,0,0.0,0,0.0,0.0,,0.0
1785315848.519992,08:00:27:8a:0d:75,0,0,,,0,0.0,0,0.0,0.0,,0.0
1785315848.519992,08:00:27:a5:9e:2d,0,0,,,0,0.0,0,0.0,0.0,,0.0
1785315853.519992,08:00:27:5a:87:bc,0,0,,,0,0.0,0,0.0,0.0,,0.0
1785315853.519992,08:00:27:8a:0d:75,0,0,,,0,0.0,0,0.0,0.0,,0.0
1785315853.519992,08:00:27:a5:9e:2d,0,0,,,0,0.0,0,0.0,0.0,,0.0
1785315858.519992,08:00:27:5a:87:bc,0,0,,,0,0.0,0,0.0,0.0,,0.0
1785315858.519992,08:00:27:8a:0d:75,0,0,,,0,0.0,0,0.0,0.0,,0.0
1785315858.519992,08:00:27:a5:9e:2d,0,0,,,0,0.0,0,0.0,0.0,,0.0
1785315863.519992,08:00:27:5a:87:bc,0,0,,,0,0.0,0,0.0,0.0,,0.0
1785315863.519992,08:00:27:8a:0d:75,0,0,,,0,0.0,0,0.0,0.0,,0.0
1785315863.519992,08:00:27:a5:9e:2d,0,0,,,0,0.0,0,0.0,0.0,,0.0
1785315868.519992,08:00:27:5a:87:bc,0,0,,,0,0.0,0,0.0,0.0,,0.0
1785315868.519992,08:00:27:8a:0d:75,0,0,,,0,0.0,0,0.0,0.0,,0.0
1785315868.519992,08:00:27:a5:9e:2d,0,0,,,0,0.0,0,0.0,0.0,,0.0
1785315873.519992,08:00:27:5a:87:bc,0,0,,,0,0.0,0,0.0,0.0,,0.0
1785315873.519992,08:00:27:8a:0d:75,0,0,,,0,0.0,0,0.0,0.0,,0.0
1785315873.519992,08:00:27:a5:9e:2d,0,0,,,0,0.0,0,0.0,0.0,,0.0
1785315878.519992,08:00:27:5a:87:bc,0,0,,,0,0.0,0,0.0,0.0,,0.0
1785315878.519992,08:00:27:8a:0d:75,0,0,,,0,0.0,0,0.0,0.0,,0.0
1785315878.519992,08:00:27:a5:9e:2d,0,0,,,0,0.0,0,0.0,0.0,,0.0
1785315883.519992,08:00:27:5a:87:bc,0,0,,,0,0.0,0,0.0,0.0,,0.0
1785315883.519992,08:00:27:8a:0d:75,0,0,,,0,0.0,0,0.0,0.0,,0.0
1785315883.519992,08:00:27:a5:9e:2d,0,0,,,0,0.0,0,0.0,0.0,,0.0
1785315888.519992,08:00:27:5a:87:bc,0,0,,,0,0.0,0,0.0,0.0,,0.0
1785315888.519992,08:00:27:8a:0d:75,0,0,,,0,0.0,0,0.0,0.0,,0.0
1785315888.519992,08:00:27:a5:9e:2d,0,0,,,0,0.0,0,0.0,0.0,,0.0
1785315893.519992,08:00:27:5a:87:bc,0,0,,,0,0.0,0,0.0,0.0,,0.0
1785315893.519992,08:00:27:8a:0d:75,0,0,,,0,0.0,0,0.0,0.0,,0.0
1785315893.519992,08:00:27:a5:9e:2d,0,0,,,0,0.0,0,0.0,0.0,,0.0
1785315898.519992,08:00:27:5a:87:bc,0,0,,,0,0.0,0,0.0,0.0,,0.0
1785315898.519992,08:00:27:8a:0d:75,0,0,,,0,0.0,0,0.0,0.0,,0.0
1785315898.519992,08:00:27:a5:9e:2d,0,0,,,0,0.0,0,0.0,0.0,,0.0
1785315903.519992,08:00:27:5a:87:bc,0,0,,,0,0.0,0,0.0,0.0,,0.0
1785315903.519992,08:00:27:8a:0d:75,0,0,,,0,0.0,0,0.0,0.0,,0.0
1785315903.519992,08:00:27:a5:9e:2d,0,0,,,0,0.0,0,0.0,0.0,,0.0
1785315908.519992,08:00:27:5a:87:bc,0,0,,,0,0.0,0,0.0,0.0,,0.0
1785315908.519992,08:00:27:8a:0d:75,0,0,,,0,0.0,0,0.0,0.0,,0.0
1785315908.519992,08:00:27:a5:9e:2d,0,0,,,0,0.0,0,0.0,0.0,,0.0
1785315913.519992,08:00:27:5a:87:bc,0,0,,,0,0.0,0,0.0,0.0,,0.0
1785315913.519992,08:00:27:8a:0d:75,0,0,,,0,0.0,0,0.0,0.0,,0.0
1785315913.519992,08:00:27:a5:9e:2d,0,0,,,0,0.0,0,0.0,0.0,,0.0
1785315918.519992,08:00:27:5a:87:bc,0,0,,,0,0.0,0,0.0,0.0,,0.0
1785315918.519992,08:00:27:8a:0d:75,0,0,,,0,0.0,0,0.0,0.0,,0.0
1785315918.519992,08:00:27:a5:9e:2d,0,0,,,0,0.0,0,0.0,0.0,,0.0
1785315923.519992,08:00:27:5a:87:bc,0,0,,,0,0.0,0,0.0,0.0,,0.0
1785315923.519992,08:00:27:8a:0d:75,0,0,,,0,0.0,0,0.0,0.0,,0.0
1785315923.519992,08:00:27:a5:9e:2d,0,0,,,0,0.0,0,0.0,0.0,,0.0
1785315928.519992,08:00:27:5a:87:bc,0,0,,,0,0.0,0,0.0,0.0,,0.0
1785315928.519992,08:00:27:8a:0d:75,0,0,,,0,0.0,0,0.0,0.0,,0.0
1785315928.519992,08:00:27:a5:9e:2d,0,0,,,0,0.0,0,0.0,0.0,,0.0
1785315933.519992,08:00:27:5a:87:bc,0,0,,,0,0.0,0,0.0,0.0,,0.0
1785315933.519992,08:00:27:8a:0d:75,0,0,,,0,0.0,0,0.0,0.0,,0.0
1785315933.519992,08:00:27:a5:9e:2d,0,0,,,0,0.0,0,0.0,0.0,,0.0
1785315938.519992,08:00:27:5a:87:bc,0,0,,,0,0.0,0,0.0,0.0,,0.0
1785315938.519992,08:00:27:8a:0d:75,0,0,,,0,0.0,0,0.0,0.0,,0.0
1785315938.519992,08:00:27:a5:9e:2d,0,0,,,0,0.0,0,0.0,0.0,,0.0
1785315943.519992,08:00:27:5a:87:bc,0,0,,,0,0.0,0,0.0,0.0,,0.0
1785315943.519992,08:00:27:8a:0d:75,0,0,,,0,0.0,0,0.0,0.0,,0.0
1785315943.519992,08:00:27:a5:9e:2d,0,0,,,0,0.0,0,0.0,0.0,,0.0
1785315948.519992,08:00:27:5a:87:bc,0,0,,,0,0.0,0,0.0,0.0,,0.0
1785315948.519992,08:00:27:8a:0d:75,0,0,,,0,0.0,0,0.0,0.0,,0.0
1785315948.519992,08:00:27:a5:9e:2d,0,0,,,0,0.0,0,0.0,0.0,,0.0
1785315953.519992,08:00:27:5a:87:bc,0,0,,,0,0.0,0,0.0,0.0,,0.0
1785315953.519992,08:00:27:8a:0d:75,0,0,,,0,0.0,0,0.0,0.0,,0.0
1785315953.519992,08:00:27:a5:9e:2d,0,0,,,0,0.0,0,0.0,0.0,,0.0
1785315958.519992,08:00:27:5a:87:bc,0,0,,,0,0.0,0,0.0,0.0,,0.0
1785315958.519992,08:00:27:8a:0d:75,0,0,,,0,0.0,0,0.0,0.0,,0.0
1785315958.519992,08:00:27:a5:9e:2d,0,0,,,0,0.0,0,0.0,0.0,,0.0
1785315963.519992,08:00:27:5a:87:bc,0,0,,,0,0.0,0,0.0,0.0,,0.0
1785315963.519992,08:00:27:8a:0d:75,0,0,,,0,0.0,0,0.0,0.0,,0.0
1785315963.519992,08:00:27:a5:9e:2d,0,0,,,0,0.0,0,0.0,0.0,,0.0
1785315968.519992,08:00:27:5a:87:bc,0,0,,,0,0.0,0,0.0,0.0,,0.0
1785315968.519992,08:00:27:8a:0d:75,0,0,,,0,0.0,0,0.0,0.0,,0.0
1785315968.519992,08:00:27:a5:9e:2d,0,0,,,0,0.0,0,0.0,0.0,,0.0
1785315973.519992,08:00:27:5a:87:bc,0,0,,,0,0.0,0,0.0,0.0,,0.0
1785315973.519992,08:00:27:8a:0d:75,0,0,,,0,0.0,0,0.0,0.0,,0.0
1785315973.519992,08:00:27:a5:9e:2d,0,0,,,0,0.0,0,0.0,0.0,,0.0
1785315978.519992,08:00:27:5a:87:bc,0,0,,,0,0.0,0,0.0,0.0,,0.0
1785315978.519992,08:00:27:8a:0d:75,0,0,,,0,0.0,0,0.0,0.0,,0.0
1785315978.519992,08:00:27:a5:9e:2d,0,0,,,0,0.0,0,0.0,0.0,,0.0
1785315983.519992,08:00:27:5a:87:bc,0,0,,,0,0.0,0,0.0,0.0,,0.0
1785315983.519992,08:00:27:8a:0d:75,0,0,,,0,0.0,0,0.0,0.0,,0.0
1785315983.519992,08:00:27:a5:9e:2d,0,0,,,0,0.0,0,0.0,0.0,,0.0
1785315988.519992,08:00:27:5a:87:bc,0,0,,,0,0.0,0,0.0,0.0,,0.0
1785315988.519992,08:00:27:8a:0d:75,0,0,,,0,0.0,0,0.0,0.0,,0.0
1785315988.519992,08:00:27:a5:9e:2d,0,0,,,0,0.0,0,0.0,0.0,,0.0
1785315993.519992,08:00:27:5a:87:bc,0,0,,,0,0.0,0,0.0,0.0,,0.0
1785315993.519992,08:00:27:8a:0d:75,0,0,,,0,0.0,0,0.0,0.0,,0.0
1785315993.519992,08:00:27:a5:9e:2d,0,0,,,0,0.0,0,0.0,0.0,,0.0
1785315998.519992,08:00:27:5a:87:bc,0,0,,,0,0.0,0,0.0,0.0,,0.0
1785315998.519992,08:00:27:8a:0d:75,0,0,,,0,0.0,0,0.0,0.0,,0.0
1785315998.519992,08:00:27:a5:9e:2d,0,0,,,0,0.0,0,0.0,0.0,,0.0
1785316003.519992,08:00:27:5a:87:bc,0,0,,,0,0.0,0,0.0,0.0,,0.0
1785316003.519992,08:00:27:8a:0d:75,0,0,,,0,0.0,0,0.0,0.0,,0.0
1785316003.519992,08:00:27:a5:9e:2d,0,0,,,0,0.0,0,0.0,0.0,,0.0
1785316008.519992,08:00:27:5a:87:bc,0,0,,,0,0.0,0,0.0,0.0,,0.0
1785316008.519992,08:00:27:8a:0d:75,0,0,,,0,0.0,0,0.0,0.0,,0.0
1785316008.519992,08:00:27:a5:9e:2d,0,0,,,0,0.0,0,0.0,0.0,,0.0
1785316013.519992,08:00:27:5a:87:bc,0,0,,,0,0.0,0,0.0,0.0,,0.0
1785316013.519992,08:00:27:8a:0d:75,0,0,,,0,0.0,0,0.0,0.0,,0.0
1785316013.519992,08:00:27:a5:9e:2d,0,0,,,0,0.0,0,0.0,0.0,,0.0
1785316018.519992,08:00:27:5a:87:bc,0,0,,,0,0.0,0,0.0,0.0,,0.0
1785316018.519992,08:00:27:8a:0d:75,0,0,,,0,0.0,0,0.0,0.0,,0.0
1785316018.519992,08:00:27:a5:9e:2d,0,0,,,0,0.0,0,0.0,0.0,,0.0
1785316023.519992,08:00:27:5a:87:bc,0,0,,,0,0.0,0,0.0,0.0,,0.0
1785316023.519992,08:00:27:8a:0d:75,0,0,,,0,0.0,0,0.0,0.0,,0.0
1785316023.519992,08:00:27:a5:9e:2d,0,0,,,0,0.0,0,0.0,0.0,,0.0
1785316028.519992,08:00:27:5a:87:bc,0,0,,,0,0.0,0,0.0,0.0,,0.0
1785316028.519992,08:00:27:8a:0d:75,0,0,,,0,0.0,0,0.0,0.0,,0.0
1785316028.519992,08:00:27:a5:9e:2d,0,0,,,0,0.0,0,0.0,0.0,,0.0
1785316033.519992,08:00:27:5a:87:bc,0,0,,,0,0.0,0,0.0,0.0,,0.0
1785316033.519992,08:00:27:8a:0d:75,0,0,,,0,0.0,0,0.0,0.0,,0.0
1785316033.519992,08:00:27:a5:9e:2d,0,0,,,0,0.0,0,0.0,0.0,,0.0
1785316038.519992,08:00:27:5a:87:bc,0,0,,,0,0.0,0,0.0,0.0,,0.0
1785316038.519992,08:00:27:8a:0d:75,0,0,,,0,0.0,0,0.0,0.0,,0.0
1785316038.519992,08:00:27:a5:9e:2d,0,0,,,0,0.0,0,0.0,0.0,,0.0
1785316043.519992,08:00:27:5a:87:bc,0,0,,,0,0.0,0,0.0,0.0,,0.0
1785316043.519992,08:00:27:8a:0d:75,0,0,,,0,0.0,0,0.0,0.0,,0.0
1785316043.519992,08:00:27:a5:9e:2d,0,0,,,0,0.0,0,0.0,0.0,,0.0
1785316048.519992,08:00:27:5a:87:bc,0,0,,,0,0.0,0,0.0,0.0,,0.0
1785316048.519992,08:00:27:8a:0d:75,0,0,,,0,0.0,0,0.0,0.0,,0.0
1785316048.519992,08:00:27:a5:9e:2d,0,0,,,0,0.0,0,0.0,0.0,,0.0
1785316053.519992,08:00:27:5a:87:bc,0,0,,,0,0.0,0,0.0,0.0,,0.0
1785316053.519992,08:00:27:8a:0d:75,0,0,,,0,0.0,0,0.0,0.0,,0.0
1785316053.519992,08:00:27:a5:9e:2d,0,0,,,0,0.0,0,0.0,0.0,,0.0
1785316058.519992,08:00:27:5a:87:bc,0,0,,,0,0.0,0,0.0,0.0,,0.0
1785316058.519992,08:00:27:8a:0d:75,0,0,,,0,0.0,0,0.0,0.0,,0.0
1785316058.519992,08:00:27:a5:9e:2d,0,0,,,0,0.0,0,0.0,0.0,,0.0
1785316063.519992,08:00:27:5a:87:bc,0,0,,,0,0.0,0,0.0,0.0,,0.0
1785316063.519992,08:00:27:8a:0d:75,0,0,,,0,0.0,0,0.0,0.0,,0.0
1785316063.519992,08:00:27:a5:9e:2d,0,0,,,0,0.0,0,0.0,0.0,,0.0
1785316068.519992,08:00:27:5a:87:bc,0,0,,,0,0.0,0,0.0,0.0,,0.0
1785316068.519992,08:00:27:8a:0d:75,0,0,,,0,0.0,0,0.0,0.0,,0.0
1785316068.519992,08:00:27:a5:9e:2d,0,0,,,0,0.0,0,0.0,0.0,,0.0
1785316073.519992,08:00:27:5a:87:bc,0,0,,,0,0.0,0,0.0,0.0,,0.0
1785316073.519992,08:00:27:8a:0d:75,0,0,,,0,0.0,0,0.0,0.0,,0.0
1785316073.519992,08:00:27:a5:9e:2d,0,0,,,0,0.0,0,0.0,0.0,,0.0
1785316078.519992,08:00:27:5a:87:bc,0,0,,,0,0.0,0,0.0,0.0,,0.0
1785316078.519992,08:00:27:8a:0d:75,0,0,,,0,0.0,0,0.0,0.0,,0.0
1785316078.519992,08:00:27:a5:9e:2d,0,0,,,0,0.0,0,0.0,0.0,,0.0
1785316083.519992,08:00:27:5a:87:bc,0,0,,,0,0.0,0,0.0,0.0,,0.0
1785316083.519992,08:00:27:8a:0d:75,0,0,,,0,0.0,0,0.0,0.0,,0.0
1785316083.519992,08:00:27:a5:9e:2d,0,0,,,0,0.0,0,0.0,0.0,,0.0
1785316088.519992,08:00:27:5a:87:bc,0,0,,,0,0.0,0,0.0,0.0,,0.0
1785316088.519992,08:00:27:8a:0d:75,0,0,,,0,0.0,0,0.0,0.0,,0.0
1785316088.519992,08:00:27:a5:9e:2d,0,0,,,0,0.0,0,0.0,0.0,,0.0
1785316093.519992,08:00:27:5a:87:bc,0,0,,,0,0.0,0,0.0,0.0,,0.0
1785316093.519992,08:00:27:8a:0d:75,0,0,,,0,0.0,0,0.0,0.0,,0.0
1785316093.519992,08:00:27:a5:9e:2d,0,0,,,0,0.0,0,0.0,0.0,,0.0
1785316098.519992,08:00:27:5a:87:bc,0,0,,,0,0.0,0,0.0,0.0,,0.0
1785316098.519992,08:00:27:8a:0d:75,0,0,,,0,0.0,0,0.0,0.0,,0.0
1785316098.519992,08:00:27:a5:9e:2d,0,0,,,0,0.0,0,0.0,0.0,,0.0
1785316103.519992,08:00:27:5a:87:bc,0,0,,,0,0.0,0,0.0,0.0,,0.0
1785316103.519992,08:00:27:8a:0d:75,0,0,,,0,0.0,0,0.0,0.0,,0.0
1785316103.519992,08:00:27:a5:9e:2d,0,0,,,0,0.0,0,0.0,0.0,,0.0
1785316108.519992,08:00:27:5a:87:bc,0,0,,,0,0.0,0,0.0,0.0,,0.0
1785316108.519992,08:00:27:8a:0d:75,0,0,,,0,0.0,0,0.0,0.0,,0.0
1785316108.519992,08:00:27:a5:9e:2d,0,0,,,0,0.0,0,0.0,0.0,,0.0
1785316113.519992,08:00:27:5a:87:bc,0,0,,,0,0.0,0,0.0,0.0,,0.0
1785316113.519992,08:00:27:8a:0d:75,0,0,,,0,0.0,0,0.0,0.0,,0.0
1785316113.519992,08:00:27:a5:9e:2d,0,0,,,0,0.0,0,0.0,0.0,,0.0
1785316118.519992,08:00:27:5a:87:bc,0,0,,,0,0.0,0,0.0,0.0,,0.0
1785316118.519992,08:00:27:8a:0d:75,0,0,,,0,0.0,0,0.0,0.0,,0.0
1785316118.519992,08:00:27:a5:9e:2d,0,0,,,0,0.0,0,0.0,0.0,,0.0
1785316123.519992,08:00:27:5a:87:bc,0,0,,,0,0.0,0,0.0,0.0,,0.0
1785316123.519992,08:00:27:8a:0d:75,0,0,,,0,0.0,0,0.0,0.0,,0.0
1785316123.519992,08:00:27:a5:9e:2d,0,0,,,0,0.0,0,0.0,0.0,,0.0
1785316128.519992,08:00:27:5a:87:bc,0,0,,,0,0.0,0,0.0,0.0,,0.0
1785316128.519992,08:00:27:8a:0d:75,0,0,,,0,0.0,0,0.0,0.0,,0.0
1785316128.519992,08:00:27:a5:9e:2d,0,0,,,0,0.0,0,0.0,0.0,,0.0
1785316133.519992,08:00:27:5a:87:bc,0,0,,,0,0.0,0,0.0,0.0,,0.0
1785316133.519992,08:00:27:8a:0d:75,0,0,,,0,0.0,0,0.0,0.0,,0.0
1785316133.519992,08:00:27:a5:9e:2d,0,0,,,0,0.0,0,0.0,0.0,,0.0
1785316138.519992,08:00:27:5a:87:bc,0,0,,,0,0.0,0,0.0,0.0,,0.0
1785316138.519992,08:00:27:8a:0d:75,0,0,,,0,0.0,0,0.0,0.0,,0.0
1785316138.519992,08:00:27:a5:9e:2d,0,0,,,0,0.0,0,0.0,0.0,,0.0
1785316143.519992,08:00:27:5a:87:bc,0,0,,,0,0.0,0,0.0,0.0,,0.0
1785316143.519992,08:00:27:8a:0d:75,0,0,,,0,0.0,0,0.0,0.0,,0.0
1785316143.519992,08:00:27:a5:9e:2d,0,0,,,0,0.0,0,0.0,0.0,,0.0
1785316148.519992,08:00:27:5a:87:bc,0,0,,,0,0.0,0,0.0,0.0,,0.0
1785316148.519992,08:00:27:8a:0d:75,0,0,,,0,0.0,0,0.0,0.0,,0.0
1785316148.519992,08:00:27:a5:9e:2d,0,0,,,0,0.0,0,0.0,0.0,,0.0
1785316153.519992,08:00:27:5a:87:bc,0,0,,,0,0.0,0,0.0,0.0,,0.0
1785316153.519992,08:00:27:8a:0d:75,0,0,,,0,0.0,0,0.0,0.0,,0.0
1785316153.519992,08:00:27:a5:9e:2d,0,0,,,0,0.0,0,0.0,0.0,,0.0
1785316158.519992,08:00:27:5a:87:bc,0,0,,,0,0.0,0,0.0,0.0,,0.0
1785316158.519992,08:00:27:8a:0d:75,0,0,,,0,0.0,0,0.0,0.0,,0.0
1785316158.519992,08:00:27:a5:9e:2d,0,0,,,0,0.0,0,0.0,0.0,,0.0
1785316163.519992,08:00:27:5a:87:bc,0,0,,,0,0.0,0,0.0,0.0,,0.0
1785316163.519992,08:00:27:8a:0d:75,0,0,,,0,0.0,0,0.0,0.0,,0.0
1785316163.519992,08:00:27:a5:9e:2d,0,0,,,0,0.0,0,0.0,0.0,,0.0
1785316168.519992,08:00:27:5a:87:bc,0,0,,,0,0.0,0,0.0,0.0,,0.0
1785316168.519992,08:00:27:8a:0d:75,0,0,,,0,0.0,0,0.0,0.0,,0.0
1785316168.519992,08:00:27:a5:9e:2d,0,0,,,0,0.0,0,0.0,0.0,,0.0
1785316173.519992,08:00:27:5a:87:bc,0,0,,,0,0.0,0,0.0,0.0,,0.0
1785316173.519992,08:00:27:8a:0d:75,0,0,,,0,0.0,0,0.0,0.0,,0.0
1785316173.519992,08:00:27:a5:9e:2d,0,0,,,0,0.0,0,0.0,0.0,,0.0
1785316178.519992,08:00:27:5a:87:bc,0,0,,,0,0.0,0,0.0,0.0,,0.0
1785316178.519992,08:00:27:8a:0d:75,0,0,,,0,0.0,0,0.0,0.0,,0.0
1785316178.519992,08:00:27:a5:9e:2d,0,0,,,0,0.0,0,0.0,0.0,,0.0
1785316183.519992,08:00:27:5a:87:bc,0,0,,,0,0.0,0,0.0,0.0,,0.0
1785316183.519992,08:00:27:8a:0d:75,0,0,,,0,0.0,0,0.0,0.0,,0.0
1785316183.519992,08:00:27:a5:9e:2d,0,0,,,0,0.0,0,0.0,0.0,,0.0
1785316188.519992,08:00:27:5a:87:bc,0,0,,,0,0.0,0,0.0,0.0,,0.0
1785316188.519992,08:00:27:8a:0d:75,0,0,,,0,0.0,0,0.0,0.0,,0.0
1785316188.519992,08:00:27:a5:9e:2d,0,0,,,0,0.0,0,0.0,0.0,,0.0
1785316193.519992,08:00:27:5a:87:bc,0,0,,,0,0.0,0,0.0,0.0,,0.0
1785316193.519992,08:00:27:8a:0d:75,0,0,,,0,0.0,0,0.0,0.0,,0.0
1785316193.519992,08:00:27:a5:9e:2d,0,0,,,0,0.0,0,0.0,0.0,,0.0
1785316198.519992,08:00:27:5a:87:bc,0,0,,,0,0.0,0,0.0,0.0,,0.0
1785316198.519992,08:00:27:8a:0d:75,0,0,,,0,0.0,0,0.0,0.0,,0.0
1785316198.519992,08:00:27:a5:9e:2d,0,0,,,0,0.0,0,0.0,0.0,,0.0
1785316203.519992,08:00:27:5a:87:bc,0,0,,,0,0.0,0,0.0,0.0,,0.0
1785316203.519992,08:00:27:8a:0d:75,0,0,,,0,0.0,0,0.0,0.0,,0.0
1785316203.519992,08:00:27:a5:9e:2d,0,0,,,0,0.0,0,0.0,0.0,,0.0
1785316208.519992,08:00:27:5a:87:bc,0,0,,,0,0.0,0,0.0,0.0,,0.0
1785316208.519992,08:00:27:8a:0d:75,0,0,,,0,0.0,0,0.0,0.0,,0.0
1785316208.519992,08:00:27:a5:9e:2d,0,0,,,0,0.0,0,0.0,0.0,,0.0
1785316213.519992,08:00:27:5a:87:bc,0,0,,,0,0.0,0,0.0,0.0,,0.0
1785316213.519992,08:00:27:8a:0d:75,0,0,,,0,0.0,0,0.0,0.0,,0.0
1785316213.519992,08:00:27:a5:9e:2d,0,0,,,0,0.0,0,0.0,0.0,,0.0
1785316218.519992,08:00:27:5a:87:bc,0,0,,,0,0.0,0,0.0,0.0,,0.0
1785316218.519992,08:00:27:8a:0d:75,0,0,,,0,0.0,0,0.0,0.0,,0.0
1785316218.519992,08:00:27:a5:9e:2d,0,0,,,0,0.0,0,0.0,0.0,,0.0
1785316223.519992,08:00:27:5a:87:bc,0,0,,,0,0.0,0,0.0,0.0,,0.0
1785316223.519992,08:00:27:8a:0d:75,0,0,,,0,0.0,0,0.0,0.0,,0.0
1785316223.519992,08:00:27:a5:9e:2d,0,0,,,0,0.0,0,0.0,0.0,,0.0
1785316228.519992,08:00:27:5a:87:bc,0,0,,,0,0.0,0,0.0,0.0,,0.0
1785316228.519992,08:00:27:8a:0d:75,0,0,,,0,0.0,0,0.0,0.0,,0.0
1785316228.519992,08:00:27:a5:9e:2d,0,0,,,0,0.0,0,0.0,0.0,,0.0
1785316233.519992,08:00:27:5a:87:bc,0,0,,,0,0.0,0,0.0,0.0,,0.0
1785316233.519992,08:00:27:8a:0d:75,0,0,,,0,0.0,0,0.0,0.0,,0.0
1785316233.519992,08:00:27:a5:9e:2d,0,0,,,0,0.0,0,0.0,0.0,,0.0
1785316238.519992,08:00:27:5a:87:bc,0,0,,,0,0.0,0,0.0,0.0,,0.0
1785316238.519992,08:00:27:8a:0d:75,0,0,,,0,0.0,0,0.0,0.0,,0.0
1785316238.519992,08:00:27:a5:9e:2d,0,0,,,0,0.0,0,0.0,0.0,,0.0
1785316243.519992,08:00:27:5a:87:bc,0,0,,,0,0.0,0,0.0,0.0,,0.0
1785316243.519992,08:00:27:8a:0d:75,0,0,,,0,0.0,0,0.0,0.0,,0.0
1785316243.519992,08:00:27:a5:9e:2d,0,0,,,0,0.0,0,0.0,0.0,,0.0
1785316248.519992,08:00:27:5a:87:bc,0,0,,,0,0.0,0,0.0,0.0,,0.0
1785316248.519992,08:00:27:8a:0d:75,0,0,,,0,0.0,0,0.0,0.0,,0.0
1785316248.519992,08:00:27:a5:9e:2d,0,0,,,0,0.0,0,0.0,0.0,,0.0
1785316253.519992,08:00:27:5a:87:bc,0,0,,,0,0.0,0,0.0,0.0,,0.0
1785316253.519992,08:00:27:8a:0d:75,0,0,,,0,0.0,0,0.0,0.0,,0.0
1785316253.519992,08:00:27:a5:9e:2d,0,0,,,0,0.0,0,0.0,0.0,,0.0
1785316258.519992,08:00:27:5a:87:bc,0,0,,,0,0.0,0,0.0,0.0,,0.0
1785316258.519992,08:00:27:8a:0d:75,0,0,,,0,0.0,0,0.0,0.0,,0.0
1785316258.519992,08:00:27:a5:9e:2d,0,0,,,0,0.0,0,0.0,0.0,,0.0
1785316263.519992,08:00:27:5a:87:bc,0,0,,,0,0.0,0,0.0,0.0,,0.0
1785316263.519992,08:00:27:8a:0d:75,0,0,,,0,0.0,0,0.0,0.0,,0.0
1785316263.519992,08:00:27:a5:9e:2d,0,0,,,0,0.0,0,0.0,0.0,,0.0
1785316268.519992,08:00:27:5a:87:bc,0,0,,,0,0.0,0,0.0,0.0,,0.0
1785316268.519992,08:00:27:8a:0d:75,0,0,,,0,0.0,0,0.0,0.0,,0.0
1785316268.519992,08:00:27:a5:9e:2d,0,0,,,0,0.0,0,0.0,0.0,,0.0
1785316273.519992,08:00:27:5a:87:bc,0,0,,,0,0.0,0,0.0,0.0,,0.0
1785316273.519992,08:00:27:8a:0d:75,0,0,,,0,0.0,0,0.0,0.0,,0.0
1785316273.519992,08:00:27:a5:9e:2d,0,0,,,0,0.0,0,0.0,0.0,,0.0
1785316278.519992,08:00:27:5a:87:bc,0,0,,,0,0.0,0,0.0,0.0,,0.0
1785316278.519992,08:00:27:8a:0d:75,0,0,,,0,0.0,0,0.0,0.0,,0.0
1785316278.519992,08:00:27:a5:9e:2d,0,0,,,0,0.0,0,0.0,0.0,,0.0
1785316283.519992,08:00:27:5a:87:bc,0,0,,,0,0.0,0,0.0,0.0,,0.0
1785316283.519992,08:00:27:8a:0d:75,0,0,,,0,0.0,0,0.0,0.0,,0.0
1785316283.519992,08:00:27:a5:9e:2d,0,0,,,0,0.0,0,0.0,0.0,,0.0
1785316288.519992,08:00:27:5a:87:bc,0,0,,,0,0.0,0,0.0,0.0,,0.0
1785316288.519992,08:00:27:8a:0d:75,0,0,,,0,0.0,0,0.0,0.0,,0.0
1785316288.519992,08:00:27:a5:9e:2d,0,0,,,0,0.0,0,0.0,0.0,,0.0
1785316293.519992,08:00:27:5a:87:bc,0,0,,,0,0.0,0,0.0,0.0,,0.0
1785316293.519992,08:00:27:8a:0d:75,0,0,,,0,0.0,0,0.0,0.0,,0.0
1785316293.519992,08:00:27:a5:9e:2d,0,0,,,0,0.0,0,0.0,0.0,,0.0
1785316298.519992,08:00:27:5a:87:bc,0,0,,,0,0.0,0,0.0,0.0,,0.0
1785316298.519992,08:00:27:8a:0d:75,0,0,,,0,0.0,0,0.0,0.0,,0.0
1785316298.519992,08:00:27:a5:9e:2d,0,0,,,0,0.0,0,0.0,0.0,,0.0
1785316303.519992,08:00:27:5a:87:bc,0,0,,,0,0.0,0,0.0,0.0,,0.0
1785316303.519992,08:00:27:8a:0d:75,0,0,,,0,0.0,0,0.0,0.0,,0.0
1785316303.519992,08:00:27:a5:9e:2d,0,0,,,0,0.0,0,0.0,0.0,,0.0
1785316308.519992,08:00:27:5a:87:bc,0,0,,,0,0.0,0,0.0,0.0,,0.0
1785316308.519992,08:00:27:8a:0d:75,0,0,,,0,0.0,0,0.0,0.0,,0.0
1785316308.519992,08:00:27:a5:9e:2d,0,0,,,0,0.0,0,0.0,0.0,,0.0
1785316313.519992,08:00:27:5a:87:bc,0,0,,,0,0.0,0,0.0,0.0,,0.0
1785316313.519992,08:00:27:8a:0d:75,0,0,,,0,0.0,0,0.0,0.0,,0.0
1785316313.519992,08:00:27:a5:9e:2d,0,0,,,0,0.0,0,0.0,0.0,,0.0
1785316318.519992,08:00:27:5a:87:bc,0,0,,,0,0.0,0,0.0,0.0,,0.0
1785316318.519992,08:00:27:8a:0d:75,0,0,,,0,0.0,0,0.0,0.0,,0.0
1785316318.519992,08:00:27:a5:9e:2d,0,0,,,0,0.0,0,0.0,0.0,,0.0
1785316323.519992,08:00:27:5a:87:bc,0,0,,,0,0.0,0,0.0,0.0,,0.0
1785316323.519992,08:00:27:8a:0d:75,0,0,,,0,0.0,0,0.0,0.0,,0.0
1785316323.519992,08:00:27:a5:9e:2d,0,0,,,0,0.0,0,0.0,0.0,,0.0
1785316328.519992,08:00:27:5a:87:bc,0,0,,,0,0.0,0,0.0,0.0,,0.0
1785316328.519992,08:00:27:8a:0d:75,0,0,,,0,0.0,0,0.0,0.0,,0.0
1785316328.519992,08:00:27:a5:9e:2d,0,0,,,0,0.0,0,0.0,0.0,,0.0
1785316333.519992,08:00:27:5a:87:bc,0,0,,,0,0.0,0,0.0,0.0,,0.0
1785316333.519992,08:00:27:8a:0d:75,0,0,,,0,0.0,0,0.0,0.0,,0.0
1785316333.519992,08:00:27:a5:9e:2d,0,0,,,0,0.0,0,0.0,0.0,,0.0
1785316338.519992,08:00:27:5a:87:bc,0,0,,,0,0.0,0,0.0,0.0,,0.0
1785316338.519992,08:00:27:8a:0d:75,0,0,,,0,0.0,0,0.0,0.0,,0.0
1785316338.519992,08:00:27:a5:9e:2d,0,0,,,0,0.0,0,0.0,0.0,,0.0
1785316343.519992,08:00:27:5a:87:bc,0,0,,,0,0.0,0,0.0,0.0,,0.0
1785316343.519992,08:00:27:8a:0d:75,0,0,,,0,0.0,0,0.0,0.0,,0.0
1785316343.519992,08:00:27:a5:9e:2d,0,0,,,0,0.0,0,0.0,0.0,,0.0
1785316348.519992,08:00:27:5a:87:bc,0,0,,,0,0.0,0,0.0,0.0,,0.0
1785316348.519992,08:00:27:8a:0d:75,0,0,,,0,0.0,0,0.0,0.0,,0.0
1785316348.519992,08:00:27:a5:9e:2d,0,0,,,0,0.0,0,0.0,0.0,,0.0
1785316353.519992,08:00:27:5a:87:bc,0,0,,,0,0.0,0,0.0,0.0,,0.0
1785316353.519992,08:00:27:8a:0d:75,0,0,,,0,0.0,0,0.0,0.0,,0.0
1785316353.519992,08:00:27:a5:9e:2d,0,0,,,0,0.0,0,0.0,0.0,,0.0
1785316358.519992,08:00:27:5a:87:bc,0,0,,,0,0.0,0,0.0,0.0,,0.0
1785316358.519992,08:00:27:8a:0d:75,0,0,,,0,0.0,0,0.0,0.0,,0.0
1785316358.519992,08:00:27:a5:9e:2d,0,0,,,0,0.0,0,0.0,0.0,,0.0
1785316363.519992,08:00:27:5a:87:bc,0,0,,,0,0.0,0,0.0,0.0,,0.0
1785316363.519992,08:00:27:8a:0d:75,0,0,,,0,0.0,0,0.0,0.0,,0.0
1785316363.519992,08:00:27:a5:9e:2d,0,0,,,0,0.0,0,0.0,0.0,,0.0
1785316368.519992,08:00:27:5a:87:bc,0,0,,,0,0.0,0,0.0,0.0,,0.0
1785316368.519992,08:00:27:8a:0d:75,0,0,,,0,0.0,0,0.0,0.0,,0.0
1785316368.519992,08:00:27:a5:9e:2d,0,0,,,0,0.0,0,0.0,0.0,,0.0
1785316373.519992,08:00:27:5a:87:bc,0,0,,,0,0.0,0,0.0,0.0,,0.0
1785316373.519992,08:00:27:8a:0d:75,0,0,,,0,0.0,0,0.0,0.0,,0.0
1785316373.519992,08:00:27:a5:9e:2d,0,0,,,0,0.0,0,0.0,0.0,,0.0
1785316378.519992,08:00:27:5a:87:bc,0,0,,,0,0.0,0,0.0,0.0,,0.0
1785316378.519992,08:00:27:8a:0d:75,0,0,,,0,0.0,0,0.0,0.0,,0.0
1785316378.519992,08:00:27:a5:9e:2d,0,0,,,0,0.0,0,0.0,0.0,,0.0
1785316383.519992,08:00:27:5a:87:bc,0,0,,,0,0.0,0,0.0,0.0,,0.0
1785316383.519992,08:00:27:8a:0d:75,0,0,,,0,0.0,0,0.0,0.0,,0.0
1785316383.519992,08:00:27:a5:9e:2d,0,0,,,0,0.0,0,0.0,0.0,,0.0
1785316388.519992,08:00:27:5a:87:bc,0,0,,,0,0.0,0,0.0,0.0,,0.0
1785316388.519992,08:00:27:8a:0d:75,0,0,,,0,0.0,0,0.0,0.0,,0.0
1785316388.519992,08:00:27:a5:9e:2d,0,0,,,0,0.0,0,0.0,0.0,,0.0
1785316393.519992,08:00:27:5a:87:bc,0,0,,,0,0.0,0,0.0,0.0,,0.0
1785316393.519992,08:00:27:8a:0d:75,0,0,,,0,0.0,0,0.0,0.0,,0.0
1785316393.519992,08:00:27:a5:9e:2d,0,0,,,0,0.0,0,0.0,0.0,,0.0
1785316398.519992,08:00:27:5a:87:bc,0,0,,,0,0.0,0,0.0,0.0,,0.0
1785316398.519992,08:00:27:8a:0d:75,0,0,,,0,0.0,0,0.0,0.0,,0.0
1785316398.519992,08:00:27:a5:9e:2d,0,0,,,0,0.0,0,0.0,0.0,,0.0
1785316403.519992,08:00:27:5a:87:bc,0,0,,,0,0.0,0,0.0,0.0,,0.0
1785316403.519992,08:00:27:8a:0d:75,0,0,,,0,0.0,0,0.0,0.0,,0.0
1785316403.519992,08:00:27:a5:9e:2d,0,0,,,0,0.0,0,0.0,0.0,,0.0
1785316408.519992,08:00:27:5a:87:bc,0,0,,,0,0.0,0,0.0,0.0,,0.0
1785316408.519992,08:00:27:8a:0d:75,0,0,,,0,0.0,0,0.0,0.0,,0.0
1785316408.519992,08:00:27:a5:9e:2d,0,0,,,0,0.0,0,0.0,0.0,,0.0
1785316413.519992,08:00:27:5a:87:bc,0,0,,,0,0.0,0,0.0,0.0,,0.0
1785316413.519992,08:00:27:8a:0d:75,0,0,,,0,0.0,0,0.0,0.0,,0.0
1785316413.519992,08:00:27:a5:9e:2d,0,0,,,0,0.0,0,0.0,0.0,,0.0
1785316418.519992,08:00:27:5a:87:bc,0,0,,,0,0.0,0,0.0,0.0,,0.0
1785316418.519992,08:00:27:8a:0d:75,0,0,,,0,0.0,0,0.0,0.0,,0.0
1785316418.519992,08:00:27:a5:9e:2d,0,0,,,0,0.0,0,0.0,0.0,,0.0
1785316423.519992,08:00:27:5a:87:bc,0,0,,,0,0.0,0,0.0,0.0,,0.0
1785316423.519992,08:00:27:8a:0d:75,0,0,,,0,0.0,0,0.0,0.0,,0.0
1785316423.519992,08:00:27:a5:9e:2d,0,0,,,0,0.0,0,0.0,0.0,,0.0
1785316428.519992,08:00:27:5a:87:bc,0,0,,,0,0.0,0,0.0,0.0,,0.0
1785316428.519992,08:00:27:8a:0d:75,0,0,,,0,0.0,0,0.0,0.0,,0.0
1785316428.519992,08:00:27:a5:9e:2d,0,0,,,0,0.0,0,0.0,0.0,,0.0
1785316433.519992,08:00:27:5a:87:bc,0,0,,,0,0.0,0,0.0,0.0,,0.0
1785316433.519992,08:00:27:8a:0d:75,0,0,,,0,0.0,0,0.0,0.0,,0.0
1785316433.519992,08:00:27:a5:9e:2d,0,0,,,0,0.0,0,0.0,0.0,,0.0
1785316438.519992,08:00:27:5a:87:bc,0,0,,,0,0.0,0,0.0,0.0,,0.0
1785316438.519992,08:00:27:8a:0d:75,0,0,,,0,0.0,0,0.0,0.0,,0.0
1785316438.519992,08:00:27:a5:9e:2d,0,0,,,0,0.0,0,0.0,0.0,,0.0
1785316443.519992,08:00:27:5a:87:bc,0,0,,,0,0.0,0,0.0,0.0,,0.0
1785316443.519992,08:00:27:8a:0d:75,0,0,,,0,0.0,0,0.0,0.0,,0.0
1785316443.519992,08:00:27:a5:9e:2d,0,0,,,0,0.0,0,0.0,0.0,,0.0
1785316448.519992,08:00:27:5a:87:bc,0,0,,,0,0.0,0,0.0,0.0,,0.0
1785316448.519992,08:00:27:8a:0d:75,0,0,,,0,0.0,0,0.0,0.0,,0.0
1785316448.519992,08:00:27:a5:9e:2d,0,0,,,0,0.0,0,0.0,0.0,,0.0
1785316453.519992,08:00:27:5a:87:bc,0,0,,,0,0.0,0,0.0,0.0,,0.0
1785316453.519992,08:00:27:8a:0d:75,0,0,,,0,0.0,0,0.0,0.0,,0.0
1785316453.519992,08:00:27:a5:9e:2d,0,0,,,0,0.0,0,0.0,0.0,,0.0
1785316458.519992,08:00:27:5a:87:bc,0,0,,,0,0.0,0,0.0,0.0,,0.0
1785316458.519992,08:00:27:8a:0d:75,0,0,,,0,0.0,0,0.0,0.0,,0.0
1785316458.519992,08:00:27:a5:9e:2d,0,0,,,0,0.0,0,0.0,0.0,,0.0
1785316463.519992,08:00:27:5a:87:bc,0,0,,,0,0.0,0,0.0,0.0,,0.0
1785316463.519992,08:00:27:8a:0d:75,0,0,,,0,0.0,0,0.0,0.0,,0.0
1785316463.519992,08:00:27:a5:9e:2d,0,0,,,0,0.0,0,0.0,0.0,,0.0
1785316468.519992,08:00:27:5a:87:bc,0,0,,,0,0.0,0,0.0,0.0,,0.0
1785316468.519992,08:00:27:8a:0d:75,0,0,,,0,0.0,0,0.0,0.0,,0.0
1785316468.519992,08:00:27:a5:9e:2d,0,0,,,0,0.0,0,0.0,0.0,,0.0
1785316473.519992,08:00:27:5a:87:bc,0,0,,,0,0.0,0,0.0,0.0,,0.0
1785316473.519992,08:00:27:8a:0d:75,0,0,,,0,0.0,0,0.0,0.0,,0.0
1785316473.519992,08:00:27:a5:9e:2d,0,0,,,0,0.0,0,0.0,0.0,,0.0
1785316478.519992,08:00:27:5a:87:bc,0,0,,,0,0.0,0,0.0,0.0,,0.0
1785316478.519992,08:00:27:8a:0d:75,0,0,,,0,0.0,0,0.0,0.0,,0.0
1785316478.519992,08:00:27:a5:9e:2d,0,0,,,0,0.0,0,0.0,0.0,,0.0
1785316483.519992,08:00:27:5a:87:bc,0,0,,,0,0.0,0,0.0,0.0,,0.0
1785316483.519992,08:00:27:8a:0d:75,0,0,,,0,0.0,0,0.0,0.0,,0.0
1785316483.519992,08:00:27:a5:9e:2d,0,0,,,0,0.0,0,0.0,0.0,,0.0
1785316488.519992,08:00:27:5a:87:bc,0,0,,,0,0.0,0,0.0,0.0,,0.0
1785316488.519992,08:00:27:8a:0d:75,0,0,,,0,0.0,0,0.0,0.0,,0.0
1785316488.519992,08:00:27:a5:9e:2d,0,0,,,0,0.0,0,0.0,0.0,,0.0
1785316493.519992,08:00:27:5a:87:bc,0,0,,,0,0.0,0,0.0,0.0,,0.0
1785316493.519992,08:00:27:8a:0d:75,0,0,,,0,0.0,0,0.0,0.0,,0.0
1785316493.519992,08:00:27:a5:9e:2d,0,0,,,0,0.0,0,0.0,0.0,,0.0
1785316498.519992,08:00:27:5a:87:bc,0,0,,,0,0.0,0,0.0,0.0,,0.0
1785316498.519992,08:00:27:8a:0d:75,0,0,,,0,0.0,0,0.0,0.0,,0.0
1785316498.519992,08:00:27:a5:9e:2d,0,0,,,0,0.0,0,0.0,0.0,,0.0
1785316503.519992,08:00:27:5a:87:bc,0,0,,,0,0.0,0,0.0,0.0,,0.0
1785316503.519992,08:00:27:8a:0d:75,0,0,,,0,0.0,0,0.0,0.0,,0.0
1785316503.519992,08:00:27:a5:9e:2d,0,0,,,0,0.0,0,0.0,0.0,,0.0
1785316508.519992,08:00:27:5a:87:bc,0,0,,,0,0.0,0,0.0,0.0,,0.0
1785316508.519992,08:00:27:8a:0d:75,0,0,,,0,0.0,0,0.0,0.0,,0.0
1785316508.519992,08:00:27:a5:9e:2d,0,0,,,0,0.0,0,0.0,0.0,,0.0
1785316513.519992,08:00:27:5a:87:bc,0,0,,,0,0.0,0,0.0,0.0,,0.0
1785316513.519992,08:00:27:8a:0d:75,0,0,,,0,0.0,0,0.0,0.0,,0.0
1785316513.519992,08:00:27:a5:9e:2d,0,0,,,0,0.0,0,0.0,0.0,,0.0
1785316518.519992,08:00:27:5a:87:bc,0,0,,,0,0.0,0,0.0,0.0,,0.0
1785316518.519992,08:00:27:8a:0d:75,0,0,,,0,0.0,0,0.0,0.0,,0.0
1785316518.519992,08:00:27:a5:9e:2d,0,0,,,0,0.0,0,0.0,0.0,,0.0
1785316523.519992,08:00:27:5a:87:bc,0,0,,,0,0.0,0,0.0,0.0,,0.0
1785316523.519992,08:00:27:8a:0d:75,0,0,,,0,0.0,0,0.0,0.0,,0.0
1785316523.519992,08:00:27:a5:9e:2d,0,0,,,0,0.0,0,0.0,0.0,,0.0
1785316528.519992,08:00:27:5a:87:bc,0,0,,,0,0.0,0,0.0,0.0,,0.0
1785316528.519992,08:00:27:8a:0d:75,0,0,,,0,0.0,0,0.0,0.0,,0.0
1785316528.519992,08:00:27:a5:9e:2d,0,0,,,0,0.0,0,0.0,0.0,,0.0
1785316533.519992,08:00:27:5a:87:bc,0,0,,,0,0.0,0,0.0,0.0,,0.0
1785316533.519992,08:00:27:8a:0d:75,0,0,,,0,0.0,0,0.0,0.0,,0.0
1785316533.519992,08:00:27:a5:9e:2d,0,0,,,0,0.0,0,0.0,0.0,,0.0
1785316538.519992,08:00:27:5a:87:bc,0,0,,,0,0.0,0,0.0,0.0,,0.0
1785316538.519992,08:00:27:8a:0d:75,0,0,,,0,0.0,0,0.0,0.0,,0.0
1785316538.519992,08:00:27:a5:9e:2d,0,0,,,0,0.0,0,0.0,0.0,,0.0
1785316543.519992,08:00:27:5a:87:bc,0,0,,,0,0.0,0,0.0,0.0,,0.0
1785316543.519992,08:00:27:8a:0d:75,0,0,,,0,0.0,0,0.0,0.0,,0.0
1785316543.519992,08:00:27:a5:9e:2d,0,0,,,0,0.0,0,0.0,0.0,,0.0
1785316548.519992,08:00:27:5a:87:bc,0,0,,,0,0.0,0,0.0,0.0,,0.0
1785316548.519992,08:00:27:8a:0d:75,0,0,,,0,0.0,0,0.0,0.0,,0.0
1785316548.519992,08:00:27:a5:9e:2d,0,0,,,0,0.0,0,0.0,0.0,,0.0
1785316553.519992,08:00:27:5a:87:bc,0,0,,,0,0.0,0,0.0,0.0,,0.0
1785316553.519992,08:00:27:8a:0d:75,0,0,,,0,0.0,0,0.0,0.0,,0.0
1785316553.519992,08:00:27:a5:9e:2d,0,0,,,0,0.0,0,0.0,0.0,,0.0
1785316558.519992,08:00:27:5a:87:bc,0,0,,,0,0.0,0,0.0,0.0,,0.0
1785316558.519992,08:00:27:8a:0d:75,0,0,,,0,0.0,0,0.0,0.0,,0.0
1785316558.519992,08:00:27:a5:9e:2d,0,0,,,0,0.0,0,0.0,0.0,,0.0
1785316563.519992,08:00:27:5a:87:bc,0,0,,,0,0.0,0,0.0,0.0,,0.0
1785316563.519992,08:00:27:8a:0d:75,0,0,,,0,0.0,0,0.0,0.0,,0.0
1785316563.519992,08:00:27:a5:9e:2d,0,0,,,0,0.0,0,0.0,0.0,,0.0
1785316568.519992,08:00:27:5a:87:bc,0,0,,,0,0.0,0,0.0,0.0,,0.0
1785316568.519992,08:00:27:8a:0d:75,0,0,,,0,0.0,0,0.0,0.0,,0.0
1785316568.519992,08:00:27:a5:9e:2d,0,0,,,0,0.0,0,0.0,0.0,,0.0
1785316573.519992,08:00:27:5a:87:bc,0,0,,,0,0.0,0,0.0,0.0,,0.0
1785316573.519992,08:00:27:8a:0d:75,0,0,,,0,0.0,0,0.0,0.0,,0.0
1785316573.519992,08:00:27:a5:9e:2d,0,0,,,0,0.0,0,0.0,0.0,,0.0
1785316578.519992,08:00:27:5a:87:bc,0,0,,,0,0.0,0,0.0,0.0,,0.0
1785316578.519992,08:00:27:8a:0d:75,0,0,,,0,0.0,0,0.0,0.0,,0.0
1785316578.519992,08:00:27:a5:9e:2d,0,0,,,0,0.0,0,0.0,0.0,,0.0
1785316583.519992,08:00:27:5a:87:bc,0,0,,,0,0.0,0,0.0,0.0,,0.0
1785316583.519992,08:00:27:8a:0d:75,0,0,,,0,0.0,0,0.0,0.0,,0.0
1785316583.519992,08:00:27:a5:9e:2d,0,0,,,0,0.0,0,0.0,0.0,,0.0
1785316588.519992,08:00:27:5a:87:bc,0,0,,,0,0.0,0,0.0,0.0,,0.0
1785316588.519992,08:00:27:8a:0d:75,0,0,,,0,0.0,0,0.0,0.0,,0.0
1785316588.519992,08:00:27:a5:9e:2d,0,0,,,0,0.0,0,0.0,0.0,,0.0
1785316593.519992,08:00:27:5a:87:bc,0,0,,,0,0.0,0,0.0,0.0,,0.0
1785316593.519992,08:00:27:8a:0d:75,0,0,,,0,0.0,0,0.0,0.0,,0.0
1785316593.519992,08:00:27:a5:9e:2d,0,0,,,0,0.0,0,0.0,0.0,,0.0
1785316598.519992,08:00:27:5a:87:bc,0,0,,,0,0.0,0,0.0,0.0,,0.0
1785316598.519992,08:00:27:8a:0d:75,0,0,,,0,0.0,0,0.0,0.0,,0.0
1785316598.519992,08:00:27:a5:9e:2d,0,0,,,0,0.0,0,0.0,0.0,,0.0
1785316603.519992,08:00:27:5a:87:bc,0,0,,,0,0.0,0,0.0,0.0,,0.0
1785316603.519992,08:00:27:8a:0d:75,0,0,,,0,0.0,0,0.0,0.0,,0.0
1785316603.519992,08:00:27:a5:9e:2d,0,0,,,0,0.0,0,0.0,0.0,,0.0
1785316608.519992,08:00:27:5a:87:bc,0,0,,,0,0.0,0,0.0,0.0,,0.0
1785316608.519992,08:00:27:8a:0d:75,0,0,,,0,0.0,0,0.0,0.0,,0.0
1785316608.519992,08:00:27:a5:9e:2d,0,0,,,0,0.0,0,0.0,0.0,,0.0
1785316613.519992,08:00:27:5a:87:bc,0,0,,,0,0.0,0,0.0,0.0,,0.0
1785316613.519992,08:00:27:8a:0d:75,0,0,,,0,0.0,0,0.0,0.0,,0.0
1785316613.519992,08:00:27:a5:9e:2d,0,0,,,0,0.0,0,0.0,0.0,,0.0
1785316618.519992,08:00:27:5a:87:bc,0,0,,,0,0.0,0,0.0,0.0,,0.0
1785316618.519992,08:00:27:8a:0d:75,0,0,,,0,0.0,0,0.0,0.0,,0.0
1785316618.519992,08:00:27:a5:9e:2d,0,0,,,0,0.0,0,0.0,0.0,,0.0
1785316623.519992,08:00:27:5a:87:bc,0,0,,,0,0.0,0,0.0,0.0,,0.0
1785316623.519992,08:00:27:8a:0d:75,0,0,,,0,0.0,0,0.0,0.0,,0.0
1785316623.519992,08:00:27:a5:9e:2d,0,0,,,0,0.0,0,0.0,0.0,,0.0
1785316628.519992,08:00:27:5a:87:bc,0,0,,,0,0.0,0,0.0,0.0,,0.0
1785316628.519992,08:00:27:8a:0d:75,0,0,,,0,0.0,0,0.0,0.0,,0.0
1785316628.519992,08:00:27:a5:9e:2d,0,0,,,0,0.0,0,0.0,0.0,,0.0
1785316633.519992,08:00:27:5a:87:bc,0,0,,,0,0.0,0,0.0,0.0,,0.0
1785316633.519992,08:00:27:8a:0d:75,0,0,,,0,0.0,0,0.0,0.0,,0.0
1785316633.519992,08:00:27:a5:9e:2d,0,0,,,0,0.0,0,0.0,0.0,,0.0
1785316638.519992,08:00:27:5a:87:bc,0,0,,,0,0.0,0,0.0,0.0,,0.0
1785316638.519992,08:00:27:8a:0d:75,0,0,,,0,0.0,0,0.0,0.0,,0.0
1785316638.519992,08:00:27:a5:9e:2d,0,0,,,0,0.0,0,0.0,0.0,,0.0
1785316643.519992,08:00:27:5a:87:bc,0,0,,,0,0.0,0,0.0,0.0,,0.0
1785316643.519992,08:00:27:8a:0d:75,0,0,,,0,0.0,0,0.0,0.0,,0.0
1785316643.519992,08:00:27:a5:9e:2d,0,0,,,0,0.0,0,0.0,0.0,,0.0
1785316648.519992,08:00:27:5a:87:bc,0,0,,,0,0.0,0,0.0,0.0,,0.0
1785316648.519992,08:00:27:8a:0d:75,0,0,,,0,0.0,0,0.0,0.0,,0.0
1785316648.519992,08:00:27:a5:9e:2d,0,0,,,0,0.0,0,0.0,0.0,,0.0
1785316653.519992,08:00:27:5a:87:bc,0,0,,,0,0.0,0,0.0,0.0,,0.0
1785316653.519992,08:00:27:8a:0d:75,0,0,,,0,0.0,0,0.0,0.0,,0.0
1785316653.519992,08:00:27:a5:9e:2d,0,0,,,0,0.0,0,0.0,0.0,,0.0
1785316658.519992,08:00:27:5a:87:bc,0,0,,,0,0.0,0,0.0,0.0,,0.0
1785316658.519992,08:00:27:8a:0d:75,0,0,,,0,0.0,0,0.0,0.0,,0.0
1785316658.519992,08:00:27:a5:9e:2d,0,0,,,0,0.0,0,0.0,0.0,,0.0
1785316663.519992,08:00:27:5a:87:bc,0,0,,,0,0.0,0,0.0,0.0,,0.0
1785316663.519992,08:00:27:8a:0d:75,0,0,,,0,0.0,0,0.0,0.0,,0.0
1785316663.519992,08:00:27:a5:9e:2d,0,0,,,0,0.0,0,0.0,0.0,,0.0
1785316668.519992,08:00:27:5a:87:bc,0,0,,,0,0.0,0,0.0,0.0,,0.0
1785316668.519992,08:00:27:8a:0d:75,0,0,,,0,0.0,0,0.0,0.0,,0.0
1785316668.519992,08:00:27:a5:9e:2d,0,0,,,0,0.0,0,0.0,0.0,,0.0
1785316673.519992,08:00:27:5a:87:bc,0,0,,,0,0.0,0,0.0,0.0,,0.0
1785316673.519992,08:00:27:8a:0d:75,0,0,,,0,0.0,0,0.0,0.0,,0.0
1785316673.519992,08:00:27:a5:9e:2d,0,0,,,0,0.0,0,0.0,0.0,,0.0
1785316678.519992,08:00:27:5a:87:bc,0,0,,,0,0.0,0,0.0,0.0,,0.0
1785316678.519992,08:00:27:8a:0d:75,0,0,,,0,0.0,0,0.0,0.0,,0.0
1785316678.519992,08:00:27:a5:9e:2d,0,0,,,0,0.0,0,0.0,0.0,,0.0
1785316683.519992,08:00:27:5a:87:bc,0,0,,,0,0.0,0,0.0,0.0,,0.0
1785316683.519992,08:00:27:8a:0d:75,0,0,,,0,0.0,0,0.0,0.0,,0.0
1785316683.519992,08:00:27:a5:9e:2d,0,0,,,0,0.0,0,0.0,0.0,,0.0
1785316688.519992,08:00:27:5a:87:bc,0,0,,,0,0.0,0,0.0,0.0,,0.0
1785316688.519992,08:00:27:8a:0d:75,0,0,,,0,0.0,0,0.0,0.0,,0.0
1785316688.519992,08:00:27:a5:9e:2d,0,0,,,0,0.0,0,0.0,0.0,,0.0
1785316693.519992,08:00:27:5a:87:bc,0,0,,,0,0.0,0,0.0,0.0,,0.0
1785316693.519992,08:00:27:8a:0d:75,0,0,,,0,0.0,0,0.0,0.0,,0.0
1785316693.519992,08:00:27:a5:9e:2d,0,0,,,0,0.0,0,0.0,0.0,,0.0
1785316698.519992,08:00:27:5a:87:bc,0,0,,,0,0.0,0,0.0,0.0,,0.0
1785316698.519992,08:00:27:8a:0d:75,0,0,,,0,0.0,0,0.0,0.0,,0.0
1785316698.519992,08:00:27:a5:9e:2d,0,0,,,0,0.0,0,0.0,0.0,,0.0
1785316703.519992,08:00:27:5a:87:bc,0,0,,,0,0.0,0,0.0,0.0,,0.0
1785316703.519992,08:00:27:8a:0d:75,0,0,,,0,0.0,0,0.0,0.0,,0.0
1785316703.519992,08:00:27:a5:9e:2d,0,0,,,0,0.0,0,0.0,0.0,,0.0
1785316708.519992,08:00:27:5a:87:bc,0,0,,,0,0.0,0,0.0,0.0,,0.0
1785316708.519992,08:00:27:8a:0d:75,0,0,,,0,0.0,0,0.0,0.0,,0.0
1785316708.519992,08:00:27:a5:9e:2d,0,0,,,0,0.0,0,0.0,0.0,,0.0
1785316713.519992,08:00:27:5a:87:bc,0,0,,,0,0.0,0,0.0,0.0,,0.0
1785316713.519992,08:00:27:8a:0d:75,0,0,,,0,0.0,0,0.0,0.0,,0.0
1785316713.519992,08:00:27:a5:9e:2d,0,0,,,0,0.0,0,0.0,0.0,,0.0
1785316718.519992,08:00:27:5a:87:bc,0,0,,,0,0.0,0,0.0,0.0,,0.0
1785316718.519992,08:00:27:8a:0d:75,0,0,,,0,0.0,0,0.0,0.0,,0.0
1785316718.519992,08:00:27:a5:9e:2d,0,0,,,0,0.0,0,0.0,0.0,,0.0
1785316723.519992,08:00:27:5a:87:bc,0,0,,,0,0.0,0,0.0,0.0,,0.0
1785316723.519992,08:00:27:8a:0d:75,0,0,,,0,0.0,0,0.0,0.0,,0.0
1785316723.519992,08:00:27:a5:9e:2d,0,0,,,0,0.0,0,0.0,0.0,,0.0
1785316728.519992,08:00:27:5a:87:bc,0,0,,,0,0.0,0,0.0,0.0,,0.0
1785316728.519992,08:00:27:8a:0d:75,0,0,,,0,0.0,0,0.0,0.0,,0.0
1785316728.519992,08:00:27:a5:9e:2d,0,0,,,0,0.0,0,0.0,0.0,,0.0
1785316733.519992,08:00:27:5a:87:bc,0,0,,,0,0.0,0,0.0,0.0,,0.0
1785316733.519992,08:00:27:8a:0d:75,0,0,,,0,0.0,0,0.0,0.0,,0.0
1785316733.519992,08:00:27:a5:9e:2d,0,0,,,0,0.0,0,0.0,0.0,,0.0
1785316738.519992,08:00:27:5a:87:bc,0,0,,,0,0.0,0,0.0,0.0,,0.0
1785316738.519992,08:00:27:8a:0d:75,0,0,,,0,0.0,0,0.0,0.0,,0.0
1785316738.519992,08:00:27:a5:9e:2d,0,0,,,0,0.0,0,0.0,0.0,,0.0
1785316743.519992,08:00:27:5a:87:bc,0,0,,,0,0.0,0,0.0,0.0,,0.0
1785316743.519992,08:00:27:8a:0d:75,0,0,,,0,0.0,0,0.0,0.0,,0.0
1785316743.519992,08:00:27:a5:9e:2d,0,0,,,0,0.0,0,0.0,0.0,,0.0
1785316748.519992,08:00:27:5a:87:bc,0,0,,,0,0.0,0,0.0,0.0,,0.0
1785316748.519992,08:00:27:8a:0d:75,0,0,,,0,0.0,0,0.0,0.0,,0.0
1785316748.519992,08:00:27:a5:9e:2d,0,0,,,0,0.0,0,0.0,0.0,,0.0
1785316753.519992,08:00:27:5a:87:bc,0,0,,,0,0.0,0,0.0,0.0,,0.0
1785316753.519992,08:00:27:8a:0d:75,0,0,,,0,0.0,0,0.0,0.0,,0.0
1785316753.519992,08:00:27:a5:9e:2d,0,0,,,0,0.0,0,0.0,0.0,,0.0
1785316758.519992,08:00:27:5a:87:bc,0,0,,,0,0.0,0,0.0,0.0,,0.0
1785316758.519992,08:00:27:8a:0d:75,0,0,,,0,0.0,0,0.0,0.0,,0.0
1785316758.519992,08:00:27:a5:9e:2d,0,0,,,0,0.0,0,0.0,0.0,,0.0
1785316763.519992,08:00:27:5a:87:bc,0,0,,,0,0.0,0,0.0,0.0,,0.0
1785316763.519992,08:00:27:8a:0d:75,0,0,,,0,0.0,0,0.0,0.0,,0.0
1785316763.519992,08:00:27:a5:9e:2d,0,0,,,0,0.0,0,0.0,0.0,,0.0
1785316768.519992,08:00:27:5a:87:bc,0,0,,,0,0.0,0,0.0,0.0,,0.0
1785316768.519992,08:00:27:8a:0d:75,0,0,,,0,0.0,0,0.0,0.0,,0.0
1785316768.519992,08:00:27:a5:9e:2d,0,0,,,0,0.0,0,0.0,0.0,,0.0
1785316773.519992,08:00:27:5a:87:bc,0,0,,,0,0.0,0,0.0,0.0,,0.0
1785316773.519992,08:00:27:8a:0d:75,0,0,,,0,0.0,0,0.0,0.0,,0.0
1785316773.519992,08:00:27:a5:9e:2d,0,0,,,0,0.0,0,0.0,0.0,,0.0
1785316778.519992,08:00:27:5a:87:bc,0,0,,,0,0.0,0,0.0,0.0,,0.0
1785316778.519992,08:00:27:8a:0d:75,0,0,,,0,0.0,0,0.0,0.0,,0.0
1785316778.519992,08:00:27:a5:9e:2d,0,0,,,0,0.0,0,0.0,0.0,,0.0
1785316783.519992,08:00:27:5a:87:bc,0,0,,,0,0.0,0,0.0,0.0,,0.0
1785316783.519992,08:00:27:8a:0d:75,0,0,,,0,0.0,0,0.0,0.0,,0.0
1785316783.519992,08:00:27:a5:9e:2d,0,0,,,0,0.0,0,0.0,0.0,,0.0
1785316788.519992,08:00:27:5a:87:bc,0,0,,,0,0.0,0,0.0,0.0,,0.0
1785316788.519992,08:00:27:8a:0d:75,0,0,,,0,0.0,0,0.0,0.0,,0.0
1785316788.519992,08:00:27:a5:9e:2d,0,0,,,0,0.0,0,0.0,0.0,,0.0
1785316793.519992,08:00:27:5a:87:bc,0,0,,,0,0.0,0,0.0,0.0,,0.0
1785316793.519992,08:00:27:8a:0d:75,0,0,,,0,0.0,0,0.0,0.0,,0.0
1785316793.519992,08:00:27:a5:9e:2d,0,0,,,0,0.0,0,0.0,0.0,,0.0
1785316798.519992,08:00:27:5a:87:bc,0,0,,,0,0.0,0,0.0,0.0,,0.0
1785316798.519992,08:00:27:8a:0d:75,0,0,,,0,0.0,0,0.0,0.0,,0.0
1785316798.519992,08:00:27:a5:9e:2d,0,0,,,0,0.0,0,0.0,0.0,,0.0
1785316803.519992,08:00:27:5a:87:bc,0,0,,,0,0.0,0,0.0,0.0,,0.0
1785316803.519992,08:00:27:8a:0d:75,0,0,,,0,0.0,0,0.0,0.0,,0.0
1785316803.519992,08:00:27:a5:9e:2d,0,0,,,0,0.0,0,0.0,0.0,,0.0
1785316808.519992,08:00:27:5a:87:bc,0,0,,,0,0.0,0,0.0,0.0,,0.0
1785316808.519992,08:00:27:8a:0d:75,0,0,,,0,0.0,0,0.0,0.0,,0.0
1785316808.519992,08:00:27:a5:9e:2d,0,0,,,0,0.0,0,0.0,0.0,,0.0
1785316813.519992,08:00:27:5a:87:bc,0,0,,,0,0.0,0,0.0,0.0,,0.0
1785316813.519992,08:00:27:8a:0d:75,0,0,,,0,0.0,0,0.0,0.0,,0.0
1785316813.519992,08:00:27:a5:9e:2d,0,0,,,0,0.0,0,0.0,0.0,,0.0
1785316818.519992,08:00:27:5a:87:bc,0,0,,,0,0.0,0,0.0,0.0,,0.0
1785316818.519992,08:00:27:8a:0d:75,0,0,,,0,0.0,0,0.0,0.0,,0.0
1785316818.519992,08:00:27:a5:9e:2d,0,0,,,0,0.0,0,0.0,0.0,,0.0
1785316823.519992,08:00:27:5a:87:bc,0,0,,,0,0.0,0,0.0,0.0,,0.0
1785316823.519992,08:00:27:8a:0d:75,0,0,,,0,0.0,0,0.0,0.0,,0.0
1785316823.519992,08:00:27:a5:9e:2d,0,0,,,0,0.0,0,0.0,0.0,,0.0
1785316828.519992,08:00:27:5a:87:bc,0,0,,,0,0.0,0,0.0,0.0,,0.0
1785316828.519992,08:00:27:8a:0d:75,0,0,,,0,0.0,0,0.0,0.0,,0.0
1785316828.519992,08:00:27:a5:9e:2d,0,0,,,0,0.0,0,0.0,0.0,,0.0
1785316833.519992,08:00:27:5a:87:bc,0,0,,,0,0.0,0,0.0,0.0,,0.0
1785316833.519992,08:00:27:8a:0d:75,0,0,,,0,0.0,0,0.0,0.0,,0.0
1785316833.519992,08:00:27:a5:9e:2d,0,0,,,0,0.0,0,0.0,0.0,,0.0
1785316838.519992,08:00:27:5a:87:bc,0,0,,,0,0.0,0,0.0,0.0,,0.0
1785316838.519992,08:00:27:8a:0d:75,0,0,,,0,0.0,0,0.0,0.0,,0.0
1785316838.519992,08:00:27:a5:9e:2d,0,0,,,0,0.0,0,0.0,0.0,,0.0
1785316843.519992,08:00:27:5a:87:bc,0,0,,,0,0.0,0,0.0,0.0,,0.0
1785316843.519992,08:00:27:8a:0d:75,0,0,,,0,0.0,0,0.0,0.0,,0.0
1785316843.519992,08:00:27:a5:9e:2d,0,0,,,0,0.0,0,0.0,0.0,,0.0
1785316848.519992,08:00:27:5a:87:bc,0,0,,,0,0.0,0,0.0,0.0,,0.0
1785316848.519992,08:00:27:8a:0d:75,0,0,,,0,0.0,0,0.0,0.0,,0.0
1785316848.519992,08:00:27:a5:9e:2d,0,0,,,0,0.0,0,0.0,0.0,,0.0
1785316853.519992,08:00:27:5a:87:bc,0,0,,,0,0.0,0,0.0,0.0,,0.0
1785316853.519992,08:00:27:8a:0d:75,0,0,,,0,0.0,0,0.0,0.0,,0.0
1785316853.519992,08:00:27:a5:9e:2d,0,0,,,0,0.0,0,0.0,0.0,,0.0
1785316858.519992,08:00:27:5a:87:bc,0,0,,,0,0.0,0,0.0,0.0,,0.0
1785316858.519992,08:00:27:8a:0d:75,0,0,,,0,0.0,0,0.0,0.0,,0.0
1785316858.519992,08:00:27:a5:9e:2d,0,0,,,0,0.0,0,0.0,0.0,,0.0
1785316863.519992,08:00:27:5a:87:bc,0,0,,,0,0.0,0,0.0,0.0,,0.0
1785316863.519992,08:00:27:8a:0d:75,0,0,,,0,0.0,0,0.0,0.0,,0.0
1785316863.519992,08:00:27:a5:9e:2d,0,0,,,0,0.0,0,0.0,0.0,,0.0
1785316868.519992,08:00:27:5a:87:bc,0,0,,,0,0.0,0,0.0,0.0,,0.0
1785316868.519992,08:00:27:8a:0d:75,0,0,,,0,0.0,0,0.0,0.0,,0.0
1785316868.519992,08:00:27:a5:9e:2d,0,0,,,0,0.0,0,0.0,0.0,,0.0
1785316873.519992,08:00:27:5a:87:bc,0,0,,,0,0.0,0,0.0,0.0,,0.0
1785316873.519992,08:00:27:8a:0d:75,0,0,,,0,0.0,0,0.0,0.0,,0.0
1785316873.519992,08:00:27:a5:9e:2d,0,0,,,0,0.0,0,0.0,0.0,,0.0
1785316878.519992,08:00:27:5a:87:bc,0,0,,,0,0.0,0,0.0,0.0,,0.0
1785316878.519992,08:00:27:8a:0d:75,0,0,,,0,0.0,0,0.0,0.0,,0.0
1785316878.519992,08:00:27:a5:9e:2d,0,0,,,0,0.0,0,0.0,0.0,,0.0
1785316883.519992,08:00:27:5a:87:bc,0,0,,,0,0.0,0,0.0,0.0,,0.0
1785316883.519992,08:00:27:8a:0d:75,0,0,,,0,0.0,0,0.0,0.0,,0.0
1785316883.519992,08:00:27:a5:9e:2d,0,0,,,0,0.0,0,0.0,0.0,,0.0
1785316888.519992,08:00:27:5a:87:bc,0,0,,,0,0.0,0,0.0,0.0,,0.0
1785316888.519992,08:00:27:8a:0d:75,0,0,,,0,0.0,0,0.0,0.0,,0.0
1785316888.519992,08:00:27:a5:9e:2d,0,0,,,0,0.0,0,0.0,0.0,,0.0
1785316893.519992,08:00:27:5a:87:bc,0,0,,,0,0.0,0,0.0,0.0,,0.0
1785316893.519992,08:00:27:8a:0d:75,0,0,,,0,0.0,0,0.0,0.0,,0.0
1785316893.519992,08:00:27:a5:9e:2d,0,0,,,0,0.0,0,0.0,0.0,,0.0
1785316898.519992,08:00:27:5a:87:bc,0,0,,,0,0.0,0,0.0,0.0,,0.0
1785316898.519992,08:00:27:8a:0d:75,0,0,,,0,0.0,0,0.0,0.0,,0.0
1785316898.519992,08:00:27:a5:9e:2d,0,0,,,0,0.0,0,0.0,0.0,,0.0
1785316903.519992,08:00:27:5a:87:bc,0,0,,,0,0.0,0,0.0,0.0,,0.0
1785316903.519992,08:00:27:8a:0d:75,0,0,,,0,0.0,0,0.0,0.0,,0.0
1785316903.519992,08:00:27:a5:9e:2d,0,0,,,0,0.0,0,0.0,0.0,,0.0
1785316908.519992,08:00:27:5a:87:bc,0,0,,,0,0.0,0,0.0,0.0,,0.0
1785316908.519992,08:00:27:8a:0d:75,0,0,,,0,0.0,0,0.0,0.0,,0.0
1785316908.519992,08:00:27:a5:9e:2d,0,0,,,0,0.0,0,0.0,0.0,,0.0
1785316913.519992,08:00:27:5a:87:bc,0,0,,,0,0.0,0,0.0,0.0,,0.0
1785316913.519992,08:00:27:8a:0d:75,0,0,,,0,0.0,0,0.0,0.0,,0.0
1785316913.519992,08:00:27:a5:9e:2d,0,0,,,0,0.0,0,0.0,0.0,,0.0
1785316918.519992,08:00:27:5a:87:bc,0,0,,,0,0.0,0,0.0,0.0,,0.0
1785316918.519992,08:00:27:8a:0d:75,0,0,,,0,0.0,0,0.0,0.0,,0.0
1785316918.519992,08:00:27:a5:9e:2d,0,0,,,0,0.0,0,0.0,0.0,,0.0
1785316923.519992,08:00:27:5a:87:bc,0,0,,,0,0.0,0,0.0,0.0,,0.0
1785316923.519992,08:00:27:8a:0d:75,0,0,,,0,0.0,0,0.0,0.0,,0.0
1785316923.519992,08:00:27:a5:9e:2d,0,0,,,0,0.0,0,0.0,0.0,,0.0
1785316928.519992,08:00:27:5a:87:bc,0,0,,,0,0.0,0,0.0,0.0,,0.0
1785316928.519992,08:00:27:8a:0d:75,0,0,,,0,0.0,0,0.0,0.0,,0.0
1785316928.519992,08:00:27:a5:9e:2d,0,0,,,0,0.0,0,0.0,0.0,,0.0
1785316933.519992,08:00:27:5a:87:bc,0,0,,,0,0.0,0,0.0,0.0,,0.0
1785316933.519992,08:00:27:8a:0d:75,0,0,,,0,0.0,0,0.0,0.0,,0.0
1785316933.519992,08:00:27:a5:9e:2d,0,0,,,0,0.0,0,0.0,0.0,,0.0
1785316938.519992,08:00:27:5a:87:bc,0,0,,,0,0.0,0,0.0,0.0,,0.0
1785316938.519992,08:00:27:8a:0d:75,0,0,,,0,0.0,0,0.0,0.0,,0.0
1785316938.519992,08:00:27:a5:9e:2d,0,0,,,0,0.0,0,0.0,0.0,,0.0
1785316943.519992,08:00:27:5a:87:bc,0,0,,,0,0.0,0,0.0,0.0,,0.0
1785316943.519992,08:00:27:8a:0d:75,0,0,,,0,0.0,0,0.0,0.0,,0.0
1785316943.519992,08:00:27:a5:9e:2d,0,0,,,0,0.0,0,0.0,0.0,,0.0
1785316948.519992,08:00:27:5a:87:bc,0,0,,,0,0.0,0,0.0,0.0,,0.0
1785316948.519992,08:00:27:8a:0d:75,0,0,,,0,0.0,0,0.0,0.0,,0.0
1785316948.519992,08:00:27:a5:9e:2d,0,0,,,0,0.0,0,0.0,0.0,,0.0
1785316953.519992,08:00:27:5a:87:bc,0,0,,,0,0.0,0,0.0,0.0,,0.0
1785316953.519992,08:00:27:8a:0d:75,0,0,,,0,0.0,0,0.0,0.0,,0.0
1785316953.519992,08:00:27:a5:9e:2d,0,0,,,0,0.0,0,0.0,0.0,,0.0
1785316958.519992,08:00:27:5a:87:bc,0,0,,,0,0.0,0,0.0,0.0,,0.0
1785316958.519992,08:00:27:8a:0d:75,0,0,,,0,0.0,0,0.0,0.0,,0.0
1785316958.519992,08:00:27:a5:9e:2d,0,0,,,0,0.0,0,0.0,0.0,,0.0
1785316963.519992,08:00:27:5a:87:bc,0,0,,,0,0.0,0,0.0,0.0,,0.0
1785316963.519992,08:00:27:8a:0d:75,0,0,,,0,0.0,0,0.0,0.0,,0.0
1785316963.519992,08:00:27:a5:9e:2d,0,0,,,0,0.0,0,0.0,0.0,,0.0
1785316968.519992,08:00:27:5a:87:bc,0,0,,,0,0.0,0,0.0,0.0,,0.0
1785316968.519992,08:00:27:8a:0d:75,0,0,,,0,0.0,0,0.0,0.0,,0.0
1785316968.519992,08:00:27:a5:9e:2d,0,0,,,0,0.0,0,0.0,0.0,,0.0
1785316973.519992,08:00:27:5a:87:bc,0,0,,,0,0.0,0,0.0,0.0,,0.0
1785316973.519992,08:00:27:8a:0d:75,0,0,,,0,0.0,0,0.0,0.0,,0.0
1785316973.519992,08:00:27:a5:9e:2d,0,0,,,0,0.0,0,0.0,0.0,,0.0
1785316978.519992,08:00:27:5a:87:bc,0,0,,,0,0.0,0,0.0,0.0,,0.0
1785316978.519992,08:00:27:8a:0d:75,0,0,,,0,0.0,0,0.0,0.0,,0.0
1785316978.519992,08:00:27:a5:9e:2d,0,0,,,0,0.0,0,0.0,0.0,,0.0
1785316983.519992,08:00:27:5a:87:bc,0,0,,,0,0.0,0,0.0,0.0,,0.0
1785316983.519992,08:00:27:8a:0d:75,0,0,,,0,0.0,0,0.0,0.0,,0.0
1785316983.519992,08:00:27:a5:9e:2d,0,0,,,0,0.0,0,0.0,0.0,,0.0
1785316988.519992,08:00:27:5a:87:bc,0,0,,,0,0.0,0,0.0,0.0,,0.0
1785316988.519992,08:00:27:8a:0d:75,0,0,,,0,0.0,0,0.0,0.0,,0.0
1785316988.519992,08:00:27:a5:9e:2d,0,0,,,0,0.0,0,0.0,0.0,,0.0
1785316993.519992,08:00:27:5a:87:bc,0,0,,,0,0.0,0,0.0,0.0,,0.0
1785316993.519992,08:00:27:8a:0d:75,0,0,,,0,0.0,0,0.0,0.0,,0.0
1785316993.519992,08:00:27:a5:9e:2d,0,0,,,0,0.0,0,0.0,0.0,,0.0
1785316998.519992,08:00:27:5a:87:bc,0,0,,,0,0.0,0,0.0,0.0,,0.0
1785316998.519992,08:00:27:8a:0d:75,0,0,,,0,0.0,0,0.0,0.0,,0.0
1785316998.519992,08:00:27:a5:9e:2d,0,0,,,0,0.0,0,0.0,0.0,,0.0
1785317003.519992,08:00:27:5a:87:bc,0,0,,,0,0.0,0,0.0,0.0,,0.0
1785317003.519992,08:00:27:8a:0d:75,0,0,,,0,0.0,0,0.0,0.0,,0.0
1785317003.519992,08:00:27:a5:9e:2d,0,0,,,0,0.0,0,0.0,0.0,,0.0
1785317008.519992,08:00:27:5a:87:bc,0,0,,,0,0.0,0,0.0,0.0,,0.0
1785317008.519992,08:00:27:8a:0d:75,0,0,,,0,0.0,0,0.0,0.0,,0.0
1785317008.519992,08:00:27:a5:9e:2d,0,0,,,0,0.0,0,0.0,0.0,,0.0
1785317013.519992,08:00:27:5a:87:bc,0,0,,,0,0.0,0,0.0,0.0,,0.0
1785317013.519992,08:00:27:8a:0d:75,0,0,,,0,0.0,0,0.0,0.0,,0.0
1785317013.519992,08:00:27:a5:9e:2d,0,0,,,0,0.0,0,0.0,0.0,,0.0
1785317018.519992,08:00:27:5a:87:bc,0,0,,,0,0.0,0,0.0,0.0,,0.0
1785317018.519992,08:00:27:8a:0d:75,0,0,,,0,0.0,0,0.0,0.0,,0.0
1785317018.519992,08:00:27:a5:9e:2d,0,0,,,0,0.0,0,0.0,0.0,,0.0
1785317023.519992,08:00:27:5a:87:bc,0,0,,,0,0.0,0,0.0,0.0,,0.0
1785317023.519992,08:00:27:8a:0d:75,0,0,,,0,0.0,0,0.0,0.0,,0.0
1785317023.519992,08:00:27:a5:9e:2d,0,0,,,0,0.0,0,0.0,0.0,,0.0
1785317028.519992,08:00:27:5a:87:bc,0,0,,,0,0.0,0,0.0,0.0,,0.0
1785317028.519992,08:00:27:8a:0d:75,0,0,,,0,0.0,0,0.0,0.0,,0.0
1785317028.519992,08:00:27:a5:9e:2d,0,0,,,0,0.0,0,0.0,0.0,,0.0
1785317033.519992,08:00:27:5a:87:bc,0,0,,,0,0.0,0,0.0,0.0,,0.0
1785317033.519992,08:00:27:8a:0d:75,0,0,,,0,0.0,0,0.0,0.0,,0.0
1785317033.519992,08:00:27:a5:9e:2d,0,0,,,0,0.0,0,0.0,0.0,,0.0
1785317038.519992,08:00:27:5a:87:bc,0,0,,,0,0.0,0,0.0,0.0,,0.0
1785317038.519992,08:00:27:8a:0d:75,0,0,,,0,0.0,0,0.0,0.0,,0.0
1785317038.519992,08:00:27:a5:9e:2d,0,0,,,0,0.0,0,0.0,0.0,,0.0
1785317043.519992,08:00:27:5a:87:bc,0,0,,,0,0.0,0,0.0,0.0,,0.0
1785317043.519992,08:00:27:8a:0d:75,0,0,,,0,0.0,0,0.0,0.0,,0.0
1785317043.519992,08:00:27:a5:9e:2d,0,0,,,0,0.0,0,0.0,0.0,,0.0
1785317048.519992,08:00:27:5a:87:bc,0,0,,,0,0.0,0,0.0,0.0,,0.0
1785317048.519992,08:00:27:8a:0d:75,0,0,,,0,0.0,0,0.0,0.0,,0.0
1785317048.519992,08:00:27:a5:9e:2d,0,0,,,0,0.0,0,0.0,0.0,,0.0
1785317053.519992,08:00:27:5a:87:bc,0,0,,,0,0.0,0,0.0,0.0,,0.0
1785317053.519992,08:00:27:8a:0d:75,0,0,,,0,0.0,0,0.0,0.0,,0.0
1785317053.519992,08:00:27:a5:9e:2d,0,0,,,0,0.0,0,0.0,0.0,,0.0
1785317058.519992,08:00:27:5a:87:bc,0,0,,,0,0.0,0,0.0,0.0,,0.0
1785317058.519992,08:00:27:8a:0d:75,0,0,,,0,0.0,0,0.0,0.0,,0.0
1785317058.519992,08:00:27:a5:9e:2d,0,0,,,0,0.0,0,0.0,0.0,,0.0
1785317063.519992,08:00:27:5a:87:bc,0,0,,,0,0.0,0,0.0,0.0,,0.0
1785317063.519992,08:00:27:8a:0d:75,0,0,,,0,0.0,0,0.0,0.0,,0.0
1785317063.519992,08:00:27:a5:9e:2d,0,0,,,0,0.0,0,0.0,0.0,,0.0
1785317068.519992,08:00:27:5a:87:bc,0,0,,,0,0.0,0,0.0,0.0,,0.0
1785317068.519992,08:00:27:8a:0d:75,0,0,,,0,0.0,0,0.0,0.0,,0.0
1785317068.519992,08:00:27:a5:9e:2d,0,0,,,0,0.0,0,0.0,0.0,,0.0
1785317073.519992,08:00:27:5a:87:bc,0,0,,,0,0.0,0,0.0,0.0,,0.0
1785317073.519992,08:00:27:8a:0d:75,0,0,,,0,0.0,0,0.0,0.0,,0.0
1785317073.519992,08:00:27:a5:9e:2d,0,0,,,0,0.0,0,0.0,0.0,,0.0
1785317078.519992,08:00:27:5a:87:bc,0,0,,,0,0.0,0,0.0,0.0,,0.0
1785317078.519992,08:00:27:8a:0d:75,0,0,,,0,0.0,0,0.0,0.0,,0.0
1785317078.519992,08:00:27:a5:9e:2d,0,0,,,0,0.0,0,0.0,0.0,,0.0
1785317083.519992,08:00:27:5a:87:bc,0,0,,,0,0.0,0,0.0,0.0,,0.0
1785317083.519992,08:00:27:8a:0d:75,0,0,,,0,0.0,0,0.0,0.0,,0.0
1785317083.519992,08:00:27:a5:9e:2d,0,0,,,0,0.0,0,0.0,0.0,,0.0
1785317088.519992,08:00:27:5a:87:bc,0,0,,,0,0.0,0,0.0,0.0,,0.0
1785317088.519992,08:00:27:8a:0d:75,0,0,,,0,0.0,0,0.0,0.0,,0.0
1785317088.519992,08:00:27:a5:9e:2d,0,0,,,0,0.0,0,0.0,0.0,,0.0
1785317093.519992,08:00:27:5a:87:bc,0,0,,,0,0.0,0,0.0,0.0,,0.0
1785317093.519992,08:00:27:8a:0d:75,0,0,,,0,0.0,0,0.0,0.0,,0.0
1785317093.519992,08:00:27:a5:9e:2d,0,0,,,0,0.0,0,0.0,0.0,,0.0
1785317098.519992,08:00:27:5a:87:bc,0,0,,,0,0.0,0,0.0,0.0,,0.0
1785317098.519992,08:00:27:8a:0d:75,0,0,,,0,0.0,0,0.0,0.0,,0.0
1785317098.519992,08:00:27:a5:9e:2d,0,0,,,0,0.0,0,0.0,0.0,,0.0
1785317103.519992,08:00:27:5a:87:bc,0,0,,,0,0.0,0,0.0,0.0,,0.0
1785317103.519992,08:00:27:8a:0d:75,0,0,,,0,0.0,0,0.0,0.0,,0.0
1785317103.519992,08:00:27:a5:9e:2d,0,0,,,0,0.0,0,0.0,0.0,,0.0
1785317108.519992,08:00:27:5a:87:bc,0,0,,,0,0.0,0,0.0,0.0,,0.0
1785317108.519992,08:00:27:8a:0d:75,0,0,,,0,0.0,0,0.0,0.0,,0.0
1785317108.519992,08:00:27:a5:9e:2d,0,0,,,0,0.0,0,0.0,0.0,,0.0
1785317113.519992,08:00:27:5a:87:bc,0,0,,,0,0.0,0,0.0,0.0,,0.0
1785317113.519992,08:00:27:8a:0d:75,0,0,,,0,0.0,0,0.0,0.0,,0.0
1785317113.519992,08:00:27:a5:9e:2d,0,0,,,0,0.0,0,0.0,0.0,,0.0
1785317118.519992,08:00:27:5a:87:bc,0,0,,,0,0.0,0,0.0,0.0,,0.0
1785317118.519992,08:00:27:8a:0d:75,0,0,,,0,0.0,0,0.0,0.0,,0.0
1785317118.519992,08:00:27:a5:9e:2d,0,0,,,0,0.0,0,0.0,0.0,,0.0
1785317123.519992,08:00:27:5a:87:bc,0,0,,,0,0.0,0,0.0,0.0,,0.0
1785317123.519992,08:00:27:8a:0d:75,0,0,,,0,0.0,0,0.0,0.0,,0.0
1785317123.519992,08:00:27:a5:9e:2d,0,0,,,0,0.0,0,0.0,0.0,,0.0
1785317128.519992,08:00:27:5a:87:bc,0,0,,,0,0.0,0,0.0,0.0,,0.0
1785317128.519992,08:00:27:8a:0d:75,0,0,,,0,0.0,0,0.0,0.0,,0.0
1785317128.519992,08:00:27:a5:9e:2d,0,0,,,0,0.0,0,0.0,0.0,,0.0
1785317133.519992,08:00:27:5a:87:bc,0,0,,,0,0.0,0,0.0,0.0,,0.0
1785317133.519992,08:00:27:8a:0d:75,0,0,,,0,0.0,0,0.0,0.0,,0.0
1785317133.519992,08:00:27:a5:9e:2d,0,0,,,0,0.0,0,0.0,0.0,,0.0
1785317138.519992,08:00:27:5a:87:bc,0,0,,,0,0.0,0,0.0,0.0,,0.0
1785317138.519992,08:00:27:8a:0d:75,0,0,,,0,0.0,0,0.0,0.0,,0.0
1785317138.519992,08:00:27:a5:9e:2d,0,0,,,0,0.0,0,0.0,0.0,,0.0
1785317143.519992,08:00:27:5a:87:bc,0,0,,,0,0.0,0,0.0,0.0,,0.0
1785317143.519992,08:00:27:8a:0d:75,0,0,,,0,0.0,0,0.0,0.0,,0.0
1785317143.519992,08:00:27:a5:9e:2d,0,0,,,0,0.0,0,0.0,0.0,,0.0
1785317148.519992,08:00:27:5a:87:bc,0,0,,,0,0.0,0,0.0,0.0,,0.0
1785317148.519992,08:00:27:8a:0d:75,0,0,,,0,0.0,0,0.0,0.0,,0.0
1785317148.519992,08:00:27:a5:9e:2d,0,0,,,0,0.0,0,0.0,0.0,,0.0
1785317153.519992,08:00:27:5a:87:bc,0,0,,,0,0.0,0,0.0,0.0,,0.0
1785317153.519992,08:00:27:8a:0d:75,0,0,,,0,0.0,0,0.0,0.0,,0.0
1785317153.519992,08:00:27:a5:9e:2d,0,0,,,0,0.0,0,0.0,0.0,,0.0
1785317158.519992,08:00:27:5a:87:bc,0,0,,,0,0.0,0,0.0,0.0,,0.0
1785317158.519992,08:00:27:8a:0d:75,0,0,,,0,0.0,0,0.0,0.0,,0.0
1785317158.519992,08:00:27:a5:9e:2d,0,0,,,0,0.0,0,0.0,0.0,,0.0
1785317163.519992,08:00:27:5a:87:bc,0,0,,,0,0.0,0,0.0,0.0,,0.0
1785317163.519992,08:00:27:8a:0d:75,0,0,,,0,0.0,0,0.0,0.0,,0.0
1785317163.519992,08:00:27:a5:9e:2d,0,0,,,0,0.0,0,0.0,0.0,,0.0
1785317168.519992,08:00:27:5a:87:bc,0,0,,,0,0.0,0,0.0,0.0,,0.0
1785317168.519992,08:00:27:8a:0d:75,0,0,,,0,0.0,0,0.0,0.0,,0.0
1785317168.519992,08:00:27:a5:9e:2d,0,0,,,0,0.0,0,0.0,0.0,,0.0
1785317173.519992,08:00:27:5a:87:bc,0,0,,,0,0.0,0,0.0,0.0,,0.0
1785317173.519992,08:00:27:8a:0d:75,0,0,,,0,0.0,0,0.0,0.0,,0.0
1785317173.519992,08:00:27:a5:9e:2d,0,0,,,0,0.0,0,0.0,0.0,,0.0
1785317178.519992,08:00:27:5a:87:bc,0,0,,,0,0.0,0,0.0,0.0,,0.0
1785317178.519992,08:00:27:8a:0d:75,0,0,,,0,0.0,0,0.0,0.0,,0.0
1785317178.519992,08:00:27:a5:9e:2d,0,0,,,0,0.0,0,0.0,0.0,,0.0
1785317183.519992,08:00:27:5a:87:bc,0,0,,,0,0.0,0,0.0,0.0,,0.0
1785317183.519992,08:00:27:8a:0d:75,0,0,,,0,0.0,0,0.0,0.0,,0.0
1785317183.519992,08:00:27:a5:9e:2d,0,0,,,0,0.0,0,0.0,0.0,,0.0
1785317188.519992,08:00:27:5a:87:bc,0,0,,,0,0.0,0,0.0,0.0,,0.0
1785317188.519992,08:00:27:8a:0d:75,0,0,,,0,0.0,0,0.0,0.0,,0.0
1785317188.519992,08:00:27:a5:9e:2d,0,0,,,0,0.0,0,0.0,0.0,,0.0
1785317193.519992,08:00:27:5a:87:bc,0,0,,,0,0.0,0,0.0,0.0,,0.0
1785317193.519992,08:00:27:8a:0d:75,0,0,,,0,0.0,0,0.0,0.0,,0.0
1785317193.519992,08:00:27:a5:9e:2d,0,0,,,0,0.0,0,0.0,0.0,,0.0
1785317198.519992,08:00:27:5a:87:bc,0,0,,,0,0.0,0,0.0,0.0,,0.0
1785317198.519992,08:00:27:8a:0d:75,0,0,,,0,0.0,0,0.0,0.0,,0.0
1785317198.519992,08:00:27:a5:9e:2d,0,0,,,0,0.0,0,0.0,0.0,,0.0
1785317203.519992,08:00:27:5a:87:bc,0,0,,,0,0.0,0,0.0,0.0,,0.0
1785317203.519992,08:00:27:8a:0d:75,0,0,,,0,0.0,0,0.0,0.0,,0.0
1785317203.519992,08:00:27:a5:9e:2d,0,0,,,0,0.0,0,0.0,0.0,,0.0
1785317208.519992,08:00:27:5a:87:bc,0,0,,,0,0.0,0,0.0,0.0,,0.0
1785317208.519992,08:00:27:8a:0d:75,0,0,,,0,0.0,0,0.0,0.0,,0.0
1785317208.519992,08:00:27:a5:9e:2d,0,0,,,0,0.0,0,0.0,0.0,,0.0
1785317213.519992,08:00:27:5a:87:bc,0,0,,,0,0.0,0,0.0,0.0,,0.0
1785317213.519992,08:00:27:8a:0d:75,0,0,,,0,0.0,0,0.0,0.0,,0.0
1785317213.519992,08:00:27:a5:9e:2d,0,0,,,0,0.0,0,0.0,0.0,,0.0
1785317218.519992,08:00:27:5a:87:bc,0,0,,,0,0.0,0,0.0,0.0,,0.0
1785317218.519992,08:00:27:8a:0d:75,0,0,,,0,0.0,0,0.0,0.0,,0.0
1785317218.519992,08:00:27:a5:9e:2d,0,0,,,0,0.0,0,0.0,0.0,,0.0
1785317223.519992,08:00:27:5a:87:bc,0,0,,,0,0.0,0,0.0,0.0,,0.0
1785317223.519992,08:00:27:8a:0d:75,0,0,,,0,0.0,0,0.0,0.0,,0.0
1785317223.519992,08:00:27:a5:9e:2d,0,0,,,0,0.0,0,0.0,0.0,,0.0
1785317228.519992,08:00:27:5a:87:bc,0,0,,,0,0.0,0,0.0,0.0,,0.0
1785317228.519992,08:00:27:8a:0d:75,0,0,,,0,0.0,0,0.0,0.0,,0.0
1785317228.519992,08:00:27:a5:9e:2d,0,0,,,0,0.0,0,0.0,0.0,,0.0
1785317233.519992,08:00:27:5a:87:bc,0,0,,,0,0.0,0,0.0,0.0,,0.0
1785317233.519992,08:00:27:8a:0d:75,0,0,,,0,0.0,0,0.0,0.0,,0.0
1785317233.519992,08:00:27:a5:9e:2d,0,0,,,0,0.0,0,0.0,0.0,,0.0
1785317238.519992,08:00:27:5a:87:bc,0,0,,,0,0.0,0,0.0,0.0,,0.0
1785317238.519992,08:00:27:8a:0d:75,0,0,,,0,0.0,0,0.0,0.0,,0.0
1785317238.519992,08:00:27:a5:9e:2d,0,0,,,0,0.0,0,0.0,0.0,,0.0
1785317243.519992,08:00:27:5a:87:bc,0,0,,,0,0.0,0,0.0,0.0,,0.0
1785317243.519992,08:00:27:8a:0d:75,0,0,,,0,0.0,0,0.0,0.0,,0.0
1785317243.519992,08:00:27:a5:9e:2d,0,0,,,0,0.0,0,0.0,0.0,,0.0
1785317248.519992,08:00:27:5a:87:bc,0,0,,,0,0.0,0,0.0,0.0,,0.0
1785317248.519992,08:00:27:8a:0d:75,0,0,,,0,0.0,0,0.0,0.0,,0.0
1785317248.519992,08:00:27:a5:9e:2d,0,0,,,0,0.0,0,0.0,0.0,,0.0
1785317253.519992,08:00:27:5a:87:bc,0,0,,,0,0.0,0,0.0,0.0,,0.0
1785317253.519992,08:00:27:8a:0d:75,0,0,,,0,0.0,0,0.0,0.0,,0.0
1785317253.519992,08:00:27:a5:9e:2d,0,0,,,0,0.0,0,0.0,0.0,,0.0
1785317258.519992,08:00:27:5a:87:bc,0,0,,,0,0.0,0,0.0,0.0,,0.0
1785317258.519992,08:00:27:8a:0d:75,0,0,,,0,0.0,0,0.0,0.0,,0.0
1785317258.519992,08:00:27:a5:9e:2d,0,0,,,0,0.0,0,0.0,0.0,,0.0
1785317263.519992,08:00:27:5a:87:bc,0,0,,,0,0.0,0,0.0,0.0,,0.0
1785317263.519992,08:00:27:8a:0d:75,0,0,,,0,0.0,0,0.0,0.0,,0.0
1785317263.519992,08:00:27:a5:9e:2d,0,0,,,0,0.0,0,0.0,0.0,,0.0
1785317268.519992,08:00:27:5a:87:bc,0,0,,,0,0.0,0,0.0,0.0,,0.0
1785317268.519992,08:00:27:8a:0d:75,0,0,,,0,0.0,0,0.0,0.0,,0.0
1785317268.519992,08:00:27:a5:9e:2d,0,0,,,0,0.0,0,0.0,0.0,,0.0
1785317273.519992,08:00:27:5a:87:bc,0,0,,,0,0.0,0,0.0,0.0,,0.0
1785317273.519992,08:00:27:8a:0d:75,0,0,,,0,0.0,0,0.0,0.0,,0.0
1785317273.519992,08:00:27:a5:9e:2d,0,0,,,0,0.0,0,0.0,0.0,,0.0
1785317278.519992,08:00:27:5a:87:bc,0,0,,,0,0.0,0,0.0,0.0,,0.0
1785317278.519992,08:00:27:8a:0d:75,0,0,,,0,0.0,0,0.0,0.0,,0.0
1785317278.519992,08:00:27:a5:9e:2d,0,0,,,0,0.0,0,0.0,0.0,,0.0
1785317283.519992,08:00:27:5a:87:bc,0,0,,,0,0.0,0,0.0,0.0,,0.0
1785317283.519992,08:00:27:8a:0d:75,0,0,,,0,0.0,0,0.0,0.0,,0.0
1785317283.519992,08:00:27:a5:9e:2d,0,0,,,0,0.0,0,0.0,0.0,,0.0
1785317288.519992,08:00:27:5a:87:bc,0,0,,,0,0.0,0,0.0,0.0,,0.0
1785317288.519992,08:00:27:8a:0d:75,0,0,,,0,0.0,0,0.0,0.0,,0.0
1785317288.519992,08:00:27:a5:9e:2d,0,0,,,0,0.0,0,0.0,0.0,,0.0
1785317293.519992,08:00:27:5a:87:bc,0,0,,,0,0.0,0,0.0,0.0,,0.0
1785317293.519992,08:00:27:8a:0d:75,0,0,,,0,0.0,0,0.0,0.0,,0.0
1785317293.519992,08:00:27:a5:9e:2d,0,0,,,0,0.0,0,0.0,0.0,,0.0
1785317298.519992,08:00:27:5a:87:bc,0,0,,,0,0.0,0,0.0,0.0,,0.0
1785317298.519992,08:00:27:8a:0d:75,0,0,,,0,0.0,0,0.0,0.0,,0.0
1785317298.519992,08:00:27:a5:9e:2d,0,0,,,0,0.0,0,0.0,0.0,,0.0
1785317303.519992,08:00:27:5a:87:bc,0,0,,,0,0.0,0,0.0,0.0,,0.0
1785317303.519992,08:00:27:8a:0d:75,0,0,,,0,0.0,0,0.0,0.0,,0.0
1785317303.519992,08:00:27:a5:9e:2d,0,0,,,0,0.0,0,0.0,0.0,,0.0
1785317308.519992,08:00:27:5a:87:bc,0,0,,,0,0.0,0,0.0,0.0,,0.0
1785317308.519992,08:00:27:8a:0d:75,0,0,,,0,0.0,0,0.0,0.0,,0.0
1785317308.519992,08:00:27:a5:9e:2d,0,0,,,0,0.0,0,0.0,0.0,,0.0
1785317313.519992,08:00:27:5a:87:bc,0,0,,,0,0.0,0,0.0,0.0,,0.0
1785317313.519992,08:00:27:8a:0d:75,0,0,,,0,0.0,0,0.0,0.0,,0.0
1785317313.519992,08:00:27:a5:9e:2d,0,0,,,0,0.0,0,0.0,0.0,,0.0
1785317318.519992,08:00:27:5a:87:bc,0,0,,,0,0.0,0,0.0,0.0,,0.0
1785317318.519992,08:00:27:8a:0d:75,0,0,,,0,0.0,0,0.0,0.0,,0.0
1785317318.519992,08:00:27:a5:9e:2d,0,0,,,0,0.0,0,0.0,0.0,,0.0
1785317323.519992,08:00:27:5a:87:bc,0,0,,,0,0.0,0,0.0,0.0,,0.0
1785317323.519992,08:00:27:8a:0d:75,0,0,,,0,0.0,0,0.0,0.0,,0.0
1785317323.519992,08:00:27:a5:9e:2d,0,0,,,0,0.0,0,0.0,0.0,,0.0
1785317328.519992,08:00:27:5a:87:bc,0,0,,,0,0.0,0,0.0,0.0,,0.0
1785317328.519992,08:00:27:8a:0d:75,0,0,,,0,0.0,0,0.0,0.0,,0.0
1785317328.519992,08:00:27:a5:9e:2d,0,0,,,0,0.0,0,0.0,0.0,,0.0
1785317333.519992,08:00:27:5a:87:bc,0,0,,,0,0.0,0,0.0,0.0,,0.0
1785317333.519992,08:00:27:8a:0d:75,0,0,,,0,0.0,0,0.0,0.0,,0.0
1785317333.519992,08:00:27:a5:9e:2d,0,0,,,0,0.0,0,0.0,0.0,,0.0
1785317338.519992,08:00:27:5a:87:bc,0,0,,,0,0.0,0,0.0,0.0,,0.0
1785317338.519992,08:00:27:8a:0d:75,0,0,,,0,0.0,0,0.0,0.0,,0.0
1785317338.519992,08:00:27:a5:9e:2d,0,0,,,0,0.0,0,0.0,0.0,,0.0
1785317343.519992,08:00:27:5a:87:bc,0,0,,,0,0.0,0,0.0,0.0,,0.0
1785317343.519992,08:00:27:8a:0d:75,0,0,,,0,0.0,0,0.0,0.0,,0.0
1785317343.519992,08:00:27:a5:9e:2d,0,0,,,0,0.0,0,0.0,0.0,,0.0
1785317348.519992,08:00:27:5a:87:bc,0,0,,,0,0.0,0,0.0,0.0,,0.0
1785317348.519992,08:00:27:8a:0d:75,0,0,,,0,0.0,0,0.0,0.0,,0.0
1785317348.519992,08:00:27:a5:9e:2d,0,0,,,0,0.0,0,0.0,0.0,,0.0
1785317353.519992,08:00:27:5a:87:bc,0,0,,,0,0.0,0,0.0,0.0,,0.0
1785317353.519992,08:00:27:8a:0d:75,0,0,,,0,0.0,0,0.0,0.0,,0.0
1785317353.519992,08:00:27:a5:9e:2d,0,0,,,0,0.0,0,0.0,0.0,,0.0
1785317358.519992,08:00:27:5a:87:bc,0,0,,,0,0.0,0,0.0,0.0,,0.0
1785317358.519992,08:00:27:8a:0d:75,0,0,,,0,0.0,0,0.0,0.0,,0.0
1785317358.519992,08:00:27:a5:9e:2d,0,0,,,0,0.0,0,0.0,0.0,,0.0
1785317363.519992,08:00:27:5a:87:bc,0,0,,,0,0.0,0,0.0,0.0,,0.0
1785317363.519992,08:00:27:8a:0d:75,0,0,,,0,0.0,0,0.0,0.0,,0.0
1785317363.519992,08:00:27:a5:9e:2d,0,0,,,0,0.0,0,0.0,0.0,,0.0
1785317368.519992,08:00:27:5a:87:bc,0,0,,,0,0.0,0,0.0,0.0,,0.0
1785317368.519992,08:00:27:8a:0d:75,0,0,,,0,0.0,0,0.0,0.0,,0.0
1785317368.519992,08:00:27:a5:9e:2d,0,0,,,0,0.0,0,0.0,0.0,,0.0
1785317373.519992,08:00:27:5a:87:bc,0,0,,,0,0.0,0,0.0,0.0,,0.0
1785317373.519992,08:00:27:8a:0d:75,0,0,,,0,0.0,0,0.0,0.0,,0.0
1785317373.519992,08:00:27:a5:9e:2d,0,0,,,0,0.0,0,0.0,0.0,,0.0
1785317378.519992,08:00:27:5a:87:bc,0,0,,,0,0.0,0,0.0,0.0,,0.0
1785317378.519992,08:00:27:8a:0d:75,0,0,,,0,0.0,0,0.0,0.0,,0.0
1785317378.519992,08:00:27:a5:9e:2d,0,0,,,0,0.0,0,0.0,0.0,,0.0
1785317383.519992,08:00:27:5a:87:bc,0,0,,,0,0.0,0,0.0,0.0,,0.0
1785317383.519992,08:00:27:8a:0d:75,0,0,,,0,0.0,0,0.0,0.0,,0.0
1785317383.519992,08:00:27:a5:9e:2d,0,0,,,0,0.0,0,0.0,0.0,,0.0
1785317388.519992,08:00:27:5a:87:bc,0,0,,,0,0.0,0,0.0,0.0,,0.0
1785317388.519992,08:00:27:8a:0d:75,0,0,,,0,0.0,0,0.0,0.0,,0.0
1785317388.519992,08:00:27:a5:9e:2d,0,0,,,0,0.0,0,0.0,0.0,,0.0
1785317393.519992,08:00:27:5a:87:bc,0,0,,,0,0.0,0,0.0,0.0,,0.0
1785317393.519992,08:00:27:8a:0d:75,0,0,,,0,0.0,0,0.0,0.0,,0.0
1785317393.519992,08:00:27:a5:9e:2d,0,0,,,0,0.0,0,0.0,0.0,,0.0
1785317398.519992,08:00:27:5a:87:bc,0,0,,,0,0.0,0,0.0,0.0,,0.0
1785317398.519992,08:00:27:8a:0d:75,0,0,,,0,0.0,0,0.0,0.0,,0.0
1785317398.519992,08:00:27:a5:9e:2d,0,0,,,0,0.0,0,0.0,0.0,,0.0
1785317403.519992,08:00:27:5a:87:bc,0,0,,,0,0.0,0,0.0,0.0,,0.0
1785317403.519992,08:00:27:8a:0d:75,0,0,,,0,0.0,0,0.0,0.0,,0.0
1785317403.519992,08:00:27:a5:9e:2d,0,0,,,0,0.0,0,0.0,0.0,,0.0
1785317408.519992,08:00:27:5a:87:bc,0,0,,,0,0.0,0,0.0,0.0,,0.0
1785317408.519992,08:00:27:8a:0d:75,0,0,,,0,0.0,0,0.0,0.0,,0.0
1785317408.519992,08:00:27:a5:9e:2d,0,0,,,0,0.0,0,0.0,0.0,,0.0
1785317413.519992,08:00:27:5a:87:bc,0,0,,,0,0.0,0,0.0,0.0,,0.0
1785317413.519992,08:00:27:8a:0d:75,0,0,,,0,0.0,0,0.0,0.0,,0.0
1785317413.519992,08:00:27:a5:9e:2d,0,0,,,0,0.0,0,0.0,0.0,,0.0
1785317418.519992,08:00:27:5a:87:bc,0,0,,,0,0.0,0,0.0,0.0,,0.0
1785317418.519992,08:00:27:8a:0d:75,0,0,,,0,0.0,0,0.0,0.0,,0.0
1785317418.519992,08:00:27:a5:9e:2d,0,0,,,0,0.0,0,0.0,0.0,,0.0
1785317423.519992,08:00:27:5a:87:bc,0,0,,,0,0.0,0,0.0,0.0,,0.0
1785317423.519992,08:00:27:8a:0d:75,0,0,,,0,0.0,0,0.0,0.0,,0.0
1785317423.519992,08:00:27:a5:9e:2d,0,0,,,0,0.0,0,0.0,0.0,,0.0
1785317428.519992,08:00:27:5a:87:bc,0,0,,,0,0.0,0,0.0,0.0,,0.0
1785317428.519992,08:00:27:8a:0d:75,0,0,,,0,0.0,0,0.0,0.0,,0.0
1785317428.519992,08:00:27:a5:9e:2d,0,0,,,0,0.0,0,0.0,0.0,,0.0
1785317433.519992,08:00:27:5a:87:bc,0,0,,,0,0.0,0,0.0,0.0,,0.0
1785317433.519992,08:00:27:8a:0d:75,0,0,,,0,0.0,0,0.0,0.0,,0.0
1785317433.519992,08:00:27:a5:9e:2d,0,0,,,0,0.0,0,0.0,0.0,,0.0
1785317438.519992,08:00:27:5a:87:bc,0,0,,,0,0.0,0,0.0,0.0,,0.0
1785317438.519992,08:00:27:8a:0d:75,0,0,,,0,0.0,0,0.0,0.0,,0.0
1785317438.519992,08:00:27:a5:9e:2d,0,0,,,0,0.0,0,0.0,0.0,,0.0
1785317443.519992,08:00:27:5a:87:bc,0,0,,,0,0.0,0,0.0,0.0,,0.0
1785317443.519992,08:00:27:8a:0d:75,0,0,,,0,0.0,0,0.0,0.0,,0.0
1785317443.519992,08:00:27:a5:9e:2d,0,0,,,0,0.0,0,0.0,0.0,,0.0
1785317448.519992,08:00:27:5a:87:bc,0,0,,,0,0.0,0,0.0,0.0,,0.0
1785317448.519992,08:00:27:8a:0d:75,0,0,,,0,0.0,0,0.0,0.0,,0.0
1785317448.519992,08:00:27:a5:9e:2d,0,0,,,0,0.0,0,0.0,0.0,,0.0
1785317453.519992,08:00:27:5a:87:bc,0,0,,,0,0.0,0,0.0,0.0,,0.0
1785317453.519992,08:00:27:8a:0d:75,0,0,,,0,0.0,0,0.0,0.0,,0.0
1785317453.519992,08:00:27:a5:9e:2d,0,0,,,0,0.0,0,0.0,0.0,,0.0
1785317458.519992,08:00:27:5a:87:bc,0,0,,,0,0.0,0,0.0,0.0,,0.0
1785317458.519992,08:00:27:8a:0d:75,0,0,,,0,0.0,0,0.0,0.0,,0.0
1785317458.519992,08:00:27:a5:9e:2d,0,0,,,0,0.0,0,0.0,0.0,,0.0
1785317463.519992,08:00:27:5a:87:bc,0,0,,,0,0.0,0,0.0,0.0,,0.0
1785317463.519992,08:00:27:8a:0d:75,0,0,,,0,0.0,0,0.0,0.0,,0.0
1785317463.519992,08:00:27:a5:9e:2d,0,0,,,0,0.0,0,0.0,0.0,,0.0
1785317468.519992,08:00:27:5a:87:bc,0,0,,,0,0.0,0,0.0,0.0,,0.0
1785317468.519992,08:00:27:8a:0d:75,0,0,,,0,0.0,0,0.0,0.0,,0.0
1785317468.519992,08:00:27:a5:9e:2d,0,0,,,0,0.0,0,0.0,0.0,,0.0
1785317473.519992,08:00:27:5a:87:bc,0,0,,,0,0.0,0,0.0,0.0,,0.0
1785317473.519992,08:00:27:8a:0d:75,0,0,,,0,0.0,0,0.0,0.0,,0.0
1785317473.519992,08:00:27:a5:9e:2d,0,0,,,0,0.0,0,0.0,0.0,,0.0
1785317478.519992,08:00:27:5a:87:bc,0,0,,,0,0.0,0,0.0,0.0,,0.0
1785317478.519992,08:00:27:8a:0d:75,0,0,,,0,0.0,0,0.0,0.0,,0.0
1785317478.519992,08:00:27:a5:9e:2d,0,0,,,0,0.0,0,0.0,0.0,,0.0
1785317483.519992,08:00:27:5a:87:bc,0,0,,,0,0.0,0,0.0,0.0,,0.0
1785317483.519992,08:00:27:8a:0d:75,0,0,,,0,0.0,0,0.0,0.0,,0.0
1785317483.519992,08:00:27:a5:9e:2d,0,0,,,0,0.0,0,0.0,0.0,,0.0
1785317488.519992,08:00:27:5a:87:bc,0,0,,,0,0.0,0,0.0,0.0,,0.0
1785317488.519992,08:00:27:8a:0d:75,0,0,,,0,0.0,0,0.0,0.0,,0.0
1785317488.519992,08:00:27:a5:9e:2d,0,0,,,0,0.0,0,0.0,0.0,,0.0
1785317493.519992,08:00:27:5a:87:bc,0,0,,,0,0.0,0,0.0,0.0,,0.0
1785317493.519992,08:00:27:8a:0d:75,0,0,,,0,0.0,0,0.0,0.0,,0.0
1785317493.519992,08:00:27:a5:9e:2d,0,0,,,0,0.0,0,0.0,0.0,,0.0
1785317498.519992,08:00:27:5a:87:bc,0,0,,,0,0.0,0,0.0,0.0,,0.0
1785317498.519992,08:00:27:8a:0d:75,0,0,,,0,0.0,0,0.0,0.0,,0.0
1785317498.519992,08:00:27:a5:9e:2d,0,0,,,0,0.0,0,0.0,0.0,,0.0
1785317503.519992,08:00:27:5a:87:bc,0,0,,,0,0.0,0,0.0,0.0,,0.0
1785317503.519992,08:00:27:8a:0d:75,0,0,,,0,0.0,0,0.0,0.0,,0.0
1785317503.519992,08:00:27:a5:9e:2d,0,0,,,0,0.0,0,0.0,0.0,,0.0
1785317508.519992,08:00:27:5a:87:bc,0,0,,,0,0.0,0,0.0,0.0,,0.0
1785317508.519992,08:00:27:8a:0d:75,0,0,,,0,0.0,0,0.0,0.0,,0.0
1785317508.519992,08:00:27:a5:9e:2d,0,0,,,0,0.0,0,0.0,0.0,,0.0
1785317513.519992,08:00:27:5a:87:bc,0,0,,,0,0.0,0,0.0,0.0,,0.0
1785317513.519992,08:00:27:8a:0d:75,0,0,,,0,0.0,0,0.0,0.0,,0.0
1785317513.519992,08:00:27:a5:9e:2d,0,0,,,0,0.0,0,0.0,0.0,,0.0
1785317518.519992,08:00:27:5a:87:bc,0,0,,,0,0.0,0,0.0,0.0,,0.0
1785317518.519992,08:00:27:8a:0d:75,0,0,,,0,0.0,0,0.0,0.0,,0.0
1785317518.519992,08:00:27:a5:9e:2d,0,0,,,0,0.0,0,0.0,0.0,,0.0
1785317523.519992,08:00:27:5a:87:bc,0,0,,,0,0.0,0,0.0,0.0,,0.0
1785317523.519992,08:00:27:8a:0d:75,0,0,,,0,0.0,0,0.0,0.0,,0.0
1785317523.519992,08:00:27:a5:9e:2d,0,0,,,0,0.0,0,0.0,0.0,,0.0
1785317528.519992,08:00:27:5a:87:bc,0,0,,,0,0.0,0,0.0,0.0,,0.0
1785317528.519992,08:00:27:8a:0d:75,0,0,,,0,0.0,0,0.0,0.0,,0.0
1785317528.519992,08:00:27:a5:9e:2d,0,0,,,0,0.0,0,0.0,0.0,,0.0
1785317533.519992,08:00:27:5a:87:bc,0,0,,,0,0.0,0,0.0,0.0,,0.0
1785317533.519992,08:00:27:8a:0d:75,0,0,,,0,0.0,0,0.0,0.0,,0.0
1785317533.519992,08:00:27:a5:9e:2d,0,0,,,0,0.0,0,0.0,0.0,,0.0
1785317538.519992,08:00:27:5a:87:bc,0,0,,,0,0.0,0,0.0,0.0,,0.0
1785317538.519992,08:00:27:8a:0d:75,0,0,,,0,0.0,0,0.0,0.0,,0.0
1785317538.519992,08:00:27:a5:9e:2d,0,0,,,0,0.0,0,0.0,0.0,,0.0
1785317543.519992,08:00:27:5a:87:bc,0,0,,,0,0.0,0,0.0,0.0,,0.0
1785317543.519992,08:00:27:8a:0d:75,0,0,,,0,0.0,0,0.0,0.0,,0.0
1785317543.519992,08:00:27:a5:9e:2d,0,0,,,0,0.0,0,0.0,0.0,,0.0
1785317548.519992,08:00:27:5a:87:bc,0,0,,,0,0.0,0,0.0,0.0,,0.0
1785317548.519992,08:00:27:8a:0d:75,0,0,,,0,0.0,0,0.0,0.0,,0.0
1785317548.519992,08:00:27:a5:9e:2d,0,0,,,0,0.0,0,0.0,0.0,,0.0
1785317553.519992,08:00:27:5a:87:bc,0,0,,,0,0.0,0,0.0,0.0,,0.0
1785317553.519992,08:00:27:8a:0d:75,0,0,,,0,0.0,0,0.0,0.0,,0.0
1785317553.519992,08:00:27:a5:9e:2d,0,0,,,0,0.0,0,0.0,0.0,,0.0
1785317558.519992,08:00:27:5a:87:bc,0,0,,,0,0.0,0,0.0,0.0,,0.0
1785317558.519992,08:00:27:8a:0d:75,0,0,,,0,0.0,0,0.0,0.0,,0.0
1785317558.519992,08:00:27:a5:9e:2d,0,0,,,0,0.0,0,0.0,0.0,,0.0
1785317563.519992,08:00:27:5a:87:bc,0,0,,,0,0.0,0,0.0,0.0,,0.0
1785317563.519992,08:00:27:8a:0d:75,0,0,,,0,0.0,0,0.0,0.0,,0.0
1785317563.519992,08:00:27:a5:9e:2d,0,0,,,0,0.0,0,0.0,0.0,,0.0
1785317568.519992,08:00:27:5a:87:bc,0,0,,,0,0.0,0,0.0,0.0,,0.0
1785317568.519992,08:00:27:8a:0d:75,0,0,,,0,0.0,0,0.0,0.0,,0.0
1785317568.519992,08:00:27:a5:9e:2d,0,0,,,0,0.0,0,0.0,0.0,,0.0
1785317573.519992,08:00:27:5a:87:bc,0,0,,,0,0.0,0,0.0,0.0,,0.0
1785317573.519992,08:00:27:8a:0d:75,0,0,,,0,0.0,0,0.0,0.0,,0.0
1785317573.519992,08:00:27:a5:9e:2d,0,0,,,0,0.0,0,0.0,0.0,,0.0
1785317578.519992,08:00:27:5a:87:bc,0,0,,,0,0.0,0,0.0,0.0,,0.0
1785317578.519992,08:00:27:8a:0d:75,0,0,,,0,0.0,0,0.0,0.0,,0.0
1785317578.519992,08:00:27:a5:9e:2d,0,0,,,0,0.0,0,0.0,0.0,,0.0
1785317583.519992,08:00:27:5a:87:bc,0,0,,,0,0.0,0,0.0,0.0,,0.0
1785317583.519992,08:00:27:8a:0d:75,0,0,,,0,0.0,0,0.0,0.0,,0.0
1785317583.519992,08:00:27:a5:9e:2d,0,0,,,0,0.0,0,0.0,0.0,,0.0
1785317588.519992,08:00:27:5a:87:bc,0,0,,,0,0.0,0,0.0,0.0,,0.0
1785317588.519992,08:00:27:8a:0d:75,0,0,,,0,0.0,0,0.0,0.0,,0.0
1785317588.519992,08:00:27:a5:9e:2d,0,0,,,0,0.0,0,0.0,0.0,,0.0
1785317593.519992,08:00:27:5a:87:bc,0,0,,,0,0.0,0,0.0,0.0,,0.0
1785317593.519992,08:00:27:8a:0d:75,0,0,,,0,0.0,0,0.0,0.0,,0.0
1785317593.519992,08:00:27:a5:9e:2d,0,0,,,0,0.0,0,0.0,0.0,,0.0
1785317598.519992,08:00:27:5a:87:bc,0,0,,,0,0.0,0,0.0,0.0,,0.0
1785317598.519992,08:00:27:8a:0d:75,0,0,,,0,0.0,0,0.0,0.0,,0.0
1785317598.519992,08:00:27:a5:9e:2d,0,0,,,0,0.0,0,0.0,0.0,,0.0
1785317603.519992,08:00:27:5a:87:bc,0,0,,,0,0.0,0,0.0,0.0,,0.0
1785317603.519992,08:00:27:8a:0d:75,0,0,,,0,0.0,0,0.0,0.0,,0.0
1785317603.519992,08:00:27:a5:9e:2d,0,0,,,0,0.0,0,0.0,0.0,,0.0
1785317608.519992,08:00:27:5a:87:bc,0,0,,,0,0.0,0,0.0,0.0,,0.0
1785317608.519992,08:00:27:8a:0d:75,0,0,,,0,0.0,0,0.0,0.0,,0.0
1785317608.519992,08:00:27:a5:9e:2d,0,0,,,0,0.0,0,0.0,0.0,,0.0
1785317613.519992,08:00:27:5a:87:bc,0,0,,,0,0.0,0,0.0,0.0,,0.0
1785317613.519992,08:00:27:8a:0d:75,0,0,,,0,0.0,0,0.0,0.0,,0.0
1785317613.519992,08:00:27:a5:9e:2d,0,0,,,0,0.0,0,0.0,0.0,,0.0
1785317618.519992,08:00:27:5a:87:bc,0,0,,,0,0.0,0,0.0,0.0,,0.0
1785317618.519992,08:00:27:8a:0d:75,0,0,,,0,0.0,0,0.0,0.0,,0.0
1785317618.519992,08:00:27:a5:9e:2d,0,0,,,0,0.0,0,0.0,0.0,,0.0
1785317623.519992,08:00:27:5a:87:bc,0,0,,,0,0.0,0,0.0,0.0,,0.0
1785317623.519992,08:00:27:8a:0d:75,0,0,,,0,0.0,0,0.0,0.0,,0.0
1785317623.519992,08:00:27:a5:9e:2d,0,0,,,0,0.0,0,0.0,0.0,,0.0
1785317628.519992,08:00:27:5a:87:bc,0,0,,,0,0.0,0,0.0,0.0,,0.0
1785317628.519992,08:00:27:8a:0d:75,0,0,,,0,0.0,0,0.0,0.0,,0.0
1785317628.519992,08:00:27:a5:9e:2d,0,0,,,0,0.0,0,0.0,0.0,,0.0
1785317633.519992,08:00:27:5a:87:bc,0,0,,,0,0.0,0,0.0,0.0,,0.0
1785317633.519992,08:00:27:8a:0d:75,0,0,,,0,0.0,0,0.0,0.0,,0.0
1785317633.519992,08:00:27:a5:9e:2d,0,0,,,0,0.0,0,0.0,0.0,,0.0
1785317638.519992,08:00:27:5a:87:bc,0,0,,,0,0.0,0,0.0,0.0,,0.0
1785317638.519992,08:00:27:8a:0d:75,0,0,,,0,0.0,0,0.0,0.0,,0.0
1785317638.519992,08:00:27:a5:9e:2d,0,0,,,0,0.0,0,0.0,0.0,,0.0
1785317643.519992,08:00:27:5a:87:bc,0,0,,,0,0.0,0,0.0,0.0,,0.0
1785317643.519992,08:00:27:8a:0d:75,0,0,,,0,0.0,0,0.0,0.0,,0.0
1785317643.519992,08:00:27:a5:9e:2d,0,0,,,0,0.0,0,0.0,0.0,,0.0
1785317648.519992,08:00:27:5a:87:bc,0,0,,,0,0.0,0,0.0,0.0,,0.0
1785317648.519992,08:00:27:8a:0d:75,0,0,,,0,0.0,0,0.0,0.0,,0.0
1785317648.519992,08:00:27:a5:9e:2d,0,0,,,0,0.0,0,0.0,0.0,,0.0
1785317653.519992,08:00:27:5a:87:bc,0,0,,,0,0.0,0,0.0,0.0,,0.0
1785317653.519992,08:00:27:8a:0d:75,0,0,,,0,0.0,0,0.0,0.0,,0.0
1785317653.519992,08:00:27:a5:9e:2d,0,0,,,0,0.0,0,0.0,0.0,,0.0
1785317658.519992,08:00:27:5a:87:bc,0,0,,,0,0.0,0,0.0,0.0,,0.0
1785317658.519992,08:00:27:8a:0d:75,0,0,,,0,0.0,0,0.0,0.0,,0.0
1785317658.519992,08:00:27:a5:9e:2d,0,0,,,0,0.0,0,0.0,0.0,,0.0
1785317663.519992,08:00:27:5a:87:bc,0,0,,,0,0.0,0,0.0,0.0,,0.0
1785317663.519992,08:00:27:8a:0d:75,0,0,,,0,0.0,0,0.0,0.0,,0.0
1785317663.519992,08:00:27:a5:9e:2d,0,0,,,0,0.0,0,0.0,0.0,,0.0
1785317668.519992,08:00:27:5a:87:bc,0,0,,,0,0.0,0,0.0,0.0,,0.0
1785317668.519992,08:00:27:8a:0d:75,0,0,,,0,0.0,0,0.0,0.0,,0.0
1785317668.519992,08:00:27:a5:9e:2d,0,0,,,0,0.0,0,0.0,0.0,,0.0
1785317673.519992,08:00:27:5a:87:bc,0,0,,,0,0.0,0,0.0,0.0,,0.0
1785317673.519992,08:00:27:8a:0d:75,0,0,,,0,0.0,0,0.0,0.0,,0.0
1785317673.519992,08:00:27:a5:9e:2d,0,0,,,0,0.0,0,0.0,0.0,,0.0
1785317678.519992,08:00:27:5a:87:bc,0,0,,,0,0.0,0,0.0,0.0,,0.0
1785317678.519992,08:00:27:8a:0d:75,0,0,,,0,0.0,0,0.0,0.0,,0.0
1785317678.519992,08:00:27:a5:9e:2d,0,0,,,0,0.0,0,0.0,0.0,,0.0
1785317683.519992,08:00:27:5a:87:bc,0,0,,,0,0.0,0,0.0,0.0,,0.0
1785317683.519992,08:00:27:8a:0d:75,0,0,,,0,0.0,0,0.0,0.0,,0.0
1785317683.519992,08:00:27:a5:9e:2d,0,0,,,0,0.0,0,0.0,0.0,,0.0
1785317688.519992,08:00:27:5a:87:bc,0,0,,,0,0.0,0,0.0,0.0,,0.0
1785317688.519992,08:00:27:8a:0d:75,0,0,,,0,0.0,0,0.0,0.0,,0.0
1785317688.519992,08:00:27:a5:9e:2d,0,0,,,0,0.0,0,0.0,0.0,,0.0
1785317693.519992,08:00:27:5a:87:bc,0,0,,,0,0.0,0,0.0,0.0,,0.0
1785317693.519992,08:00:27:8a:0d:75,0,0,,,0,0.0,0,0.0,0.0,,0.0
1785317693.519992,08:00:27:a5:9e:2d,0,0,,,0,0.0,0,0.0,0.0,,0.0
1785317698.519992,08:00:27:5a:87:bc,0,0,,,0,0.0,0,0.0,0.0,,0.0
1785317698.519992,08:00:27:8a:0d:75,0,0,,,0,0.0,0,0.0,0.0,,0.0
1785317698.519992,08:00:27:a5:9e:2d,0,0,,,0,0.0,0,0.0,0.0,,0.0
1785317703.519992,08:00:27:5a:87:bc,0,0,,,0,0.0,0,0.0,0.0,,0.0
1785317703.519992,08:00:27:8a:0d:75,0,0,,,0,0.0,0,0.0,0.0,,0.0
1785317703.519992,08:00:27:a5:9e:2d,0,0,,,0,0.0,0,0.0,0.0,,0.0
1785317708.519992,08:00:27:5a:87:bc,0,0,,,0,0.0,0,0.0,0.0,,0.0
1785317708.519992,08:00:27:8a:0d:75,0,0,,,0,0.0,0,0.0,0.0,,0.0
1785317708.519992,08:00:27:a5:9e:2d,0,0,,,0,0.0,0,0.0,0.0,,0.0
1785317713.519992,08:00:27:5a:87:bc,0,0,,,0,0.0,0,0.0,0.0,,0.0
1785317713.519992,08:00:27:8a:0d:75,0,0,,,0,0.0,0,0.0,0.0,,0.0
1785317713.519992,08:00:27:a5:9e:2d,0,0,,,0,0.0,0,0.0,0.0,,0.0
1785317718.519992,08:00:27:5a:87:bc,0,0,,,0,0.0,0,0.0,0.0,,0.0
1785317718.519992,08:00:27:8a:0d:75,0,0,,,0,0.0,0,0.0,0.0,,0.0
1785317718.519992,08:00:27:a5:9e:2d,0,0,,,0,0.0,0,0.0,0.0,,0.0
1785317723.519992,08:00:27:5a:87:bc,0,0,,,0,0.0,0,0.0,0.0,,0.0
1785317723.519992,08:00:27:8a:0d:75,0,0,,,0,0.0,0,0.0,0.0,,0.0
1785317723.519992,08:00:27:a5:9e:2d,0,0,,,0,0.0,0,0.0,0.0,,0.0
1785317728.519992,08:00:27:5a:87:bc,0,0,,,0,0.0,0,0.0,0.0,,0.0
1785317728.519992,08:00:27:8a:0d:75,0,0,,,0,0.0,0,0.0,0.0,,0.0
1785317728.519992,08:00:27:a5:9e:2d,0,0,,,0,0.0,0,0.0,0.0,,0.0
1785317733.519992,08:00:27:5a:87:bc,0,0,,,0,0.0,0,0.0,0.0,,0.0
1785317733.519992,08:00:27:8a:0d:75,0,0,,,0,0.0,0,0.0,0.0,,0.0
1785317733.519992,08:00:27:a5:9e:2d,0,0,,,0,0.0,0,0.0,0.0,,0.0
1785317738.519992,08:00:27:5a:87:bc,0,0,,,0,0.0,0,0.0,0.0,,0.0
1785317738.519992,08:00:27:8a:0d:75,0,0,,,0,0.0,0,0.0,0.0,,0.0
1785317738.519992,08:00:27:a5:9e:2d,0,0,,,0,0.0,0,0.0,0.0,,0.0
1785317743.519992,08:00:27:5a:87:bc,0,0,,,0,0.0,0,0.0,0.0,,0.0
1785317743.519992,08:00:27:8a:0d:75,0,0,,,0,0.0,0,0.0,0.0,,0.0
1785317743.519992,08:00:27:a5:9e:2d,0,0,,,0,0.0,0,0.0,0.0,,0.0
1785317748.519992,08:00:27:5a:87:bc,0,0,,,0,0.0,0,0.0,0.0,,0.0
1785317748.519992,08:00:27:8a:0d:75,0,0,,,0,0.0,0,0.0,0.0,,0.0
1785317748.519992,08:00:27:a5:9e:2d,0,0,,,0,0.0,0,0.0,0.0,,0.0
1785317753.519992,08:00:27:5a:87:bc,0,0,,,0,0.0,0,0.0,0.0,,0.0
1785317753.519992,08:00:27:8a:0d:75,0,0,,,0,0.0,0,0.0,0.0,,0.0
1785317753.519992,08:00:27:a5:9e:2d,0,0,,,0,0.0,0,0.0,0.0,,0.0
1785317758.519992,08:00:27:5a:87:bc,0,0,,,0,0.0,0,0.0,0.0,,0.0
1785317758.519992,08:00:27:8a:0d:75,0,0,,,0,0.0,0,0.0,0.0,,0.0
1785317758.519992,08:00:27:a5:9e:2d,0,0,,,0,0.0,0,0.0,0.0,,0.0
1785317763.519992,08:00:27:5a:87:bc,0,0,,,0,0.0,0,0.0,0.0,,0.0
1785317763.519992,08:00:27:8a:0d:75,0,0,,,0,0.0,0,0.0,0.0,,0.0
1785317763.519992,08:00:27:a5:9e:2d,0,0,,,0,0.0,0,0.0,0.0,,0.0
1785317768.519992,08:00:27:5a:87:bc,0,0,,,0,0.0,0,0.0,0.0,,0.0
1785317768.519992,08:00:27:8a:0d:75,0,0,,,0,0.0,0,0.0,0.0,,0.0
1785317768.519992,08:00:27:a5:9e:2d,0,0,,,0,0.0,0,0.0,0.0,,0.0
1785317773.519992,08:00:27:5a:87:bc,0,0,,,0,0.0,0,0.0,0.0,,0.0
1785317773.519992,08:00:27:8a:0d:75,0,0,,,0,0.0,0,0.0,0.0,,0.0
1785317773.519992,08:00:27:a5:9e:2d,0,0,,,0,0.0,0,0.0,0.0,,0.0
1785317778.519992,08:00:27:5a:87:bc,0,0,,,0,0.0,0,0.0,0.0,,0.0
1785317778.519992,08:00:27:8a:0d:75,0,0,,,0,0.0,0,0.0,0.0,,0.0
1785317778.519992,08:00:27:a5:9e:2d,0,0,,,0,0.0,0,0.0,0.0,,0.0
1785317783.519992,08:00:27:5a:87:bc,0,0,,,0,0.0,0,0.0,0.0,,0.0
1785317783.519992,08:00:27:8a:0d:75,0,0,,,0,0.0,0,0.0,0.0,,0.0
1785317783.519992,08:00:27:a5:9e:2d,0,0,,,0,0.0,0,0.0,0.0,,0.0
1785317788.519992,08:00:27:5a:87:bc,0,0,,,0,0.0,0,0.0,0.0,,0.0
1785317788.519992,08:00:27:8a:0d:75,0,0,,,0,0.0,0,0.0,0.0,,0.0
1785317788.519992,08:00:27:a5:9e:2d,0,0,,,0,0.0,0,0.0,0.0,,0.0
1785317793.519992,08:00:27:5a:87:bc,0,0,,,0,0.0,0,0.0,0.0,,0.0
1785317793.519992,08:00:27:8a:0d:75,0,0,,,0,0.0,0,0.0,0.0,,0.0
1785317793.519992,08:00:27:a5:9e:2d,0,0,,,0,0.0,0,0.0,0.0,,0.0
1785317798.519992,08:00:27:5a:87:bc,0,0,,,0,0.0,0,0.0,0.0,,0.0
1785317798.519992,08:00:27:8a:0d:75,0,0,,,0,0.0,0,0.0,0.0,,0.0
1785317798.519992,08:00:27:a5:9e:2d,0,0,,,0,0.0,0,0.0,0.0,,0.0
1785317803.519992,08:00:27:5a:87:bc,0,0,,,0,0.0,0,0.0,0.0,,0.0
1785317803.519992,08:00:27:8a:0d:75,0,0,,,0,0.0,0,0.0,0.0,,0.0
1785317803.519992,08:00:27:a5:9e:2d,0,0,,,0,0.0,0,0.0,0.0,,0.0
1785317808.519992,08:00:27:5a:87:bc,0,0,,,0,0.0,0,0.0,0.0,,0.0
1785317808.519992,08:00:27:8a:0d:75,0,0,,,0,0.0,0,0.0,0.0,,0.0
1785317808.519992,08:00:27:a5:9e:2d,0,0,,,0,0.0,0,0.0,0.0,,0.0
1785317813.519992,08:00:27:5a:87:bc,0,0,,,0,0.0,0,0.0,0.0,,0.0
1785317813.519992,08:00:27:8a:0d:75,0,0,,,0,0.0,0,0.0,0.0,,0.0
1785317813.519992,08:00:27:a5:9e:2d,0,0,,,0,0.0,0,0.0,0.0,,0.0
1785317818.519992,08:00:27:5a:87:bc,0,0,,,0,0.0,0,0.0,0.0,,0.0
1785317818.519992,08:00:27:8a:0d:75,0,0,,,0,0.0,0,0.0,0.0,,0.0
1785317818.519992,08:00:27:a5:9e:2d,0,0,,,0,0.0,0,0.0,0.0,,0.0
1785317823.519992,08:00:27:5a:87:bc,0,0,,,0,0.0,0,0.0,0.0,,0.0
1785317823.519992,08:00:27:8a:0d:75,0,0,,,0,0.0,0,0.0,0.0,,0.0
1785317823.519992,08:00:27:a5:9e:2d,0,0,,,0,0.0,0,0.0,0.0,,0.0
1785317828.519992,08:00:27:5a:87:bc,0,0,,,0,0.0,0,0.0,0.0,,0.0
1785317828.519992,08:00:27:8a:0d:75,0,0,,,0,0.0,0,0.0,0.0,,0.0
1785317828.519992,08:00:27:a5:9e:2d,0,0,,,0,0.0,0,0.0,0.0,,0.0
1785317833.519992,08:00:27:5a:87:bc,0,0,,,0,0.0,0,0.0,0.0,,0.0
1785317833.519992,08:00:27:8a:0d:75,0,0,,,0,0.0,0,0.0,0.0,,0.0
1785317833.519992,08:00:27:a5:9e:2d,0,0,,,0,0.0,0,0.0,0.0,,0.0
1785317838.519992,08:00:27:5a:87:bc,0,0,,,0,0.0,0,0.0,0.0,,0.0
1785317838.519992,08:00:27:8a:0d:75,0,0,,,0,0.0,0,0.0,0.0,,0.0
1785317838.519992,08:00:27:a5:9e:2d,0,0,,,0,0.0,0,0.0,0.0,,0.0
1785317843.519992,08:00:27:5a:87:bc,0,0,,,0,0.0,0,0.0,0.0,,0.0
1785317843.519992,08:00:27:8a:0d:75,0,0,,,0,0.0,0,0.0,0.0,,0.0
1785317843.519992,08:00:27:a5:9e:2d,0,0,,,0,0.0,0,0.0,0.0,,0.0
1785317848.519992,08:00:27:5a:87:bc,0,0,,,0,0.0,0,0.0,0.0,,0.0
1785317848.519992,08:00:27:8a:0d:75,0,0,,,0,0.0,0,0.0,0.0,,0.0
1785317848.519992,08:00:27:a5:9e:2d,0,0,,,0,0.0,0,0.0,0.0,,0.0
1785317853.519992,08:00:27:5a:87:bc,0,0,,,0,0.0,0,0.0,0.0,,0.0
1785317853.519992,08:00:27:8a:0d:75,0,0,,,0,0.0,0,0.0,0.0,,0.0
1785317853.519992,08:00:27:a5:9e:2d,0,0,,,0,0.0,0,0.0,0.0,,0.0
1785317858.519992,08:00:27:5a:87:bc,0,0,,,0,0.0,0,0.0,0.0,,0.0
1785317858.519992,08:00:27:8a:0d:75,0,0,,,0,0.0,0,0.0,0.0,,0.0
1785317858.519992,08:00:27:a5:9e:2d,0,0,,,0,0.0,0,0.0,0.0,,0.0
1785317863.519992,08:00:27:5a:87:bc,0,0,,,0,0.0,0,0.0,0.0,,0.0
1785317863.519992,08:00:27:8a:0d:75,0,0,,,0,0.0,0,0.0,0.0,,0.0
1785317863.519992,08:00:27:a5:9e:2d,0,0,,,0,0.0,0,0.0,0.0,,0.0
1785317868.519992,08:00:27:5a:87:bc,0,0,,,0,0.0,0,0.0,0.0,,0.0
1785317868.519992,08:00:27:8a:0d:75,0,0,,,0,0.0,0,0.0,0.0,,0.0
1785317868.519992,08:00:27:a5:9e:2d,0,0,,,0,0.0,0,0.0,0.0,,0.0
1785317873.519992,08:00:27:5a:87:bc,0,0,,,0,0.0,0,0.0,0.0,,0.0
1785317873.519992,08:00:27:8a:0d:75,0,0,,,0,0.0,0,0.0,0.0,,0.0
1785317873.519992,08:00:27:a5:9e:2d,0,0,,,0,0.0,0,0.0,0.0,,0.0
1785317878.519992,08:00:27:5a:87:bc,0,0,,,0,0.0,0,0.0,0.0,,0.0
1785317878.519992,08:00:27:8a:0d:75,0,0,,,0,0.0,0,0.0,0.0,,0.0
1785317878.519992,08:00:27:a5:9e:2d,0,0,,,0,0.0,0,0.0,0.0,,0.0
1785317883.519992,08:00:27:5a:87:bc,0,0,,,0,0.0,0,0.0,0.0,,0.0
1785317883.519992,08:00:27:8a:0d:75,0,0,,,0,0.0,0,0.0,0.0,,0.0
1785317883.519992,08:00:27:a5:9e:2d,0,0,,,0,0.0,0,0.0,0.0,,0.0
1785317888.519992,08:00:27:5a:87:bc,0,0,,,0,0.0,0,0.0,0.0,,0.0
1785317888.519992,08:00:27:8a:0d:75,0,0,,,0,0.0,0,0.0,0.0,,0.0
1785317888.519992,08:00:27:a5:9e:2d,0,0,,,0,0.0,0,0.0,0.0,,0.0
1785317893.519992,08:00:27:5a:87:bc,0,0,,,0,0.0,0,0.0,0.0,,0.0
1785317893.519992,08:00:27:8a:0d:75,0,0,,,0,0.0,0,0.0,0.0,,0.0
1785317893.519992,08:00:27:a5:9e:2d,0,0,,,0,0.0,0,0.0,0.0,,0.0
1785317898.519992,08:00:27:5a:87:bc,0,0,,,0,0.0,0,0.0,0.0,,0.0
1785317898.519992,08:00:27:8a:0d:75,0,0,,,0,0.0,0,0.0,0.0,,0.0
1785317898.519992,08:00:27:a5:9e:2d,0,0,,,0,0.0,0,0.0,0.0,,0.0
1785317903.519992,08:00:27:5a:87:bc,0,0,,,0,0.0,0,0.0,0.0,,0.0
1785317903.519992,08:00:27:8a:0d:75,0,0,,,0,0.0,0,0.0,0.0,,0.0
1785317903.519992,08:00:27:a5:9e:2d,0,0,,,0,0.0,0,0.0,0.0,,0.0
1785317908.519992,08:00:27:5a:87:bc,0,0,,,0,0.0,0,0.0,0.0,,0.0
1785317908.519992,08:00:27:8a:0d:75,0,0,,,0,0.0,0,0.0,0.0,,0.0
1785317908.519992,08:00:27:a5:9e:2d,0,0,,,0,0.0,0,0.0,0.0,,0.0
1785317913.519992,08:00:27:5a:87:bc,0,0,,,0,0.0,0,0.0,0.0,,0.0
1785317913.519992,08:00:27:8a:0d:75,0,0,,,0,0.0,0,0.0,0.0,,0.0
1785317913.519992,08:00:27:a5:9e:2d,0,0,,,0,0.0,0,0.0,0.0,,0.0
1785317918.519992,08:00:27:5a:87:bc,0,0,,,0,0.0,0,0.0,0.0,,0.0
1785317918.519992,08:00:27:8a:0d:75,0,0,,,0,0.0,0,0.0,0.0,,0.0
1785317918.519992,08:00:27:a5:9e:2d,0,0,,,0,0.0,0,0.0,0.0,,0.0
1785317923.519992,08:00:27:5a:87:bc,0,0,,,0,0.0,0,0.0,0.0,,0.0
1785317923.519992,08:00:27:8a:0d:75,0,0,,,0,0.0,0,0.0,0.0,,0.0
1785317923.519992,08:00:27:a5:9e:2d,0,0,,,0,0.0,0,0.0,0.0,,0.0
1785317928.519992,08:00:27:5a:87:bc,0,0,,,0,0.0,0,0.0,0.0,,0.0
1785317928.519992,08:00:27:8a:0d:75,0,0,,,0,0.0,0,0.0,0.0,,0.0
1785317928.519992,08:00:27:a5:9e:2d,0,0,,,0,0.0,0,0.0,0.0,,0.0
1785317933.519992,08:00:27:5a:87:bc,0,0,,,0,0.0,0,0.0,0.0,,0.0
1785317933.519992,08:00:27:8a:0d:75,0,0,,,0,0.0,0,0.0,0.0,,0.0
1785317933.519992,08:00:27:a5:9e:2d,0,0,,,0,0.0,0,0.0,0.0,,0.0
1785317938.519992,08:00:27:5a:87:bc,0,0,,,0,0.0,0,0.0,0.0,,0.0
1785317938.519992,08:00:27:8a:0d:75,0,0,,,0,0.0,0,0.0,0.0,,0.0
1785317938.519992,08:00:27:a5:9e:2d,0,0,,,0,0.0,0,0.0,0.0,,0.0
1785317943.519992,08:00:27:5a:87:bc,0,0,,,0,0.0,0,0.0,0.0,,0.0
1785317943.519992,08:00:27:8a:0d:75,0,0,,,0,0.0,0,0.0,0.0,,0.0
1785317943.519992,08:00:27:a5:9e:2d,0,0,,,0,0.0,0,0.0,0.0,,0.0
1785317948.519992,08:00:27:5a:87:bc,0,0,,,0,0.0,0,0.0,0.0,,0.0
1785317948.519992,08:00:27:8a:0d:75,0,0,,,0,0.0,0,0.0,0.0,,0.0
1785317948.519992,08:00:27:a5:9e:2d,0,0,,,0,0.0,0,0.0,0.0,,0.0
1785317953.519992,08:00:27:5a:87:bc,0,0,,,0,0.0,0,0.0,0.0,,0.0
1785317953.519992,08:00:27:8a:0d:75,0,0,,,0,0.0,0,0.0,0.0,,0.0
1785317953.519992,08:00:27:a5:9e:2d,0,0,,,0,0.0,0,0.0,0.0,,0.0
1785317958.519992,08:00:27:5a:87:bc,0,0,,,0,0.0,0,0.0,0.0,,0.0
1785317958.519992,08:00:27:8a:0d:75,0,0,,,0,0.0,0,0.0,0.0,,0.0
1785317958.519992,08:00:27:a5:9e:2d,0,0,,,0,0.0,0,0.0,0.0,,0.0
1785317963.519992,08:00:27:5a:87:bc,0,0,,,0,0.0,0,0.0,0.0,,0.0
1785317963.519992,08:00:27:8a:0d:75,0,0,,,0,0.0,0,0.0,0.0,,0.0
1785317963.519992,08:00:27:a5:9e:2d,0,0,,,0,0.0,0,0.0,0.0,,0.0
1785317968.519992,08:00:27:5a:87:bc,0,0,,,0,0.0,0,0.0,0.0,,0.0
1785317968.519992,08:00:27:8a:0d:75,0,0,,,0,0.0,0,0.0,0.0,,0.0
1785317968.519992,08:00:27:a5:9e:2d,0,0,,,0,0.0,0,0.0,0.0,,0.0
1785317973.519992,08:00:27:5a:87:bc,0,0,,,0,0.0,0,0.0,0.0,,0.0
1785317973.519992,08:00:27:8a:0d:75,0,0,,,0,0.0,0,0.0,0.0,,0.0
1785317973.519992,08:00:27:a5:9e:2d,0,0,,,0,0.0,0,0.0,0.0,,0.0
1785317978.519992,08:00:27:5a:87:bc,0,0,,,0,0.0,0,0.0,0.0,,0.0
1785317978.519992,08:00:27:8a:0d:75,0,0,,,0,0.0,0,0.0,0.0,,0.0
1785317978.519992,08:00:27:a5:9e:2d,0,0,,,0,0.0,0,0.0,0.0,,0.0
1785317983.519992,08:00:27:5a:87:bc,0,0,,,0,0.0,0,0.0,0.0,,0.0
1785317983.519992,08:00:27:8a:0d:75,0,0,,,0,0.0,0,0.0,0.0,,0.0
1785317983.519992,08:00:27:a5:9e:2d,0,0,,,0,0.0,0,0.0,0.0,,0.0
1785317988.519992,08:00:27:5a:87:bc,0,0,,,0,0.0,0,0.0,0.0,,0.0
1785317988.519992,08:00:27:8a:0d:75,0,0,,,0,0.0,0,0.0,0.0,,0.0
1785317988.519992,08:00:27:a5:9e:2d,0,0,,,0,0.0,0,0.0,0.0,,0.0
1785317993.519992,08:00:27:5a:87:bc,0,0,,,0,0.0,0,0.0,0.0,,0.0
1785317993.519992,08:00:27:8a:0d:75,0,0,,,0,0.0,0,0.0,0.0,,0.0
1785317993.519992,08:00:27:a5:9e:2d,0,0,,,0,0.0,0,0.0,0.0,,0.0
1785317998.519992,08:00:27:5a:87:bc,0,0,,,0,0.0,0,0.0,0.0,,0.0
1785317998.519992,08:00:27:8a:0d:75,0,0,,,0,0.0,0,0.0,0.0,,0.0
1785317998.519992,08:00:27:a5:9e:2d,0,0,,,0,0.0,0,0.0,0.0,,0.0
1785318003.519992,08:00:27:5a:87:bc,0,0,,,0,0.0,0,0.0,0.0,,0.0
1785318003.519992,08:00:27:8a:0d:75,0,0,,,0,0.0,0,0.0,0.0,,0.0
1785318003.519992,08:00:27:a5:9e:2d,0,0,,,0,0.0,0,0.0,0.0,,0.0
1785318008.519992,08:00:27:5a:87:bc,0,0,,,0,0.0,0,0.0,0.0,,0.0
1785318008.519992,08:00:27:8a:0d:75,0,0,,,0,0.0,0,0.0,0.0,,0.0
1785318008.519992,08:00:27:a5:9e:2d,0,0,,,0,0.0,0,0.0,0.0,,0.0
1785318013.519992,08:00:27:5a:87:bc,0,0,,,0,0.0,0,0.0,0.0,,0.0
1785318013.519992,08:00:27:8a:0d:75,0,0,,,0,0.0,0,0.0,0.0,,0.0
1785318013.519992,08:00:27:a5:9e:2d,0,0,,,0,0.0,0,0.0,0.0,,0.0
1785318018.519992,08:00:27:5a:87:bc,0,0,,,0,0.0,0,0.0,0.0,,0.0
1785318018.519992,08:00:27:8a:0d:75,0,0,,,0,0.0,0,0.0,0.0,,0.0
1785318018.519992,08:00:27:a5:9e:2d,0,0,,,0,0.0,0,0.0,0.0,,0.0
1785318023.519992,08:00:27:5a:87:bc,0,0,,,0,0.0,0,0.0,0.0,,0.0
1785318023.519992,08:00:27:8a:0d:75,0,0,,,0,0.0,0,0.0,0.0,,0.0
1785318023.519992,08:00:27:a5:9e:2d,0,0,,,0,0.0,0,0.0,0.0,,0.0
1785318028.519992,08:00:27:5a:87:bc,0,0,,,0,0.0,0,0.0,0.0,,0.0
1785318028.519992,08:00:27:8a:0d:75,0,0,,,0,0.0,0,0.0,0.0,,0.0
1785318028.519992,08:00:27:a5:9e:2d,0,0,,,0,0.0,0,0.0,0.0,,0.0
1785318033.519992,08:00:27:5a:87:bc,0,0,,,0,0.0,0,0.0,0.0,,0.0
1785318033.519992,08:00:27:8a:0d:75,0,0,,,0,0.0,0,0.0,0.0,,0.0
1785318033.519992,08:00:27:a5:9e:2d,0,0,,,0,0.0,0,0.0,0.0,,0.0
1785318038.519992,08:00:27:5a:87:bc,0,0,,,0,0.0,0,0.0,0.0,,0.0
1785318038.519992,08:00:27:8a:0d:75,0,0,,,0,0.0,0,0.0,0.0,,0.0
1785318038.519992,08:00:27:a5:9e:2d,0,0,,,0,0.0,0,0.0,0.0,,0.0
1785318043.519992,08:00:27:5a:87:bc,0,0,,,0,0.0,0,0.0,0.0,,0.0
1785318043.519992,08:00:27:8a:0d:75,0,0,,,0,0.0,0,0.0,0.0,,0.0
1785318043.519992,08:00:27:a5:9e:2d,0,0,,,0,0.0,0,0.0,0.0,,0.0
1785318048.519992,08:00:27:5a:87:bc,0,0,,,0,0.0,0,0.0,0.0,,0.0
1785318048.519992,08:00:27:8a:0d:75,0,0,,,0,0.0,0,0.0,0.0,,0.0
1785318048.519992,08:00:27:a5:9e:2d,0,0,,,0,0.0,0,0.0,0.0,,0.0
1785318053.519992,08:00:27:5a:87:bc,0,0,,,0,0.0,0,0.0,0.0,,0.0
1785318053.519992,08:00:27:8a:0d:75,0,0,,,0,0.0,0,0.0,0.0,,0.0
1785318053.519992,08:00:27:a5:9e:2d,0,0,,,0,0.0,0,0.0,0.0,,0.0
1785318058.519992,08:00:27:5a:87:bc,0,0,,,0,0.0,0,0.0,0.0,,0.0
1785318058.519992,08:00:27:8a:0d:75,0,0,,,0,0.0,0,0.0,0.0,,0.0
1785318058.519992,08:00:27:a5:9e:2d,0,0,,,0,0.0,0,0.0,0.0,,0.0
1785318063.519992,08:00:27:5a:87:bc,0,0,,,0,0.0,0,0.0,0.0,,0.0
1785318063.519992,08:00:27:8a:0d:75,0,0,,,0,0.0,0,0.0,0.0,,0.0
1785318063.519992,08:00:27:a5:9e:2d,0,0,,,0,0.0,0,0.0,0.0,,0.0
1785318068.519992,08:00:27:5a:87:bc,0,0,,,0,0.0,0,0.0,0.0,,0.0
1785318068.519992,08:00:27:8a:0d:75,0,0,,,0,0.0,0,0.0,0.0,,0.0
1785318068.519992,08:00:27:a5:9e:2d,0,0,,,0,0.0,0,0.0,0.0,,0.0
1785318073.519992,08:00:27:5a:87:bc,0,0,,,0,0.0,0,0.0,0.0,,0.0
1785318073.519992,08:00:27:8a:0d:75,0,0,,,0,0.0,0,0.0,0.0,,0.0
1785318073.519992,08:00:27:a5:9e:2d,0,0,,,0,0.0,0,0.0,0.0,,0.0
1785318078.519992,08:00:27:5a:87:bc,0,0,,,0,0.0,0,0.0,0.0,,0.0
1785318078.519992,08:00:27:8a:0d:75,0,0,,,0,0.0,0,0.0,0.0,,0.0
1785318078.519992,08:00:27:a5:9e:2d,0,0,,,0,0.0,0,0.0,0.0,,0.0
1785318083.519992,08:00:27:5a:87:bc,0,0,,,0,0.0,0,0.0,0.0,,0.0
1785318083.519992,08:00:27:8a:0d:75,0,0,,,0,0.0,0,0.0,0.0,,0.0
1785318083.519992,08:00:27:a5:9e:2d,0,0,,,0,0.0,0,0.0,0.0,,0.0
1785318088.519992,08:00:27:5a:87:bc,0,0,,,0,0.0,0,0.0,0.0,,0.0
1785318088.519992,08:00:27:8a:0d:75,0,0,,,0,0.0,0,0.0,0.0,,0.0
1785318088.519992,08:00:27:a5:9e:2d,0,0,,,0,0.0,0,0.0,0.0,,0.0
1785318093.519992,08:00:27:5a:87:bc,0,0,,,0,0.0,0,0.0,0.0,,0.0
1785318093.519992,08:00:27:8a:0d:75,0,0,,,0,0.0,0,0.0,0.0,,0.0
1785318093.519992,08:00:27:a5:9e:2d,0,0,,,0,0.0,0,0.0,0.0,,0.0
1785318098.519992,08:00:27:5a:87:bc,0,0,,,0,0.0,0,0.0,0.0,,0.0
1785318098.519992,08:00:27:8a:0d:75,0,0,,,0,0.0,0,0.0,0.0,,0.0
1785318098.519992,08:00:27:a5:9e:2d,0,0,,,0,0.0,0,0.0,0.0,,0.0
1785318103.519992,08:00:27:5a:87:bc,0,0,,,0,0.0,0,0.0,0.0,,0.0
1785318103.519992,08:00:27:8a:0d:75,0,0,,,0,0.0,0,0.0,0.0,,0.0
1785318103.519992,08:00:27:a5:9e:2d,0,0,,,0,0.0,0,0.0,0.0,,0.0
1785318108.519992,08:00:27:5a:87:bc,0,0,,,0,0.0,0,0.0,0.0,,0.0
1785318108.519992,08:00:27:8a:0d:75,0,0,,,0,0.0,0,0.0,0.0,,0.0
1785318108.519992,08:00:27:a5:9e:2d,0,0,,,0,0.0,0,0.0,0.0,,0.0
1785318113.519992,08:00:27:5a:87:bc,0,0,,,0,0.0,0,0.0,0.0,,0.0
1785318113.519992,08:00:27:8a:0d:75,0,0,,,0,0.0,0,0.0,0.0,,0.0
1785318113.519992,08:00:27:a5:9e:2d,0,0,,,0,0.0,0,0.0,0.0,,0.0
1785318118.519992,08:00:27:5a:87:bc,0,0,,,0,0.0,0,0.0,0.0,,0.0
1785318118.519992,08:00:27:8a:0d:75,0,0,,,0,0.0,0,0.0,0.0,,0.0
1785318118.519992,08:00:27:a5:9e:2d,0,0,,,0,0.0,0,0.0,0.0,,0.0
1785318123.519992,08:00:27:5a:87:bc,0,0,,,0,0.0,0,0.0,0.0,,0.0
1785318123.519992,08:00:27:8a:0d:75,0,0,,,0,0.0,0,0.0,0.0,,0.0
1785318123.519992,08:00:27:a5:9e:2d,0,0,,,0,0.0,0,0.0,0.0,,0.0
1785318128.519992,08:00:27:5a:87:bc,0,0,,,0,0.0,0,0.0,0.0,,0.0
1785318128.519992,08:00:27:8a:0d:75,0,0,,,0,0.0,0,0.0,0.0,,0.0
1785318128.519992,08:00:27:a5:9e:2d,0,0,,,0,0.0,0,0.0,0.0,,0.0
1785318133.519992,08:00:27:5a:87:bc,0,0,,,0,0.0,0,0.0,0.0,,0.0
1785318133.519992,08:00:27:8a:0d:75,0,0,,,0,0.0,0,0.0,0.0,,0.0
1785318133.519992,08:00:27:a5:9e:2d,0,0,,,0,0.0,0,0.0,0.0,,0.0
1785318138.519992,08:00:27:5a:87:bc,0,0,,,0,0.0,0,0.0,0.0,,0.0
1785318138.519992,08:00:27:8a:0d:75,0,0,,,0,0.0,0,0.0,0.0,,0.0
1785318138.519992,08:00:27:a5:9e:2d,0,0,,,0,0.0,0,0.0,0.0,,0.0
1785318143.519992,08:00:27:5a:87:bc,0,0,,,0,0.0,0,0.0,0.0,,0.0
1785318143.519992,08:00:27:8a:0d:75,0,0,,,0,0.0,0,0.0,0.0,,0.0
1785318143.519992,08:00:27:a5:9e:2d,0,0,,,0,0.0,0,0.0,0.0,,0.0
1785318148.519992,08:00:27:5a:87:bc,0,0,,,0,0.0,0,0.0,0.0,,0.0
1785318148.519992,08:00:27:8a:0d:75,0,0,,,0,0.0,0,0.0,0.0,,0.0
1785318148.519992,08:00:27:a5:9e:2d,0,0,,,0,0.0,0,0.0,0.0,,0.0
1785318153.519992,08:00:27:5a:87:bc,0,0,,,0,0.0,0,0.0,0.0,,0.0
1785318153.519992,08:00:27:8a:0d:75,0,0,,,0,0.0,0,0.0,0.0,,0.0
1785318153.519992,08:00:27:a5:9e:2d,0,0,,,0,0.0,0,0.0,0.0,,0.0
1785318158.519992,08:00:27:5a:87:bc,0,0,,,0,0.0,0,0.0,0.0,,0.0
1785318158.519992,08:00:27:8a:0d:75,0,0,,,0,0.0,0,0.0,0.0,,0.0
1785318158.519992,08:00:27:a5:9e:2d,0,0,,,0,0.0,0,0.0,0.0,,0.0
1785318163.519992,08:00:27:5a:87:bc,0,0,,,0,0.0,0,0.0,0.0,,0.0
1785318163.519992,08:00:27:8a:0d:75,0,0,,,0,0.0,0,0.0,0.0,,0.0
1785318163.519992,08:00:27:a5:9e:2d,0,0,,,0,0.0,0,0.0,0.0,,0.0
1785318168.519992,08:00:27:5a:87:bc,0,0,,,0,0.0,0,0.0,0.0,,0.0
1785318168.519992,08:00:27:8a:0d:75,0,0,,,0,0.0,0,0.0,0.0,,0.0
1785318168.519992,08:00:27:a5:9e:2d,0,0,,,0,0.0,0,0.0,0.0,,0.0
1785318173.519992,08:00:27:5a:87:bc,0,0,,,0,0.0,0,0.0,0.0,,0.0
1785318173.519992,08:00:27:8a:0d:75,0,0,,,0,0.0,0,0.0,0.0,,0.0
1785318173.519992,08:00:27:a5:9e:2d,0,0,,,0,0.0,0,0.0,0.0,,0.0
1785318178.519992,08:00:27:5a:87:bc,0,0,,,0,0.0,0,0.0,0.0,,0.0
1785318178.519992,08:00:27:8a:0d:75,0,0,,,0,0.0,0,0.0,0.0,,0.0
1785318178.519992,08:00:27:a5:9e:2d,0,0,,,0,0.0,0,0.0,0.0,,0.0
1785318183.519992,08:00:27:5a:87:bc,0,0,,,0,0.0,0,0.0,0.0,,0.0
1785318183.519992,08:00:27:8a:0d:75,0,0,,,0,0.0,0,0.0,0.0,,0.0
1785318183.519992,08:00:27:a5:9e:2d,0,0,,,0,0.0,0,0.0,0.0,,0.0
1785318188.519992,08:00:27:5a:87:bc,0,0,,,0,0.0,0,0.0,0.0,,0.0
1785318188.519992,08:00:27:8a:0d:75,0,0,,,0,0.0,0,0.0,0.0,,0.0
1785318188.519992,08:00:27:a5:9e:2d,0,0,,,0,0.0,0,0.0,0.0,,0.0
1785318193.519992,08:00:27:5a:87:bc,0,0,,,0,0.0,0,0.0,0.0,,0.0
1785318193.519992,08:00:27:8a:0d:75,0,0,,,0,0.0,0,0.0,0.0,,0.0
1785318193.519992,08:00:27:a5:9e:2d,0,0,,,0,0.0,0,0.0,0.0,,0.0
1785318198.519992,08:00:27:5a:87:bc,0,0,,,0,0.0,0,0.0,0.0,,0.0
1785318198.519992,08:00:27:8a:0d:75,0,0,,,0,0.0,0,0.0,0.0,,0.0
1785318198.519992,08:00:27:a5:9e:2d,0,0,,,0,0.0,0,0.0,0.0,,0.0
1785318203.519992,08:00:27:5a:87:bc,0,0,,,0,0.0,0,0.0,0.0,,0.0
1785318203.519992,08:00:27:8a:0d:75,0,0,,,0,0.0,0,0.0,0.0,,0.0
1785318203.519992,08:00:27:a5:9e:2d,0,0,,,0,0.0,0,0.0,0.0,,0.0
1785318208.519992,08:00:27:5a:87:bc,0,0,,,0,0.0,0,0.0,0.0,,0.0
1785318208.519992,08:00:27:8a:0d:75,0,0,,,0,0.0,0,0.0,0.0,,0.0
1785318208.519992,08:00:27:a5:9e:2d,0,0,,,0,0.0,0,0.0,0.0,,0.0
1785318213.519992,08:00:27:5a:87:bc,0,0,,,0,0.0,0,0.0,0.0,,0.0
1785318213.519992,08:00:27:8a:0d:75,0,0,,,0,0.0,0,0.0,0.0,,0.0
1785318213.519992,08:00:27:a5:9e:2d,0,0,,,0,0.0,0,0.0,0.0,,0.0
1785318218.519992,08:00:27:5a:87:bc,0,0,,,0,0.0,0,0.0,0.0,,0.0
1785318218.519992,08:00:27:8a:0d:75,0,0,,,0,0.0,0,0.0,0.0,,0.0
1785318218.519992,08:00:27:a5:9e:2d,0,0,,,0,0.0,0,0.0,0.0,,0.0
1785318223.519992,08:00:27:5a:87:bc,0,0,,,0,0.0,0,0.0,0.0,,0.0
1785318223.519992,08:00:27:8a:0d:75,0,0,,,0,0.0,0,0.0,0.0,,0.0
1785318223.519992,08:00:27:a5:9e:2d,0,0,,,0,0.0,0,0.0,0.0,,0.0
1785318228.519992,08:00:27:5a:87:bc,0,0,,,0,0.0,0,0.0,0.0,,0.0
1785318228.519992,08:00:27:8a:0d:75,0,0,,,0,0.0,0,0.0,0.0,,0.0
1785318228.519992,08:00:27:a5:9e:2d,0,0,,,0,0.0,0,0.0,0.0,,0.0
1785318233.519992,08:00:27:5a:87:bc,0,0,,,0,0.0,0,0.0,0.0,,0.0
1785318233.519992,08:00:27:8a:0d:75,0,0,,,0,0.0,0,0.0,0.0,,0.0
1785318233.519992,08:00:27:a5:9e:2d,0,0,,,0,0.0,0,0.0,0.0,,0.0
1785318238.519992,08:00:27:5a:87:bc,0,0,,,0,0.0,0,0.0,0.0,,0.0
1785318238.519992,08:00:27:8a:0d:75,0,0,,,0,0.0,0,0.0,0.0,,0.0
1785318238.519992,08:00:27:a5:9e:2d,0,0,,,0,0.0,0,0.0,0.0,,0.0
1785318243.519992,08:00:27:5a:87:bc,0,0,,,0,0.0,0,0.0,0.0,,0.0
1785318243.519992,08:00:27:8a:0d:75,0,0,,,0,0.0,0,0.0,0.0,,0.0
1785318243.519992,08:00:27:a5:9e:2d,0,0,,,0,0.0,0,0.0,0.0,,0.0
1785318248.519992,08:00:27:5a:87:bc,0,0,,,0,0.0,0,0.0,0.0,,0.0
1785318248.519992,08:00:27:8a:0d:75,0,0,,,0,0.0,0,0.0,0.0,,0.0
1785318248.519992,08:00:27:a5:9e:2d,0,0,,,0,0.0,0,0.0,0.0,,0.0
1785318253.519992,08:00:27:5a:87:bc,0,0,,,0,0.0,0,0.0,0.0,,0.0
1785318253.519992,08:00:27:8a:0d:75,0,0,,,0,0.0,0,0.0,0.0,,0.0
1785318253.519992,08:00:27:a5:9e:2d,0,0,,,0,0.0,0,0.0,0.0,,0.0
1785318258.519992,08:00:27:5a:87:bc,0,0,,,0,0.0,0,0.0,0.0,,0.0
1785318258.519992,08:00:27:8a:0d:75,0,0,,,0,0.0,0,0.0,0.0,,0.0
1785318258.519992,08:00:27:a5:9e:2d,0,0,,,0,0.0,0,0.0,0.0,,0.0
1785318263.519992,08:00:27:5a:87:bc,0,0,,,0,0.0,0,0.0,0.0,,0.0
1785318263.519992,08:00:27:8a:0d:75,0,0,,,0,0.0,0,0.0,0.0,,0.0
1785318263.519992,08:00:27:a5:9e:2d,0,0,,,0,0.0,0,0.0,0.0,,0.0
1785318268.519992,08:00:27:5a:87:bc,0,0,,,0,0.0,0,0.0,0.0,,0.0
1785318268.519992,08:00:27:8a:0d:75,0,0,,,0,0.0,0,0.0,0.0,,0.0
1785318268.519992,08:00:27:a5:9e:2d,0,0,,,0,0.0,0,0.0,0.0,,0.0
1785318273.519992,08:00:27:5a:87:bc,0,0,,,0,0.0,0,0.0,0.0,,0.0
1785318273.519992,08:00:27:8a:0d:75,0,0,,,0,0.0,0,0.0,0.0,,0.0
1785318273.519992,08:00:27:a5:9e:2d,0,0,,,0,0.0,0,0.0,0.0,,0.0
1785318278.519992,08:00:27:5a:87:bc,0,0,,,0,0.0,0,0.0,0.0,,0.0
1785318278.519992,08:00:27:8a:0d:75,0,0,,,0,0.0,0,0.0,0.0,,0.0
1785318278.519992,08:00:27:a5:9e:2d,0,0,,,0,0.0,0,0.0,0.0,,0.0
1785318283.519992,08:00:27:5a:87:bc,0,0,,,0,0.0,0,0.0,0.0,,0.0
1785318283.519992,08:00:27:8a:0d:75,0,0,,,0,0.0,0,0.0,0.0,,0.0
1785318283.519992,08:00:27:a5:9e:2d,0,0,,,0,0.0,0,0.0,0.0,,0.0
1785318288.519992,08:00:27:5a:87:bc,0,0,,,0,0.0,0,0.0,0.0,,0.0
1785318288.519992,08:00:27:8a:0d:75,0,0,,,0,0.0,0,0.0,0.0,,0.0
1785318288.519992,08:00:27:a5:9e:2d,0,0,,,0,0.0,0,0.0,0.0,,0.0
1785318293.519992,08:00:27:5a:87:bc,0,0,,,0,0.0,0,0.0,0.0,,0.0
1785318293.519992,08:00:27:8a:0d:75,0,0,,,0,0.0,0,0.0,0.0,,0.0
1785318293.519992,08:00:27:a5:9e:2d,0,0,,,0,0.0,0,0.0,0.0,,0.0
1785318298.519992,08:00:27:5a:87:bc,0,0,,,0,0.0,0,0.0,0.0,,0.0
1785318298.519992,08:00:27:8a:0d:75,0,0,,,0,0.0,0,0.0,0.0,,0.0
1785318298.519992,08:00:27:a5:9e:2d,0,0,,,0,0.0,0,0.0,0.0,,0.0
1785318303.519992,08:00:27:5a:87:bc,0,0,,,0,0.0,0,0.0,0.0,,0.0
1785318303.519992,08:00:27:8a:0d:75,0,0,,,0,0.0,0,0.0,0.0,,0.0
1785318303.519992,08:00:27:a5:9e:2d,0,0,,,0,0.0,0,0.0,0.0,,0.0
1785318308.519992,08:00:27:5a:87:bc,0,0,,,0,0.0,0,0.0,0.0,,0.0
1785318308.519992,08:00:27:8a:0d:75,0,0,,,0,0.0,0,0.0,0.0,,0.0
1785318308.519992,08:00:27:a5:9e:2d,0,0,,,0,0.0,0,0.0,0.0,,0.0
1785318313.519992,08:00:27:5a:87:bc,0,0,,,0,0.0,0,0.0,0.0,,0.0
1785318313.519992,08:00:27:8a:0d:75,0,0,,,0,0.0,0,0.0,0.0,,0.0
1785318313.519992,08:00:27:a5:9e:2d,0,0,,,0,0.0,0,0.0,0.0,,0.0
1785318318.519992,08:00:27:5a:87:bc,0,0,,,0,0.0,0,0.0,0.0,,0.0
1785318318.519992,08:00:27:8a:0d:75,0,0,,,0,0.0,0,0.0,0.0,,0.0
1785318318.519992,08:00:27:a5:9e:2d,0,0,,,0,0.0,0,0.0,0.0,,0.0
1785318323.519992,08:00:27:5a:87:bc,0,0,,,0,0.0,0,0.0,0.0,,0.0
1785318323.519992,08:00:27:8a:0d:75,0,0,,,0,0.0,0,0.0,0.0,,0.0
1785318323.519992,08:00:27:a5:9e:2d,0,0,,,0,0.0,0,0.0,0.0,,0.0
1785318328.519992,08:00:27:5a:87:bc,0,0,,,0,0.0,0,0.0,0.0,,0.0
1785318328.519992,08:00:27:8a:0d:75,0,0,,,0,0.0,0,0.0,0.0,,0.0
1785318328.519992,08:00:27:a5:9e:2d,0,0,,,0,0.0,0,0.0,0.0,,0.0
1785318333.519992,08:00:27:5a:87:bc,0,0,,,0,0.0,0,0.0,0.0,,0.0
1785318333.519992,08:00:27:8a:0d:75,0,0,,,0,0.0,0,0.0,0.0,,0.0
1785318333.519992,08:00:27:a5:9e:2d,0,0,,,0,0.0,0,0.0,0.0,,0.0
1785318338.519992,08:00:27:5a:87:bc,0,0,,,0,0.0,0,0.0,0.0,,0.0
1785318338.519992,08:00:27:8a:0d:75,0,0,,,0,0.0,0,0.0,0.0,,0.0
1785318338.519992,08:00:27:a5:9e:2d,0,0,,,0,0.0,0,0.0,0.0,,0.0
1785318343.519992,08:00:27:5a:87:bc,0,0,,,0,0.0,0,0.0,0.0,,0.0
1785318343.519992,08:00:27:8a:0d:75,0,0,,,0,0.0,0,0.0,0.0,,0.0
1785318343.519992,08:00:27:a5:9e:2d,0,0,,,0,0.0,0,0.0,0.0,,0.0
1785318348.519992,08:00:27:5a:87:bc,0,0,,,0,0.0,0,0.0,0.0,,0.0
1785318348.519992,08:00:27:8a:0d:75,0,0,,,0,0.0,0,0.0,0.0,,0.0
1785318348.519992,08:00:27:a5:9e:2d,0,0,,,0,0.0,0,0.0,0.0,,0.0
1785318353.519992,08:00:27:5a:87:bc,0,0,,,0,0.0,0,0.0,0.0,,0.0
1785318353.519992,08:00:27:8a:0d:75,0,0,,,0,0.0,0,0.0,0.0,,0.0
1785318353.519992,08:00:27:a5:9e:2d,0,0,,,0,0.0,0,0.0,0.0,,0.0
1785318358.519992,08:00:27:5a:87:bc,0,0,,,0,0.0,0,0.0,0.0,,0.0
1785318358.519992,08:00:27:8a:0d:75,0,0,,,0,0.0,0,0.0,0.0,,0.0
1785318358.519992,08:00:27:a5:9e:2d,0,0,,,0,0.0,0,0.0,0.0,,0.0
1785318363.519992,08:00:27:5a:87:bc,0,0,,,0,0.0,0,0.0,0.0,,0.0
1785318363.519992,08:00:27:8a:0d:75,0,0,,,0,0.0,0,0.0,0.0,,0.0
1785318363.519992,08:00:27:a5:9e:2d,0,0,,,0,0.0,0,0.0,0.0,,0.0
1785318368.519992,08:00:27:5a:87:bc,0,0,,,0,0.0,0,0.0,0.0,,0.0
1785318368.519992,08:00:27:8a:0d:75,0,0,,,0,0.0,0,0.0,0.0,,0.0
1785318368.519992,08:00:27:a5:9e:2d,0,0,,,0,0.0,0,0.0,0.0,,0.0
1785318373.519992,08:00:27:5a:87:bc,0,0,,,0,0.0,0,0.0,0.0,,0.0
1785318373.519992,08:00:27:8a:0d:75,0,0,,,0,0.0,0,0.0,0.0,,0.0
1785318373.519992,08:00:27:a5:9e:2d,0,0,,,0,0.0,0,0.0,0.0,,0.0
1785318378.519992,08:00:27:5a:87:bc,0,0,,,0,0.0,0,0.0,0.0,,0.0
1785318378.519992,08:00:27:8a:0d:75,0,0,,,0,0.0,0,0.0,0.0,,0.0
1785318378.519992,08:00:27:a5:9e:2d,0,0,,,0,0.0,0,0.0,0.0,,0.0
1785318383.519992,08:00:27:5a:87:bc,0,0,,,0,0.0,0,0.0,0.0,,0.0
1785318383.519992,08:00:27:8a:0d:75,0,0,,,0,0.0,0,0.0,0.0,,0.0
1785318383.519992,08:00:27:a5:9e:2d,0,0,,,0,0.0,0,0.0,0.0,,0.0
1785318388.519992,08:00:27:5a:87:bc,0,0,,,0,0.0,0,0.0,0.0,,0.0
1785318388.519992,08:00:27:8a:0d:75,0,0,,,0,0.0,0,0.0,0.0,,0.0
1785318388.519992,08:00:27:a5:9e:2d,0,0,,,0,0.0,0,0.0,0.0,,0.0
1785318393.519992,08:00:27:5a:87:bc,0,0,,,0,0.0,0,0.0,0.0,,0.0
1785318393.519992,08:00:27:8a:0d:75,0,0,,,0,0.0,0,0.0,0.0,,0.0
1785318393.519992,08:00:27:a5:9e:2d,0,0,,,0,0.0,0,0.0,0.0,,0.0
1785318398.519992,08:00:27:5a:87:bc,0,0,,,0,0.0,0,0.0,0.0,,0.0
1785318398.519992,08:00:27:8a:0d:75,0,0,,,0,0.0,0,0.0,0.0,,0.0
1785318398.519992,08:00:27:a5:9e:2d,0,0,,,0,0.0,0,0.0,0.0,,0.0
1785318403.519992,08:00:27:5a:87:bc,0,0,,,0,0.0,0,0.0,0.0,,0.0
1785318403.519992,08:00:27:8a:0d:75,0,0,,,0,0.0,0,0.0,0.0,,0.0
1785318403.519992,08:00:27:a5:9e:2d,0,0,,,0,0.0,0,0.0,0.0,,0.0
1785318408.519992,08:00:27:5a:87:bc,0,0,,,0,0.0,0,0.0,0.0,,0.0
1785318408.519992,08:00:27:8a:0d:75,0,0,,,0,0.0,0,0.0,0.0,,0.0
1785318408.519992,08:00:27:a5:9e:2d,0,0,,,0,0.0,0,0.0,0.0,,0.0
1785318413.519992,08:00:27:5a:87:bc,0,0,,,0,0.0,0,0.0,0.0,,0.0
1785318413.519992,08:00:27:8a:0d:75,0,0,,,0,0.0,0,0.0,0.0,,0.0
1785318413.519992,08:00:27:a5:9e:2d,0,0,,,0,0.0,0,0.0,0.0,,0.0
1785318418.519992,08:00:27:5a:87:bc,0,0,,,0,0.0,0,0.0,0.0,,0.0
1785318418.519992,08:00:27:8a:0d:75,0,0,,,0,0.0,0,0.0,0.0,,0.0
1785318418.519992,08:00:27:a5:9e:2d,0,0,,,0,0.0,0,0.0,0.0,,0.0
1785318423.519992,08:00:27:5a:87:bc,0,0,,,0,0.0,0,0.0,0.0,,0.0
1785318423.519992,08:00:27:8a:0d:75,0,0,,,0,0.0,0,0.0,0.0,,0.0
1785318423.519992,08:00:27:a5:9e:2d,0,0,,,0,0.0,0,0.0,0.0,,0.0
1785318428.519992,08:00:27:5a:87:bc,0,0,,,0,0.0,0,0.0,0.0,,0.0
1785318428.519992,08:00:27:8a:0d:75,0,0,,,0,0.0,0,0.0,0.0,,0.0
1785318428.519992,08:00:27:a5:9e:2d,0,0,,,0,0.0,0,0.0,0.0,,0.0
1785318433.519992,08:00:27:5a:87:bc,0,0,,,0,0.0,0,0.0,0.0,,0.0
1785318433.519992,08:00:27:8a:0d:75,0,0,,,0,0.0,0,0.0,0.0,,0.0
1785318433.519992,08:00:27:a5:9e:2d,0,0,,,0,0.0,0,0.0,0.0,,0.0
1785318438.519992,08:00:27:5a:87:bc,0,0,,,0,0.0,0,0.0,0.0,,0.0
1785318438.519992,08:00:27:8a:0d:75,0,0,,,0,0.0,0,0.0,0.0,,0.0
1785318438.519992,08:00:27:a5:9e:2d,0,0,,,0,0.0,0,0.0,0.0,,0.0
1785318443.519992,08:00:27:5a:87:bc,0,0,,,0,0.0,0,0.0,0.0,,0.0
1785318443.519992,08:00:27:8a:0d:75,0,0,,,0,0.0,0,0.0,0.0,,0.0
1785318443.519992,08:00:27:a5:9e:2d,0,0,,,0,0.0,0,0.0,0.0,,0.0
1785318448.519992,08:00:27:5a:87:bc,0,0,,,0,0.0,0,0.0,0.0,,0.0
1785318448.519992,08:00:27:8a:0d:75,0,0,,,0,0.0,0,0.0,0.0,,0.0
1785318448.519992,08:00:27:a5:9e:2d,0,0,,,0,0.0,0,0.0,0.0,,0.0
1785318453.519992,08:00:27:5a:87:bc,0,0,,,0,0.0,0,0.0,0.0,,0.0
1785318453.519992,08:00:27:8a:0d:75,0,0,,,0,0.0,0,0.0,0.0,,0.0
1785318453.519992,08:00:27:a5:9e:2d,0,0,,,0,0.0,0,0.0,0.0,,0.0
1785318458.519992,08:00:27:5a:87:bc,0,0,,,0,0.0,0,0.0,0.0,,0.0
1785318458.519992,08:00:27:8a:0d:75,0,0,,,0,0.0,0,0.0,0.0,,0.0
1785318458.519992,08:00:27:a5:9e:2d,0,0,,,0,0.0,0,0.0,0.0,,0.0
1785318463.519992,08:00:27:5a:87:bc,0,0,,,0,0.0,0,0.0,0.0,,0.0
1785318463.519992,08:00:27:8a:0d:75,0,0,,,0,0.0,0,0.0,0.0,,0.0
1785318463.519992,08:00:27:a5:9e:2d,0,0,,,0,0.0,0,0.0,0.0,,0.0
1785318468.519992,08:00:27:5a:87:bc,0,0,,,0,0.0,0,0.0,0.0,,0.0
1785318468.519992,08:00:27:8a:0d:75,0,0,,,0,0.0,0,0.0,0.0,,0.0
1785318468.519992,08:00:27:a5:9e:2d,0,0,,,0,0.0,0,0.0,0.0,,0.0
1785318473.519992,08:00:27:5a:87:bc,0,0,,,0,0.0,0,0.0,0.0,,0.0
1785318473.519992,08:00:27:8a:0d:75,0,0,,,0,0.0,0,0.0,0.0,,0.0
1785318473.519992,08:00:27:a5:9e:2d,0,0,,,0,0.0,0,0.0,0.0,,0.0
1785318478.519992,08:00:27:5a:87:bc,0,0,,,0,0.0,0,0.0,0.0,,0.0
1785318478.519992,08:00:27:8a:0d:75,0,0,,,0,0.0,0,0.0,0.0,,0.0
1785318478.519992,08:00:27:a5:9e:2d,0,0,,,0,0.0,0,0.0,0.0,,0.0
1785318483.519992,08:00:27:5a:87:bc,0,0,,,0,0.0,0,0.0,0.0,,0.0
1785318483.519992,08:00:27:8a:0d:75,0,0,,,0,0.0,0,0.0,0.0,,0.0
1785318483.519992,08:00:27:a5:9e:2d,0,0,,,0,0.0,0,0.0,0.0,,0.0
1785318488.519992,08:00:27:5a:87:bc,0,0,,,0,0.0,0,0.0,0.0,,0.0
1785318488.519992,08:00:27:8a:0d:75,0,0,,,0,0.0,0,0.0,0.0,,0.0
1785318488.519992,08:00:27:a5:9e:2d,0,0,,,0,0.0,0,0.0,0.0,,0.0
1785318493.519992,08:00:27:5a:87:bc,0,0,,,0,0.0,0,0.0,0.0,,0.0
1785318493.519992,08:00:27:8a:0d:75,0,0,,,0,0.0,0,0.0,0.0,,0.0
1785318493.519992,08:00:27:a5:9e:2d,0,0,,,0,0.0,0,0.0,0.0,,0.0
1785318498.519992,08:00:27:5a:87:bc,0,0,,,0,0.0,0,0.0,0.0,,0.0
1785318498.519992,08:00:27:8a:0d:75,0,0,,,0,0.0,0,0.0,0.0,,0.0
1785318498.519992,08:00:27:a5:9e:2d,0,0,,,0,0.0,0,0.0,0.0,,0.0
1785318503.519992,08:00:27:5a:87:bc,0,0,,,0,0.0,0,0.0,0.0,,0.0
1785318503.519992,08:00:27:8a:0d:75,0,0,,,0,0.0,0,0.0,0.0,,0.0
1785318503.519992,08:00:27:a5:9e:2d,0,0,,,0,0.0,0,0.0,0.0,,0.0
1785318508.519992,08:00:27:5a:87:bc,0,0,,,0,0.0,0,0.0,0.0,,0.0
1785318508.519992,08:00:27:8a:0d:75,0,0,,,0,0.0,0,0.0,0.0,,0.0
1785318508.519992,08:00:27:a5:9e:2d,0,0,,,0,0.0,0,0.0,0.0,,0.0
1785318513.519992,08:00:27:5a:87:bc,0,0,,,0,0.0,0,0.0,0.0,,0.0
1785318513.519992,08:00:27:8a:0d:75,0,0,,,0,0.0,0,0.0,0.0,,0.0
1785318513.519992,08:00:27:a5:9e:2d,0,0,,,0,0.0,0,0.0,0.0,,0.0
1785318518.519992,08:00:27:5a:87:bc,0,0,,,0,0.0,0,0.0,0.0,,0.0
1785318518.519992,08:00:27:8a:0d:75,0,0,,,0,0.0,0,0.0,0.0,,0.0
1785318518.519992,08:00:27:a5:9e:2d,0,0,,,0,0.0,0,0.0,0.0,,0.0
1785318523.519992,08:00:27:5a:87:bc,0,0,,,0,0.0,0,0.0,0.0,,0.0
1785318523.519992,08:00:27:8a:0d:75,0,0,,,0,0.0,0,0.0,0.0,,0.0
1785318523.519992,08:00:27:a5:9e:2d,0,0,,,0,0.0,0,0.0,0.0,,0.0
1785318528.519992,08:00:27:5a:87:bc,0,0,,,0,0.0,0,0.0,0.0,,0.0
1785318528.519992,08:00:27:8a:0d:75,0,0,,,0,0.0,0,0.0,0.0,,0.0
1785318528.519992,08:00:27:a5:9e:2d,0,0,,,0,0.0,0,0.0,0.0,,0.0
1785318533.519992,08:00:27:5a:87:bc,0,0,,,0,0.0,0,0.0,0.0,,0.0
1785318533.519992,08:00:27:8a:0d:75,0,0,,,0,0.0,0,0.0,0.0,,0.0
1785318533.519992,08:00:27:a5:9e:2d,0,0,,,0,0.0,0,0.0,0.0,,0.0
1785318538.519992,08:00:27:5a:87:bc,0,0,,,0,0.0,0,0.0,0.0,,0.0
1785318538.519992,08:00:27:8a:0d:75,0,0,,,0,0.0,0,0.0,0.0,,0.0
1785318538.519992,08:00:27:a5:9e:2d,0,0,,,0,0.0,0,0.0,0.0,,0.0
1785318543.519992,08:00:27:5a:87:bc,0,0,,,0,0.0,0,0.0,0.0,,0.0
1785318543.519992,08:00:27:8a:0d:75,0,0,,,0,0.0,0,0.0,0.0,,0.0
1785318543.519992,08:00:27:a5:9e:2d,0,0,,,0,0.0,0,0.0,0.0,,0.0
1785318548.519992,08:00:27:5a:87:bc,0,0,,,0,0.0,0,0.0,0.0,,0.0
1785318548.519992,08:00:27:8a:0d:75,0,0,,,0,0.0,0,0.0,0.0,,0.0
1785318548.519992,08:00:27:a5:9e:2d,0,0,,,0,0.0,0,0.0,0.0,,0.0
1785318553.519992,08:00:27:5a:87:bc,0,0,,,0,0.0,0,0.0,0.0,,0.0
1785318553.519992,08:00:27:8a:0d:75,0,0,,,0,0.0,0,0.0,0.0,,0.0
1785318553.519992,08:00:27:a5:9e:2d,0,0,,,0,0.0,0,0.0,0.0,,0.0
1785318558.519992,08:00:27:5a:87:bc,0,0,,,0,0.0,0,0.0,0.0,,0.0
1785318558.519992,08:00:27:8a:0d:75,0,0,,,0,0.0,0,0.0,0.0,,0.0
1785318558.519992,08:00:27:a5:9e:2d,0,0,,,0,0.0,0,0.0,0.0,,0.0
1785318563.519992,08:00:27:5a:87:bc,0,0,,,0,0.0,0,0.0,0.0,,0.0
1785318563.519992,08:00:27:8a:0d:75,0,0,,,0,0.0,0,0.0,0.0,,0.0
1785318563.519992,08:00:27:a5:9e:2d,0,0,,,0,0.0,0,0.0,0.0,,0.0
1785318568.519992,08:00:27:5a:87:bc,0,0,,,0,0.0,0,0.0,0.0,,0.0
1785318568.519992,08:00:27:8a:0d:75,0,0,,,0,0.0,0,0.0,0.0,,0.0
1785318568.519992,08:00:27:a5:9e:2d,0,0,,,0,0.0,0,0.0,0.0,,0.0
1785318573.519992,08:00:27:5a:87:bc,0,0,,,0,0.0,0,0.0,0.0,,0.0
1785318573.519992,08:00:27:8a:0d:75,0,0,,,0,0.0,0,0.0,0.0,,0.0
1785318573.519992,08:00:27:a5:9e:2d,0,0,,,0,0.0,0,0.0,0.0,,0.0
1785318578.519992,08:00:27:5a:87:bc,0,0,,,0,0.0,0,0.0,0.0,,0.0
1785318578.519992,08:00:27:8a:0d:75,0,0,,,0,0.0,0,0.0,0.0,,0.0
1785318578.519992,08:00:27:a5:9e:2d,0,0,,,0,0.0,0,0.0,0.0,,0.0
1785318583.519992,08:00:27:5a:87:bc,0,0,,,0,0.0,0,0.0,0.0,,0.0
1785318583.519992,08:00:27:8a:0d:75,0,0,,,0,0.0,0,0.0,0.0,,0.0
1785318583.519992,08:00:27:a5:9e:2d,0,0,,,0,0.0,0,0.0,0.0,,0.0
1785318588.519992,08:00:27:5a:87:bc,0,0,,,0,0.0,0,0.0,0.0,,0.0
1785318588.519992,08:00:27:8a:0d:75,0,0,,,0,0.0,0,0.0,0.0,,0.0
1785318588.519992,08:00:27:a5:9e:2d,0,0,,,0,0.0,0,0.0,0.0,,0.0
1785318593.519992,08:00:27:5a:87:bc,0,0,,,0,0.0,0,0.0,0.0,,0.0
1785318593.519992,08:00:27:8a:0d:75,0,0,,,0,0.0,0,0.0,0.0,,0.0
1785318593.519992,08:00:27:a5:9e:2d,0,0,,,0,0.0,0,0.0,0.0,,0.0
1785318598.519992,08:00:27:5a:87:bc,0,0,,,0,0.0,0,0.0,0.0,,0.0
1785318598.519992,08:00:27:8a:0d:75,0,0,,,0,0.0,0,0.0,0.0,,0.0
1785318598.519992,08:00:27:a5:9e:2d,0,0,,,0,0.0,0,0.0,0.0,,0.0
1785318603.519992,08:00:27:5a:87:bc,0,0,,,0,0.0,0,0.0,0.0,,0.0
1785318603.519992,08:00:27:8a:0d:75,0,0,,,0,0.0,0,0.0,0.0,,0.0
1785318603.519992,08:00:27:a5:9e:2d,0,0,,,0,0.0,0,0.0,0.0,,0.0
1785318608.519992,08:00:27:5a:87:bc,0,0,,,0,0.0,0,0.0,0.0,,0.0
1785318608.519992,08:00:27:8a:0d:75,0,0,,,0,0.0,0,0.0,0.0,,0.0
1785318608.519992,08:00:27:a5:9e:2d,0,0,,,0,0.0,0,0.0,0.0,,0.0
1785318613.519992,08:00:27:5a:87:bc,0,0,,,0,0.0,0,0.0,0.0,,0.0
1785318613.519992,08:00:27:8a:0d:75,0,0,,,0,0.0,0,0.0,0.0,,0.0
1785318613.519992,08:00:27:a5:9e:2d,0,0,,,0,0.0,0,0.0,0.0,,0.0
1785318618.519992,08:00:27:5a:87:bc,0,0,,,0,0.0,0,0.0,0.0,,0.0
1785318618.519992,08:00:27:8a:0d:75,0,0,,,0,0.0,0,0.0,0.0,,0.0
1785318618.519992,08:00:27:a5:9e:2d,0,0,,,0,0.0,0,0.0,0.0,,0.0
1785318623.519992,08:00:27:5a:87:bc,0,0,,,0,0.0,0,0.0,0.0,,0.0
1785318623.519992,08:00:27:8a:0d:75,0,0,,,0,0.0,0,0.0,0.0,,0.0
1785318623.519992,08:00:27:a5:9e:2d,0,0,,,0,0.0,0,0.0,0.0,,0.0
1785318628.519992,08:00:27:5a:87:bc,0,0,,,0,0.0,0,0.0,0.0,,0.0
1785318628.519992,08:00:27:8a:0d:75,0,0,,,0,0.0,0,0.0,0.0,,0.0
1785318628.519992,08:00:27:a5:9e:2d,0,0,,,0,0.0,0,0.0,0.0,,0.0
1785318633.519992,08:00:27:5a:87:bc,0,0,,,0,0.0,0,0.0,0.0,,0.0
1785318633.519992,08:00:27:8a:0d:75,0,0,,,0,0.0,0,0.0,0.0,,0.0
1785318633.519992,08:00:27:a5:9e:2d,0,0,,,0,0.0,0,0.0,0.0,,0.0
1785318638.519992,08:00:27:5a:87:bc,0,0,,,0,0.0,0,0.0,0.0,,0.0
1785318638.519992,08:00:27:8a:0d:75,0,0,,,0,0.0,0,0.0,0.0,,0.0
1785318638.519992,08:00:27:a5:9e:2d,0,0,,,0,0.0,0,0.0,0.0,,0.0
1785318643.519992,08:00:27:5a:87:bc,0,0,,,0,0.0,0,0.0,0.0,,0.0
1785318643.519992,08:00:27:8a:0d:75,0,0,,,0,0.0,0,0.0,0.0,,0.0
1785318643.519992,08:00:27:a5:9e:2d,0,0,,,0,0.0,0,0.0,0.0,,0.0
1785318648.519992,08:00:27:5a:87:bc,0,0,,,0,0.0,0,0.0,0.0,,0.0
1785318648.519992,08:00:27:8a:0d:75,0,0,,,0,0.0,0,0.0,0.0,,0.0
1785318648.519992,08:00:27:a5:9e:2d,0,0,,,0,0.0,0,0.0,0.0,,0.0
1785318653.519992,08:00:27:5a:87:bc,0,0,,,0,0.0,0,0.0,0.0,,0.0
1785318653.519992,08:00:27:8a:0d:75,0,0,,,0,0.0,0,0.0,0.0,,0.0
1785318653.519992,08:00:27:a5:9e:2d,0,0,,,0,0.0,0,0.0,0.0,,0.0
1785318658.519992,08:00:27:5a:87:bc,0,0,,,0,0.0,0,0.0,0.0,,0.0
1785318658.519992,08:00:27:8a:0d:75,0,0,,,0,0.0,0,0.0,0.0,,0.0
1785318658.519992,08:00:27:a5:9e:2d,0,0,,,0,0.0,0,0.0,0.0,,0.0
1785318663.519992,08:00:27:5a:87:bc,0,0,,,0,0.0,0,0.0,0.0,,0.0
1785318663.519992,08:00:27:8a:0d:75,0,0,,,0,0.0,0,0.0,0.0,,0.0
1785318663.519992,08:00:27:a5:9e:2d,0,0,,,0,0.0,0,0.0,0.0,,0.0
1785318668.519992,08:00:27:5a:87:bc,0,0,,,0,0.0,0,0.0,0.0,,0.0
1785318668.519992,08:00:27:8a:0d:75,0,0,,,0,0.0,0,0.0,0.0,,0.0
1785318668.519992,08:00:27:a5:9e:2d,0,0,,,0,0.0,0,0.0,0.0,,0.0
1785318673.519992,08:00:27:5a:87:bc,0,0,,,0,0.0,0,0.0,0.0,,0.0
1785318673.519992,08:00:27:8a:0d:75,0,0,,,0,0.0,0,0.0,0.0,,0.0
1785318673.519992,08:00:27:a5:9e:2d,0,0,,,0,0.0,0,0.0,0.0,,0.0
1785318678.519992,08:00:27:5a:87:bc,0,0,,,0,0.0,0,0.0,0.0,,0.0
1785318678.519992,08:00:27:8a:0d:75,0,0,,,0,0.0,0,0.0,0.0,,0.0
1785318678.519992,08:00:27:a5:9e:2d,0,0,,,0,0.0,0,0.0,0.0,,0.0
1785318683.519992,08:00:27:5a:87:bc,0,0,,,0,0.0,0,0.0,0.0,,0.0
1785318683.519992,08:00:27:8a:0d:75,0,0,,,0,0.0,0,0.0,0.0,,0.0
1785318683.519992,08:00:27:a5:9e:2d,0,0,,,0,0.0,0,0.0,0.0,,0.0
1785318688.519992,08:00:27:5a:87:bc,0,0,,,0,0.0,0,0.0,0.0,,0.0
1785318688.519992,08:00:27:8a:0d:75,0,0,,,0,0.0,0,0.0,0.0,,0.0
1785318688.519992,08:00:27:a5:9e:2d,0,0,,,0,0.0,0,0.0,0.0,,0.0
1785318693.519992,08:00:27:5a:87:bc,0,0,,,0,0.0,0,0.0,0.0,,0.0
1785318693.519992,08:00:27:8a:0d:75,0,0,,,0,0.0,0,0.0,0.0,,0.0
1785318693.519992,08:00:27:a5:9e:2d,0,0,,,0,0.0,0,0.0,0.0,,0.0
1785318698.519992,08:00:27:5a:87:bc,0,0,,,0,0.0,0,0.0,0.0,,0.0
1785318698.519992,08:00:27:8a:0d:75,0,0,,,0,0.0,0,0.0,0.0,,0.0
1785318698.519992,08:00:27:a5:9e:2d,0,0,,,0,0.0,0,0.0,0.0,,0.0
1785318703.519992,08:00:27:5a:87:bc,0,0,,,0,0.0,0,0.0,0.0,,0.0
1785318703.519992,08:00:27:8a:0d:75,0,0,,,0,0.0,0,0.0,0.0,,0.0
1785318703.519992,08:00:27:a5:9e:2d,0,0,,,0,0.0,0,0.0,0.0,,0.0
1785318708.519992,08:00:27:5a:87:bc,0,0,,,0,0.0,0,0.0,0.0,,0.0
1785318708.519992,08:00:27:8a:0d:75,0,0,,,0,0.0,0,0.0,0.0,,0.0
1785318708.519992,08:00:27:a5:9e:2d,0,0,,,0,0.0,0,0.0,0.0,,0.0
1785318713.519992,08:00:27:5a:87:bc,0,0,,,0,0.0,0,0.0,0.0,,0.0
1785318713.519992,08:00:27:8a:0d:75,0,0,,,0,0.0,0,0.0,0.0,,0.0
1785318713.519992,08:00:27:a5:9e:2d,0,0,,,0,0.0,0,0.0,0.0,,0.0
1785318718.519992,08:00:27:5a:87:bc,0,0,,,0,0.0,0,0.0,0.0,,0.0
1785318718.519992,08:00:27:8a:0d:75,0,0,,,0,0.0,0,0.0,0.0,,0.0
1785318718.519992,08:00:27:a5:9e:2d,0,0,,,0,0.0,0,0.0,0.0,,0.0
1785318723.519992,08:00:27:5a:87:bc,0,0,,,0,0.0,0,0.0,0.0,,0.0
1785318723.519992,08:00:27:8a:0d:75,0,0,,,0,0.0,0,0.0,0.0,,0.0
1785318723.519992,08:00:27:a5:9e:2d,0,0,,,0,0.0,0,0.0,0.0,,0.0
1785318728.519992,08:00:27:5a:87:bc,0,0,,,0,0.0,0,0.0,0.0,,0.0
1785318728.519992,08:00:27:8a:0d:75,0,0,,,0,0.0,0,0.0,0.0,,0.0
1785318728.519992,08:00:27:a5:9e:2d,0,0,,,0,0.0,0,0.0,0.0,,0.0
1785318733.519992,08:00:27:5a:87:bc,0,0,,,0,0.0,0,0.0,0.0,,0.0
1785318733.519992,08:00:27:8a:0d:75,0,0,,,0,0.0,0,0.0,0.0,,0.0
1785318733.519992,08:00:27:a5:9e:2d,0,0,,,0,0.0,0,0.0,0.0,,0.0
1785318738.519992,08:00:27:5a:87:bc,0,0,,,0,0.0,0,0.0,0.0,,0.0
1785318738.519992,08:00:27:8a:0d:75,0,0,,,0,0.0,0,0.0,0.0,,0.0
1785318738.519992,08:00:27:a5:9e:2d,0,0,,,0,0.0,0,0.0,0.0,,0.0
1785318743.519992,08:00:27:5a:87:bc,0,0,,,0,0.0,0,0.0,0.0,,0.0
1785318743.519992,08:00:27:8a:0d:75,0,0,,,0,0.0,0,0.0,0.0,,0.0
1785318743.519992,08:00:27:a5:9e:2d,0,0,,,0,0.0,0,0.0,0.0,,0.0
1785318748.519992,08:00:27:5a:87:bc,0,0,,,0,0.0,0,0.0,0.0,,0.0
1785318748.519992,08:00:27:8a:0d:75,0,0,,,0,0.0,0,0.0,0.0,,0.0
1785318748.519992,08:00:27:a5:9e:2d,0,0,,,0,0.0,0,0.0,0.0,,0.0
1785318753.519992,08:00:27:5a:87:bc,0,0,,,0,0.0,0,0.0,0.0,,0.0
1785318753.519992,08:00:27:8a:0d:75,0,0,,,0,0.0,0,0.0,0.0,,0.0
1785318753.519992,08:00:27:a5:9e:2d,0,0,,,0,0.0,0,0.0,0.0,,0.0
1785318758.519992,08:00:27:5a:87:bc,0,0,,,0,0.0,0,0.0,0.0,,0.0
1785318758.519992,08:00:27:8a:0d:75,0,0,,,0,0.0,0,0.0,0.0,,0.0
1785318758.519992,08:00:27:a5:9e:2d,0,0,,,0,0.0,0,0.0,0.0,,0.0
1785318763.519992,08:00:27:5a:87:bc,0,0,,,0,0.0,0,0.0,0.0,,0.0
1785318763.519992,08:00:27:8a:0d:75,0,0,,,0,0.0,0,0.0,0.0,,0.0
1785318763.519992,08:00:27:a5:9e:2d,0,0,,,0,0.0,0,0.0,0.0,,0.0
1785318768.519992,08:00:27:5a:87:bc,0,0,,,0,0.0,0,0.0,0.0,,0.0
1785318768.519992,08:00:27:8a:0d:75,0,0,,,0,0.0,0,0.0,0.0,,0.0
1785318768.519992,08:00:27:a5:9e:2d,0,0,,,0,0.0,0,0.0,0.0,,0.0
1785318773.519992,08:00:27:5a:87:bc,0,0,,,0,0.0,0,0.0,0.0,,0.0
1785318773.519992,08:00:27:8a:0d:75,0,0,,,0,0.0,0,0.0,0.0,,0.0
1785318773.519992,08:00:27:a5:9e:2d,0,0,,,0,0.0,0,0.0,0.0,,0.0
1785318778.519992,08:00:27:5a:87:bc,0,0,,,0,0.0,0,0.0,0.0,,0.0
1785318778.519992,08:00:27:8a:0d:75,0,0,,,0,0.0,0,0.0,0.0,,0.0
1785318778.519992,08:00:27:a5:9e:2d,0,0,,,0,0.0,0,0.0,0.0,,0.0
1785318783.519992,08:00:27:5a:87:bc,0,0,,,0,0.0,0,0.0,0.0,,0.0
1785318783.519992,08:00:27:8a:0d:75,0,0,,,0,0.0,0,0.0,0.0,,0.0
1785318783.519992,08:00:27:a5:9e:2d,0,0,,,0,0.0,0,0.0,0.0,,0.0
1785318788.519992,08:00:27:5a:87:bc,0,0,,,0,0.0,0,0.0,0.0,,0.0
1785318788.519992,08:00:27:8a:0d:75,0,0,,,0,0.0,0,0.0,0.0,,0.0
1785318788.519992,08:00:27:a5:9e:2d,0,0,,,0,0.0,0,0.0,0.0,,0.0
1785318793.519992,08:00:27:5a:87:bc,0,0,,,0,0.0,0,0.0,0.0,,0.0
1785318793.519992,08:00:27:8a:0d:75,0,0,,,0,0.0,0,0.0,0.0,,0.0
1785318793.519992,08:00:27:a5:9e:2d,0,0,,,0,0.0,0,0.0,0.0,,0.0
1785318798.519992,08:00:27:5a:87:bc,0,0,,,0,0.0,0,0.0,0.0,,0.0
1785318798.519992,08:00:27:8a:0d:75,0,0,,,0,0.0,0,0.0,0.0,,0.0
1785318798.519992,08:00:27:a5:9e:2d,0,0,,,0,0.0,0,0.0,0.0,,0.0
1785318803.519992,08:00:27:5a:87:bc,0,0,,,0,0.0,0,0.0,0.0,,0.0
1785318803.519992,08:00:27:8a:0d:75,0,0,,,0,0.0,0,0.0,0.0,,0.0
1785318803.519992,08:00:27:a5:9e:2d,0,0,,,0,0.0,0,0.0,0.0,,0.0
1785318808.519992,08:00:27:5a:87:bc,0,0,,,0,0.0,0,0.0,0.0,,0.0
1785318808.519992,08:00:27:8a:0d:75,0,0,,,0,0.0,0,0.0,0.0,,0.0
1785318808.519992,08:00:27:a5:9e:2d,0,0,,,0,0.0,0,0.0,0.0,,0.0
1785318813.519992,08:00:27:5a:87:bc,0,0,,,0,0.0,0,0.0,0.0,,0.0
1785318813.519992,08:00:27:8a:0d:75,0,0,,,0,0.0,0,0.0,0.0,,0.0
1785318813.519992,08:00:27:a5:9e:2d,0,0,,,0,0.0,0,0.0,0.0,,0.0
1785318818.519992,08:00:27:5a:87:bc,0,0,,,0,0.0,0,0.0,0.0,,0.0
1785318818.519992,08:00:27:8a:0d:75,0,0,,,0,0.0,0,0.0,0.0,,0.0
1785318818.519992,08:00:27:a5:9e:2d,0,0,,,0,0.0,0,0.0,0.0,,0.0
1785318823.519992,08:00:27:5a:87:bc,0,0,,,0,0.0,0,0.0,0.0,,0.0
1785318823.519992,08:00:27:8a:0d:75,0,0,,,0,0.0,0,0.0,0.0,,0.0
1785318823.519992,08:00:27:a5:9e:2d,0,0,,,0,0.0,0,0.0,0.0,,0.0
1785318828.519992,08:00:27:5a:87:bc,0,0,,,0,0.0,0,0.0,0.0,,0.0
1785318828.519992,08:00:27:8a:0d:75,0,0,,,0,0.0,0,0.0,0.0,,0.0
1785318828.519992,08:00:27:a5:9e:2d,0,0,,,0,0.0,0,0.0,0.0,,0.0
1785318833.519992,08:00:27:5a:87:bc,0,0,,,0,0.0,0,0.0,0.0,,0.0
1785318833.519992,08:00:27:8a:0d:75,0,0,,,0,0.0,0,0.0,0.0,,0.0
1785318833.519992,08:00:27:a5:9e:2d,0,0,,,0,0.0,0,0.0,0.0,,0.0
1785318838.519992,08:00:27:5a:87:bc,0,0,,,0,0.0,0,0.0,0.0,,0.0
1785318838.519992,08:00:27:8a:0d:75,0,0,,,0,0.0,0,0.0,0.0,,0.0
1785318838.519992,08:00:27:a5:9e:2d,0,0,,,0,0.0,0,0.0,0.0,,0.0
1785318843.519992,08:00:27:5a:87:bc,0,0,,,0,0.0,0,0.0,0.0,,0.0
1785318843.519992,08:00:27:8a:0d:75,0,0,,,0,0.0,0,0.0,0.0,,0.0
1785318843.519992,08:00:27:a5:9e:2d,0,0,,,0,0.0,0,0.0,0.0,,0.0
1785318848.519992,08:00:27:5a:87:bc,0,0,,,0,0.0,0,0.0,0.0,,0.0
1785318848.519992,08:00:27:8a:0d:75,0,0,,,0,0.0,0,0.0,0.0,,0.0
1785318848.519992,08:00:27:a5:9e:2d,0,0,,,0,0.0,0,0.0,0.0,,0.0
1785318853.519992,08:00:27:5a:87:bc,0,0,,,0,0.0,0,0.0,0.0,,0.0
1785318853.519992,08:00:27:8a:0d:75,0,0,,,0,0.0,0,0.0,0.0,,0.0
1785318853.519992,08:00:27:a5:9e:2d,0,0,,,0,0.0,0,0.0,0.0,,0.0
1785318858.519992,08:00:27:5a:87:bc,0,0,,,0,0.0,0,0.0,0.0,,0.0
1785318858.519992,08:00:27:8a:0d:75,0,0,,,0,0.0,0,0.0,0.0,,0.0
1785318858.519992,08:00:27:a5:9e:2d,0,0,,,0,0.0,0,0.0,0.0,,0.0
1785318863.519992,08:00:27:5a:87:bc,0,0,,,0,0.0,0,0.0,0.0,,0.0
1785318863.519992,08:00:27:8a:0d:75,0,0,,,0,0.0,0,0.0,0.0,,0.0
1785318863.519992,08:00:27:a5:9e:2d,0,0,,,0,0.0,0,0.0,0.0,,0.0
1785318868.519992,08:00:27:5a:87:bc,0,0,,,0,0.0,0,0.0,0.0,,0.0
1785318868.519992,08:00:27:8a:0d:75,0,0,,,0,0.0,0,0.0,0.0,,0.0
1785318868.519992,08:00:27:a5:9e:2d,0,0,,,0,0.0,0,0.0,0.0,,0.0
1785318873.519992,08:00:27:5a:87:bc,0,0,,,0,0.0,0,0.0,0.0,,0.0
1785318873.519992,08:00:27:8a:0d:75,0,0,,,0,0.0,0,0.0,0.0,,0.0
1785318873.519992,08:00:27:a5:9e:2d,0,0,,,0,0.0,0,0.0,0.0,,0.0
1785318878.519992,08:00:27:5a:87:bc,0,0,,,0,0.0,0,0.0,0.0,,0.0
1785318878.519992,08:00:27:8a:0d:75,0,0,,,0,0.0,0,0.0,0.0,,0.0
1785318878.519992,08:00:27:a5:9e:2d,0,0,,,0,0.0,0,0.0,0.0,,0.0
1785318883.519992,08:00:27:5a:87:bc,0,0,,,0,0.0,0,0.0,0.0,,0.0
1785318883.519992,08:00:27:8a:0d:75,0,0,,,0,0.0,0,0.0,0.0,,0.0
1785318883.519992,08:00:27:a5:9e:2d,0,0,,,0,0.0,0,0.0,0.0,,0.0
1785318888.519992,08:00:27:5a:87:bc,0,0,,,0,0.0,0,0.0,0.0,,0.0
1785318888.519992,08:00:27:8a:0d:75,0,0,,,0,0.0,0,0.0,0.0,,0.0
1785318888.519992,08:00:27:a5:9e:2d,0,0,,,0,0.0,0,0.0,0.0,,0.0
1785318893.519992,08:00:27:5a:87:bc,0,0,,,0,0.0,0,0.0,0.0,,0.0
1785318893.519992,08:00:27:8a:0d:75,0,0,,,0,0.0,0,0.0,0.0,,0.0
1785318893.519992,08:00:27:a5:9e:2d,0,0,,,0,0.0,0,0.0,0.0,,0.0
1785318898.519992,08:00:27:5a:87:bc,0,0,,,0,0.0,0,0.0,0.0,,0.0
1785318898.519992,08:00:27:8a:0d:75,0,0,,,0,0.0,0,0.0,0.0,,0.0
1785318898.519992,08:00:27:a5:9e:2d,0,0,,,0,0.0,0,0.0,0.0,,0.0
1785318903.519992,08:00:27:5a:87:bc,0,0,,,0,0.0,0,0.0,0.0,,0.0
1785318903.519992,08:00:27:8a:0d:75,0,0,,,0,0.0,0,0.0,0.0,,0.0
1785318903.519992,08:00:27:a5:9e:2d,0,0,,,0,0.0,0,0.0,0.0,,0.0
1785318908.519992,08:00:27:5a:87:bc,0,0,,,0,0.0,0,0.0,0.0,,0.0
1785318908.519992,08:00:27:8a:0d:75,0,0,,,0,0.0,0,0.0,0.0,,0.0
1785318908.519992,08:00:27:a5:9e:2d,0,0,,,0,0.0,0,0.0,0.0,,0.0
1785318913.519992,08:00:27:5a:87:bc,0,0,,,0,0.0,0,0.0,0.0,,0.0
1785318913.519992,08:00:27:8a:0d:75,0,0,,,0,0.0,0,0.0,0.0,,0.0
1785318913.519992,08:00:27:a5:9e:2d,0,0,,,0,0.0,0,0.0,0.0,,0.0
1785318918.519992,08:00:27:5a:87:bc,0,0,,,0,0.0,0,0.0,0.0,,0.0
1785318918.519992,08:00:27:8a:0d:75,0,0,,,0,0.0,0,0.0,0.0,,0.0
1785318918.519992,08:00:27:a5:9e:2d,0,0,,,0,0.0,0,0.0,0.0,,0.0
1785318923.519992,08:00:27:5a:87:bc,0,0,,,0,0.0,0,0.0,0.0,,0.0
1785318923.519992,08:00:27:8a:0d:75,0,0,,,0,0.0,0,0.0,0.0,,0.0
1785318923.519992,08:00:27:a5:9e:2d,0,0,,,0,0.0,0,0.0,0.0,,0.0
1785318928.519992,08:00:27:5a:87:bc,0,0,,,0,0.0,0,0.0,0.0,,0.0
1785318928.519992,08:00:27:8a:0d:75,0,0,,,0,0.0,0,0.0,0.0,,0.0
1785318928.519992,08:00:27:a5:9e:2d,0,0,,,0,0.0,0,0.0,0.0,,0.0
1785318933.519992,08:00:27:5a:87:bc,0,0,,,0,0.0,0,0.0,0.0,,0.0
1785318933.519992,08:00:27:8a:0d:75,0,0,,,0,0.0,0,0.0,0.0,,0.0
1785318933.519992,08:00:27:a5:9e:2d,0,0,,,0,0.0,0,0.0,0.0,,0.0
1785318938.519992,08:00:27:5a:87:bc,0,0,,,0,0.0,0,0.0,0.0,,0.0
1785318938.519992,08:00:27:8a:0d:75,0,0,,,0,0.0,0,0.0,0.0,,0.0
1785318938.519992,08:00:27:a5:9e:2d,0,0,,,0,0.0,0,0.0,0.0,,0.0
1785318943.519992,08:00:27:5a:87:bc,0,0,,,0,0.0,0,0.0,0.0,,0.0
1785318943.519992,08:00:27:8a:0d:75,0,0,,,0,0.0,0,0.0,0.0,,0.0
1785318943.519992,08:00:27:a5:9e:2d,0,0,,,0,0.0,0,0.0,0.0,,0.0
1785318948.519992,08:00:27:5a:87:bc,0,0,,,0,0.0,0,0.0,0.0,,0.0
1785318948.519992,08:00:27:8a:0d:75,0,0,,,0,0.0,0,0.0,0.0,,0.0
1785318948.519992,08:00:27:a5:9e:2d,0,0,,,0,0.0,0,0.0,0.0,,0.0
1785318953.519992,08:00:27:5a:87:bc,0,0,,,0,0.0,0,0.0,0.0,,0.0
1785318953.519992,08:00:27:8a:0d:75,0,0,,,0,0.0,0,0.0,0.0,,0.0
1785318953.519992,08:00:27:a5:9e:2d,0,0,,,0,0.0,0,0.0,0.0,,0.0
1785318958.519992,08:00:27:5a:87:bc,0,0,,,0,0.0,0,0.0,0.0,,0.0
1785318958.519992,08:00:27:8a:0d:75,0,0,,,0,0.0,0,0.0,0.0,,0.0
1785318958.519992,08:00:27:a5:9e:2d,0,0,,,0,0.0,0,0.0,0.0,,0.0
1785318963.519992,08:00:27:5a:87:bc,0,0,,,0,0.0,0,0.0,0.0,,0.0
1785318963.519992,08:00:27:8a:0d:75,0,0,,,0,0.0,0,0.0,0.0,,0.0
1785318963.519992,08:00:27:a5:9e:2d,0,0,,,0,0.0,0,0.0,0.0,,0.0
1785318968.519992,08:00:27:5a:87:bc,0,0,,,0,0.0,0,0.0,0.0,,0.0
1785318968.519992,08:00:27:8a:0d:75,0,0,,,0,0.0,0,0.0,0.0,,0.0
1785318968.519992,08:00:27:a5:9e:2d,0,0,,,0,0.0,0,0.0,0.0,,0.0
1785318973.519992,08:00:27:5a:87:bc,0,0,,,0,0.0,0,0.0,0.0,,0.0
1785318973.519992,08:00:27:8a:0d:75,0,0,,,0,0.0,0,0.0,0.0,,0.0
1785318973.519992,08:00:27:a5:9e:2d,0,0,,,0,0.0,0,0.0,0.0,,0.0
1785318978.519992,08:00:27:5a:87:bc,0,0,,,0,0.0,0,0.0,0.0,,0.0
1785318978.519992,08:00:27:8a:0d:75,0,0,,,0,0.0,0,0.0,0.0,,0.0
1785318978.519992,08:00:27:a5:9e:2d,0,0,,,0,0.0,0,0.0,0.0,,0.0
1785318983.519992,08:00:27:5a:87:bc,0,0,,,0,0.0,0,0.0,0.0,,0.0
1785318983.519992,08:00:27:8a:0d:75,0,0,,,0,0.0,0,0.0,0.0,,0.0
1785318983.519992,08:00:27:a5:9e:2d,0,0,,,0,0.0,0,0.0,0.0,,0.0
1785318988.519992,08:00:27:5a:87:bc,0,0,,,0,0.0,0,0.0,0.0,,0.0
1785318988.519992,08:00:27:8a:0d:75,0,0,,,0,0.0,0,0.0,0.0,,0.0
1785318988.519992,08:00:27:a5:9e:2d,0,0,,,0,0.0,0,0.0,0.0,,0.0
1785318993.519992,08:00:27:5a:87:bc,0,0,,,0,0.0,0,0.0,0.0,,0.0
1785318993.519992,08:00:27:8a:0d:75,0,0,,,0,0.0,0,0.0,0.0,,0.0
1785318993.519992,08:00:27:a5:9e:2d,0,0,,,0,0.0,0,0.0,0.0,,0.0
1785318998.519992,08:00:27:5a:87:bc,0,0,,,0,0.0,0,0.0,0.0,,0.0
1785318998.519992,08:00:27:8a:0d:75,0,0,,,0,0.0,0,0.0,0.0,,0.0
1785318998.519992,08:00:27:a5:9e:2d,0,0,,,0,0.0,0,0.0,0.0,,0.0
1785319003.519992,08:00:27:5a:87:bc,0,0,,,0,0.0,0,0.0,0.0,,0.0
1785319003.519992,08:00:27:8a:0d:75,0,0,,,0,0.0,0,0.0,0.0,,0.0
1785319003.519992,08:00:27:a5:9e:2d,0,0,,,0,0.0,0,0.0,0.0,,0.0
1785319008.519992,08:00:27:5a:87:bc,0,0,,,0,0.0,0,0.0,0.0,,0.0
1785319008.519992,08:00:27:8a:0d:75,0,0,,,0,0.0,0,0.0,0.0,,0.0
1785319008.519992,08:00:27:a5:9e:2d,0,0,,,0,0.0,0,0.0,0.0,,0.0
1785319013.519992,08:00:27:5a:87:bc,0,0,,,0,0.0,0,0.0,0.0,,0.0
1785319013.519992,08:00:27:8a:0d:75,0,0,,,0,0.0,0,0.0,0.0,,0.0
1785319013.519992,08:00:27:a5:9e:2d,0,0,,,0,0.0,0,0.0,0.0,,0.0
1785319018.519992,08:00:27:5a:87:bc,0,0,,,0,0.0,0,0.0,0.0,,0.0
1785319018.519992,08:00:27:8a:0d:75,0,0,,,0,0.0,0,0.0,0.0,,0.0
1785319018.519992,08:00:27:a5:9e:2d,0,0,,,0,0.0,0,0.0,0.0,,0.0
1785319023.519992,08:00:27:5a:87:bc,0,0,,,0,0.0,0,0.0,0.0,,0.0
1785319023.519992,08:00:27:8a:0d:75,0,0,,,0,0.0,0,0.0,0.0,,0.0
1785319023.519992,08:00:27:a5:9e:2d,0,0,,,0,0.0,0,0.0,0.0,,0.0
1785319028.519992,08:00:27:5a:87:bc,0,0,,,0,0.0,0,0.0,0.0,,0.0
1785319028.519992,08:00:27:8a:0d:75,0,0,,,0,0.0,0,0.0,0.0,,0.0
1785319028.519992,08:00:27:a5:9e:2d,0,0,,,0,0.0,0,0.0,0.0,,0.0
1785319033.519992,08:00:27:5a:87:bc,0,0,,,0,0.0,0,0.0,0.0,,0.0
1785319033.519992,08:00:27:8a:0d:75,0,0,,,0,0.0,0,0.0,0.0,,0.0
1785319033.519992,08:00:27:a5:9e:2d,0,0,,,0,0.0,0,0.0,0.0,,0.0
1785319038.519992,08:00:27:5a:87:bc,0,0,,,0,0.0,0,0.0,0.0,,0.0
1785319038.519992,08:00:27:8a:0d:75,0,0,,,0,0.0,0,0.0,0.0,,0.0
1785319038.519992,08:00:27:a5:9e:2d,0,0,,,0,0.0,0,0.0,0.0,,0.0
1785319043.519992,08:00:27:5a:87:bc,0,0,,,0,0.0,0,0.0,0.0,,0.0
1785319043.519992,08:00:27:8a:0d:75,0,0,,,0,0.0,0,0.0,0.0,,0.0
1785319043.519992,08:00:27:a5:9e:2d,0,0,,,0,0.0,0,0.0,0.0,,0.0
1785319048.519992,08:00:27:5a:87:bc,0,0,,,0,0.0,0,0.0,0.0,,0.0
1785319048.519992,08:00:27:8a:0d:75,0,0,,,0,0.0,0,0.0,0.0,,0.0
1785319048.519992,08:00:27:a5:9e:2d,0,0,,,0,0.0,0,0.0,0.0,,0.0
1785319053.519992,08:00:27:5a:87:bc,0,0,,,0,0.0,0,0.0,0.0,,0.0
1785319053.519992,08:00:27:8a:0d:75,0,0,,,0,0.0,0,0.0,0.0,,0.0
1785319053.519992,08:00:27:a5:9e:2d,0,0,,,0,0.0,0,0.0,0.0,,0.0
1785319058.519992,08:00:27:5a:87:bc,0,0,,,0,0.0,0,0.0,0.0,,0.0
1785319058.519992,08:00:27:8a:0d:75,0,0,,,0,0.0,0,0.0,0.0,,0.0
1785319058.519992,08:00:27:a5:9e:2d,0,0,,,0,0.0,0,0.0,0.0,,0.0
1785319063.519992,08:00:27:5a:87:bc,0,0,,,0,0.0,0,0.0,0.0,,0.0
1785319063.519992,08:00:27:8a:0d:75,0,0,,,0,0.0,0,0.0,0.0,,0.0
1785319063.519992,08:00:27:a5:9e:2d,0,0,,,0,0.0,0,0.0,0.0,,0.0
1785319068.519992,08:00:27:5a:87:bc,0,0,,,0,0.0,0,0.0,0.0,,0.0
1785319068.519992,08:00:27:8a:0d:75,0,0,,,0,0.0,0,0.0,0.0,,0.0
1785319068.519992,08:00:27:a5:9e:2d,0,0,,,0,0.0,0,0.0,0.0,,0.0
1785319073.519992,08:00:27:5a:87:bc,0,0,,,0,0.0,0,0.0,0.0,,0.0
1785319073.519992,08:00:27:8a:0d:75,0,0,,,0,0.0,0,0.0,0.0,,0.0
1785319073.519992,08:00:27:a5:9e:2d,0,0,,,0,0.0,0,0.0,0.0,,0.0
1785319078.519992,08:00:27:5a:87:bc,0,0,,,0,0.0,0,0.0,0.0,,0.0
1785319078.519992,08:00:27:8a:0d:75,0,0,,,0,0.0,0,0.0,0.0,,0.0
1785319078.519992,08:00:27:a5:9e:2d,0,0,,,0,0.0,0,0.0,0.0,,0.0
1785319083.519992,08:00:27:5a:87:bc,0,0,,,0,0.0,0,0.0,0.0,,0.0
1785319083.519992,08:00:27:8a:0d:75,0,0,,,0,0.0,0,0.0,0.0,,0.0
1785319083.519992,08:00:27:a5:9e:2d,0,0,,,0,0.0,0,0.0,0.0,,0.0
1785319088.519992,08:00:27:5a:87:bc,0,0,,,0,0.0,0,0.0,0.0,,0.0
1785319088.519992,08:00:27:8a:0d:75,0,0,,,0,0.0,0,0.0,0.0,,0.0
1785319088.519992,08:00:27:a5:9e:2d,0,0,,,0,0.0,0,0.0,0.0,,0.0
1785319093.519992,08:00:27:5a:87:bc,0,0,,,0,0.0,0,0.0,0.0,,0.0
1785319093.519992,08:00:27:8a:0d:75,0,0,,,0,0.0,0,0.0,0.0,,0.0
1785319093.519992,08:00:27:a5:9e:2d,0,0,,,0,0.0,0,0.0,0.0,,0.0
1785319098.519992,08:00:27:5a:87:bc,0,0,,,0,0.0,0,0.0,0.0,,0.0
1785319098.519992,08:00:27:8a:0d:75,0,0,,,0,0.0,0,0.0,0.0,,0.0
1785319098.519992,08:00:27:a5:9e:2d,0,0,,,0,0.0,0,0.0,0.0,,0.0
1785319103.519992,08:00:27:5a:87:bc,0,0,,,0,0.0,0,0.0,0.0,,0.0
1785319103.519992,08:00:27:8a:0d:75,0,0,,,0,0.0,0,0.0,0.0,,0.0
1785319103.519992,08:00:27:a5:9e:2d,0,0,,,0,0.0,0,0.0,0.0,,0.0
1785319108.519992,08:00:27:5a:87:bc,0,0,,,0,0.0,0,0.0,0.0,,0.0
1785319108.519992,08:00:27:8a:0d:75,0,0,,,0,0.0,0,0.0,0.0,,0.0
1785319108.519992,08:00:27:a5:9e:2d,0,0,,,0,0.0,0,0.0,0.0,,0.0
1785319113.519992,08:00:27:5a:87:bc,0,0,,,0,0.0,0,0.0,0.0,,0.0
1785319113.519992,08:00:27:8a:0d:75,0,0,,,0,0.0,0,0.0,0.0,,0.0
1785319113.519992,08:00:27:a5:9e:2d,0,0,,,0,0.0,0,0.0,0.0,,0.0
1785319118.519992,08:00:27:5a:87:bc,0,0,,,0,0.0,0,0.0,0.0,,0.0
1785319118.519992,08:00:27:8a:0d:75,0,0,,,0,0.0,0,0.0,0.0,,0.0
1785319118.519992,08:00:27:a5:9e:2d,0,0,,,0,0.0,0,0.0,0.0,,0.0
1785319123.519992,08:00:27:5a:87:bc,0,0,,,0,0.0,0,0.0,0.0,,0.0
1785319123.519992,08:00:27:8a:0d:75,0,0,,,0,0.0,0,0.0,0.0,,0.0
1785319123.519992,08:00:27:a5:9e:2d,0,0,,,0,0.0,0,0.0,0.0,,0.0
1785319128.519992,08:00:27:5a:87:bc,0,0,,,0,0.0,0,0.0,0.0,,0.0
1785319128.519992,08:00:27:8a:0d:75,0,0,,,0,0.0,0,0.0,0.0,,0.0
1785319128.519992,08:00:27:a5:9e:2d,0,0,,,0,0.0,0,0.0,0.0,,0.0
1785319133.519992,08:00:27:5a:87:bc,0,0,,,0,0.0,0,0.0,0.0,,0.0
1785319133.519992,08:00:27:8a:0d:75,0,0,,,0,0.0,0,0.0,0.0,,0.0
1785319133.519992,08:00:27:a5:9e:2d,0,0,,,0,0.0,0,0.0,0.0,,0.0
1785319138.519992,08:00:27:5a:87:bc,0,0,,,0,0.0,0,0.0,0.0,,0.0
1785319138.519992,08:00:27:8a:0d:75,0,0,,,0,0.0,0,0.0,0.0,,0.0
1785319138.519992,08:00:27:a5:9e:2d,0,0,,,0,0.0,0,0.0,0.0,,0.0
1785319143.519992,08:00:27:5a:87:bc,0,0,,,0,0.0,0,0.0,0.0,,0.0
1785319143.519992,08:00:27:8a:0d:75,0,0,,,0,0.0,0,0.0,0.0,,0.0
1785319143.519992,08:00:27:a5:9e:2d,0,0,,,0,0.0,0,0.0,0.0,,0.0
1785319148.519992,08:00:27:5a:87:bc,0,0,,,0,0.0,0,0.0,0.0,,0.0
1785319148.519992,08:00:27:8a:0d:75,0,0,,,0,0.0,0,0.0,0.0,,0.0
1785319148.519992,08:00:27:a5:9e:2d,0,0,,,0,0.0,0,0.0,0.0,,0.0
1785319153.519992,08:00:27:5a:87:bc,0,0,,,0,0.0,0,0.0,0.0,,0.0
1785319153.519992,08:00:27:8a:0d:75,0,0,,,0,0.0,0,0.0,0.0,,0.0
1785319153.519992,08:00:27:a5:9e:2d,0,0,,,0,0.0,0,0.0,0.0,,0.0
1785319158.519992,08:00:27:5a:87:bc,0,0,,,0,0.0,0,0.0,0.0,,0.0
1785319158.519992,08:00:27:8a:0d:75,0,0,,,0,0.0,0,0.0,0.0,,0.0
1785319158.519992,08:00:27:a5:9e:2d,0,0,,,0,0.0,0,0.0,0.0,,0.0
1785319163.519992,08:00:27:5a:87:bc,0,0,,,0,0.0,0,0.0,0.0,,0.0
1785319163.519992,08:00:27:8a:0d:75,0,0,,,0,0.0,0,0.0,0.0,,0.0
1785319163.519992,08:00:27:a5:9e:2d,0,0,,,0,0.0,0,0.0,0.0,,0.0
1785319168.519992,08:00:27:5a:87:bc,0,0,,,0,0.0,0,0.0,0.0,,0.0
1785319168.519992,08:00:27:8a:0d:75,0,0,,,0,0.0,0,0.0,0.0,,0.0
1785319168.519992,08:00:27:a5:9e:2d,0,0,,,0,0.0,0,0.0,0.0,,0.0
1785319173.519992,08:00:27:5a:87:bc,0,0,,,0,0.0,0,0.0,0.0,,0.0
1785319173.519992,08:00:27:8a:0d:75,0,0,,,0,0.0,0,0.0,0.0,,0.0
1785319173.519992,08:00:27:a5:9e:2d,0,0,,,0,0.0,0,0.0,0.0,,0.0
1785319178.519992,08:00:27:5a:87:bc,0,0,,,0,0.0,0,0.0,0.0,,0.0
1785319178.519992,08:00:27:8a:0d:75,0,0,,,0,0.0,0,0.0,0.0,,0.0
1785319178.519992,08:00:27:a5:9e:2d,0,0,,,0,0.0,0,0.0,0.0,,0.0
1785319183.519992,08:00:27:5a:87:bc,0,0,,,0,0.0,0,0.0,0.0,,0.0
1785319183.519992,08:00:27:8a:0d:75,0,0,,,0,0.0,0,0.0,0.0,,0.0
1785319183.519992,08:00:27:a5:9e:2d,0,0,,,0,0.0,0,0.0,0.0,,0.0
1785319188.519992,08:00:27:5a:87:bc,0,0,,,0,0.0,0,0.0,0.0,,0.0
1785319188.519992,08:00:27:8a:0d:75,0,0,,,0,0.0,0,0.0,0.0,,0.0
1785319188.519992,08:00:27:a5:9e:2d,0,0,,,0,0.0,0,0.0,0.0,,0.0
1785319193.519992,08:00:27:5a:87:bc,0,0,,,0,0.0,0,0.0,0.0,,0.0
1785319193.519992,08:00:27:8a:0d:75,0,0,,,0,0.0,0,0.0,0.0,,0.0
1785319193.519992,08:00:27:a5:9e:2d,0,0,,,0,0.0,0,0.0,0.0,,0.0
1785319198.519992,08:00:27:5a:87:bc,0,0,,,0,0.0,0,0.0,0.0,,0.0
1785319198.519992,08:00:27:8a:0d:75,0,0,,,0,0.0,0,0.0,0.0,,0.0
1785319198.519992,08:00:27:a5:9e:2d,0,0,,,0,0.0,0,0.0,0.0,,0.0
1785319203.519992,08:00:27:5a:87:bc,0,0,,,0,0.0,0,0.0,0.0,,0.0
1785319203.519992,08:00:27:8a:0d:75,0,0,,,0,0.0,0,0.0,0.0,,0.0
1785319203.519992,08:00:27:a5:9e:2d,0,0,,,0,0.0,0,0.0,0.0,,0.0
1785319208.519992,08:00:27:5a:87:bc,0,0,,,0,0.0,0,0.0,0.0,,0.0
1785319208.519992,08:00:27:8a:0d:75,0,0,,,0,0.0,0,0.0,0.0,,0.0
1785319208.519992,08:00:27:a5:9e:2d,0,0,,,0,0.0,0,0.0,0.0,,0.0
1785319213.519992,08:00:27:5a:87:bc,0,0,,,0,0.0,0,0.0,0.0,,0.0
1785319213.519992,08:00:27:8a:0d:75,0,0,,,0,0.0,0,0.0,0.0,,0.0
1785319213.519992,08:00:27:a5:9e:2d,0,0,,,0,0.0,0,0.0,0.0,,0.0
1785319218.519992,08:00:27:5a:87:bc,0,0,,,0,0.0,0,0.0,0.0,,0.0
1785319218.519992,08:00:27:8a:0d:75,0,0,,,0,0.0,0,0.0,0.0,,0.0
1785319218.519992,08:00:27:a5:9e:2d,0,0,,,0,0.0,0,0.0,0.0,,0.0
1785319223.519992,08:00:27:5a:87:bc,0,0,,,0,0.0,0,0.0,0.0,,0.0
1785319223.519992,08:00:27:8a:0d:75,0,0,,,0,0.0,0,0.0,0.0,,0.0
1785319223.519992,08:00:27:a5:9e:2d,0,0,,,0,0.0,0,0.0,0.0,,0.0
1785319228.519992,08:00:27:5a:87:bc,0,0,,,0,0.0,0,0.0,0.0,,0.0
1785319228.519992,08:00:27:8a:0d:75,0,0,,,0,0.0,0,0.0,0.0,,0.0
1785319228.519992,08:00:27:a5:9e:2d,0,0,,,0,0.0,0,0.0,0.0,,0.0
1785319233.519992,08:00:27:5a:87:bc,0,0,,,0,0.0,0,0.0,0.0,,0.0
1785319233.519992,08:00:27:8a:0d:75,0,0,,,0,0.0,0,0.0,0.0,,0.0
1785319233.519992,08:00:27:a5:9e:2d,0,0,,,0,0.0,0,0.0,0.0,,0.0
1785319238.519992,08:00:27:5a:87:bc,0,0,,,0,0.0,0,0.0,0.0,,0.0
1785319238.519992,08:00:27:8a:0d:75,0,0,,,0,0.0,0,0.0,0.0,,0.0
1785319238.519992,08:00:27:a5:9e:2d,0,0,,,0,0.0,0,0.0,0.0,,0.0
1785319243.519992,08:00:27:5a:87:bc,0,0,,,0,0.0,0,0.0,0.0,,0.0
1785319243.519992,08:00:27:8a:0d:75,0,0,,,0,0.0,0,0.0,0.0,,0.0
1785319243.519992,08:00:27:a5:9e:2d,0,0,,,0,0.0,0,0.0,0.0,,0.0
1785319248.519992,08:00:27:5a:87:bc,0,0,,,0,0.0,0,0.0,0.0,,0.0
1785319248.519992,08:00:27:8a:0d:75,0,0,,,0,0.0,0,0.0,0.0,,0.0
1785319248.519992,08:00:27:a5:9e:2d,0,0,,,0,0.0,0,0.0,0.0,,0.0
1785319253.519992,08:00:27:5a:87:bc,0,0,,,0,0.0,0,0.0,0.0,,0.0
1785319253.519992,08:00:27:8a:0d:75,0,0,,,0,0.0,0,0.0,0.0,,0.0
1785319253.519992,08:00:27:a5:9e:2d,0,0,,,0,0.0,0,0.0,0.0,,0.0
1785319258.519992,08:00:27:5a:87:bc,0,0,,,0,0.0,0,0.0,0.0,,0.0
1785319258.519992,08:00:27:8a:0d:75,0,0,,,0,0.0,0,0.0,0.0,,0.0
1785319258.519992,08:00:27:a5:9e:2d,0,0,,,0,0.0,0,0.0,0.0,,0.0
1785319263.519992,08:00:27:5a:87:bc,0,0,,,0,0.0,0,0.0,0.0,,0.0
1785319263.519992,08:00:27:8a:0d:75,0,0,,,0,0.0,0,0.0,0.0,,0.0
1785319263.519992,08:00:27:a5:9e:2d,0,0,,,0,0.0,0,0.0,0.0,,0.0
1785319268.519992,08:00:27:5a:87:bc,0,0,,,0,0.0,0,0.0,0.0,,0.0
1785319268.519992,08:00:27:8a:0d:75,0,0,,,0,0.0,0,0.0,0.0,,0.0
1785319268.519992,08:00:27:a5:9e:2d,0,0,,,0,0.0,0,0.0,0.0,,0.0
1785319273.519992,08:00:27:5a:87:bc,0,0,,,0,0.0,0,0.0,0.0,,0.0
1785319273.519992,08:00:27:8a:0d:75,0,0,,,0,0.0,0,0.0,0.0,,0.0
1785319273.519992,08:00:27:a5:9e:2d,0,0,,,0,0.0,0,0.0,0.0,,0.0
1785319278.519992,08:00:27:5a:87:bc,0,0,,,0,0.0,0,0.0,0.0,,0.0
1785319278.519992,08:00:27:8a:0d:75,0,0,,,0,0.0,0,0.0,0.0,,0.0
1785319278.519992,08:00:27:a5:9e:2d,0,0,,,0,0.0,0,0.0,0.0,,0.0
1785319283.519992,08:00:27:5a:87:bc,0,0,,,0,0.0,0,0.0,0.0,,0.0
1785319283.519992,08:00:27:8a:0d:75,0,0,,,0,0.0,0,0.0,0.0,,0.0
1785319283.519992,08:00:27:a5:9e:2d,0,0,,,0,0.0,0,0.0,0.0,,0.0
1785319288.519992,08:00:27:5a:87:bc,0,0,,,0,0.0,0,0.0,0.0,,0.0
1785319288.519992,08:00:27:8a:0d:75,0,0,,,0,0.0,0,0.0,0.0,,0.0
1785319288.519992,08:00:27:a5:9e:2d,0,0,,,0,0.0,0,0.0,0.0,,0.0
1785319293.519992,08:00:27:5a:87:bc,0,0,,,0,0.0,0,0.0,0.0,,0.0
1785319293.519992,08:00:27:8a:0d:75,0,0,,,0,0.0,0,0.0,0.0,,0.0
1785319293.519992,08:00:27:a5:9e:2d,0,0,,,0,0.0,0,0.0,0.0,,0.0
1785319298.519992,08:00:27:5a:87:bc,0,0,,,0,0.0,0,0.0,0.0,,0.0
1785319298.519992,08:00:27:8a:0d:75,0,0,,,0,0.0,0,0.0,0.0,,0.0
1785319298.519992,08:00:27:a5:9e:2d,0,0,,,0,0.0,0,0.0,0.0,,0.0
1785319303.519992,08:00:27:5a:87:bc,0,0,,,0,0.0,0,0.0,0.0,,0.0
1785319303.519992,08:00:27:8a:0d:75,0,0,,,0,0.0,0,0.0,0.0,,0.0
1785319303.519992,08:00:27:a5:9e:2d,0,0,,,0,0.0,0,0.0,0.0,,0.0
1785319308.519992,08:00:27:5a:87:bc,0,0,,,0,0.0,0,0.0,0.0,,0.0
1785319308.519992,08:00:27:8a:0d:75,0,0,,,0,0.0,0,0.0,0.0,,0.0
1785319308.519992,08:00:27:a5:9e:2d,0,0,,,0,0.0,0,0.0,0.0,,0.0
1785319313.519992,08:00:27:5a:87:bc,0,0,,,0,0.0,0,0.0,0.0,,0.0
1785319313.519992,08:00:27:8a:0d:75,0,0,,,0,0.0,0,0.0,0.0,,0.0
1785319313.519992,08:00:27:a5:9e:2d,0,0,,,0,0.0,0,0.0,0.0,,0.0
1785319318.519992,08:00:27:5a:87:bc,0,0,,,0,0.0,0,0.0,0.0,,0.0
1785319318.519992,08:00:27:8a:0d:75,0,0,,,0,0.0,0,0.0,0.0,,0.0
1785319318.519992,08:00:27:a5:9e:2d,0,0,,,0,0.0,0,0.0,0.0,,0.0
1785319323.519992,08:00:27:5a:87:bc,0,0,,,0,0.0,0,0.0,0.0,,0.0
1785319323.519992,08:00:27:8a:0d:75,0,0,,,0,0.0,0,0.0,0.0,,0.0
1785319323.519992,08:00:27:a5:9e:2d,0,0,,,0,0.0,0,0.0,0.0,,0.0
1785319328.519992,08:00:27:5a:87:bc,0,0,,,0,0.0,0,0.0,0.0,,0.0
1785319328.519992,08:00:27:8a:0d:75,0,0,,,0,0.0,0,0.0,0.0,,0.0
1785319328.519992,08:00:27:a5:9e:2d,0,0,,,0,0.0,0,0.0,0.0,,0.0
1785319333.519992,08:00:27:5a:87:bc,0,0,,,0,0.0,0,0.0,0.0,,0.0
1785319333.519992,08:00:27:8a:0d:75,0,0,,,0,0.0,0,0.0,0.0,,0.0
1785319333.519992,08:00:27:a5:9e:2d,0,0,,,0,0.0,0,0.0,0.0,,0.0
1785319338.519992,08:00:27:5a:87:bc,0,0,,,0,0.0,0,0.0,0.0,,0.0
1785319338.519992,08:00:27:8a:0d:75,0,0,,,0,0.0,0,0.0,0.0,,0.0
1785319338.519992,08:00:27:a5:9e:2d,0,0,,,0,0.0,0,0.0,0.0,,0.0
1785319343.519992,08:00:27:5a:87:bc,0,0,,,0,0.0,0,0.0,0.0,,0.0
1785319343.519992,08:00:27:8a:0d:75,0,0,,,0,0.0,0,0.0,0.0,,0.0
1785319343.519992,08:00:27:a5:9e:2d,0,0,,,0,0.0,0,0.0,0.0,,0.0
1785319348.519992,08:00:27:5a:87:bc,0,0,,,0,0.0,0,0.0,0.0,,0.0
1785319348.519992,08:00:27:8a:0d:75,0,0,,,0,0.0,0,0.0,0.0,,0.0
1785319348.519992,08:00:27:a5:9e:2d,0,0,,,0,0.0,0,0.0,0.0,,0.0
1785319353.519992,08:00:27:5a:87:bc,0,0,,,0,0.0,0,0.0,0.0,,0.0
1785319353.519992,08:00:27:8a:0d:75,0,0,,,0,0.0,0,0.0,0.0,,0.0
1785319353.519992,08:00:27:a5:9e:2d,0,0,,,0,0.0,0,0.0,0.0,,0.0
1785319358.519992,08:00:27:5a:87:bc,0,0,,,0,0.0,0,0.0,0.0,,0.0
1785319358.519992,08:00:27:8a:0d:75,0,0,,,0,0.0,0,0.0,0.0,,0.0
1785319358.519992,08:00:27:a5:9e:2d,0,0,,,0,0.0,0,0.0,0.0,,0.0
1785319363.519992,08:00:27:5a:87:bc,0,0,,,0,0.0,0,0.0,0.0,,0.0
1785319363.519992,08:00:27:8a:0d:75,0,0,,,0,0.0,0,0.0,0.0,,0.0
1785319363.519992,08:00:27:a5:9e:2d,0,0,,,0,0.0,0,0.0,0.0,,0.0
1785319368.519992,08:00:27:5a:87:bc,0,0,,,0,0.0,0,0.0,0.0,,0.0
1785319368.519992,08:00:27:8a:0d:75,0,0,,,0,0.0,0,0.0,0.0,,0.0
1785319368.519992,08:00:27:a5:9e:2d,0,0,,,0,0.0,0,0.0,0.0,,0.0
1785319373.519992,08:00:27:5a:87:bc,0,0,,,0,0.0,0,0.0,0.0,,0.0
1785319373.519992,08:00:27:8a:0d:75,0,0,,,0,0.0,0,0.0,0.0,,0.0
1785319373.519992,08:00:27:a5:9e:2d,0,0,,,0,0.0,0,0.0,0.0,,0.0
1785319378.519992,08:00:27:5a:87:bc,0,0,,,0,0.0,0,0.0,0.0,,0.0
1785319378.519992,08:00:27:8a:0d:75,0,0,,,0,0.0,0,0.0,0.0,,0.0
1785319378.519992,08:00:27:a5:9e:2d,0,0,,,0,0.0,0,0.0,0.0,,0.0
1785319383.519992,08:00:27:5a:87:bc,0,0,,,0,0.0,0,0.0,0.0,,0.0
1785319383.519992,08:00:27:8a:0d:75,0,0,,,0,0.0,0,0.0,0.0,,0.0
1785319383.519992,08:00:27:a5:9e:2d,0,0,,,0,0.0,0,0.0,0.0,,0.0
1785319388.519992,08:00:27:5a:87:bc,0,0,,,0,0.0,0,0.0,0.0,,0.0
1785319388.519992,08:00:27:8a:0d:75,0,0,,,0,0.0,0,0.0,0.0,,0.0
1785319388.519992,08:00:27:a5:9e:2d,0,0,,,0,0.0,0,0.0,0.0,,0.0
1785319393.519992,08:00:27:5a:87:bc,0,0,,,0,0.0,0,0.0,0.0,,0.0
1785319393.519992,08:00:27:8a:0d:75,0,0,,,0,0.0,0,0.0,0.0,,0.0
1785319393.519992,08:00:27:a5:9e:2d,0,0,,,0,0.0,0,0.0,0.0,,0.0
1785319398.519992,08:00:27:5a:87:bc,0,0,,,0,0.0,0,0.0,0.0,,0.0
1785319398.519992,08:00:27:8a:0d:75,0,0,,,0,0.0,0,0.0,0.0,,0.0
1785319398.519992,08:00:27:a5:9e:2d,0,0,,,0,0.0,0,0.0,0.0,,0.0
1785319403.519992,08:00:27:5a:87:bc,0,0,,,0,0.0,0,0.0,0.0,,0.0
1785319403.519992,08:00:27:8a:0d:75,0,0,,,0,0.0,0,0.0,0.0,,0.0
1785319403.519992,08:00:27:a5:9e:2d,0,0,,,0,0.0,0,0.0,0.0,,0.0
1785319408.519992,08:00:27:5a:87:bc,0,0,,,0,0.0,0,0.0,0.0,,0.0
1785319408.519992,08:00:27:8a:0d:75,0,0,,,0,0.0,0,0.0,0.0,,0.0
1785319408.519992,08:00:27:a5:9e:2d,0,0,,,0,0.0,0,0.0,0.0,,0.0
1785319413.519992,08:00:27:5a:87:bc,0,0,,,0,0.0,0,0.0,0.0,,0.0
1785319413.519992,08:00:27:8a:0d:75,0,0,,,0,0.0,0,0.0,0.0,,0.0
1785319413.519992,08:00:27:a5:9e:2d,0,0,,,0,0.0,0,0.0,0.0,,0.0
1785319418.519992,08:00:27:5a:87:bc,0,0,,,0,0.0,0,0.0,0.0,,0.0
1785319418.519992,08:00:27:8a:0d:75,0,0,,,0,0.0,0,0.0,0.0,,0.0
1785319418.519992,08:00:27:a5:9e:2d,0,0,,,0,0.0,0,0.0,0.0,,0.0
1785319423.519992,08:00:27:5a:87:bc,0,0,,,0,0.0,0,0.0,0.0,,0.0
1785319423.519992,08:00:27:8a:0d:75,0,0,,,0,0.0,0,0.0,0.0,,0.0
1785319423.519992,08:00:27:a5:9e:2d,0,0,,,0,0.0,0,0.0,0.0,,0.0
1785319428.519992,08:00:27:5a:87:bc,0,0,,,0,0.0,0,0.0,0.0,,0.0
1785319428.519992,08:00:27:8a:0d:75,0,0,,,0,0.0,0,0.0,0.0,,0.0
1785319428.519992,08:00:27:a5:9e:2d,0,0,,,0,0.0,0,0.0,0.0,,0.0
1785319433.519992,08:00:27:5a:87:bc,0,0,,,0,0.0,0,0.0,0.0,,0.0
1785319433.519992,08:00:27:8a:0d:75,0,0,,,0,0.0,0,0.0,0.0,,0.0
1785319433.519992,08:00:27:a5:9e:2d,0,0,,,0,0.0,0,0.0,0.0,,0.0
1785319438.519992,08:00:27:5a:87:bc,0,0,,,0,0.0,0,0.0,0.0,,0.0
1785319438.519992,08:00:27:8a:0d:75,0,0,,,0,0.0,0,0.0,0.0,,0.0
1785319438.519992,08:00:27:a5:9e:2d,0,0,,,0,0.0,0,0.0,0.0,,0.0
1785319443.519992,08:00:27:5a:87:bc,0,0,,,0,0.0,0,0.0,0.0,,0.0
1785319443.519992,08:00:27:8a:0d:75,0,0,,,0,0.0,0,0.0,0.0,,0.0
1785319443.519992,08:00:27:a5:9e:2d,0,0,,,0,0.0,0,0.0,0.0,,0.0
1785319448.519992,08:00:27:5a:87:bc,0,0,,,0,0.0,0,0.0,0.0,,0.0
1785319448.519992,08:00:27:8a:0d:75,0,0,,,0,0.0,0,0.0,0.0,,0.0
1785319448.519992,08:00:27:a5:9e:2d,0,0,,,0,0.0,0,0.0,0.0,,0.0
1785319453.519992,08:00:27:5a:87:bc,0,0,,,0,0.0,0,0.0,0.0,,0.0
1785319453.519992,08:00:27:8a:0d:75,0,0,,,0,0.0,0,0.0,0.0,,0.0
1785319453.519992,08:00:27:a5:9e:2d,0,0,,,0,0.0,0,0.0,0.0,,0.0
1785319458.519992,08:00:27:5a:87:bc,0,0,,,0,0.0,0,0.0,0.0,,0.0
1785319458.519992,08:00:27:8a:0d:75,0,0,,,0,0.0,0,0.0,0.0,,0.0
1785319458.519992,08:00:27:a5:9e:2d,0,0,,,0,0.0,0,0.0,0.0,,0.0
1785319463.519992,08:00:27:5a:87:bc,0,0,,,0,0.0,0,0.0,0.0,,0.0
1785319463.519992,08:00:27:8a:0d:75,0,0,,,0,0.0,0,0.0,0.0,,0.0
1785319463.519992,08:00:27:a5:9e:2d,0,0,,,0,0.0,0,0.0,0.0,,0.0
1785319468.519992,08:00:27:5a:87:bc,0,0,,,0,0.0,0,0.0,0.0,,0.0
1785319468.519992,08:00:27:8a:0d:75,0,0,,,0,0.0,0,0.0,0.0,,0.0
1785319468.519992,08:00:27:a5:9e:2d,0,0,,,0,0.0,0,0.0,0.0,,0.0
1785319473.519992,08:00:27:5a:87:bc,0,0,,,0,0.0,0,0.0,0.0,,0.0
1785319473.519992,08:00:27:8a:0d:75,0,0,,,0,0.0,0,0.0,0.0,,0.0
1785319473.519992,08:00:27:a5:9e:2d,0,0,,,0,0.0,0,0.0,0.0,,0.0
1785319478.519992,08:00:27:5a:87:bc,0,0,,,0,0.0,0,0.0,0.0,,0.0
1785319478.519992,08:00:27:8a:0d:75,0,0,,,0,0.0,0,0.0,0.0,,0.0
1785319478.519992,08:00:27:a5:9e:2d,0,0,,,0,0.0,0,0.0,0.0,,0.0
1785319483.519992,08:00:27:5a:87:bc,0,0,,,0,0.0,0,0.0,0.0,,0.0
1785319483.519992,08:00:27:8a:0d:75,0,0,,,0,0.0,0,0.0,0.0,,0.0
1785319483.519992,08:00:27:a5:9e:2d,0,0,,,0,0.0,0,0.0,0.0,,0.0
1785319488.519992,08:00:27:5a:87:bc,0,0,,,0,0.0,0,0.0,0.0,,0.0
1785319488.519992,08:00:27:8a:0d:75,0,0,,,0,0.0,0,0.0,0.0,,0.0
1785319488.519992,08:00:27:a5:9e:2d,0,0,,,0,0.0,0,0.0,0.0,,0.0
1785319493.519992,08:00:27:5a:87:bc,0,0,,,0,0.0,0,0.0,0.0,,0.0
1785319493.519992,08:00:27:8a:0d:75,0,0,,,0,0.0,0,0.0,0.0,,0.0
1785319493.519992,08:00:27:a5:9e:2d,0,0,,,0,0.0,0,0.0,0.0,,0.0
1785319498.519992,08:00:27:5a:87:bc,0,0,,,0,0.0,0,0.0,0.0,,0.0
1785319498.519992,08:00:27:8a:0d:75,0,0,,,0,0.0,0,0.0,0.0,,0.0
1785319498.519992,08:00:27:a5:9e:2d,0,0,,,0,0.0,0,0.0,0.0,,0.0
1785319503.519992,08:00:27:5a:87:bc,0,0,,,0,0.0,0,0.0,0.0,,0.0
1785319503.519992,08:00:27:8a:0d:75,0,0,,,0,0.0,0,0.0,0.0,,0.0
1785319503.519992,08:00:27:a5:9e:2d,0,0,,,0,0.0,0,0.0,0.0,,0.0
1785319508.519992,08:00:27:5a:87:bc,0,0,,,0,0.0,0,0.0,0.0,,0.0
1785319508.519992,08:00:27:8a:0d:75,0,0,,,0,0.0,0,0.0,0.0,,0.0
1785319508.519992,08:00:27:a5:9e:2d,0,0,,,0,0.0,0,0.0,0.0,,0.0
1785319513.519992,08:00:27:5a:87:bc,0,0,,,0,0.0,0,0.0,0.0,,0.0
1785319513.519992,08:00:27:8a:0d:75,0,0,,,0,0.0,0,0.0,0.0,,0.0
1785319513.519992,08:00:27:a5:9e:2d,0,0,,,0,0.0,0,0.0,0.0,,0.0
1785319518.519992,08:00:27:5a:87:bc,0,0,,,0,0.0,0,0.0,0.0,,0.0
1785319518.519992,08:00:27:8a:0d:75,0,0,,,0,0.0,0,0.0,0.0,,0.0
1785319518.519992,08:00:27:a5:9e:2d,0,0,,,0,0.0,0,0.0,0.0,,0.0
1785319523.519992,08:00:27:5a:87:bc,0,0,,,0,0.0,0,0.0,0.0,,0.0
1785319523.519992,08:00:27:8a:0d:75,0,0,,,0,0.0,0,0.0,0.0,,0.0
1785319523.519992,08:00:27:a5:9e:2d,0,0,,,0,0.0,0,0.0,0.0,,0.0
1785319528.519992,08:00:27:5a:87:bc,0,0,,,0,0.0,0,0.0,0.0,,0.0
1785319528.519992,08:00:27:8a:0d:75,0,0,,,0,0.0,0,0.0,0.0,,0.0
1785319528.519992,08:00:27:a5:9e:2d,0,0,,,0,0.0,0,0.0,0.0,,0.0
1785319533.519992,08:00:27:5a:87:bc,0,0,,,0,0.0,0,0.0,0.0,,0.0
1785319533.519992,08:00:27:8a:0d:75,0,0,,,0,0.0,0,0.0,0.0,,0.0
1785319533.519992,08:00:27:a5:9e:2d,0,0,,,0,0.0,0,0.0,0.0,,0.0
1785319538.519992,08:00:27:5a:87:bc,0,0,,,0,0.0,0,0.0,0.0,,0.0
1785319538.519992,08:00:27:8a:0d:75,0,0,,,0,0.0,0,0.0,0.0,,0.0
1785319538.519992,08:00:27:a5:9e:2d,0,0,,,0,0.0,0,0.0,0.0,,0.0
1785319543.519992,08:00:27:5a:87:bc,0,0,,,0,0.0,0,0.0,0.0,,0.0
1785319543.519992,08:00:27:8a:0d:75,0,0,,,0,0.0,0,0.0,0.0,,0.0
1785319543.519992,08:00:27:a5:9e:2d,0,0,,,0,0.0,0,0.0,0.0,,0.0
1785319548.519992,08:00:27:5a:87:bc,0,0,,,0,0.0,0,0.0,0.0,,0.0
1785319548.519992,08:00:27:8a:0d:75,0,0,,,0,0.0,0,0.0,0.0,,0.0
1785319548.519992,08:00:27:a5:9e:2d,0,0,,,0,0.0,0,0.0,0.0,,0.0
1785319553.519992,08:00:27:5a:87:bc,0,0,,,0,0.0,0,0.0,0.0,,0.0
1785319553.519992,08:00:27:8a:0d:75,0,0,,,0,0.0,0,0.0,0.0,,0.0
1785319553.519992,08:00:27:a5:9e:2d,0,0,,,0,0.0,0,0.0,0.0,,0.0
1785319558.519992,08:00:27:5a:87:bc,0,0,,,0,0.0,0,0.0,0.0,,0.0
1785319558.519992,08:00:27:8a:0d:75,0,0,,,0,0.0,0,0.0,0.0,,0.0
1785319558.519992,08:00:27:a5:9e:2d,0,0,,,0,0.0,0,0.0,0.0,,0.0
1785319563.519992,08:00:27:5a:87:bc,0,0,,,0,0.0,0,0.0,0.0,,0.0
1785319563.519992,08:00:27:8a:0d:75,0,0,,,0,0.0,0,0.0,0.0,,0.0
1785319563.519992,08:00:27:a5:9e:2d,0,0,,,0,0.0,0,0.0,0.0,,0.0
1785319568.519992,08:00:27:5a:87:bc,0,0,,,0,0.0,0,0.0,0.0,,0.0
1785319568.519992,08:00:27:8a:0d:75,0,0,,,0,0.0,0,0.0,0.0,,0.0
1785319568.519992,08:00:27:a5:9e:2d,0,0,,,0,0.0,0,0.0,0.0,,0.0
1785319573.519992,08:00:27:5a:87:bc,0,0,,,0,0.0,0,0.0,0.0,,0.0
1785319573.519992,08:00:27:8a:0d:75,0,0,,,0,0.0,0,0.0,0.0,,0.0
1785319573.519992,08:00:27:a5:9e:2d,0,0,,,0,0.0,0,0.0,0.0,,0.0
1785319578.519992,08:00:27:5a:87:bc,0,0,,,0,0.0,0,0.0,0.0,,0.0
1785319578.519992,08:00:27:8a:0d:75,0,0,,,0,0.0,0,0.0,0.0,,0.0
1785319578.519992,08:00:27:a5:9e:2d,0,0,,,0,0.0,0,0.0,0.0,,0.0
1785319583.519992,08:00:27:5a:87:bc,0,0,,,0,0.0,0,0.0,0.0,,0.0
1785319583.519992,08:00:27:8a:0d:75,0,0,,,0,0.0,0,0.0,0.0,,0.0
1785319583.519992,08:00:27:a5:9e:2d,0,0,,,0,0.0,0,0.0,0.0,,0.0
1785319588.519992,08:00:27:5a:87:bc,0,0,,,0,0.0,0,0.0,0.0,,0.0
1785319588.519992,08:00:27:8a:0d:75,0,0,,,0,0.0,0,0.0,0.0,,0.0
1785319588.519992,08:00:27:a5:9e:2d,0,0,,,0,0.0,0,0.0,0.0,,0.0
1785319593.519992,08:00:27:5a:87:bc,0,0,,,0,0.0,0,0.0,0.0,,0.0
1785319593.519992,08:00:27:8a:0d:75,0,0,,,0,0.0,0,0.0,0.0,,0.0
1785319593.519992,08:00:27:a5:9e:2d,0,0,,,0,0.0,0,0.0,0.0,,0.0
1785319598.519992,08:00:27:5a:87:bc,0,0,,,0,0.0,0,0.0,0.0,,0.0
1785319598.519992,08:00:27:8a:0d:75,0,0,,,0,0.0,0,0.0,0.0,,0.0
1785319598.519992,08:00:27:a5:9e:2d,0,0,,,0,0.0,0,0.0,0.0,,0.0
1785319603.519992,08:00:27:5a:87:bc,0,0,,,0,0.0,0,0.0,0.0,,0.0
1785319603.519992,08:00:27:8a:0d:75,0,0,,,0,0.0,0,0.0,0.0,,0.0
1785319603.519992,08:00:27:a5:9e:2d,0,0,,,0,0.0,0,0.0,0.0,,0.0
1785319608.519992,08:00:27:5a:87:bc,0,0,,,0,0.0,0,0.0,0.0,,0.0
1785319608.519992,08:00:27:8a:0d:75,0,0,,,0,0.0,0,0.0,0.0,,0.0
1785319608.519992,08:00:27:a5:9e:2d,0,0,,,0,0.0,0,0.0,0.0,,0.0
1785319613.519992,08:00:27:5a:87:bc,0,0,,,0,0.0,0,0.0,0.0,,0.0
1785319613.519992,08:00:27:8a:0d:75,0,0,,,0,0.0,0,0.0,0.0,,0.0
1785319613.519992,08:00:27:a5:9e:2d,0,0,,,0,0.0,0,0.0,0.0,,0.0
1785319618.519992,08:00:27:5a:87:bc,0,0,,,0,0.0,0,0.0,0.0,,0.0
1785319618.519992,08:00:27:8a:0d:75,0,0,,,0,0.0,0,0.0,0.0,,0.0
1785319618.519992,08:00:27:a5:9e:2d,0,0,,,0,0.0,0,0.0,0.0,,0.0
1785319623.519992,08:00:27:5a:87:bc,0,0,,,0,0.0,0,0.0,0.0,,0.0
1785319623.519992,08:00:27:8a:0d:75,0,0,,,0,0.0,0,0.0,0.0,,0.0
1785319623.519992,08:00:27:a5:9e:2d,0,0,,,0,0.0,0,0.0,0.0,,0.0
1785319628.519992,08:00:27:5a:87:bc,0,0,,,0,0.0,0,0.0,0.0,,0.0
1785319628.519992,08:00:27:8a:0d:75,0,0,,,0,0.0,0,0.0,0.0,,0.0
1785319628.519992,08:00:27:a5:9e:2d,0,0,,,0,0.0,0,0.0,0.0,,0.0
1785319633.519992,08:00:27:5a:87:bc,0,0,,,0,0.0,0,0.0,0.0,,0.0
1785319633.519992,08:00:27:8a:0d:75,0,0,,,0,0.0,0,0.0,0.0,,0.0
1785319633.519992,08:00:27:a5:9e:2d,0,0,,,0,0.0,0,0.0,0.0,,0.0
1785319638.519992,08:00:27:5a:87:bc,0,0,,,0,0.0,0,0.0,0.0,,0.0
1785319638.519992,08:00:27:8a:0d:75,0,0,,,0,0.0,0,0.0,0.0,,0.0
1785319638.519992,08:00:27:a5:9e:2d,0,0,,,0,0.0,0,0.0,0.0,,0.0
1785319643.519992,08:00:27:5a:87:bc,0,0,,,0,0.0,0,0.0,0.0,,0.0
1785319643.519992,08:00:27:8a:0d:75,0,0,,,0,0.0,0,0.0,0.0,,0.0
1785319643.519992,08:00:27:a5:9e:2d,0,0,,,0,0.0,0,0.0,0.0,,0.0
1785319648.519992,08:00:27:5a:87:bc,0,0,,,0,0.0,0,0.0,0.0,,0.0
1785319648.519992,08:00:27:8a:0d:75,0,0,,,0,0.0,0,0.0,0.0,,0.0
1785319648.519992,08:00:27:a5:9e:2d,0,0,,,0,0.0,0,0.0,0.0,,0.0
1785319653.519992,08:00:27:5a:87:bc,0,0,,,0,0.0,0,0.0,0.0,,0.0
1785319653.519992,08:00:27:8a:0d:75,0,0,,,0,0.0,0,0.0,0.0,,0.0
1785319653.519992,08:00:27:a5:9e:2d,0,0,,,0,0.0,0,0.0,0.0,,0.0
1785319658.519992,08:00:27:5a:87:bc,0,0,,,0,0.0,0,0.0,0.0,,0.0
1785319658.519992,08:00:27:8a:0d:75,0,0,,,0,0.0,0,0.0,0.0,,0.0
1785319658.519992,08:00:27:a5:9e:2d,0,0,,,0,0.0,0,0.0,0.0,,0.0
1785319663.519992,08:00:27:5a:87:bc,0,0,,,0,0.0,0,0.0,0.0,,0.0
1785319663.519992,08:00:27:8a:0d:75,0,0,,,0,0.0,0,0.0,0.0,,0.0
1785319663.519992,08:00:27:a5:9e:2d,0,0,,,0,0.0,0,0.0,0.0,,0.0
1785319668.519992,08:00:27:5a:87:bc,0,0,,,0,0.0,0,0.0,0.0,,0.0
1785319668.519992,08:00:27:8a:0d:75,0,0,,,0,0.0,0,0.0,0.0,,0.0
1785319668.519992,08:00:27:a5:9e:2d,0,0,,,0,0.0,0,0.0,0.0,,0.0
1785319673.519992,08:00:27:5a:87:bc,0,0,,,0,0.0,0,0.0,0.0,,0.0
1785319673.519992,08:00:27:8a:0d:75,0,0,,,0,0.0,0,0.0,0.0,,0.0
1785319673.519992,08:00:27:a5:9e:2d,0,0,,,0,0.0,0,0.0,0.0,,0.0
1785319678.519992,08:00:27:5a:87:bc,0,0,,,0,0.0,0,0.0,0.0,,0.0
1785319678.519992,08:00:27:8a:0d:75,0,0,,,0,0.0,0,0.0,0.0,,0.0
1785319678.519992,08:00:27:a5:9e:2d,0,0,,,0,0.0,0,0.0,0.0,,0.0
1785319683.519992,08:00:27:5a:87:bc,0,0,,,0,0.0,0,0.0,0.0,,0.0
1785319683.519992,08:00:27:8a:0d:75,0,0,,,0,0.0,0,0.0,0.0,,0.0
1785319683.519992,08:00:27:a5:9e:2d,0,0,,,0,0.0,0,0.0,0.0,,0.0
1785319688.519992,08:00:27:5a:87:bc,0,0,,,0,0.0,0,0.0,0.0,,0.0
1785319688.519992,08:00:27:8a:0d:75,0,0,,,0,0.0,0,0.0,0.0,,0.0
1785319688.519992,08:00:27:a5:9e:2d,0,0,,,0,0.0,0,0.0,0.0,,0.0
1785319693.519992,08:00:27:5a:87:bc,0,0,,,0,0.0,0,0.0,0.0,,0.0
1785319693.519992,08:00:27:8a:0d:75,0,0,,,0,0.0,0,0.0,0.0,,0.0
1785319693.519992,08:00:27:a5:9e:2d,0,0,,,0,0.0,0,0.0,0.0,,0.0
1785319698.519992,08:00:27:5a:87:bc,0,0,,,0,0.0,0,0.0,0.0,,0.0
1785319698.519992,08:00:27:8a:0d:75,0,0,,,0,0.0,0,0.0,0.0,,0.0
1785319698.519992,08:00:27:a5:9e:2d,0,0,,,0,0.0,0,0.0,0.0,,0.0
1785319703.519992,08:00:27:5a:87:bc,0,0,,,0,0.0,0,0.0,0.0,,0.0
1785319703.519992,08:00:27:8a:0d:75,0,0,,,0,0.0,0,0.0,0.0,,0.0
1785319703.519992,08:00:27:a5:9e:2d,0,0,,,0,0.0,0,0.0,0.0,,0.0
1785319708.519992,08:00:27:5a:87:bc,0,0,,,0,0.0,0,0.0,0.0,,0.0
1785319708.519992,08:00:27:8a:0d:75,0,0,,,0,0.0,0,0.0,0.0,,0.0
1785319708.519992,08:00:27:a5:9e:2d,0,0,,,0,0.0,0,0.0,0.0,,0.0
1785319713.519992,08:00:27:5a:87:bc,0,0,,,0,0.0,0,0.0,0.0,,0.0
1785319713.519992,08:00:27:8a:0d:75,0,0,,,0,0.0,0,0.0,0.0,,0.0
1785319713.519992,08:00:27:a5:9e:2d,0,0,,,0,0.0,0,0.0,0.0,,0.0
1785319718.519992,08:00:27:5a:87:bc,0,0,,,0,0.0,0,0.0,0.0,,0.0
1785319718.519992,08:00:27:8a:0d:75,0,0,,,0,0.0,0,0.0,0.0,,0.0
1785319718.519992,08:00:27:a5:9e:2d,0,0,,,0,0.0,0,0.0,0.0,,0.0
1785319723.519992,08:00:27:5a:87:bc,0,0,,,0,0.0,0,0.0,0.0,,0.0
1785319723.519992,08:00:27:8a:0d:75,0,0,,,0,0.0,0,0.0,0.0,,0.0
1785319723.519992,08:00:27:a5:9e:2d,0,0,,,0,0.0,0,0.0,0.0,,0.0
1785319728.519992,08:00:27:5a:87:bc,0,0,,,0,0.0,0,0.0,0.0,,0.0
1785319728.519992,08:00:27:8a:0d:75,0,0,,,0,0.0,0,0.0,0.0,,0.0
1785319728.519992,08:00:27:a5:9e:2d,0,0,,,0,0.0,0,0.0,0.0,,0.0
1785319733.519992,08:00:27:5a:87:bc,0,0,,,0,0.0,0,0.0,0.0,,0.0
1785319733.519992,08:00:27:8a:0d:75,0,0,,,0,0.0,0,0.0,0.0,,0.0
1785319733.519992,08:00:27:a5:9e:2d,0,0,,,0,0.0,0,0.0,0.0,,0.0
1785319738.519992,08:00:27:5a:87:bc,0,0,,,0,0.0,0,0.0,0.0,,0.0
1785319738.519992,08:00:27:8a:0d:75,0,0,,,0,0.0,0,0.0,0.0,,0.0
1785319738.519992,08:00:27:a5:9e:2d,0,0,,,0,0.0,0,0.0,0.0,,0.0
1785319743.519992,08:00:27:5a:87:bc,0,0,,,0,0.0,0,0.0,0.0,,0.0
1785319743.519992,08:00:27:8a:0d:75,0,0,,,0,0.0,0,0.0,0.0,,0.0
1785319743.519992,08:00:27:a5:9e:2d,0,0,,,0,0.0,0,0.0,0.0,,0.0
1785319748.519992,08:00:27:5a:87:bc,0,0,,,0,0.0,0,0.0,0.0,,0.0
1785319748.519992,08:00:27:8a:0d:75,0,0,,,0,0.0,0,0.0,0.0,,0.0
1785319748.519992,08:00:27:a5:9e:2d,0,0,,,0,0.0,0,0.0,0.0,,0.0
1785319753.519992,08:00:27:5a:87:bc,0,0,,,0,0.0,0,0.0,0.0,,0.0
1785319753.519992,08:00:27:8a:0d:75,0,0,,,0,0.0,0,0.0,0.0,,0.0
1785319753.519992,08:00:27:a5:9e:2d,0,0,,,0,0.0,0,0.0,0.0,,0.0
1785319758.519992,08:00:27:5a:87:bc,0,0,,,0,0.0,0,0.0,0.0,,0.0
1785319758.519992,08:00:27:8a:0d:75,0,0,,,0,0.0,0,0.0,0.0,,0.0
1785319758.519992,08:00:27:a5:9e:2d,0,0,,,0,0.0,0,0.0,0.0,,0.0
1785319763.519992,08:00:27:5a:87:bc,0,0,,,0,0.0,0,0.0,0.0,,0.0
1785319763.519992,08:00:27:8a:0d:75,0,0,,,0,0.0,0,0.0,0.0,,0.0
1785319763.519992,08:00:27:a5:9e:2d,0,0,,,0,0.0,0,0.0,0.0,,0.0
1785319768.519992,08:00:27:5a:87:bc,0,0,,,0,0.0,0,0.0,0.0,,0.0
1785319768.519992,08:00:27:8a:0d:75,0,0,,,0,0.0,0,0.0,0.0,,0.0
1785319768.519992,08:00:27:a5:9e:2d,0,0,,,0,0.0,0,0.0,0.0,,0.0
1785319773.519992,08:00:27:5a:87:bc,0,0,,,0,0.0,0,0.0,0.0,,0.0
1785319773.519992,08:00:27:8a:0d:75,0,0,,,0,0.0,0,0.0,0.0,,0.0
1785319773.519992,08:00:27:a5:9e:2d,0,0,,,0,0.0,0,0.0,0.0,,0.0
1785319778.519992,08:00:27:5a:87:bc,0,0,,,0,0.0,0,0.0,0.0,,0.0
1785319778.519992,08:00:27:8a:0d:75,0,0,,,0,0.0,0,0.0,0.0,,0.0
1785319778.519992,08:00:27:a5:9e:2d,0,0,,,0,0.0,0,0.0,0.0,,0.0
1785319783.519992,08:00:27:5a:87:bc,0,0,,,0,0.0,0,0.0,0.0,,0.0
1785319783.519992,08:00:27:8a:0d:75,0,0,,,0,0.0,0,0.0,0.0,,0.0
1785319783.519992,08:00:27:a5:9e:2d,0,0,,,0,0.0,0,0.0,0.0,,0.0
1785319788.519992,08:00:27:5a:87:bc,0,0,,,0,0.0,0,0.0,0.0,,0.0
1785319788.519992,08:00:27:8a:0d:75,0,0,,,0,0.0,0,0.0,0.0,,0.0
1785319788.519992,08:00:27:a5:9e:2d,0,0,,,0,0.0,0,0.0,0.0,,0.0
1785319793.519992,08:00:27:5a:87:bc,0,0,,,0,0.0,0,0.0,0.0,,0.0
1785319793.519992,08:00:27:8a:0d:75,0,0,,,0,0.0,0,0.0,0.0,,0.0
1785319793.519992,08:00:27:a5:9e:2d,0,0,,,0,0.0,0,0.0,0.0,,0.0
1785319798.519992,08:00:27:5a:87:bc,0,0,,,0,0.0,0,0.0,0.0,,0.0
1785319798.519992,08:00:27:8a:0d:75,0,0,,,0,0.0,0,0.0,0.0,,0.0
1785319798.519992,08:00:27:a5:9e:2d,0,0,,,0,0.0,0,0.0,0.0,,0.0
1785319803.519992,08:00:27:5a:87:bc,0,0,,,0,0.0,0,0.0,0.0,,0.0
1785319803.519992,08:00:27:8a:0d:75,0,0,,,0,0.0,0,0.0,0.0,,0.0
1785319803.519992,08:00:27:a5:9e:2d,0,0,,,0,0.0,0,0.0,0.0,,0.0
1785319808.519992,08:00:27:5a:87:bc,0,0,,,0,0.0,0,0.0,0.0,,0.0
1785319808.519992,08:00:27:8a:0d:75,0,0,,,0,0.0,0,0.0,0.0,,0.0
1785319808.519992,08:00:27:a5:9e:2d,0,0,,,0,0.0,0,0.0,0.0,,0.0
1785319813.519992,08:00:27:5a:87:bc,0,0,,,0,0.0,0,0.0,0.0,,0.0
1785319813.519992,08:00:27:8a:0d:75,0,0,,,0,0.0,0,0.0,0.0,,0.0
1785319813.519992,08:00:27:a5:9e:2d,0,0,,,0,0.0,0,0.0,0.0,,0.0
1785319818.519992,08:00:27:5a:87:bc,0,0,,,0,0.0,0,0.0,0.0,,0.0
1785319818.519992,08:00:27:8a:0d:75,0,0,,,0,0.0,0,0.0,0.0,,0.0
1785319818.519992,08:00:27:a5:9e:2d,0,0,,,0,0.0,0,0.0,0.0,,0.0
1785319823.519992,08:00:27:5a:87:bc,0,0,,,0,0.0,0,0.0,0.0,,0.0
1785319823.519992,08:00:27:8a:0d:75,0,0,,,0,0.0,0,0.0,0.0,,0.0
1785319823.519992,08:00:27:a5:9e:2d,0,0,,,0,0.0,0,0.0,0.0,,0.0
1785319828.519992,08:00:27:5a:87:bc,0,0,,,0,0.0,0,0.0,0.0,,0.0
1785319828.519992,08:00:27:8a:0d:75,0,0,,,0,0.0,0,0.0,0.0,,0.0
1785319828.519992,08:00:27:a5:9e:2d,0,0,,,0,0.0,0,0.0,0.0,,0.0
1785319833.519992,08:00:27:5a:87:bc,0,0,,,0,0.0,0,0.0,0.0,,0.0
1785319833.519992,08:00:27:8a:0d:75,0,0,,,0,0.0,0,0.0,0.0,,0.0
1785319833.519992,08:00:27:a5:9e:2d,0,0,,,0,0.0,0,0.0,0.0,,0.0
1785319838.519992,08:00:27:5a:87:bc,0,0,,,0,0.0,0,0.0,0.0,,0.0
1785319838.519992,08:00:27:8a:0d:75,0,0,,,0,0.0,0,0.0,0.0,,0.0
1785319838.519992,08:00:27:a5:9e:2d,0,0,,,0,0.0,0,0.0,0.0,,0.0
1785319843.519992,08:00:27:5a:87:bc,0,0,,,0,0.0,0,0.0,0.0,,0.0
1785319843.519992,08:00:27:8a:0d:75,0,0,,,0,0.0,0,0.0,0.0,,0.0
1785319843.519992,08:00:27:a5:9e:2d,0,0,,,0,0.0,0,0.0,0.0,,0.0
1785319848.519992,08:00:27:5a:87:bc,0,0,,,0,0.0,0,0.0,0.0,,0.0
1785319848.519992,08:00:27:8a:0d:75,0,0,,,0,0.0,0,0.0,0.0,,0.0
1785319848.519992,08:00:27:a5:9e:2d,0,0,,,0,0.0,0,0.0,0.0,,0.0
1785319853.519992,08:00:27:5a:87:bc,0,0,,,0,0.0,0,0.0,0.0,,0.0
1785319853.519992,08:00:27:8a:0d:75,0,0,,,0,0.0,0,0.0,0.0,,0.0
1785319853.519992,08:00:27:a5:9e:2d,0,0,,,0,0.0,0,0.0,0.0,,0.0
1785319858.519992,08:00:27:5a:87:bc,0,0,,,0,0.0,0,0.0,0.0,,0.0
1785319858.519992,08:00:27:8a:0d:75,0,0,,,0,0.0,0,0.0,0.0,,0.0
1785319858.519992,08:00:27:a5:9e:2d,0,0,,,0,0.0,0,0.0,0.0,,0.0
1785319863.519992,08:00:27:5a:87:bc,0,0,,,0,0.0,0,0.0,0.0,,0.0
1785319863.519992,08:00:27:8a:0d:75,0,0,,,0,0.0,0,0.0,0.0,,0.0
1785319863.519992,08:00:27:a5:9e:2d,0,0,,,0,0.0,0,0.0,0.0,,0.0
1785319868.519992,08:00:27:5a:87:bc,0,0,,,0,0.0,0,0.0,0.0,,0.0
1785319868.519992,08:00:27:8a:0d:75,0,0,,,0,0.0,0,0.0,0.0,,0.0
1785319868.519992,08:00:27:a5:9e:2d,0,0,,,0,0.0,0,0.0,0.0,,0.0
1785319873.519992,08:00:27:5a:87:bc,0,0,,,0,0.0,0,0.0,0.0,,0.0
1785319873.519992,08:00:27:8a:0d:75,0,0,,,0,0.0,0,0.0,0.0,,0.0
1785319873.519992,08:00:27:a5:9e:2d,0,0,,,0,0.0,0,0.0,0.0,,0.0
1785319878.519992,08:00:27:5a:87:bc,0,0,,,0,0.0,0,0.0,0.0,,0.0
1785319878.519992,08:00:27:8a:0d:75,0,0,,,0,0.0,0,0.0,0.0,,0.0
1785319878.519992,08:00:27:a5:9e:2d,0,0,,,0,0.0,0,0.0,0.0,,0.0
1785319883.519992,08:00:27:5a:87:bc,0,0,,,0,0.0,0,0.0,0.0,,0.0
1785319883.519992,08:00:27:8a:0d:75,0,0,,,0,0.0,0,0.0,0.0,,0.0
1785319883.519992,08:00:27:a5:9e:2d,0,0,,,0,0.0,0,0.0,0.0,,0.0
1785319888.519992,08:00:27:5a:87:bc,0,0,,,0,0.0,0,0.0,0.0,,0.0
1785319888.519992,08:00:27:8a:0d:75,0,0,,,0,0.0,0,0.0,0.0,,0.0
1785319888.519992,08:00:27:a5:9e:2d,0,0,,,0,0.0,0,0.0,0.0,,0.0
1785319893.519992,08:00:27:5a:87:bc,0,0,,,0,0.0,0,0.0,0.0,,0.0
1785319893.519992,08:00:27:8a:0d:75,0,0,,,0,0.0,0,0.0,0.0,,0.0
1785319893.519992,08:00:27:a5:9e:2d,0,0,,,0,0.0,0,0.0,0.0,,0.0
1785319898.519992,08:00:27:5a:87:bc,0,0,,,0,0.0,0,0.0,0.0,,0.0
1785319898.519992,08:00:27:8a:0d:75,0,0,,,0,0.0,0,0.0,0.0,,0.0
1785319898.519992,08:00:27:a5:9e:2d,0,0,,,0,0.0,0,0.0,0.0,,0.0
1785319903.519992,08:00:27:5a:87:bc,0,0,,,0,0.0,0,0.0,0.0,,0.0
1785319903.519992,08:00:27:8a:0d:75,0,0,,,0,0.0,0,0.0,0.0,,0.0
1785319903.519992,08:00:27:a5:9e:2d,0,0,,,0,0.0,0,0.0,0.0,,0.0
1785319908.519992,08:00:27:5a:87:bc,0,0,,,0,0.0,0,0.0,0.0,,0.0
1785319908.519992,08:00:27:8a:0d:75,0,0,,,0,0.0,0,0.0,0.0,,0.0
1785319908.519992,08:00:27:a5:9e:2d,0,0,,,0,0.0,0,0.0,0.0,,0.0
1785319913.519992,08:00:27:5a:87:bc,0,0,,,0,0.0,0,0.0,0.0,,0.0
1785319913.519992,08:00:27:8a:0d:75,0,0,,,0,0.0,0,0.0,0.0,,0.0
1785319913.519992,08:00:27:a5:9e:2d,0,0,,,0,0.0,0,0.0,0.0,,0.0
1785319918.519992,08:00:27:5a:87:bc,0,0,,,0,0.0,0,0.0,0.0,,0.0
1785319918.519992,08:00:27:8a:0d:75,0,0,,,0,0.0,0,0.0,0.0,,0.0
1785319918.519992,08:00:27:a5:9e:2d,0,0,,,0,0.0,0,0.0,0.0,,0.0
1785319923.519992,08:00:27:5a:87:bc,0,0,,,0,0.0,0,0.0,0.0,,0.0
1785319923.519992,08:00:27:8a:0d:75,0,0,,,0,0.0,0,0.0,0.0,,0.0
1785319923.519992,08:00:27:a5:9e:2d,0,0,,,0,0.0,0,0.0,0.0,,0.0
1785319928.519992,08:00:27:5a:87:bc,0,0,,,0,0.0,0,0.0,0.0,,0.0
1785319928.519992,08:00:27:8a:0d:75,0,0,,,0,0.0,0,0.0,0.0,,0.0
1785319928.519992,08:00:27:a5:9e:2d,0,0,,,0,0.0,0,0.0,0.0,,0.0
1785319933.519992,08:00:27:5a:87:bc,0,0,,,0,0.0,0,0.0,0.0,,0.0
1785319933.519992,08:00:27:8a:0d:75,0,0,,,0,0.0,0,0.0,0.0,,0.0
1785319933.519992,08:00:27:a5:9e:2d,0,0,,,0,0.0,0,0.0,0.0,,0.0
1785319938.519992,08:00:27:5a:87:bc,0,0,,,0,0.0,0,0.0,0.0,,0.0
1785319938.519992,08:00:27:8a:0d:75,0,0,,,0,0.0,0,0.0,0.0,,0.0
1785319938.519992,08:00:27:a5:9e:2d,0,0,,,0,0.0,0,0.0,0.0,,0.0
1785319943.519992,08:00:27:5a:87:bc,0,0,,,0,0.0,0,0.0,0.0,,0.0
1785319943.519992,08:00:27:8a:0d:75,0,0,,,0,0.0,0,0.0,0.0,,0.0
1785319943.519992,08:00:27:a5:9e:2d,0,0,,,0,0.0,0,0.0,0.0,,0.0
1785319948.519992,08:00:27:5a:87:bc,0,0,,,0,0.0,0,0.0,0.0,,0.0
1785319948.519992,08:00:27:8a:0d:75,0,0,,,0,0.0,0,0.0,0.0,,0.0
1785319948.519992,08:00:27:a5:9e:2d,0,0,,,0,0.0,0,0.0,0.0,,0.0
1785319953.519992,08:00:27:5a:87:bc,0,0,,,0,0.0,0,0.0,0.0,,0.0
1785319953.519992,08:00:27:8a:0d:75,0,0,,,0,0.0,0,0.0,0.0,,0.0
1785319953.519992,08:00:27:a5:9e:2d,0,0,,,0,0.0,0,0.0,0.0,,0.0
1785319958.519992,08:00:27:5a:87:bc,0,0,,,0,0.0,0,0.0,0.0,,0.0
1785319958.519992,08:00:27:8a:0d:75,0,0,,,0,0.0,0,0.0,0.0,,0.0
1785319958.519992,08:00:27:a5:9e:2d,0,0,,,0,0.0,0,0.0,0.0,,0.0
1785319963.519992,08:00:27:5a:87:bc,0,0,,,0,0.0,0,0.0,0.0,,0.0
1785319963.519992,08:00:27:8a:0d:75,0,0,,,0,0.0,0,0.0,0.0,,0.0
1785319963.519992,08:00:27:a5:9e:2d,0,0,,,0,0.0,0,0.0,0.0,,0.0
1785319968.519992,08:00:27:5a:87:bc,0,0,,,0,0.0,0,0.0,0.0,,0.0
1785319968.519992,08:00:27:8a:0d:75,0,0,,,0,0.0,0,0.0,0.0,,0.0
1785319968.519992,08:00:27:a5:9e:2d,0,0,,,0,0.0,0,0.0,0.0,,0.0
1785319973.519992,08:00:27:5a:87:bc,0,0,,,0,0.0,0,0.0,0.0,,0.0
1785319973.519992,08:00:27:8a:0d:75,0,0,,,0,0.0,0,0.0,0.0,,0.0
1785319973.519992,08:00:27:a5:9e:2d,0,0,,,0,0.0,0,0.0,0.0,,0.0
1785319978.519992,08:00:27:5a:87:bc,0,0,,,0,0.0,0,0.0,0.0,,0.0
1785319978.519992,08:00:27:8a:0d:75,0,0,,,0,0.0,0,0.0,0.0,,0.0
1785319978.519992,08:00:27:a5:9e:2d,0,0,,,0,0.0,0,0.0,0.0,,0.0
1785319983.519992,08:00:27:5a:87:bc,0,0,,,0,0.0,0,0.0,0.0,,0.0
1785319983.519992,08:00:27:8a:0d:75,0,0,,,0,0.0,0,0.0,0.0,,0.0
1785319983.519992,08:00:27:a5:9e:2d,0,0,,,0,0.0,0,0.0,0.0,,0.0
1785319988.519992,08:00:27:5a:87:bc,0,0,,,0,0.0,0,0.0,0.0,,0.0
1785319988.519992,08:00:27:8a:0d:75,0,0,,,0,0.0,0,0.0,0.0,,0.0
1785319988.519992,08:00:27:a5:9e:2d,0,0,,,0,0.0,0,0.0,0.0,,0.0
1785319993.519992,08:00:27:5a:87:bc,0,0,,,0,0.0,0,0.0,0.0,,0.0
1785319993.519992,08:00:27:8a:0d:75,0,0,,,0,0.0,0,0.0,0.0,,0.0
1785319993.519992,08:00:27:a5:9e:2d,0,0,,,0,0.0,0,0.0,0.0,,0.0
1785319998.519992,08:00:27:5a:87:bc,0,0,,,0,0.0,0,0.0,0.0,,0.0
1785319998.519992,08:00:27:8a:0d:75,0,0,,,0,0.0,0,0.0,0.0,,0.0
1785319998.519992,08:00:27:a5:9e:2d,0,0,,,0,0.0,0,0.0,0.0,,0.0
1785320003.519992,08:00:27:5a:87:bc,0,0,,,0,0.0,0,0.0,0.0,,0.0
1785320003.519992,08:00:27:8a:0d:75,0,0,,,0,0.0,0,0.0,0.0,,0.0
1785320003.519992,08:00:27:a5:9e:2d,0,0,,,0,0.0,0,0.0,0.0,,0.0
1785320008.519992,08:00:27:5a:87:bc,0,0,,,0,0.0,0,0.0,0.0,,0.0
1785320008.519992,08:00:27:8a:0d:75,0,0,,,0,0.0,0,0.0,0.0,,0.0
1785320008.519992,08:00:27:a5:9e:2d,0,0,,,0,0.0,0,0.0,0.0,,0.0
1785320013.519992,08:00:27:5a:87:bc,0,0,,,0,0.0,0,0.0,0.0,,0.0
1785320013.519992,08:00:27:8a:0d:75,0,0,,,0,0.0,0,0.0,0.0,,0.0
1785320013.519992,08:00:27:a5:9e:2d,0,0,,,0,0.0,0,0.0,0.0,,0.0
1785320018.519992,08:00:27:5a:87:bc,0,0,,,0,0.0,0,0.0,0.0,,0.0
1785320018.519992,08:00:27:8a:0d:75,0,0,,,0,0.0,0,0.0,0.0,,0.0
1785320018.519992,08:00:27:a5:9e:2d,0,0,,,0,0.0,0,0.0,0.0,,0.0
1785320023.519992,08:00:27:5a:87:bc,0,0,,,0,0.0,0,0.0,0.0,,0.0
1785320023.519992,08:00:27:8a:0d:75,0,0,,,0,0.0,0,0.0,0.0,,0.0
1785320023.519992,08:00:27:a5:9e:2d,0,0,,,0,0.0,0,0.0,0.0,,0.0
1785320028.519992,08:00:27:5a:87:bc,0,0,,,0,0.0,0,0.0,0.0,,0.0
1785320028.519992,08:00:27:8a:0d:75,0,0,,,0,0.0,0,0.0,0.0,,0.0
1785320028.519992,08:00:27:a5:9e:2d,0,0,,,0,0.0,0,0.0,0.0,,0.0
1785320033.519992,08:00:27:5a:87:bc,0,0,,,0,0.0,0,0.0,0.0,,0.0
1785320033.519992,08:00:27:8a:0d:75,0,0,,,0,0.0,0,0.0,0.0,,0.0
1785320033.519992,08:00:27:a5:9e:2d,0,0,,,0,0.0,0,0.0,0.0,,0.0
1785320038.519992,08:00:27:5a:87:bc,0,0,,,0,0.0,0,0.0,0.0,,0.0
1785320038.519992,08:00:27:8a:0d:75,0,0,,,0,0.0,0,0.0,0.0,,0.0
1785320038.519992,08:00:27:a5:9e:2d,0,0,,,0,0.0,0,0.0,0.0,,0.0
1785320043.519992,08:00:27:5a:87:bc,0,0,,,0,0.0,0,0.0,0.0,,0.0
1785320043.519992,08:00:27:8a:0d:75,0,0,,,0,0.0,0,0.0,0.0,,0.0
1785320043.519992,08:00:27:a5:9e:2d,0,0,,,0,0.0,0,0.0,0.0,,0.0
1785320048.519992,08:00:27:5a:87:bc,0,0,,,0,0.0,0,0.0,0.0,,0.0
1785320048.519992,08:00:27:8a:0d:75,0,0,,,0,0.0,0,0.0,0.0,,0.0
1785320048.519992,08:00:27:a5:9e:2d,0,0,,,0,0.0,0,0.0,0.0,,0.0
1785320053.519992,08:00:27:5a:87:bc,0,0,,,0,0.0,0,0.0,0.0,,0.0
1785320053.519992,08:00:27:8a:0d:75,0,0,,,0,0.0,0,0.0,0.0,,0.0
1785320053.519992,08:00:27:a5:9e:2d,0,0,,,0,0.0,0,0.0,0.0,,0.0
1785320058.519992,08:00:27:5a:87:bc,0,0,,,0,0.0,0,0.0,0.0,,0.0
1785320058.519992,08:00:27:8a:0d:75,0,0,,,0,0.0,0,0.0,0.0,,0.0
1785320058.519992,08:00:27:a5:9e:2d,0,0,,,0,0.0,0,0.0,0.0,,0.0
1785320063.519992,08:00:27:5a:87:bc,0,0,,,0,0.0,0,0.0,0.0,,0.0
1785320063.519992,08:00:27:8a:0d:75,0,0,,,0,0.0,0,0.0,0.0,,0.0
1785320063.519992,08:00:27:a5:9e:2d,0,0,,,0,0.0,0,0.0,0.0,,0.0
1785320068.519992,08:00:27:5a:87:bc,0,0,,,0,0.0,0,0.0,0.0,,0.0
1785320068.519992,08:00:27:8a:0d:75,0,0,,,0,0.0,0,0.0,0.0,,0.0
1785320068.519992,08:00:27:a5:9e:2d,0,0,,,0,0.0,0,0.0,0.0,,0.0
1785320073.519992,08:00:27:5a:87:bc,0,0,,,0,0.0,0,0.0,0.0,,0.0
1785320073.519992,08:00:27:8a:0d:75,0,0,,,0,0.0,0,0.0,0.0,,0.0
1785320073.519992,08:00:27:a5:9e:2d,0,0,,,0,0.0,0,0.0,0.0,,0.0
1785320078.519992,08:00:27:5a:87:bc,0,0,,,0,0.0,0,0.0,0.0,,0.0
1785320078.519992,08:00:27:8a:0d:75,0,0,,,0,0.0,0,0.0,0.0,,0.0
1785320078.519992,08:00:27:a5:9e:2d,0,0,,,0,0.0,0,0.0,0.0,,0.0
1785320083.519992,08:00:27:5a:87:bc,0,0,,,0,0.0,0,0.0,0.0,,0.0
1785320083.519992,08:00:27:8a:0d:75,0,0,,,0,0.0,0,0.0,0.0,,0.0
1785320083.519992,08:00:27:a5:9e:2d,0,0,,,0,0.0,0,0.0,0.0,,0.0
1785320088.519992,08:00:27:5a:87:bc,0,0,,,0,0.0,0,0.0,0.0,,0.0
1785320088.519992,08:00:27:8a:0d:75,0,0,,,0,0.0,0,0.0,0.0,,0.0
1785320088.519992,08:00:27:a5:9e:2d,0,0,,,0,0.0,0,0.0,0.0,,0.0
1785320093.519992,08:00:27:5a:87:bc,0,0,,,0,0.0,0,0.0,0.0,,0.0
1785320093.519992,08:00:27:8a:0d:75,0,0,,,0,0.0,0,0.0,0.0,,0.0
1785320093.519992,08:00:27:a5:9e:2d,0,0,,,0,0.0,0,0.0,0.0,,0.0
1785320098.519992,08:00:27:5a:87:bc,0,0,,,0,0.0,0,0.0,0.0,,0.0
1785320098.519992,08:00:27:8a:0d:75,0,0,,,0,0.0,0,0.0,0.0,,0.0
1785320098.519992,08:00:27:a5:9e:2d,0,0,,,0,0.0,0,0.0,0.0,,0.0
1785320103.519992,08:00:27:5a:87:bc,0,0,,,0,0.0,0,0.0,0.0,,0.0
1785320103.519992,08:00:27:8a:0d:75,0,0,,,0,0.0,0,0.0,0.0,,0.0
1785320103.519992,08:00:27:a5:9e:2d,0,0,,,0,0.0,0,0.0,0.0,,0.0
1785320108.519992,08:00:27:5a:87:bc,0,0,,,0,0.0,0,0.0,0.0,,0.0
1785320108.519992,08:00:27:8a:0d:75,0,0,,,0,0.0,0,0.0,0.0,,0.0
1785320108.519992,08:00:27:a5:9e:2d,0,0,,,0,0.0,0,0.0,0.0,,0.0
1785320113.519992,08:00:27:5a:87:bc,0,0,,,0,0.0,0,0.0,0.0,,0.0
1785320113.519992,08:00:27:8a:0d:75,0,0,,,0,0.0,0,0.0,0.0,,0.0
1785320113.519992,08:00:27:a5:9e:2d,0,0,,,0,0.0,0,0.0,0.0,,0.0
1785320118.519992,08:00:27:5a:87:bc,0,0,,,0,0.0,0,0.0,0.0,,0.0
1785320118.519992,08:00:27:8a:0d:75,0,0,,,0,0.0,0,0.0,0.0,,0.0
1785320118.519992,08:00:27:a5:9e:2d,0,0,,,0,0.0,0,0.0,0.0,,0.0
1785320123.519992,08:00:27:5a:87:bc,0,0,,,0,0.0,0,0.0,0.0,,0.0
1785320123.519992,08:00:27:8a:0d:75,0,0,,,0,0.0,0,0.0,0.0,,0.0
1785320123.519992,08:00:27:a5:9e:2d,0,0,,,0,0.0,0,0.0,0.0,,0.0
1785320128.519992,08:00:27:5a:87:bc,0,0,,,0,0.0,0,0.0,0.0,,0.0
1785320128.519992,08:00:27:8a:0d:75,0,0,,,0,0.0,0,0.0,0.0,,0.0
1785320128.519992,08:00:27:a5:9e:2d,0,0,,,0,0.0,0,0.0,0.0,,0.0
1785320133.519992,08:00:27:5a:87:bc,0,0,,,0,0.0,0,0.0,0.0,,0.0
1785320133.519992,08:00:27:8a:0d:75,0,0,,,0,0.0,0,0.0,0.0,,0.0
1785320133.519992,08:00:27:a5:9e:2d,0,0,,,0,0.0,0,0.0,0.0,,0.0
1785320138.519992,08:00:27:5a:87:bc,0,0,,,0,0.0,0,0.0,0.0,,0.0
1785320138.519992,08:00:27:8a:0d:75,0,0,,,0,0.0,0,0.0,0.0,,0.0
1785320138.519992,08:00:27:a5:9e:2d,0,0,,,0,0.0,0,0.0,0.0,,0.0
1785320143.519992,08:00:27:5a:87:bc,0,0,,,0,0.0,0,0.0,0.0,,0.0
1785320143.519992,08:00:27:8a:0d:75,0,0,,,0,0.0,0,0.0,0.0,,0.0
1785320143.519992,08:00:27:a5:9e:2d,0,0,,,0,0.0,0,0.0,0.0,,0.0
1785320148.519992,08:00:27:5a:87:bc,0,0,,,0,0.0,0,0.0,0.0,,0.0
1785320148.519992,08:00:27:8a:0d:75,0,0,,,0,0.0,0,0.0,0.0,,0.0
1785320148.519992,08:00:27:a5:9e:2d,0,0,,,0,0.0,0,0.0,0.0,,0.0
1785320153.519992,08:00:27:5a:87:bc,0,0,,,0,0.0,0,0.0,0.0,,0.0
1785320153.519992,08:00:27:8a:0d:75,0,0,,,0,0.0,0,0.0,0.0,,0.0
1785320153.519992,08:00:27:a5:9e:2d,0,0,,,0,0.0,0,0.0,0.0,,0.0
1785320158.519992,08:00:27:5a:87:bc,0,0,,,0,0.0,0,0.0,0.0,,0.0
1785320158.519992,08:00:27:8a:0d:75,0,0,,,0,0.0,0,0.0,0.0,,0.0
1785320158.519992,08:00:27:a5:9e:2d,0,0,,,0,0.0,0,0.0,0.0,,0.0
1785320163.519992,08:00:27:5a:87:bc,0,0,,,0,0.0,0,0.0,0.0,,0.0
1785320163.519992,08:00:27:8a:0d:75,0,0,,,0,0.0,0,0.0,0.0,,0.0
1785320163.519992,08:00:27:a5:9e:2d,0,0,,,0,0.0,0,0.0,0.0,,0.0
1785320168.519992,08:00:27:5a:87:bc,0,0,,,0,0.0,0,0.0,0.0,,0.0
1785320168.519992,08:00:27:8a:0d:75,0,0,,,0,0.0,0,0.0,0.0,,0.0
1785320168.519992,08:00:27:a5:9e:2d,0,0,,,0,0.0,0,0.0,0.0,,0.0
1785320173.519992,08:00:27:5a:87:bc,0,0,,,0,0.0,0,0.0,0.0,,0.0
1785320173.519992,08:00:27:8a:0d:75,0,0,,,0,0.0,0,0.0,0.0,,0.0
1785320173.519992,08:00:27:a5:9e:2d,0,0,,,0,0.0,0,0.0,0.0,,0.0
1785320178.519992,08:00:27:5a:87:bc,0,0,,,0,0.0,0,0.0,0.0,,0.0
1785320178.519992,08:00:27:8a:0d:75,0,0,,,0,0.0,0,0.0,0.0,,0.0
1785320178.519992,08:00:27:a5:9e:2d,0,0,,,0,0.0,0,0.0,0.0,,0.0
1785320183.519992,08:00:27:5a:87:bc,0,0,,,0,0.0,0,0.0,0.0,,0.0
1785320183.519992,08:00:27:8a:0d:75,0,0,,,0,0.0,0,0.0,0.0,,0.0
1785320183.519992,08:00:27:a5:9e:2d,0,0,,,0,0.0,0,0.0,0.0,,0.0
1785320188.519992,08:00:27:5a:87:bc,0,0,,,0,0.0,0,0.0,0.0,,0.0
1785320188.519992,08:00:27:8a:0d:75,0,0,,,0,0.0,0,0.0,0.0,,0.0
1785320188.519992,08:00:27:a5:9e:2d,0,0,,,0,0.0,0,0.0,0.0,,0.0
1785320193.519992,08:00:27:5a:87:bc,0,0,,,0,0.0,0,0.0,0.0,,0.0
1785320193.519992,08:00:27:8a:0d:75,0,0,,,0,0.0,0,0.0,0.0,,0.0
1785320193.519992,08:00:27:a5:9e:2d,0,0,,,0,0.0,0,0.0,0.0,,0.0
1785320198.519992,08:00:27:5a:87:bc,0,0,,,0,0.0,0,0.0,0.0,,0.0
1785320198.519992,08:00:27:8a:0d:75,0,0,,,0,0.0,0,0.0,0.0,,0.0
1785320198.519992,08:00:27:a5:9e:2d,0,0,,,0,0.0,0,0.0,0.0,,0.0
1785320203.519992,08:00:27:5a:87:bc,0,0,,,0,0.0,0,0.0,0.0,,0.0
1785320203.519992,08:00:27:8a:0d:75,0,0,,,0,0.0,0,0.0,0.0,,0.0
1785320203.519992,08:00:27:a5:9e:2d,0,0,,,0,0.0,0,0.0,0.0,,0.0
1785320208.519992,08:00:27:5a:87:bc,0,0,,,0,0.0,0,0.0,0.0,,0.0
1785320208.519992,08:00:27:8a:0d:75,0,0,,,0,0.0,0,0.0,0.0,,0.0
1785320208.519992,08:00:27:a5:9e:2d,0,0,,,0,0.0,0,0.0,0.0,,0.0
1785320213.519992,08:00:27:5a:87:bc,0,0,,,0,0.0,0,0.0,0.0,,0.0
1785320213.519992,08:00:27:8a:0d:75,0,0,,,0,0.0,0,0.0,0.0,,0.0
1785320213.519992,08:00:27:a5:9e:2d,0,0,,,0,0.0,0,0.0,0.0,,0.0
1785320218.519992,08:00:27:5a:87:bc,0,0,,,0,0.0,0,0.0,0.0,,0.0
1785320218.519992,08:00:27:8a:0d:75,0,0,,,0,0.0,0,0.0,0.0,,0.0
1785320218.519992,08:00:27:a5:9e:2d,0,0,,,0,0.0,0,0.0,0.0,,0.0
1785320223.519992,08:00:27:5a:87:bc,0,0,,,0,0.0,0,0.0,0.0,,0.0
1785320223.519992,08:00:27:8a:0d:75,0,0,,,0,0.0,0,0.0,0.0,,0.0
1785320223.519992,08:00:27:a5:9e:2d,0,0,,,0,0.0,0,0.0,0.0,,0.0
1785320228.519992,08:00:27:5a:87:bc,0,0,,,0,0.0,0,0.0,0.0,,0.0
1785320228.519992,08:00:27:8a:0d:75,0,0,,,0,0.0,0,0.0,0.0,,0.0
1785320228.519992,08:00:27:a5:9e:2d,0,0,,,0,0.0,0,0.0,0.0,,0.0
1785320233.519992,08:00:27:5a:87:bc,0,0,,,0,0.0,0,0.0,0.0,,0.0
1785320233.519992,08:00:27:8a:0d:75,0,0,,,0,0.0,0,0.0,0.0,,0.0
1785320233.519992,08:00:27:a5:9e:2d,0,0,,,0,0.0,0,0.0,0.0,,0.0
1785320238.519992,08:00:27:5a:87:bc,0,0,,,0,0.0,0,0.0,0.0,,0.0
1785320238.519992,08:00:27:8a:0d:75,0,0,,,0,0.0,0,0.0,0.0,,0.0
1785320238.519992,08:00:27:a5:9e:2d,0,0,,,0,0.0,0,0.0,0.0,,0.0
1785320243.519992,08:00:27:5a:87:bc,0,0,,,0,0.0,0,0.0,0.0,,0.0
1785320243.519992,08:00:27:8a:0d:75,0,0,,,0,0.0,0,0.0,0.0,,0.0
1785320243.519992,08:00:27:a5:9e:2d,0,0,,,0,0.0,0,0.0,0.0,,0.0
1785320248.519992,08:00:27:5a:87:bc,0,0,,,0,0.0,0,0.0,0.0,,0.0
1785320248.519992,08:00:27:8a:0d:75,0,0,,,0,0.0,0,0.0,0.0,,0.0
1785320248.519992,08:00:27:a5:9e:2d,0,0,,,0,0.0,0,0.0,0.0,,0.0
1785320253.519992,08:00:27:5a:87:bc,0,0,,,0,0.0,0,0.0,0.0,,0.0
1785320253.519992,08:00:27:8a:0d:75,0,0,,,0,0.0,0,0.0,0.0,,0.0
1785320253.519992,08:00:27:a5:9e:2d,0,0,,,0,0.0,0,0.0,0.0,,0.0
1785320258.519992,08:00:27:5a:87:bc,0,0,,,0,0.0,0,0.0,0.0,,0.0
1785320258.519992,08:00:27:8a:0d:75,0,0,,,0,0.0,0,0.0,0.0,,0.0
1785320258.519992,08:00:27:a5:9e:2d,0,0,,,0,0.0,0,0.0,0.0,,0.0
1785320263.519992,08:00:27:5a:87:bc,0,0,,,0,0.0,0,0.0,0.0,,0.0
1785320263.519992,08:00:27:8a:0d:75,0,0,,,0,0.0,0,0.0,0.0,,0.0
1785320263.519992,08:00:27:a5:9e:2d,0,0,,,0,0.0,0,0.0,0.0,,0.0
1785320268.519992,08:00:27:5a:87:bc,0,0,,,0,0.0,0,0.0,0.0,,0.0
1785320268.519992,08:00:27:8a:0d:75,0,0,,,0,0.0,0,0.0,0.0,,0.0
1785320268.519992,08:00:27:a5:9e:2d,0,0,,,0,0.0,0,0.0,0.0,,0.0
1785320273.519992,08:00:27:5a:87:bc,0,0,,,0,0.0,0,0.0,0.0,,0.0
1785320273.519992,08:00:27:8a:0d:75,0,0,,,0,0.0,0,0.0,0.0,,0.0
1785320273.519992,08:00:27:a5:9e:2d,0,0,,,0,0.0,0,0.0,0.0,,0.0
1785320278.519992,08:00:27:5a:87:bc,0,0,,,0,0.0,0,0.0,0.0,,0.0
1785320278.519992,08:00:27:8a:0d:75,0,0,,,0,0.0,0,0.0,0.0,,0.0
1785320278.519992,08:00:27:a5:9e:2d,0,0,,,0,0.0,0,0.0,0.0,,0.0
1785320283.519992,08:00:27:5a:87:bc,0,0,,,0,0.0,0,0.0,0.0,,0.0
1785320283.519992,08:00:27:8a:0d:75,0,0,,,0,0.0,0,0.0,0.0,,0.0
1785320283.519992,08:00:27:a5:9e:2d,0,0,,,0,0.0,0,0.0,0.0,,0.0
1785320288.519992,08:00:27:5a:87:bc,0,0,,,0,0.0,0,0.0,0.0,,0.0
1785320288.519992,08:00:27:8a:0d:75,0,0,,,0,0.0,0,0.0,0.0,,0.0
1785320288.519992,08:00:27:a5:9e:2d,0,0,,,0,0.0,0,0.0,0.0,,0.0
1785320293.519992,08:00:27:5a:87:bc,0,0,,,0,0.0,0,0.0,0.0,,0.0
1785320293.519992,08:00:27:8a:0d:75,0,0,,,0,0.0,0,0.0,0.0,,0.0
1785320293.519992,08:00:27:a5:9e:2d,0,0,,,0,0.0,0,0.0,0.0,,0.0
1785320298.519992,08:00:27:5a:87:bc,0,0,,,0,0.0,0,0.0,0.0,,0.0
1785320298.519992,08:00:27:8a:0d:75,0,0,,,0,0.0,0,0.0,0.0,,0.0
1785320298.519992,08:00:27:a5:9e:2d,0,0,,,0,0.0,0,0.0,0.0,,0.0
1785320303.519992,08:00:27:5a:87:bc,0,0,,,0,0.0,0,0.0,0.0,,0.0
1785320303.519992,08:00:27:8a:0d:75,0,0,,,0,0.0,0,0.0,0.0,,0.0
1785320303.519992,08:00:27:a5:9e:2d,0,0,,,0,0.0,0,0.0,0.0,,0.0
1785320308.519992,08:00:27:5a:87:bc,0,0,,,0,0.0,0,0.0,0.0,,0.0
1785320308.519992,08:00:27:8a:0d:75,0,0,,,0,0.0,0,0.0,0.0,,0.0
1785320308.519992,08:00:27:a5:9e:2d,0,0,,,0,0.0,0,0.0,0.0,,0.0
1785320313.519992,08:00:27:5a:87:bc,0,0,,,0,0.0,0,0.0,0.0,,0.0
1785320313.519992,08:00:27:8a:0d:75,0,0,,,0,0.0,0,0.0,0.0,,0.0
1785320313.519992,08:00:27:a5:9e:2d,0,0,,,0,0.0,0,0.0,0.0,,0.0
1785320318.519992,08:00:27:5a:87:bc,0,0,,,0,0.0,0,0.0,0.0,,0.0
1785320318.519992,08:00:27:8a:0d:75,0,0,,,0,0.0,0,0.0,0.0,,0.0
1785320318.519992,08:00:27:a5:9e:2d,0,0,,,0,0.0,0,0.0,0.0,,0.0
1785320323.519992,08:00:27:5a:87:bc,0,0,,,0,0.0,0,0.0,0.0,,0.0
1785320323.519992,08:00:27:8a:0d:75,0,0,,,0,0.0,0,0.0,0.0,,0.0
1785320323.519992,08:00:27:a5:9e:2d,0,0,,,0,0.0,0,0.0,0.0,,0.0
1785320328.519992,08:00:27:5a:87:bc,0,0,,,0,0.0,0,0.0,0.0,,0.0
1785320328.519992,08:00:27:8a:0d:75,0,0,,,0,0.0,0,0.0,0.0,,0.0
1785320328.519992,08:00:27:a5:9e:2d,0,0,,,0,0.0,0,0.0,0.0,,0.0
1785320333.519992,08:00:27:5a:87:bc,0,0,,,0,0.0,0,0.0,0.0,,0.0
1785320333.519992,08:00:27:8a:0d:75,0,0,,,0,0.0,0,0.0,0.0,,0.0
1785320333.519992,08:00:27:a5:9e:2d,0,0,,,0,0.0,0,0.0,0.0,,0.0
1785320338.519992,08:00:27:5a:87:bc,0,0,,,0,0.0,0,0.0,0.0,,0.0
1785320338.519992,08:00:27:8a:0d:75,0,0,,,0,0.0,0,0.0,0.0,,0.0
1785320338.519992,08:00:27:a5:9e:2d,0,0,,,0,0.0,0,0.0,0.0,,0.0
1785320343.519992,08:00:27:5a:87:bc,0,0,,,0,0.0,0,0.0,0.0,,0.0
1785320343.519992,08:00:27:8a:0d:75,0,0,,,0,0.0,0,0.0,0.0,,0.0
1785320343.519992,08:00:27:a5:9e:2d,0,0,,,0,0.0,0,0.0,0.0,,0.0
1785320348.519992,08:00:27:5a:87:bc,0,0,,,0,0.0,0,0.0,0.0,,0.0
1785320348.519992,08:00:27:8a:0d:75,0,0,,,0,0.0,0,0.0,0.0,,0.0
1785320348.519992,08:00:27:a5:9e:2d,0,0,,,0,0.0,0,0.0,0.0,,0.0
1785320353.519992,08:00:27:5a:87:bc,0,0,,,0,0.0,0,0.0,0.0,,0.0
1785320353.519992,08:00:27:8a:0d:75,0,0,,,0,0.0,0,0.0,0.0,,0.0
1785320353.519992,08:00:27:a5:9e:2d,0,0,,,0,0.0,0,0.0,0.0,,0.0
1785320358.519992,08:00:27:5a:87:bc,0,0,,,0,0.0,0,0.0,0.0,,0.0
1785320358.519992,08:00:27:8a:0d:75,0,0,,,0,0.0,0,0.0,0.0,,0.0
1785320358.519992,08:00:27:a5:9e:2d,0,0,,,0,0.0,0,0.0,0.0,,0.0
1785320363.519992,08:00:27:5a:87:bc,0,0,,,0,0.0,0,0.0,0.0,,0.0
1785320363.519992,08:00:27:8a:0d:75,0,0,,,0,0.0,0,0.0,0.0,,0.0
1785320363.519992,08:00:27:a5:9e:2d,0,0,,,0,0.0,0,0.0,0.0,,0.0
1785320368.519992,08:00:27:5a:87:bc,0,0,,,0,0.0,0,0.0,0.0,,0.0
1785320368.519992,08:00:27:8a:0d:75,0,0,,,0,0.0,0,0.0,0.0,,0.0
1785320368.519992,08:00:27:a5:9e:2d,0,0,,,0,0.0,0,0.0,0.0,,0.0
1785320373.519992,08:00:27:5a:87:bc,0,0,,,0,0.0,0,0.0,0.0,,0.0
1785320373.519992,08:00:27:8a:0d:75,0,0,,,0,0.0,0,0.0,0.0,,0.0
1785320373.519992,08:00:27:a5:9e:2d,0,0,,,0,0.0,0,0.0,0.0,,0.0
1785320378.519992,08:00:27:5a:87:bc,0,0,,,0,0.0,0,0.0,0.0,,0.0
1785320378.519992,08:00:27:8a:0d:75,0,0,,,0,0.0,0,0.0,0.0,,0.0
1785320378.519992,08:00:27:a5:9e:2d,0,0,,,0,0.0,0,0.0,0.0,,0.0
1785320383.519992,08:00:27:5a:87:bc,0,0,,,0,0.0,0,0.0,0.0,,0.0
1785320383.519992,08:00:27:8a:0d:75,0,0,,,0,0.0,0,0.0,0.0,,0.0
1785320383.519992,08:00:27:a5:9e:2d,0,0,,,0,0.0,0,0.0,0.0,,0.0
1785320388.519992,08:00:27:5a:87:bc,0,0,,,0,0.0,0,0.0,0.0,,0.0
1785320388.519992,08:00:27:8a:0d:75,0,0,,,0,0.0,0,0.0,0.0,,0.0
1785320388.519992,08:00:27:a5:9e:2d,0,0,,,0,0.0,0,0.0,0.0,,0.0
1785320393.519992,08:00:27:5a:87:bc,0,0,,,0,0.0,0,0.0,0.0,,0.0
1785320393.519992,08:00:27:8a:0d:75,0,0,,,0,0.0,0,0.0,0.0,,0.0
1785320393.519992,08:00:27:a5:9e:2d,0,0,,,0,0.0,0,0.0,0.0,,0.0
1785320398.519992,08:00:27:5a:87:bc,0,0,,,0,0.0,0,0.0,0.0,,0.0
1785320398.519992,08:00:27:8a:0d:75,0,0,,,0,0.0,0,0.0,0.0,,0.0
1785320398.519992,08:00:27:a5:9e:2d,0,0,,,0,0.0,0,0.0,0.0,,0.0
1785320403.519992,08:00:27:5a:87:bc,0,0,,,0,0.0,0,0.0,0.0,,0.0
1785320403.519992,08:00:27:8a:0d:75,0,0,,,0,0.0,0,0.0,0.0,,0.0
1785320403.519992,08:00:27:a5:9e:2d,0,0,,,0,0.0,0,0.0,0.0,,0.0
1785320408.519992,08:00:27:5a:87:bc,0,0,,,0,0.0,0,0.0,0.0,,0.0
1785320408.519992,08:00:27:8a:0d:75,0,0,,,0,0.0,0,0.0,0.0,,0.0
1785320408.519992,08:00:27:a5:9e:2d,0,0,,,0,0.0,0,0.0,0.0,,0.0
1785320413.519992,08:00:27:5a:87:bc,0,0,,,0,0.0,0,0.0,0.0,,0.0
1785320413.519992,08:00:27:8a:0d:75,0,0,,,0,0.0,0,0.0,0.0,,0.0
1785320413.519992,08:00:27:a5:9e:2d,0,0,,,0,0.0,0,0.0,0.0,,0.0
1785320418.519992,08:00:27:5a:87:bc,0,0,,,0,0.0,0,0.0,0.0,,0.0
1785320418.519992,08:00:27:8a:0d:75,0,0,,,0,0.0,0,0.0,0.0,,0.0
1785320418.519992,08:00:27:a5:9e:2d,0,0,,,0,0.0,0,0.0,0.0,,0.0
1785320423.519992,08:00:27:5a:87:bc,0,0,,,0,0.0,0,0.0,0.0,,0.0
1785320423.519992,08:00:27:8a:0d:75,0,0,,,0,0.0,0,0.0,0.0,,0.0
1785320423.519992,08:00:27:a5:9e:2d,0,0,,,0,0.0,0,0.0,0.0,,0.0
1785320428.519992,08:00:27:5a:87:bc,0,0,,,0,0.0,0,0.0,0.0,,0.0
1785320428.519992,08:00:27:8a:0d:75,0,0,,,0,0.0,0,0.0,0.0,,0.0
1785320428.519992,08:00:27:a5:9e:2d,0,0,,,0,0.0,0,0.0,0.0,,0.0
1785320433.519992,08:00:27:5a:87:bc,0,0,,,0,0.0,0,0.0,0.0,,0.0
1785320433.519992,08:00:27:8a:0d:75,0,0,,,0,0.0,0,0.0,0.0,,0.0
1785320433.519992,08:00:27:a5:9e:2d,0,0,,,0,0.0,0,0.0,0.0,,0.0
1785320438.519992,08:00:27:5a:87:bc,0,0,,,0,0.0,0,0.0,0.0,,0.0
1785320438.519992,08:00:27:8a:0d:75,0,0,,,0,0.0,0,0.0,0.0,,0.0
1785320438.519992,08:00:27:a5:9e:2d,0,0,,,0,0.0,0,0.0,0.0,,0.0
1785320443.519992,08:00:27:5a:87:bc,0,0,,,0,0.0,0,0.0,0.0,,0.0
1785320443.519992,08:00:27:8a:0d:75,0,0,,,0,0.0,0,0.0,0.0,,0.0
1785320443.519992,08:00:27:a5:9e:2d,0,0,,,0,0.0,0,0.0,0.0,,0.0
1785320448.519992,08:00:27:5a:87:bc,0,0,,,0,0.0,0,0.0,0.0,,0.0
1785320448.519992,08:00:27:8a:0d:75,0,0,,,0,0.0,0,0.0,0.0,,0.0
1785320448.519992,08:00:27:a5:9e:2d,0,0,,,0,0.0,0,0.0,0.0,,0.0
1785320453.519992,08:00:27:5a:87:bc,0,0,,,0,0.0,0,0.0,0.0,,0.0
1785320453.519992,08:00:27:8a:0d:75,0,0,,,0,0.0,0,0.0,0.0,,0.0
1785320453.519992,08:00:27:a5:9e:2d,0,0,,,0,0.0,0,0.0,0.0,,0.0
1785320458.519992,08:00:27:5a:87:bc,0,0,,,0,0.0,0,0.0,0.0,,0.0
1785320458.519992,08:00:27:8a:0d:75,0,0,,,0,0.0,0,0.0,0.0,,0.0
1785320458.519992,08:00:27:a5:9e:2d,0,0,,,0,0.0,0,0.0,0.0,,0.0
1785320463.519992,08:00:27:5a:87:bc,0,0,,,0,0.0,0,0.0,0.0,,0.0
1785320463.519992,08:00:27:8a:0d:75,0,0,,,0,0.0,0,0.0,0.0,,0.0
1785320463.519992,08:00:27:a5:9e:2d,0,0,,,0,0.0,0,0.0,0.0,,0.0
1785320468.519992,08:00:27:5a:87:bc,0,0,,,0,0.0,0,0.0,0.0,,0.0
1785320468.519992,08:00:27:8a:0d:75,0,0,,,0,0.0,0,0.0,0.0,,0.0
1785320468.519992,08:00:27:a5:9e:2d,0,0,,,0,0.0,0,0.0,0.0,,0.0
1785320473.519992,08:00:27:5a:87:bc,0,0,,,0,0.0,0,0.0,0.0,,0.0
1785320473.519992,08:00:27:8a:0d:75,0,0,,,0,0.0,0,0.0,0.0,,0.0
1785320473.519992,08:00:27:a5:9e:2d,0,0,,,0,0.0,0,0.0,0.0,,0.0
1785320478.519992,08:00:27:5a:87:bc,0,0,,,0,0.0,0,0.0,0.0,,0.0
1785320478.519992,08:00:27:8a:0d:75,0,0,,,0,0.0,0,0.0,0.0,,0.0
1785320478.519992,08:00:27:a5:9e:2d,0,0,,,0,0.0,0,0.0,0.0,,0.0
1785320483.519992,08:00:27:5a:87:bc,0,0,,,0,0.0,0,0.0,0.0,,0.0
1785320483.519992,08:00:27:8a:0d:75,0,0,,,0,0.0,0,0.0,0.0,,0.0
1785320483.519992,08:00:27:a5:9e:2d,0,0,,,0,0.0,0,0.0,0.0,,0.0
1785320488.519992,08:00:27:5a:87:bc,0,0,,,0,0.0,0,0.0,0.0,,0.0
1785320488.519992,08:00:27:8a:0d:75,0,0,,,0,0.0,0,0.0,0.0,,0.0
1785320488.519992,08:00:27:a5:9e:2d,0,0,,,0,0.0,0,0.0,0.0,,0.0
1785320493.519992,08:00:27:5a:87:bc,0,0,,,0,0.0,0,0.0,0.0,,0.0
1785320493.519992,08:00:27:8a:0d:75,0,0,,,0,0.0,0,0.0,0.0,,0.0
1785320493.519992,08:00:27:a5:9e:2d,0,0,,,0,0.0,0,0.0,0.0,,0.0
1785320498.519992,08:00:27:5a:87:bc,0,0,,,0,0.0,0,0.0,0.0,,0.0
1785320498.519992,08:00:27:8a:0d:75,0,0,,,0,0.0,0,0.0,0.0,,0.0
1785320498.519992,08:00:27:a5:9e:2d,0,0,,,0,0.0,0,0.0,0.0,,0.0
1785320503.519992,08:00:27:5a:87:bc,0,0,,,0,0.0,0,0.0,0.0,,0.0
1785320503.519992,08:00:27:8a:0d:75,0,0,,,0,0.0,0,0.0,0.0,,0.0
1785320503.519992,08:00:27:a5:9e:2d,0,0,,,0,0.0,0,0.0,0.0,,0.0
1785320508.519992,08:00:27:5a:87:bc,0,0,,,0,0.0,0,0.0,0.0,,0.0
1785320508.519992,08:00:27:8a:0d:75,0,0,,,0,0.0,0,0.0,0.0,,0.0
1785320508.519992,08:00:27:a5:9e:2d,0,0,,,0,0.0,0,0.0,0.0,,0.0
1785320513.519992,08:00:27:5a:87:bc,0,0,,,0,0.0,0,0.0,0.0,,0.0
1785320513.519992,08:00:27:8a:0d:75,0,0,,,0,0.0,0,0.0,0.0,,0.0
1785320513.519992,08:00:27:a5:9e:2d,0,0,,,0,0.0,0,0.0,0.0,,0.0
1785320518.519992,08:00:27:5a:87:bc,0,0,,,0,0.0,0,0.0,0.0,,0.0
1785320518.519992,08:00:27:8a:0d:75,0,0,,,0,0.0,0,0.0,0.0,,0.0
1785320518.519992,08:00:27:a5:9e:2d,0,0,,,0,0.0,0,0.0,0.0,,0.0
1785320523.519992,08:00:27:5a:87:bc,0,0,,,0,0.0,0,0.0,0.0,,0.0
1785320523.519992,08:00:27:8a:0d:75,0,0,,,0,0.0,0,0.0,0.0,,0.0
1785320523.519992,08:00:27:a5:9e:2d,0,0,,,0,0.0,0,0.0,0.0,,0.0
1785320528.519992,08:00:27:5a:87:bc,0,0,,,0,0.0,0,0.0,0.0,,0.0
1785320528.519992,08:00:27:8a:0d:75,0,0,,,0,0.0,0,0.0,0.0,,0.0
1785320528.519992,08:00:27:a5:9e:2d,0,0,,,0,0.0,0,0.0,0.0,,0.0
1785320533.519992,08:00:27:5a:87:bc,0,0,,,0,0.0,0,0.0,0.0,,0.0
1785320533.519992,08:00:27:8a:0d:75,0,0,,,0,0.0,0,0.0,0.0,,0.0
1785320533.519992,08:00:27:a5:9e:2d,0,0,,,0,0.0,0,0.0,0.0,,0.0
1785320538.519992,08:00:27:5a:87:bc,0,0,,,0,0.0,0,0.0,0.0,,0.0
1785320538.519992,08:00:27:8a:0d:75,0,0,,,0,0.0,0,0.0,0.0,,0.0
1785320538.519992,08:00:27:a5:9e:2d,0,0,,,0,0.0,0,0.0,0.0,,0.0
1785320543.519992,08:00:27:5a:87:bc,0,0,,,0,0.0,0,0.0,0.0,,0.0
1785320543.519992,08:00:27:8a:0d:75,0,0,,,0,0.0,0,0.0,0.0,,0.0
1785320543.519992,08:00:27:a5:9e:2d,0,0,,,0,0.0,0,0.0,0.0,,0.0
1785320548.519992,08:00:27:5a:87:bc,0,0,,,0,0.0,0,0.0,0.0,,0.0
1785320548.519992,08:00:27:8a:0d:75,0,0,,,0,0.0,0,0.0,0.0,,0.0
1785320548.519992,08:00:27:a5:9e:2d,0,0,,,0,0.0,0,0.0,0.0,,0.0
1785320553.519992,08:00:27:5a:87:bc,0,0,,,0,0.0,0,0.0,0.0,,0.0
1785320553.519992,08:00:27:8a:0d:75,0,0,,,0,0.0,0,0.0,0.0,,0.0
1785320553.519992,08:00:27:a5:9e:2d,0,0,,,0,0.0,0,0.0,0.0,,0.0
1785320558.519992,08:00:27:5a:87:bc,0,0,,,0,0.0,0,0.0,0.0,,0.0
1785320558.519992,08:00:27:8a:0d:75,0,0,,,0,0.0,0,0.0,0.0,,0.0
1785320558.519992,08:00:27:a5:9e:2d,0,0,,,0,0.0,0,0.0,0.0,,0.0
1785320563.519992,08:00:27:5a:87:bc,0,0,,,0,0.0,0,0.0,0.0,,0.0
1785320563.519992,08:00:27:8a:0d:75,0,0,,,0,0.0,0,0.0,0.0,,0.0
1785320563.519992,08:00:27:a5:9e:2d,0,0,,,0,0.0,0,0.0,0.0,,0.0
1785320568.519992,08:00:27:5a:87:bc,0,0,,,0,0.0,0,0.0,0.0,,0.0
1785320568.519992,08:00:27:8a:0d:75,0,0,,,0,0.0,0,0.0,0.0,,0.0
1785320568.519992,08:00:27:a5:9e:2d,0,0,,,0,0.0,0,0.0,0.0,,0.0
1785320573.519992,08:00:27:5a:87:bc,0,0,,,0,0.0,0,0.0,0.0,,0.0
1785320573.519992,08:00:27:8a:0d:75,0,0,,,0,0.0,0,0.0,0.0,,0.0
1785320573.519992,08:00:27:a5:9e:2d,0,0,,,0,0.0,0,0.0,0.0,,0.0
1785320578.519992,08:00:27:5a:87:bc,0,0,,,0,0.0,0,0.0,0.0,,0.0
1785320578.519992,08:00:27:8a:0d:75,0,0,,,0,0.0,0,0.0,0.0,,0.0
1785320578.519992,08:00:27:a5:9e:2d,0,0,,,0,0.0,0,0.0,0.0,,0.0
1785320583.519992,08:00:27:5a:87:bc,0,0,,,0,0.0,0,0.0,0.0,,0.0
1785320583.519992,08:00:27:8a:0d:75,0,0,,,0,0.0,0,0.0,0.0,,0.0
1785320583.519992,08:00:27:a5:9e:2d,0,0,,,0,0.0,0,0.0,0.0,,0.0
1785320588.519992,08:00:27:5a:87:bc,0,0,,,0,0.0,0,0.0,0.0,,0.0
1785320588.519992,08:00:27:8a:0d:75,0,0,,,0,0.0,0,0.0,0.0,,0.0
1785320588.519992,08:00:27:a5:9e:2d,0,0,,,0,0.0,0,0.0,0.0,,0.0
1785320593.519992,08:00:27:5a:87:bc,0,0,,,0,0.0,0,0.0,0.0,,0.0
1785320593.519992,08:00:27:8a:0d:75,0,0,,,0,0.0,0,0.0,0.0,,0.0
1785320593.519992,08:00:27:a5:9e:2d,0,0,,,0,0.0,0,0.0,0.0,,0.0
1785320598.519992,08:00:27:5a:87:bc,0,0,,,0,0.0,0,0.0,0.0,,0.0
1785320598.519992,08:00:27:8a:0d:75,0,0,,,0,0.0,0,0.0,0.0,,0.0
1785320598.519992,08:00:27:a5:9e:2d,0,0,,,0,0.0,0,0.0,0.0,,0.0
1785320603.519992,08:00:27:5a:87:bc,0,0,,,0,0.0,0,0.0,0.0,,0.0
1785320603.519992,08:00:27:8a:0d:75,0,0,,,0,0.0,0,0.0,0.0,,0.0
1785320603.519992,08:00:27:a5:9e:2d,0,0,,,0,0.0,0,0.0,0.0,,0.0
1785320608.519992,08:00:27:5a:87:bc,0,0,,,0,0.0,0,0.0,0.0,,0.0
1785320608.519992,08:00:27:8a:0d:75,0,0,,,0,0.0,0,0.0,0.0,,0.0
1785320608.519992,08:00:27:a5:9e:2d,0,0,,,0,0.0,0,0.0,0.0,,0.0
1785320613.519992,08:00:27:5a:87:bc,0,0,,,0,0.0,0,0.0,0.0,,0.0
1785320613.519992,08:00:27:8a:0d:75,0,0,,,0,0.0,0,0.0,0.0,,0.0
1785320613.519992,08:00:27:a5:9e:2d,0,0,,,0,0.0,0,0.0,0.0,,0.0
1785320618.519992,08:00:27:5a:87:bc,0,0,,,0,0.0,0,0.0,0.0,,0.0
1785320618.519992,08:00:27:8a:0d:75,0,0,,,0,0.0,0,0.0,0.0,,0.0
1785320618.519992,08:00:27:a5:9e:2d,0,0,,,0,0.0,0,0.0,0.0,,0.0
1785320623.519992,08:00:27:5a:87:bc,0,0,,,0,0.0,0,0.0,0.0,,0.0
1785320623.519992,08:00:27:8a:0d:75,0,0,,,0,0.0,0,0.0,0.0,,0.0
1785320623.519992,08:00:27:a5:9e:2d,0,0,,,0,0.0,0,0.0,0.0,,0.0
1785320628.519992,08:00:27:5a:87:bc,0,0,,,0,0.0,0,0.0,0.0,,0.0
1785320628.519992,08:00:27:8a:0d:75,0,0,,,0,0.0,0,0.0,0.0,,0.0
1785320628.519992,08:00:27:a5:9e:2d,0,0,,,0,0.0,0,0.0,0.0,,0.0
1785320633.519992,08:00:27:5a:87:bc,0,0,,,0,0.0,0,0.0,0.0,,0.0
1785320633.519992,08:00:27:8a:0d:75,0,0,,,0,0.0,0,0.0,0.0,,0.0
1785320633.519992,08:00:27:a5:9e:2d,0,0,,,0,0.0,0,0.0,0.0,,0.0
1785320638.519992,08:00:27:5a:87:bc,0,0,,,0,0.0,0,0.0,0.0,,0.0
1785320638.519992,08:00:27:8a:0d:75,0,0,,,0,0.0,0,0.0,0.0,,0.0
1785320638.519992,08:00:27:a5:9e:2d,0,0,,,0,0.0,0,0.0,0.0,,0.0
1785320643.519992,08:00:27:5a:87:bc,0,0,,,0,0.0,0,0.0,0.0,,0.0
1785320643.519992,08:00:27:8a:0d:75,0,0,,,0,0.0,0,0.0,0.0,,0.0
1785320643.519992,08:00:27:a5:9e:2d,0,0,,,0,0.0,0,0.0,0.0,,0.0
1785320648.519992,08:00:27:5a:87:bc,0,0,,,0,0.0,0,0.0,0.0,,0.0
1785320648.519992,08:00:27:8a:0d:75,0,0,,,0,0.0,0,0.0,0.0,,0.0
1785320648.519992,08:00:27:a5:9e:2d,0,0,,,0,0.0,0,0.0,0.0,,0.0
1785320653.519992,08:00:27:5a:87:bc,0,0,,,0,0.0,0,0.0,0.0,,0.0
1785320653.519992,08:00:27:8a:0d:75,0,0,,,0,0.0,0,0.0,0.0,,0.0
1785320653.519992,08:00:27:a5:9e:2d,0,0,,,0,0.0,0,0.0,0.0,,0.0
1785320658.519992,08:00:27:5a:87:bc,0,0,,,0,0.0,0,0.0,0.0,,0.0
1785320658.519992,08:00:27:8a:0d:75,0,0,,,0,0.0,0,0.0,0.0,,0.0
1785320658.519992,08:00:27:a5:9e:2d,0,0,,,0,0.0,0,0.0,0.0,,0.0
1785320663.519992,08:00:27:5a:87:bc,0,0,,,0,0.0,0,0.0,0.0,,0.0
1785320663.519992,08:00:27:8a:0d:75,0,0,,,0,0.0,0,0.0,0.0,,0.0
1785320663.519992,08:00:27:a5:9e:2d,0,0,,,0,0.0,0,0.0,0.0,,0.0
1785320668.519992,08:00:27:5a:87:bc,0,0,,,0,0.0,0,0.0,0.0,,0.0
1785320668.519992,08:00:27:8a:0d:75,0,0,,,0,0.0,0,0.0,0.0,,0.0
1785320668.519992,08:00:27:a5:9e:2d,0,0,,,0,0.0,0,0.0,0.0,,0.0
1785320673.519992,08:00:27:5a:87:bc,0,0,,,0,0.0,0,0.0,0.0,,0.0
1785320673.519992,08:00:27:8a:0d:75,0,0,,,0,0.0,0,0.0,0.0,,0.0
1785320673.519992,08:00:27:a5:9e:2d,0,0,,,0,0.0,0,0.0,0.0,,0.0
1785320678.519992,08:00:27:5a:87:bc,0,0,,,0,0.0,0,0.0,0.0,,0.0
1785320678.519992,08:00:27:8a:0d:75,0,0,,,0,0.0,0,0.0,0.0,,0.0
1785320678.519992,08:00:27:a5:9e:2d,0,0,,,0,0.0,0,0.0,0.0,,0.0
1785320683.519992,08:00:27:5a:87:bc,0,0,,,0,0.0,0,0.0,0.0,,0.0
1785320683.519992,08:00:27:8a:0d:75,0,0,,,0,0.0,0,0.0,0.0,,0.0
1785320683.519992,08:00:27:a5:9e:2d,0,0,,,0,0.0,0,0.0,0.0,,0.0
1785320688.519992,08:00:27:5a:87:bc,0,0,,,0,0.0,0,0.0,0.0,,0.0
1785320688.519992,08:00:27:8a:0d:75,0,0,,,0,0.0,0,0.0,0.0,,0.0
1785320688.519992,08:00:27:a5:9e:2d,0,0,,,0,0.0,0,0.0,0.0,,0.0
1785320693.519992,08:00:27:5a:87:bc,0,0,,,0,0.0,0,0.0,0.0,,0.0
1785320693.519992,08:00:27:8a:0d:75,0,0,,,0,0.0,0,0.0,0.0,,0.0
1785320693.519992,08:00:27:a5:9e:2d,0,0,,,0,0.0,0,0.0,0.0,,0.0
1785320698.519992,08:00:27:5a:87:bc,0,0,,,0,0.0,0,0.0,0.0,,0.0
1785320698.519992,08:00:27:8a:0d:75,0,0,,,0,0.0,0,0.0,0.0,,0.0
1785320698.519992,08:00:27:a5:9e:2d,0,0,,,0,0.0,0,0.0,0.0,,0.0
1785320703.519992,08:00:27:5a:87:bc,0,0,,,0,0.0,0,0.0,0.0,,0.0
1785320703.519992,08:00:27:8a:0d:75,0,0,,,0,0.0,0,0.0,0.0,,0.0
1785320703.519992,08:00:27:a5:9e:2d,0,0,,,0,0.0,0,0.0,0.0,,0.0
1785320708.519992,08:00:27:5a:87:bc,0,0,,,0,0.0,0,0.0,0.0,,0.0
1785320708.519992,08:00:27:8a:0d:75,0,0,,,0,0.0,0,0.0,0.0,,0.0
1785320708.519992,08:00:27:a5:9e:2d,0,0,,,0,0.0,0,0.0,0.0,,0.0
1785320713.519992,08:00:27:5a:87:bc,0,0,,,0,0.0,0,0.0,0.0,,0.0
1785320713.519992,08:00:27:8a:0d:75,0,0,,,0,0.0,0,0.0,0.0,,0.0
1785320713.519992,08:00:27:a5:9e:2d,0,0,,,0,0.0,0,0.0,0.0,,0.0
1785320718.519992,08:00:27:5a:87:bc,0,0,,,0,0.0,0,0.0,0.0,,0.0
1785320718.519992,08:00:27:8a:0d:75,0,0,,,0,0.0,0,0.0,0.0,,0.0
1785320718.519992,08:00:27:a5:9e:2d,0,0,,,0,0.0,0,0.0,0.0,,0.0
1785320723.519992,08:00:27:5a:87:bc,0,0,,,0,0.0,0,0.0,0.0,,0.0
1785320723.519992,08:00:27:8a:0d:75,0,0,,,0,0.0,0,0.0,0.0,,0.0
1785320723.519992,08:00:27:a5:9e:2d,0,0,,,0,0.0,0,0.0,0.0,,0.0
1785320728.519992,08:00:27:5a:87:bc,0,0,,,0,0.0,0,0.0,0.0,,0.0
1785320728.519992,08:00:27:8a:0d:75,0,0,,,0,0.0,0,0.0,0.0,,0.0
1785320728.519992,08:00:27:a5:9e:2d,0,0,,,0,0.0,0,0.0,0.0,,0.0
1785320733.519992,08:00:27:5a:87:bc,0,0,,,0,0.0,0,0.0,0.0,,0.0
1785320733.519992,08:00:27:8a:0d:75,0,0,,,0,0.0,0,0.0,0.0,,0.0
1785320733.519992,08:00:27:a5:9e:2d,0,0,,,0,0.0,0,0.0,0.0,,0.0
1785320738.519992,08:00:27:5a:87:bc,0,0,,,0,0.0,0,0.0,0.0,,0.0
1785320738.519992,08:00:27:8a:0d:75,0,0,,,0,0.0,0,0.0,0.0,,0.0
1785320738.519992,08:00:27:a5:9e:2d,0,0,,,0,0.0,0,0.0,0.0,,0.0
1785320743.519992,08:00:27:5a:87:bc,0,0,,,0,0.0,0,0.0,0.0,,0.0
1785320743.519992,08:00:27:8a:0d:75,0,0,,,0,0.0,0,0.0,0.0,,0.0
1785320743.519992,08:00:27:a5:9e:2d,0,0,,,0,0.0,0,0.0,0.0,,0.0
1785320748.519992,08:00:27:5a:87:bc,0,0,,,0,0.0,0,0.0,0.0,,0.0
1785320748.519992,08:00:27:8a:0d:75,0,0,,,0,0.0,0,0.0,0.0,,0.0
1785320748.519992,08:00:27:a5:9e:2d,0,0,,,0,0.0,0,0.0,0.0,,0.0
1785320753.519992,08:00:27:5a:87:bc,0,0,,,0,0.0,0,0.0,0.0,,0.0
1785320753.519992,08:00:27:8a:0d:75,0,0,,,0,0.0,0,0.0,0.0,,0.0
1785320753.519992,08:00:27:a5:9e:2d,0,0,,,0,0.0,0,0.0,0.0,,0.0
1785320758.519992,08:00:27:5a:87:bc,0,0,,,0,0.0,0,0.0,0.0,,0.0
1785320758.519992,08:00:27:8a:0d:75,0,0,,,0,0.0,0,0.0,0.0,,0.0
1785320758.519992,08:00:27:a5:9e:2d,0,0,,,0,0.0,0,0.0,0.0,,0.0
1785320763.519992,08:00:27:5a:87:bc,0,0,,,0,0.0,0,0.0,0.0,,0.0
1785320763.519992,08:00:27:8a:0d:75,0,0,,,0,0.0,0,0.0,0.0,,0.0
1785320763.519992,08:00:27:a5:9e:2d,0,0,,,0,0.0,0,0.0,0.0,,0.0
1785320768.519992,08:00:27:5a:87:bc,0,0,,,0,0.0,0,0.0,0.0,,0.0
1785320768.519992,08:00:27:8a:0d:75,0,0,,,0,0.0,0,0.0,0.0,,0.0
1785320768.519992,08:00:27:a5:9e:2d,0,0,,,0,0.0,0,0.0,0.0,,0.0
1785320773.519992,08:00:27:5a:87:bc,0,0,,,0,0.0,0,0.0,0.0,,0.0
1785320773.519992,08:00:27:8a:0d:75,0,0,,,0,0.0,0,0.0,0.0,,0.0
1785320773.519992,08:00:27:a5:9e:2d,0,0,,,0,0.0,0,0.0,0.0,,0.0
1785320778.519992,08:00:27:5a:87:bc,0,0,,,0,0.0,0,0.0,0.0,,0.0
1785320778.519992,08:00:27:8a:0d:75,0,0,,,0,0.0,0,0.0,0.0,,0.0
1785320778.519992,08:00:27:a5:9e:2d,0,0,,,0,0.0,0,0.0,0.0,,0.0
1785320783.519992,08:00:27:5a:87:bc,0,0,,,0,0.0,0,0.0,0.0,,0.0
1785320783.519992,08:00:27:8a:0d:75,0,0,,,0,0.0,0,0.0,0.0,,0.0
1785320783.519992,08:00:27:a5:9e:2d,0,0,,,0,0.0,0,0.0,0.0,,0.0
1785320788.519992,08:00:27:5a:87:bc,0,0,,,0,0.0,0,0.0,0.0,,0.0
1785320788.519992,08:00:27:8a:0d:75,0,0,,,0,0.0,0,0.0,0.0,,0.0
1785320788.519992,08:00:27:a5:9e:2d,0,0,,,0,0.0,0,0.0,0.0,,0.0
1785320793.519992,08:00:27:5a:87:bc,0,0,,,0,0.0,0,0.0,0.0,,0.0
1785320793.519992,08:00:27:8a:0d:75,0,0,,,0,0.0,0,0.0,0.0,,0.0
1785320793.519992,08:00:27:a5:9e:2d,0,0,,,0,0.0,0,0.0,0.0,,0.0
1785320798.519992,08:00:27:5a:87:bc,0,0,,,0,0.0,0,0.0,0.0,,0.0
1785320798.519992,08:00:27:8a:0d:75,0,0,,,0,0.0,0,0.0,0.0,,0.0
1785320798.519992,08:00:27:a5:9e:2d,0,0,,,0,0.0,0,0.0,0.0,,0.0
1785320803.519992,08:00:27:5a:87:bc,0,0,,,0,0.0,0,0.0,0.0,,0.0
1785320803.519992,08:00:27:8a:0d:75,0,0,,,0,0.0,0,0.0,0.0,,0.0
1785320803.519992,08:00:27:a5:9e:2d,0,0,,,0,0.0,0,0.0,0.0,,0.0
1785320808.519992,08:00:27:5a:87:bc,0,0,,,0,0.0,0,0.0,0.0,,0.0
1785320808.519992,08:00:27:8a:0d:75,0,0,,,0,0.0,0,0.0,0.0,,0.0
1785320808.519992,08:00:27:a5:9e:2d,0,0,,,0,0.0,0,0.0,0.0,,0.0
1785320813.519992,08:00:27:5a:87:bc,0,0,,,0,0.0,0,0.0,0.0,,0.0
1785320813.519992,08:00:27:8a:0d:75,0,0,,,0,0.0,0,0.0,0.0,,0.0
1785320813.519992,08:00:27:a5:9e:2d,0,0,,,0,0.0,0,0.0,0.0,,0.0
1785320818.519992,08:00:27:5a:87:bc,0,0,,,0,0.0,0,0.0,0.0,,0.0
1785320818.519992,08:00:27:8a:0d:75,0,0,,,0,0.0,0,0.0,0.0,,0.0
1785320818.519992,08:00:27:a5:9e:2d,0,0,,,0,0.0,0,0.0,0.0,,0.0
1785320823.519992,08:00:27:5a:87:bc,0,0,,,0,0.0,0,0.0,0.0,,0.0
1785320823.519992,08:00:27:8a:0d:75,0,0,,,0,0.0,0,0.0,0.0,,0.0
1785320823.519992,08:00:27:a5:9e:2d,0,0,,,0,0.0,0,0.0,0.0,,0.0
1785320828.519992,08:00:27:5a:87:bc,0,0,,,0,0.0,0,0.0,0.0,,0.0
1785320828.519992,08:00:27:8a:0d:75,0,0,,,0,0.0,0,0.0,0.0,,0.0
1785320828.519992,08:00:27:a5:9e:2d,0,0,,,0,0.0,0,0.0,0.0,,0.0
1785320833.519992,08:00:27:5a:87:bc,0,0,,,0,0.0,0,0.0,0.0,,0.0
1785320833.519992,08:00:27:8a:0d:75,0,0,,,0,0.0,0,0.0,0.0,,0.0
1785320833.519992,08:00:27:a5:9e:2d,0,0,,,0,0.0,0,0.0,0.0,,0.0
1785320838.519992,08:00:27:5a:87:bc,0,0,,,0,0.0,0,0.0,0.0,,0.0
1785320838.519992,08:00:27:8a:0d:75,0,0,,,0,0.0,0,0.0,0.0,,0.0
1785320838.519992,08:00:27:a5:9e:2d,0,0,,,0,0.0,0,0.0,0.0,,0.0
1785320843.519992,08:00:27:5a:87:bc,0,0,,,0,0.0,0,0.0,0.0,,0.0
1785320843.519992,08:00:27:8a:0d:75,0,0,,,0,0.0,0,0.0,0.0,,0.0
1785320843.519992,08:00:27:a5:9e:2d,0,0,,,0,0.0,0,0.0,0.0,,0.0
1785320848.519992,08:00:27:5a:87:bc,0,0,,,0,0.0,0,0.0,0.0,,0.0
1785320848.519992,08:00:27:8a:0d:75,0,0,,,0,0.0,0,0.0,0.0,,0.0
1785320848.519992,08:00:27:a5:9e:2d,0,0,,,0,0.0,0,0.0,0.0,,0.0
1785320853.519992,08:00:27:5a:87:bc,0,0,,,0,0.0,0,0.0,0.0,,0.0
1785320853.519992,08:00:27:8a:0d:75,0,0,,,0,0.0,0,0.0,0.0,,0.0
1785320853.519992,08:00:27:a5:9e:2d,0,0,,,0,0.0,0,0.0,0.0,,0.0
1785320858.519992,08:00:27:5a:87:bc,0,0,,,0,0.0,0,0.0,0.0,,0.0
1785320858.519992,08:00:27:8a:0d:75,0,0,,,0,0.0,0,0.0,0.0,,0.0
1785320858.519992,08:00:27:a5:9e:2d,0,0,,,0,0.0,0,0.0,0.0,,0.0
1785320863.519992,08:00:27:5a:87:bc,0,0,,,0,0.0,0,0.0,0.0,,0.0
1785320863.519992,08:00:27:8a:0d:75,0,0,,,0,0.0,0,0.0,0.0,,0.0
1785320863.519992,08:00:27:a5:9e:2d,0,0,,,0,0.0,0,0.0,0.0,,0.0
1785320868.519992,08:00:27:5a:87:bc,0,0,,,0,0.0,0,0.0,0.0,,0.0
1785320868.519992,08:00:27:8a:0d:75,0,0,,,0,0.0,0,0.0,0.0,,0.0
1785320868.519992,08:00:27:a5:9e:2d,0,0,,,0,0.0,0,0.0,0.0,,0.0
1785320873.519992,08:00:27:5a:87:bc,0,0,,,0,0.0,0,0.0,0.0,,0.0
1785320873.519992,08:00:27:8a:0d:75,0,0,,,0,0.0,0,0.0,0.0,,0.0
1785320873.519992,08:00:27:a5:9e:2d,0,0,,,0,0.0,0,0.0,0.0,,0.0
1785320878.519992,08:00:27:5a:87:bc,0,0,,,0,0.0,0,0.0,0.0,,0.0
1785320878.519992,08:00:27:8a:0d:75,0,0,,,0,0.0,0,0.0,0.0,,0.0
1785320878.519992,08:00:27:a5:9e:2d,0,0,,,0,0.0,0,0.0,0.0,,0.0
1785320883.519992,08:00:27:5a:87:bc,0,0,,,0,0.0,0,0.0,0.0,,0.0
1785320883.519992,08:00:27:8a:0d:75,0,0,,,0,0.0,0,0.0,0.0,,0.0
1785320883.519992,08:00:27:a5:9e:2d,0,0,,,0,0.0,0,0.0,0.0,,0.0
1785320888.519992,08:00:27:5a:87:bc,0,0,,,0,0.0,0,0.0,0.0,,0.0
1785320888.519992,08:00:27:8a:0d:75,0,0,,,0,0.0,0,0.0,0.0,,0.0
1785320888.519992,08:00:27:a5:9e:2d,0,0,,,0,0.0,0,0.0,0.0,,0.0
1785320893.519992,08:00:27:5a:87:bc,0,0,,,0,0.0,0,0.0,0.0,,0.0
1785320893.519992,08:00:27:8a:0d:75,0,0,,,0,0.0,0,0.0,0.0,,0.0
1785320893.519992,08:00:27:a5:9e:2d,0,0,,,0,0.0,0,0.0,0.0,,0.0
1785320898.519992,08:00:27:5a:87:bc,0,0,,,0,0.0,0,0.0,0.0,,0.0
1785320898.519992,08:00:27:8a:0d:75,0,0,,,0,0.0,0,0.0,0.0,,0.0
1785320898.519992,08:00:27:a5:9e:2d,0,0,,,0,0.0,0,0.0,0.0,,0.0
1785320903.519992,08:00:27:5a:87:bc,0,0,,,0,0.0,0,0.0,0.0,,0.0
1785320903.519992,08:00:27:8a:0d:75,0,0,,,0,0.0,0,0.0,0.0,,0.0
1785320903.519992,08:00:27:a5:9e:2d,0,0,,,0,0.0,0,0.0,0.0,,0.0
1785320908.519992,08:00:27:5a:87:bc,0,0,,,0,0.0,0,0.0,0.0,,0.0
1785320908.519992,08:00:27:8a:0d:75,0,0,,,0,0.0,0,0.0,0.0,,0.0
1785320908.519992,08:00:27:a5:9e:2d,0,0,,,0,0.0,0,0.0,0.0,,0.0
1785320913.519992,08:00:27:5a:87:bc,0,0,,,0,0.0,0,0.0,0.0,,0.0
1785320913.519992,08:00:27:8a:0d:75,0,0,,,0,0.0,0,0.0,0.0,,0.0
1785320913.519992,08:00:27:a5:9e:2d,0,0,,,0,0.0,0,0.0,0.0,,0.0
1785320918.519992,08:00:27:5a:87:bc,0,0,,,0,0.0,0,0.0,0.0,,0.0
1785320918.519992,08:00:27:8a:0d:75,0,0,,,0,0.0,0,0.0,0.0,,0.0
1785320918.519992,08:00:27:a5:9e:2d,0,0,,,0,0.0,0,0.0,0.0,,0.0
1785320923.519992,08:00:27:5a:87:bc,0,0,,,0,0.0,0,0.0,0.0,,0.0
1785320923.519992,08:00:27:8a:0d:75,0,0,,,0,0.0,0,0.0,0.0,,0.0
1785320923.519992,08:00:27:a5:9e:2d,0,0,,,0,0.0,0,0.0,0.0,,0.0
1785320928.519992,08:00:27:5a:87:bc,0,0,,,0,0.0,0,0.0,0.0,,0.0
1785320928.519992,08:00:27:8a:0d:75,0,0,,,0,0.0,0,0.0,0.0,,0.0
1785320928.519992,08:00:27:a5:9e:2d,0,0,,,0,0.0,0,0.0,0.0,,0.0
1785320933.519992,08:00:27:5a:87:bc,0,0,,,0,0.0,0,0.0,0.0,,0.0
1785320933.519992,08:00:27:8a:0d:75,0,0,,,0,0.0,0,0.0,0.0,,0.0
1785320933.519992,08:00:27:a5:9e:2d,0,0,,,0,0.0,0,0.0,0.0,,0.0
1785320938.519992,08:00:27:5a:87:bc,0,0,,,0,0.0,0,0.0,0.0,,0.0
1785320938.519992,08:00:27:8a:0d:75,0,0,,,0,0.0,0,0.0,0.0,,0.0
1785320938.519992,08:00:27:a5:9e:2d,0,0,,,0,0.0,0,0.0,0.0,,0.0
1785320943.519992,08:00:27:5a:87:bc,0,0,,,0,0.0,0,0.0,0.0,,0.0
1785320943.519992,08:00:27:8a:0d:75,0,0,,,0,0.0,0,0.0,0.0,,0.0
1785320943.519992,08:00:27:a5:9e:2d,0,0,,,0,0.0,0,0.0,0.0,,0.0
1785320948.519992,08:00:27:5a:87:bc,0,0,,,0,0.0,0,0.0,0.0,,0.0
1785320948.519992,08:00:27:8a:0d:75,0,0,,,0,0.0,0,0.0,0.0,,0.0
1785320948.519992,08:00:27:a5:9e:2d,0,0,,,0,0.0,0,0.0,0.0,,0.0
1785320953.519992,08:00:27:5a:87:bc,0,0,,,0,0.0,0,0.0,0.0,,0.0
1785320953.519992,08:00:27:8a:0d:75,0,0,,,0,0.0,0,0.0,0.0,,0.0
1785320953.519992,08:00:27:a5:9e:2d,0,0,,,0,0.0,0,0.0,0.0,,0.0
1785320958.519992,08:00:27:5a:87:bc,0,0,,,0,0.0,0,0.0,0.0,,0.0
1785320958.519992,08:00:27:8a:0d:75,0,0,,,0,0.0,0,0.0,0.0,,0.0
1785320958.519992,08:00:27:a5:9e:2d,0,0,,,0,0.0,0,0.0,0.0,,0.0
1785320963.519992,08:00:27:5a:87:bc,0,0,,,0,0.0,0,0.0,0.0,,0.0
1785320963.519992,08:00:27:8a:0d:75,0,0,,,0,0.0,0,0.0,0.0,,0.0
1785320963.519992,08:00:27:a5:9e:2d,0,0,,,0,0.0,0,0.0,0.0,,0.0
1785320968.519992,08:00:27:5a:87:bc,0,0,,,0,0.0,0,0.0,0.0,,0.0
1785320968.519992,08:00:27:8a:0d:75,0,0,,,0,0.0,0,0.0,0.0,,0.0
1785320968.519992,08:00:27:a5:9e:2d,0,0,,,0,0.0,0,0.0,0.0,,0.0
1785320973.519992,08:00:27:5a:87:bc,0,0,,,0,0.0,0,0.0,0.0,,0.0
1785320973.519992,08:00:27:8a:0d:75,0,0,,,0,0.0,0,0.0,0.0,,0.0
1785320973.519992,08:00:27:a5:9e:2d,0,0,,,0,0.0,0,0.0,0.0,,0.0
1785320978.519992,08:00:27:5a:87:bc,0,0,,,0,0.0,0,0.0,0.0,,0.0
1785320978.519992,08:00:27:8a:0d:75,0,0,,,0,0.0,0,0.0,0.0,,0.0
1785320978.519992,08:00:27:a5:9e:2d,0,0,,,0,0.0,0,0.0,0.0,,0.0
1785320983.519992,08:00:27:5a:87:bc,0,0,,,0,0.0,0,0.0,0.0,,0.0
1785320983.519992,08:00:27:8a:0d:75,0,0,,,0,0.0,0,0.0,0.0,,0.0
1785320983.519992,08:00:27:a5:9e:2d,0,0,,,0,0.0,0,0.0,0.0,,0.0
1785320988.519992,08:00:27:5a:87:bc,0,0,,,0,0.0,0,0.0,0.0,,0.0
1785320988.519992,08:00:27:8a:0d:75,0,0,,,0,0.0,0,0.0,0.0,,0.0
1785320988.519992,08:00:27:a5:9e:2d,0,0,,,0,0.0,0,0.0,0.0,,0.0
1785320993.519992,08:00:27:5a:87:bc,0,0,,,0,0.0,0,0.0,0.0,,0.0
1785320993.519992,08:00:27:8a:0d:75,0,0,,,0,0.0,0,0.0,0.0,,0.0
1785320993.519992,08:00:27:a5:9e:2d,0,0,,,0,0.0,0,0.0,0.0,,0.0
1785320998.519992,08:00:27:5a:87:bc,0,0,,,0,0.0,0,0.0,0.0,,0.0
1785320998.519992,08:00:27:8a:0d:75,0,0,,,0,0.0,0,0.0,0.0,,0.0
1785320998.519992,08:00:27:a5:9e:2d,0,0,,,0,0.0,0,0.0,0.0,,0.0
1785321003.519992,08:00:27:5a:87:bc,0,0,,,0,0.0,0,0.0,0.0,,0.0
1785321003.519992,08:00:27:8a:0d:75,0,0,,,0,0.0,0,0.0,0.0,,0.0
1785321003.519992,08:00:27:a5:9e:2d,0,0,,,0,0.0,0,0.0,0.0,,0.0
1785321008.519992,08:00:27:5a:87:bc,0,0,,,0,0.0,0,0.0,0.0,,0.0
1785321008.519992,08:00:27:8a:0d:75,0,0,,,0,0.0,0,0.0,0.0,,0.0
1785321008.519992,08:00:27:a5:9e:2d,0,0,,,0,0.0,0,0.0,0.0,,0.0
1785321013.519992,08:00:27:5a:87:bc,0,0,,,0,0.0,0,0.0,0.0,,0.0
1785321013.519992,08:00:27:8a:0d:75,0,0,,,0,0.0,0,0.0,0.0,,0.0
1785321013.519992,08:00:27:a5:9e:2d,0,0,,,0,0.0,0,0.0,0.0,,0.0
1785321018.519992,08:00:27:5a:87:bc,0,0,,,0,0.0,0,0.0,0.0,,0.0
1785321018.519992,08:00:27:8a:0d:75,0,0,,,0,0.0,0,0.0,0.0,,0.0
1785321018.519992,08:00:27:a5:9e:2d,0,0,,,0,0.0,0,0.0,0.0,,0.0
1785321023.519992,08:00:27:5a:87:bc,0,0,,,0,0.0,0,0.0,0.0,,0.0
1785321023.519992,08:00:27:8a:0d:75,0,0,,,0,0.0,0,0.0,0.0,,0.0
1785321023.519992,08:00:27:a5:9e:2d,0,0,,,0,0.0,0,0.0,0.0,,0.0
1785321028.519992,08:00:27:5a:87:bc,0,0,,,0,0.0,0,0.0,0.0,,0.0
1785321028.519992,08:00:27:8a:0d:75,0,0,,,0,0.0,0,0.0,0.0,,0.0
1785321028.519992,08:00:27:a5:9e:2d,0,0,,,0,0.0,0,0.0,0.0,,0.0
1785321033.519992,08:00:27:5a:87:bc,0,0,,,0,0.0,0,0.0,0.0,,0.0
1785321033.519992,08:00:27:8a:0d:75,0,0,,,0,0.0,0,0.0,0.0,,0.0
1785321033.519992,08:00:27:a5:9e:2d,0,0,,,0,0.0,0,0.0,0.0,,0.0
1785321038.519992,08:00:27:5a:87:bc,0,0,,,0,0.0,0,0.0,0.0,,0.0
1785321038.519992,08:00:27:8a:0d:75,0,0,,,0,0.0,0,0.0,0.0,,0.0
1785321038.519992,08:00:27:a5:9e:2d,0,0,,,0,0.0,0,0.0,0.0,,0.0
1785321043.519992,08:00:27:5a:87:bc,0,0,,,0,0.0,0,0.0,0.0,,0.0
1785321043.519992,08:00:27:8a:0d:75,0,0,,,0,0.0,0,0.0,0.0,,0.0
1785321043.519992,08:00:27:a5:9e:2d,0,0,,,0,0.0,0,0.0,0.0,,0.0
1785321048.519992,08:00:27:5a:87:bc,0,0,,,0,0.0,0,0.0,0.0,,0.0
1785321048.519992,08:00:27:8a:0d:75,0,0,,,0,0.0,0,0.0,0.0,,0.0
1785321048.519992,08:00:27:a5:9e:2d,0,0,,,0,0.0,0,0.0,0.0,,0.0
1785321053.519992,08:00:27:5a:87:bc,0,0,,,0,0.0,0,0.0,0.0,,0.0
1785321053.519992,08:00:27:8a:0d:75,0,0,,,0,0.0,0,0.0,0.0,,0.0
1785321053.519992,08:00:27:a5:9e:2d,0,0,,,0,0.0,0,0.0,0.0,,0.0
1785321058.519992,08:00:27:5a:87:bc,0,0,,,0,0.0,0,0.0,0.0,,0.0
1785321058.519992,08:00:27:8a:0d:75,0,0,,,0,0.0,0,0.0,0.0,,0.0
1785321058.519992,08:00:27:a5:9e:2d,0,0,,,0,0.0,0,0.0,0.0,,0.0
1785321063.519992,08:00:27:5a:87:bc,0,0,,,0,0.0,0,0.0,0.0,,0.0
1785321063.519992,08:00:27:8a:0d:75,0,0,,,0,0.0,0,0.0,0.0,,0.0
1785321063.519992,08:00:27:a5:9e:2d,0,0,,,0,0.0,0,0.0,0.0,,0.0
1785321068.519992,08:00:27:5a:87:bc,0,0,,,0,0.0,0,0.0,0.0,,0.0
1785321068.519992,08:00:27:8a:0d:75,0,0,,,0,0.0,0,0.0,0.0,,0.0
1785321068.519992,08:00:27:a5:9e:2d,0,0,,,0,0.0,0,0.0,0.0,,0.0
1785321073.519992,08:00:27:5a:87:bc,0,0,,,0,0.0,0,0.0,0.0,,0.0
1785321073.519992,08:00:27:8a:0d:75,0,0,,,0,0.0,0,0.0,0.0,,0.0
1785321073.519992,08:00:27:a5:9e:2d,0,0,,,0,0.0,0,0.0,0.0,,0.0
1785321078.519992,08:00:27:5a:87:bc,0,0,,,0,0.0,0,0.0,0.0,,0.0
1785321078.519992,08:00:27:8a:0d:75,0,0,,,0,0.0,0,0.0,0.0,,0.0
1785321078.519992,08:00:27:a5:9e:2d,0,0,,,0,0.0,0,0.0,0.0,,0.0
1785321083.519992,08:00:27:5a:87:bc,0,0,,,0,0.0,0,0.0,0.0,,0.0
1785321083.519992,08:00:27:8a:0d:75,0,0,,,0,0.0,0,0.0,0.0,,0.0
1785321083.519992,08:00:27:a5:9e:2d,0,0,,,0,0.0,0,0.0,0.0,,0.0
1785321088.519992,08:00:27:5a:87:bc,0,0,,,0,0.0,0,0.0,0.0,,0.0
1785321088.519992,08:00:27:8a:0d:75,0,0,,,0,0.0,0,0.0,0.0,,0.0
1785321088.519992,08:00:27:a5:9e:2d,0,0,,,0,0.0,0,0.0,0.0,,0.0
1785321093.519992,08:00:27:5a:87:bc,0,0,,,0,0.0,0,0.0,0.0,,0.0
1785321093.519992,08:00:27:8a:0d:75,0,0,,,0,0.0,0,0.0,0.0,,0.0
1785321093.519992,08:00:27:a5:9e:2d,0,0,,,0,0.0,0,0.0,0.0,,0.0
1785321098.519992,08:00:27:5a:87:bc,0,0,,,0,0.0,0,0.0,0.0,,0.0
1785321098.519992,08:00:27:8a:0d:75,0,0,,,0,0.0,0,0.0,0.0,,0.0
1785321098.519992,08:00:27:a5:9e:2d,0,0,,,0,0.0,0,0.0,0.0,,0.0
1785321103.519992,08:00:27:5a:87:bc,0,0,,,0,0.0,0,0.0,0.0,,0.0
1785321103.519992,08:00:27:8a:0d:75,0,0,,,0,0.0,0,0.0,0.0,,0.0
1785321103.519992,08:00:27:a5:9e:2d,0,0,,,0,0.0,0,0.0,0.0,,0.0
1785321108.519992,08:00:27:5a:87:bc,0,0,,,0,0.0,0,0.0,0.0,,0.0
1785321108.519992,08:00:27:8a:0d:75,0,0,,,0,0.0,0,0.0,0.0,,0.0
1785321108.519992,08:00:27:a5:9e:2d,0,0,,,0,0.0,0,0.0,0.0,,0.0
1785321113.519992,08:00:27:5a:87:bc,0,0,,,0,0.0,0,0.0,0.0,,0.0
1785321113.519992,08:00:27:8a:0d:75,0,0,,,0,0.0,0,0.0,0.0,,0.0
1785321113.519992,08:00:27:a5:9e:2d,0,0,,,0,0.0,0,0.0,0.0,,0.0
1785321118.519992,08:00:27:5a:87:bc,0,0,,,0,0.0,0,0.0,0.0,,0.0
1785321118.519992,08:00:27:8a:0d:75,0,0,,,0,0.0,0,0.0,0.0,,0.0
1785321118.519992,08:00:27:a5:9e:2d,0,0,,,0,0.0,0,0.0,0.0,,0.0
1785321123.519992,08:00:27:5a:87:bc,0,0,,,0,0.0,0,0.0,0.0,,0.0
1785321123.519992,08:00:27:8a:0d:75,0,0,,,0,0.0,0,0.0,0.0,,0.0
1785321123.519992,08:00:27:a5:9e:2d,0,0,,,0,0.0,0,0.0,0.0,,0.0
1785321128.519992,08:00:27:5a:87:bc,0,0,,,0,0.0,0,0.0,0.0,,0.0
1785321128.519992,08:00:27:8a:0d:75,0,0,,,0,0.0,0,0.0,0.0,,0.0
1785321128.519992,08:00:27:a5:9e:2d,0,0,,,0,0.0,0,0.0,0.0,,0.0
1785321133.519992,08:00:27:5a:87:bc,0,0,,,0,0.0,0,0.0,0.0,,0.0
1785321133.519992,08:00:27:8a:0d:75,0,0,,,0,0.0,0,0.0,0.0,,0.0
1785321133.519992,08:00:27:a5:9e:2d,0,0,,,0,0.0,0,0.0,0.0,,0.0
1785321138.519992,08:00:27:5a:87:bc,0,0,,,0,0.0,0,0.0,0.0,,0.0
1785321138.519992,08:00:27:8a:0d:75,0,0,,,0,0.0,0,0.0,0.0,,0.0
1785321138.519992,08:00:27:a5:9e:2d,0,0,,,0,0.0,0,0.0,0.0,,0.0
1785321143.519992,08:00:27:5a:87:bc,0,0,,,0,0.0,0,0.0,0.0,,0.0
1785321143.519992,08:00:27:8a:0d:75,0,0,,,0,0.0,0,0.0,0.0,,0.0
1785321143.519992,08:00:27:a5:9e:2d,0,0,,,0,0.0,0,0.0,0.0,,0.0
1785321148.519992,08:00:27:5a:87:bc,0,0,,,0,0.0,0,0.0,0.0,,0.0
1785321148.519992,08:00:27:8a:0d:75,0,0,,,0,0.0,0,0.0,0.0,,0.0
1785321148.519992,08:00:27:a5:9e:2d,0,0,,,0,0.0,0,0.0,0.0,,0.0
1785321153.519992,08:00:27:5a:87:bc,0,0,,,0,0.0,0,0.0,0.0,,0.0
1785321153.519992,08:00:27:8a:0d:75,0,0,,,0,0.0,0,0.0,0.0,,0.0
1785321153.519992,08:00:27:a5:9e:2d,0,0,,,0,0.0,0,0.0,0.0,,0.0
1785321158.519992,08:00:27:5a:87:bc,0,0,,,0,0.0,0,0.0,0.0,,0.0
1785321158.519992,08:00:27:8a:0d:75,0,0,,,0,0.0,0,0.0,0.0,,0.0
1785321158.519992,08:00:27:a5:9e:2d,0,0,,,0,0.0,0,0.0,0.0,,0.0
1785321163.519992,08:00:27:5a:87:bc,0,0,,,0,0.0,0,0.0,0.0,,0.0
1785321163.519992,08:00:27:8a:0d:75,0,0,,,0,0.0,0,0.0,0.0,,0.0
1785321163.519992,08:00:27:a5:9e:2d,0,0,,,0,0.0,0,0.0,0.0,,0.0
1785321168.519992,08:00:27:5a:87:bc,0,0,,,0,0.0,0,0.0,0.0,,0.0
1785321168.519992,08:00:27:8a:0d:75,0,0,,,0,0.0,0,0.0,0.0,,0.0
1785321168.519992,08:00:27:a5:9e:2d,0,0,,,0,0.0,0,0.0,0.0,,0.0
1785321173.519992,08:00:27:5a:87:bc,0,0,,,0,0.0,0,0.0,0.0,,0.0
1785321173.519992,08:00:27:8a:0d:75,0,0,,,0,0.0,0,0.0,0.0,,0.0
1785321173.519992,08:00:27:a5:9e:2d,0,0,,,0,0.0,0,0.0,0.0,,0.0
1785321178.519992,08:00:27:5a:87:bc,0,0,,,0,0.0,0,0.0,0.0,,0.0
1785321178.519992,08:00:27:8a:0d:75,0,0,,,0,0.0,0,0.0,0.0,,0.0
1785321178.519992,08:00:27:a5:9e:2d,0,0,,,0,0.0,0,0.0,0.0,,0.0
1785321183.519992,08:00:27:5a:87:bc,0,0,,,0,0.0,0,0.0,0.0,,0.0
1785321183.519992,08:00:27:8a:0d:75,0,0,,,0,0.0,0,0.0,0.0,,0.0
1785321183.519992,08:00:27:a5:9e:2d,0,0,,,0,0.0,0,0.0,0.0,,0.0
1785321188.519992,08:00:27:5a:87:bc,0,0,,,0,0.0,0,0.0,0.0,,0.0
1785321188.519992,08:00:27:8a:0d:75,0,0,,,0,0.0,0,0.0,0.0,,0.0
1785321188.519992,08:00:27:a5:9e:2d,0,0,,,0,0.0,0,0.0,0.0,,0.0
1785321193.519992,08:00:27:5a:87:bc,0,0,,,0,0.0,0,0.0,0.0,,0.0
1785321193.519992,08:00:27:8a:0d:75,0,0,,,0,0.0,0,0.0,0.0,,0.0
1785321193.519992,08:00:27:a5:9e:2d,0,0,,,0,0.0,0,0.0,0.0,,0.0
1785321198.519992,08:00:27:5a:87:bc,0,0,,,0,0.0,0,0.0,0.0,,0.0
1785321198.519992,08:00:27:8a:0d:75,0,0,,,0,0.0,0,0.0,0.0,,0.0
1785321198.519992,08:00:27:a5:9e:2d,0,0,,,0,0.0,0,0.0,0.0,,0.0
1785321203.519992,08:00:27:5a:87:bc,0,0,,,0,0.0,0,0.0,0.0,,0.0
1785321203.519992,08:00:27:8a:0d:75,0,0,,,0,0.0,0,0.0,0.0,,0.0
1785321203.519992,08:00:27:a5:9e:2d,0,0,,,0,0.0,0,0.0,0.0,,0.0
1785321208.519992,08:00:27:5a:87:bc,0,0,,,0,0.0,0,0.0,0.0,,0.0
1785321208.519992,08:00:27:8a:0d:75,0,0,,,0,0.0,0,0.0,0.0,,0.0
1785321208.519992,08:00:27:a5:9e:2d,0,0,,,0,0.0,0,0.0,0.0,,0.0
1785321213.519992,08:00:27:5a:87:bc,0,0,,,0,0.0,0,0.0,0.0,,0.0
1785321213.519992,08:00:27:8a:0d:75,0,0,,,0,0.0,0,0.0,0.0,,0.0
1785321213.519992,08:00:27:a5:9e:2d,0,0,,,0,0.0,0,0.0,0.0,,0.0
1785321218.519992,08:00:27:5a:87:bc,0,0,,,0,0.0,0,0.0,0.0,,0.0
1785321218.519992,08:00:27:8a:0d:75,0,0,,,0,0.0,0,0.0,0.0,,0.0
1785321218.519992,08:00:27:a5:9e:2d,0,0,,,0,0.0,0,0.0,0.0,,0.0
1785321223.519992,08:00:27:5a:87:bc,0,0,,,0,0.0,0,0.0,0.0,,0.0
1785321223.519992,08:00:27:8a:0d:75,0,0,,,0,0.0,0,0.0,0.0,,0.0
1785321223.519992,08:00:27:a5:9e:2d,0,0,,,0,0.0,0,0.0,0.0,,0.0
1785321228.519992,08:00:27:5a:87:bc,0,0,,,0,0.0,0,0.0,0.0,,0.0
1785321228.519992,08:00:27:8a:0d:75,0,0,,,0,0.0,0,0.0,0.0,,0.0
1785321228.519992,08:00:27:a5:9e:2d,0,0,,,0,0.0,0,0.0,0.0,,0.0
1785321233.519992,08:00:27:5a:87:bc,0,0,,,0,0.0,0,0.0,0.0,,0.0
1785321233.519992,08:00:27:8a:0d:75,0,0,,,0,0.0,0,0.0,0.0,,0.0
1785321233.519992,08:00:27:a5:9e:2d,0,0,,,0,0.0,0,0.0,0.0,,0.0
1785321238.519992,08:00:27:5a:87:bc,0,0,,,0,0.0,0,0.0,0.0,,0.0
1785321238.519992,08:00:27:8a:0d:75,0,0,,,0,0.0,0,0.0,0.0,,0.0
1785321238.519992,08:00:27:a5:9e:2d,0,0,,,0,0.0,0,0.0,0.0,,0.0
1785321243.519992,08:00:27:5a:87:bc,0,0,,,0,0.0,0,0.0,0.0,,0.0
1785321243.519992,08:00:27:8a:0d:75,0,0,,,0,0.0,0,0.0,0.0,,0.0
1785321243.519992,08:00:27:a5:9e:2d,0,0,,,0,0.0,0,0.0,0.0,,0.0
1785321248.519992,08:00:27:5a:87:bc,0,0,,,0,0.0,0,0.0,0.0,,0.0
1785321248.519992,08:00:27:8a:0d:75,0,0,,,0,0.0,0,0.0,0.0,,0.0
1785321248.519992,08:00:27:a5:9e:2d,0,0,,,0,0.0,0,0.0,0.0,,0.0
1785321253.519992,08:00:27:5a:87:bc,0,0,,,0,0.0,0,0.0,0.0,,0.0
1785321253.519992,08:00:27:8a:0d:75,0,0,,,0,0.0,0,0.0,0.0,,0.0
1785321253.519992,08:00:27:a5:9e:2d,0,0,,,0,0.0,0,0.0,0.0,,0.0
1785321258.519992,08:00:27:5a:87:bc,0,0,,,0,0.0,0,0.0,0.0,,0.0
1785321258.519992,08:00:27:8a:0d:75,0,0,,,0,0.0,0,0.0,0.0,,0.0
1785321258.519992,08:00:27:a5:9e:2d,0,0,,,0,0.0,0,0.0,0.0,,0.0
1785321263.519992,08:00:27:5a:87:bc,0,0,,,0,0.0,0,0.0,0.0,,0.0
1785321263.519992,08:00:27:8a:0d:75,0,0,,,0,0.0,0,0.0,0.0,,0.0
1785321263.519992,08:00:27:a5:9e:2d,0,0,,,0,0.0,0,0.0,0.0,,0.0
1785321268.519992,08:00:27:5a:87:bc,0,0,,,0,0.0,0,0.0,0.0,,0.0
1785321268.519992,08:00:27:8a:0d:75,0,0,,,0,0.0,0,0.0,0.0,,0.0
1785321268.519992,08:00:27:a5:9e:2d,0,0,,,0,0.0,0,0.0,0.0,,0.0
1785321273.519992,08:00:27:5a:87:bc,0,0,,,0,0.0,0,0.0,0.0,,0.0
1785321273.519992,08:00:27:8a:0d:75,0,0,,,0,0.0,0,0.0,0.0,,0.0
1785321273.519992,08:00:27:a5:9e:2d,0,0,,,0,0.0,0,0.0,0.0,,0.0
1785321278.519992,08:00:27:5a:87:bc,0,0,,,0,0.0,0,0.0,0.0,,0.0
1785321278.519992,08:00:27:8a:0d:75,0,0,,,0,0.0,0,0.0,0.0,,0.0
1785321278.519992,08:00:27:a5:9e:2d,0,0,,,0,0.0,0,0.0,0.0,,0.0
1785321283.519992,08:00:27:5a:87:bc,0,0,,,0,0.0,0,0.0,0.0,,0.0
1785321283.519992,08:00:27:8a:0d:75,0,0,,,0,0.0,0,0.0,0.0,,0.0
1785321283.519992,08:00:27:a5:9e:2d,0,0,,,0,0.0,0,0.0,0.0,,0.0
1785321288.519992,08:00:27:5a:87:bc,0,0,,,0,0.0,0,0.0,0.0,,0.0
1785321288.519992,08:00:27:8a:0d:75,0,0,,,0,0.0,0,0.0,0.0,,0.0
1785321288.519992,08:00:27:a5:9e:2d,0,0,,,0,0.0,0,0.0,0.0,,0.0
1785321293.519992,08:00:27:5a:87:bc,0,0,,,0,0.0,0,0.0,0.0,,0.0
1785321293.519992,08:00:27:8a:0d:75,0,0,,,0,0.0,0,0.0,0.0,,0.0
1785321293.519992,08:00:27:a5:9e:2d,0,0,,,0,0.0,0,0.0,0.0,,0.0
1785321298.519992,08:00:27:5a:87:bc,0,0,,,0,0.0,0,0.0,0.0,,0.0
1785321298.519992,08:00:27:8a:0d:75,0,0,,,0,0.0,0,0.0,0.0,,0.0
1785321298.519992,08:00:27:a5:9e:2d,0,0,,,0,0.0,0,0.0,0.0,,0.0
1785321303.519992,08:00:27:5a:87:bc,0,0,,,0,0.0,0,0.0,0.0,,0.0
1785321303.519992,08:00:27:8a:0d:75,0,0,,,0,0.0,0,0.0,0.0,,0.0
1785321303.519992,08:00:27:a5:9e:2d,0,0,,,0,0.0,0,0.0,0.0,,0.0
1785321308.519992,08:00:27:5a:87:bc,0,0,,,0,0.0,0,0.0,0.0,,0.0
1785321308.519992,08:00:27:8a:0d:75,0,0,,,0,0.0,0,0.0,0.0,,0.0
1785321308.519992,08:00:27:a5:9e:2d,0,0,,,0,0.0,0,0.0,0.0,,0.0
1785321313.519992,08:00:27:5a:87:bc,0,0,,,0,0.0,0,0.0,0.0,,0.0
1785321313.519992,08:00:27:8a:0d:75,0,0,,,0,0.0,0,0.0,0.0,,0.0
1785321313.519992,08:00:27:a5:9e:2d,0,0,,,0,0.0,0,0.0,0.0,,0.0
1785321318.519992,08:00:27:5a:87:bc,0,0,,,0,0.0,0,0.0,0.0,,0.0
1785321318.519992,08:00:27:8a:0d:75,0,0,,,0,0.0,0,0.0,0.0,,0.0
1785321318.519992,08:00:27:a5:9e:2d,0,0,,,0,0.0,0,0.0,0.0,,0.0
1785321323.519992,08:00:27:5a:87:bc,0,0,,,0,0.0,0,0.0,0.0,,0.0
1785321323.519992,08:00:27:8a:0d:75,0,0,,,0,0.0,0,0.0,0.0,,0.0
1785321323.519992,08:00:27:a5:9e:2d,0,0,,,0,0.0,0,0.0,0.0,,0.0
1785321328.519992,08:00:27:5a:87:bc,0,0,,,0,0.0,0,0.0,0.0,,0.0
1785321328.519992,08:00:27:8a:0d:75,0,0,,,0,0.0,0,0.0,0.0,,0.0
1785321328.519992,08:00:27:a5:9e:2d,0,0,,,0,0.0,0,0.0,0.0,,0.0
1785321333.519992,08:00:27:5a:87:bc,0,0,,,0,0.0,0,0.0,0.0,,0.0
1785321333.519992,08:00:27:8a:0d:75,0,0,,,0,0.0,0,0.0,0.0,,0.0
1785321333.519992,08:00:27:a5:9e:2d,0,0,,,0,0.0,0,0.0,0.0,,0.0
1785321338.519992,08:00:27:5a:87:bc,0,0,,,0,0.0,0,0.0,0.0,,0.0
1785321338.519992,08:00:27:8a:0d:75,0,0,,,0,0.0,0,0.0,0.0,,0.0
1785321338.519992,08:00:27:a5:9e:2d,0,0,,,0,0.0,0,0.0,0.0,,0.0
1785321343.519992,08:00:27:5a:87:bc,0,0,,,0,0.0,0,0.0,0.0,,0.0
1785321343.519992,08:00:27:8a:0d:75,0,0,,,0,0.0,0,0.0,0.0,,0.0
1785321343.519992,08:00:27:a5:9e:2d,0,0,,,0,0.0,0,0.0,0.0,,0.0
1785321348.519992,08:00:27:5a:87:bc,0,0,,,0,0.0,0,0.0,0.0,,0.0
1785321348.519992,08:00:27:8a:0d:75,0,0,,,0,0.0,0,0.0,0.0,,0.0
1785321348.519992,08:00:27:a5:9e:2d,0,0,,,0,0.0,0,0.0,0.0,,0.0
1785321353.519992,08:00:27:5a:87:bc,0,0,,,0,0.0,0,0.0,0.0,,0.0
1785321353.519992,08:00:27:8a:0d:75,0,0,,,0,0.0,0,0.0,0.0,,0.0
1785321353.519992,08:00:27:a5:9e:2d,0,0,,,0,0.0,0,0.0,0.0,,0.0
1785321358.519992,08:00:27:5a:87:bc,0,0,,,0,0.0,0,0.0,0.0,,0.0
1785321358.519992,08:00:27:8a:0d:75,0,0,,,0,0.0,0,0.0,0.0,,0.0
1785321358.519992,08:00:27:a5:9e:2d,0,0,,,0,0.0,0,0.0,0.0,,0.0
1785321363.519992,08:00:27:5a:87:bc,0,0,,,0,0.0,0,0.0,0.0,,0.0
1785321363.519992,08:00:27:8a:0d:75,0,0,,,0,0.0,0,0.0,0.0,,0.0
1785321363.519992,08:00:27:a5:9e:2d,0,0,,,0,0.0,0,0.0,0.0,,0.0
1785321368.519992,08:00:27:5a:87:bc,0,0,,,0,0.0,0,0.0,0.0,,0.0
1785321368.519992,08:00:27:8a:0d:75,0,0,,,0,0.0,0,0.0,0.0,,0.0
1785321368.519992,08:00:27:a5:9e:2d,0,0,,,0,0.0,0,0.0,0.0,,0.0
1785321373.519992,08:00:27:5a:87:bc,0,0,,,0,0.0,0,0.0,0.0,,0.0
1785321373.519992,08:00:27:8a:0d:75,0,0,,,0,0.0,0,0.0,0.0,,0.0
1785321373.519992,08:00:27:a5:9e:2d,0,0,,,0,0.0,0,0.0,0.0,,0.0
1785321378.519992,08:00:27:5a:87:bc,0,0,,,0,0.0,0,0.0,0.0,,0.0
1785321378.519992,08:00:27:8a:0d:75,0,0,,,0,0.0,0,0.0,0.0,,0.0
1785321378.519992,08:00:27:a5:9e:2d,0,0,,,0,0.0,0,0.0,0.0,,0.0
1785321383.519992,08:00:27:5a:87:bc,0,0,,,0,0.0,0,0.0,0.0,,0.0
1785321383.519992,08:00:27:8a:0d:75,0,0,,,0,0.0,0,0.0,0.0,,0.0
1785321383.519992,08:00:27:a5:9e:2d,0,0,,,0,0.0,0,0.0,0.0,,0.0
1785321388.519992,08:00:27:5a:87:bc,0,0,,,0,0.0,0,0.0,0.0,,0.0
1785321388.519992,08:00:27:8a:0d:75,0,0,,,0,0.0,0,0.0,0.0,,0.0
1785321388.519992,08:00:27:a5:9e:2d,0,0,,,0,0.0,0,0.0,0.0,,0.0
1785321393.519992,08:00:27:5a:87:bc,0,0,,,0,0.0,0,0.0,0.0,,0.0
1785321393.519992,08:00:27:8a:0d:75,0,0,,,0,0.0,0,0.0,0.0,,0.0
1785321393.519992,08:00:27:a5:9e:2d,0,0,,,0,0.0,0,0.0,0.0,,0.0
1785321398.519992,08:00:27:5a:87:bc,0,0,,,0,0.0,0,0.0,0.0,,0.0
1785321398.519992,08:00:27:8a:0d:75,0,0,,,0,0.0,0,0.0,0.0,,0.0
1785321398.519992,08:00:27:a5:9e:2d,0,0,,,0,0.0,0,0.0,0.0,,0.0
1785321403.519992,08:00:27:5a:87:bc,0,0,,,0,0.0,0,0.0,0.0,,0.0
1785321403.519992,08:00:27:8a:0d:75,0,0,,,0,0.0,0,0.0,0.0,,0.0
1785321403.519992,08:00:27:a5:9e:2d,0,0,,,0,0.0,0,0.0,0.0,,0.0
1785321408.519992,08:00:27:5a:87:bc,0,0,,,0,0.0,0,0.0,0.0,,0.0
1785321408.519992,08:00:27:8a:0d:75,0,0,,,0,0.0,0,0.0,0.0,,0.0
1785321408.519992,08:00:27:a5:9e:2d,0,0,,,0,0.0,0,0.0,0.0,,0.0
1785321413.519992,08:00:27:5a:87:bc,0,0,,,0,0.0,0,0.0,0.0,,0.0
1785321413.519992,08:00:27:8a:0d:75,0,0,,,0,0.0,0,0.0,0.0,,0.0
1785321413.519992,08:00:27:a5:9e:2d,0,0,,,0,0.0,0,0.0,0.0,,0.0
1785321418.519992,08:00:27:5a:87:bc,0,0,,,0,0.0,0,0.0,0.0,,0.0
1785321418.519992,08:00:27:8a:0d:75,0,0,,,0,0.0,0,0.0,0.0,,0.0
1785321418.519992,08:00:27:a5:9e:2d,0,0,,,0,0.0,0,0.0,0.0,,0.0
1785321423.519992,08:00:27:5a:87:bc,0,0,,,0,0.0,0,0.0,0.0,,0.0
1785321423.519992,08:00:27:8a:0d:75,0,0,,,0,0.0,0,0.0,0.0,,0.0
1785321423.519992,08:00:27:a5:9e:2d,0,0,,,0,0.0,0,0.0,0.0,,0.0
1785321428.519992,08:00:27:5a:87:bc,0,0,,,0,0.0,0,0.0,0.0,,0.0
1785321428.519992,08:00:27:8a:0d:75,0,0,,,0,0.0,0,0.0,0.0,,0.0
1785321428.519992,08:00:27:a5:9e:2d,0,0,,,0,0.0,0,0.0,0.0,,0.0
1785321433.519992,08:00:27:5a:87:bc,0,0,,,0,0.0,0,0.0,0.0,,0.0
1785321433.519992,08:00:27:8a:0d:75,0,0,,,0,0.0,0,0.0,0.0,,0.0
1785321433.519992,08:00:27:a5:9e:2d,0,0,,,0,0.0,0,0.0,0.0,,0.0
1785321438.519992,08:00:27:5a:87:bc,0,0,,,0,0.0,0,0.0,0.0,,0.0
1785321438.519992,08:00:27:8a:0d:75,0,0,,,0,0.0,0,0.0,0.0,,0.0
1785321438.519992,08:00:27:a5:9e:2d,0,0,,,0,0.0,0,0.0,0.0,,0.0
1785321443.519992,08:00:27:5a:87:bc,0,0,,,0,0.0,0,0.0,0.0,,0.0
1785321443.519992,08:00:27:8a:0d:75,0,0,,,0,0.0,0,0.0,0.0,,0.0
1785321443.519992,08:00:27:a5:9e:2d,0,0,,,0,0.0,0,0.0,0.0,,0.0
1785321448.519992,08:00:27:5a:87:bc,0,0,,,0,0.0,0,0.0,0.0,,0.0
1785321448.519992,08:00:27:8a:0d:75,0,0,,,0,0.0,0,0.0,0.0,,0.0
1785321448.519992,08:00:27:a5:9e:2d,0,0,,,0,0.0,0,0.0,0.0,,0.0
1785321453.519992,08:00:27:5a:87:bc,0,0,,,0,0.0,0,0.0,0.0,,0.0
1785321453.519992,08:00:27:8a:0d:75,0,0,,,0,0.0,0,0.0,0.0,,0.0
1785321453.519992,08:00:27:a5:9e:2d,0,0,,,0,0.0,0,0.0,0.0,,0.0
1785321458.519992,08:00:27:5a:87:bc,0,0,,,0,0.0,0,0.0,0.0,,0.0
1785321458.519992,08:00:27:8a:0d:75,0,0,,,0,0.0,0,0.0,0.0,,0.0
1785321458.519992,08:00:27:a5:9e:2d,0,0,,,0,0.0,0,0.0,0.0,,0.0
1785321463.519992,08:00:27:5a:87:bc,0,0,,,0,0.0,0,0.0,0.0,,0.0
1785321463.519992,08:00:27:8a:0d:75,0,0,,,0,0.0,0,0.0,0.0,,0.0
1785321463.519992,08:00:27:a5:9e:2d,0,0,,,0,0.0,0,0.0,0.0,,0.0
1785321468.519992,08:00:27:5a:87:bc,0,0,,,0,0.0,0,0.0,0.0,,0.0
1785321468.519992,08:00:27:8a:0d:75,0,0,,,0,0.0,0,0.0,0.0,,0.0
1785321468.519992,08:00:27:a5:9e:2d,0,0,,,0,0.0,0,0.0,0.0,,0.0
1785321473.519992,08:00:27:5a:87:bc,0,0,,,0,0.0,0,0.0,0.0,,0.0
1785321473.519992,08:00:27:8a:0d:75,0,0,,,0,0.0,0,0.0,0.0,,0.0
1785321473.519992,08:00:27:a5:9e:2d,0,0,,,0,0.0,0,0.0,0.0,,0.0
1785321478.519992,08:00:27:5a:87:bc,0,0,,,0,0.0,0,0.0,0.0,,0.0
1785321478.519992,08:00:27:8a:0d:75,0,0,,,0,0.0,0,0.0,0.0,,0.0
1785321478.519992,08:00:27:a5:9e:2d,0,0,,,0,0.0,0,0.0,0.0,,0.0
1785321483.519992,08:00:27:5a:87:bc,0,0,,,0,0.0,0,0.0,0.0,,0.0
1785321483.519992,08:00:27:8a:0d:75,0,0,,,0,0.0,0,0.0,0.0,,0.0
1785321483.519992,08:00:27:a5:9e:2d,0,0,,,0,0.0,0,0.0,0.0,,0.0
1785321488.519992,08:00:27:5a:87:bc,0,0,,,0,0.0,0,0.0,0.0,,0.0
1785321488.519992,08:00:27:8a:0d:75,0,0,,,0,0.0,0,0.0,0.0,,0.0
1785321488.519992,08:00:27:a5:9e:2d,0,0,,,0,0.0,0,0.0,0.0,,0.0
1785321493.519992,08:00:27:5a:87:bc,0,0,,,0,0.0,0,0.0,0.0,,0.0
1785321493.519992,08:00:27:8a:0d:75,0,0,,,0,0.0,0,0.0,0.0,,0.0
1785321493.519992,08:00:27:a5:9e:2d,0,0,,,0,0.0,0,0.0,0.0,,0.0
1785321498.519992,08:00:27:5a:87:bc,0,0,,,0,0.0,0,0.0,0.0,,0.0
1785321498.519992,08:00:27:8a:0d:75,0,0,,,0,0.0,0,0.0,0.0,,0.0
1785321498.519992,08:00:27:a5:9e:2d,0,0,,,0,0.0,0,0.0,0.0,,0.0
1785321503.519992,08:00:27:5a:87:bc,0,0,,,0,0.0,0,0.0,0.0,,0.0
1785321503.519992,08:00:27:8a:0d:75,0,0,,,0,0.0,0,0.0,0.0,,0.0
1785321503.519992,08:00:27:a5:9e:2d,0,0,,,0,0.0,0,0.0,0.0,,0.0
1785321508.519992,08:00:27:5a:87:bc,0,0,,,0,0.0,0,0.0,0.0,,0.0
1785321508.519992,08:00:27:8a:0d:75,0,0,,,0,0.0,0,0.0,0.0,,0.0
1785321508.519992,08:00:27:a5:9e:2d,0,0,,,0,0.0,0,0.0,0.0,,0.0
1785321513.519992,08:00:27:5a:87:bc,0,0,,,0,0.0,0,0.0,0.0,,0.0
1785321513.519992,08:00:27:8a:0d:75,0,0,,,0,0.0,0,0.0,0.0,,0.0
1785321513.519992,08:00:27:a5:9e:2d,0,0,,,0,0.0,0,0.0,0.0,,0.0
1785321518.519992,08:00:27:5a:87:bc,0,0,,,0,0.0,0,0.0,0.0,,0.0
1785321518.519992,08:00:27:8a:0d:75,0,0,,,0,0.0,0,0.0,0.0,,0.0
1785321518.519992,08:00:27:a5:9e:2d,0,0,,,0,0.0,0,0.0,0.0,,0.0
1785321523.519992,08:00:27:5a:87:bc,0,0,,,0,0.0,0,0.0,0.0,,0.0
1785321523.519992,08:00:27:8a:0d:75,0,0,,,0,0.0,0,0.0,0.0,,0.0
1785321523.519992,08:00:27:a5:9e:2d,0,0,,,0,0.0,0,0.0,0.0,,0.0
1785321528.519992,08:00:27:5a:87:bc,0,0,,,0,0.0,0,0.0,0.0,,0.0
1785321528.519992,08:00:27:8a:0d:75,0,0,,,0,0.0,0,0.0,0.0,,0.0
1785321528.519992,08:00:27:a5:9e:2d,0,0,,,0,0.0,0,0.0,0.0,,0.0
1785321533.519992,08:00:27:5a:87:bc,0,0,,,0,0.0,0,0.0,0.0,,0.0
1785321533.519992,08:00:27:8a:0d:75,0,0,,,0,0.0,0,0.0,0.0,,0.0
1785321533.519992,08:00:27:a5:9e:2d,0,0,,,0,0.0,0,0.0,0.0,,0.0
1785321538.519992,08:00:27:5a:87:bc,0,0,,,0,0.0,0,0.0,0.0,,0.0
1785321538.519992,08:00:27:8a:0d:75,0,0,,,0,0.0,0,0.0,0.0,,0.0
1785321538.519992,08:00:27:a5:9e:2d,0,0,,,0,0.0,0,0.0,0.0,,0.0
1785321543.519992,08:00:27:5a:87:bc,0,0,,,0,0.0,0,0.0,0.0,,0.0
1785321543.519992,08:00:27:8a:0d:75,0,0,,,0,0.0,0,0.0,0.0,,0.0
1785321543.519992,08:00:27:a5:9e:2d,0,0,,,0,0.0,0,0.0,0.0,,0.0
1785321548.519992,08:00:27:5a:87:bc,0,0,,,0,0.0,0,0.0,0.0,,0.0
1785321548.519992,08:00:27:8a:0d:75,0,0,,,0,0.0,0,0.0,0.0,,0.0
1785321548.519992,08:00:27:a5:9e:2d,0,0,,,0,0.0,0,0.0,0.0,,0.0
1785321553.519992,08:00:27:5a:87:bc,0,0,,,0,0.0,0,0.0,0.0,,0.0
1785321553.519992,08:00:27:8a:0d:75,0,0,,,0,0.0,0,0.0,0.0,,0.0
1785321553.519992,08:00:27:a5:9e:2d,0,0,,,0,0.0,0,0.0,0.0,,0.0
1785321558.519992,08:00:27:5a:87:bc,0,0,,,0,0.0,0,0.0,0.0,,0.0
1785321558.519992,08:00:27:8a:0d:75,0,0,,,0,0.0,0,0.0,0.0,,0.0
1785321558.519992,08:00:27:a5:9e:2d,0,0,,,0,0.0,0,0.0,0.0,,0.0
1785321563.519992,08:00:27:5a:87:bc,0,0,,,0,0.0,0,0.0,0.0,,0.0
1785321563.519992,08:00:27:8a:0d:75,0,0,,,0,0.0,0,0.0,0.0,,0.0
1785321563.519992,08:00:27:a5:9e:2d,0,0,,,0,0.0,0,0.0,0.0,,0.0
1785321568.519992,08:00:27:5a:87:bc,0,0,,,0,0.0,0,0.0,0.0,,0.0
1785321568.519992,08:00:27:8a:0d:75,0,0,,,0,0.0,0,0.0,0.0,,0.0
1785321568.519992,08:00:27:a5:9e:2d,0,0,,,0,0.0,0,0.0,0.0,,0.0
1785321573.519992,08:00:27:5a:87:bc,0,0,,,0,0.0,0,0.0,0.0,,0.0
1785321573.519992,08:00:27:8a:0d:75,0,0,,,0,0.0,0,0.0,0.0,,0.0
1785321573.519992,08:00:27:a5:9e:2d,0,0,,,0,0.0,0,0.0,0.0,,0.0
1785321578.519992,08:00:27:5a:87:bc,0,0,,,0,0.0,0,0.0,0.0,,0.0
1785321578.519992,08:00:27:8a:0d:75,0,0,,,0,0.0,0,0.0,0.0,,0.0
1785321578.519992,08:00:27:a5:9e:2d,0,0,,,0,0.0,0,0.0,0.0,,0.0
1785321583.519992,08:00:27:5a:87:bc,0,0,,,0,0.0,0,0.0,0.0,,0.0
1785321583.519992,08:00:27:8a:0d:75,0,0,,,0,0.0,0,0.0,0.0,,0.0
1785321583.519992,08:00:27:a5:9e:2d,0,0,,,0,0.0,0,0.0,0.0,,0.0
1785321588.519992,08:00:27:5a:87:bc,0,0,,,0,0.0,0,0.0,0.0,,0.0
1785321588.519992,08:00:27:8a:0d:75,0,0,,,0,0.0,0,0.0,0.0,,0.0
1785321588.519992,08:00:27:a5:9e:2d,0,0,,,0,0.0,0,0.0,0.0,,0.0
1785321593.519992,08:00:27:5a:87:bc,0,0,,,0,0.0,0,0.0,0.0,,0.0
1785321593.519992,08:00:27:8a:0d:75,0,0,,,0,0.0,0,0.0,0.0,,0.0
1785321593.519992,08:00:27:a5:9e:2d,0,0,,,0,0.0,0,0.0,0.0,,0.0
1785321598.519992,08:00:27:5a:87:bc,0,0,,,0,0.0,0,0.0,0.0,,0.0
1785321598.519992,08:00:27:8a:0d:75,0,0,,,0,0.0,0,0.0,0.0,,0.0
1785321598.519992,08:00:27:a5:9e:2d,0,0,,,0,0.0,0,0.0,0.0,,0.0
1785321603.519992,08:00:27:5a:87:bc,0,0,,,0,0.0,0,0.0,0.0,,0.0
1785321603.519992,08:00:27:8a:0d:75,0,0,,,0,0.0,0,0.0,0.0,,0.0
1785321603.519992,08:00:27:a5:9e:2d,0,0,,,0,0.0,0,0.0,0.0,,0.0
1785321608.519992,08:00:27:5a:87:bc,0,0,,,0,0.0,0,0.0,0.0,,0.0
1785321608.519992,08:00:27:8a:0d:75,0,0,,,0,0.0,0,0.0,0.0,,0.0
1785321608.519992,08:00:27:a5:9e:2d,0,0,,,0,0.0,0,0.0,0.0,,0.0
1785321613.519992,08:00:27:5a:87:bc,0,0,,,0,0.0,0,0.0,0.0,,0.0
1785321613.519992,08:00:27:8a:0d:75,0,0,,,0,0.0,0,0.0,0.0,,0.0
1785321613.519992,08:00:27:a5:9e:2d,0,0,,,0,0.0,0,0.0,0.0,,0.0
1785321618.519992,08:00:27:5a:87:bc,0,0,,,0,0.0,0,0.0,0.0,,0.0
1785321618.519992,08:00:27:8a:0d:75,0,0,,,0,0.0,0,0.0,0.0,,0.0
1785321618.519992,08:00:27:a5:9e:2d,0,0,,,0,0.0,0,0.0,0.0,,0.0
1785321623.519992,08:00:27:5a:87:bc,0,0,,,0,0.0,0,0.0,0.0,,0.0
1785321623.519992,08:00:27:8a:0d:75,0,0,,,0,0.0,0,0.0,0.0,,0.0
1785321623.519992,08:00:27:a5:9e:2d,0,0,,,0,0.0,0,0.0,0.0,,0.0
1785321628.519992,08:00:27:5a:87:bc,0,0,,,0,0.0,0,0.0,0.0,,0.0
1785321628.519992,08:00:27:8a:0d:75,0,0,,,0,0.0,0,0.0,0.0,,0.0
1785321628.519992,08:00:27:a5:9e:2d,0,0,,,0,0.0,0,0.0,0.0,,0.0
1785321633.519992,08:00:27:5a:87:bc,0,0,,,0,0.0,0,0.0,0.0,,0.0
1785321633.519992,08:00:27:8a:0d:75,0,0,,,0,0.0,0,0.0,0.0,,0.0
1785321633.519992,08:00:27:a5:9e:2d,0,0,,,0,0.0,0,0.0,0.0,,0.0
1785321638.519992,08:00:27:5a:87:bc,0,0,,,0,0.0,0,0.0,0.0,,0.0
1785321638.519992,08:00:27:8a:0d:75,0,0,,,0,0.0,0,0.0,0.0,,0.0
1785321638.519992,08:00:27:a5:9e:2d,0,0,,,0,0.0,0,0.0,0.0,,0.0
1785321643.519992,08:00:27:5a:87:bc,0,0,,,0,0.0,0,0.0,0.0,,0.0
1785321643.519992,08:00:27:8a:0d:75,0,0,,,0,0.0,0,0.0,0.0,,0.0
1785321643.519992,08:00:27:a5:9e:2d,0,0,,,0,0.0,0,0.0,0.0,,0.0
1785321648.519992,08:00:27:5a:87:bc,0,0,,,0,0.0,0,0.0,0.0,,0.0
1785321648.519992,08:00:27:8a:0d:75,0,0,,,0,0.0,0,0.0,0.0,,0.0
1785321648.519992,08:00:27:a5:9e:2d,0,0,,,0,0.0,0,0.0,0.0,,0.0
1785321653.519992,08:00:27:5a:87:bc,0,0,,,0,0.0,0,0.0,0.0,,0.0
1785321653.519992,08:00:27:8a:0d:75,0,0,,,0,0.0,0,0.0,0.0,,0.0
1785321653.519992,08:00:27:a5:9e:2d,0,0,,,0,0.0,0,0.0,0.0,,0.0
1785321658.519992,08:00:27:5a:87:bc,0,0,,,0,0.0,0,0.0,0.0,,0.0
1785321658.519992,08:00:27:8a:0d:75,0,0,,,0,0.0,0,0.0,0.0,,0.0
1785321658.519992,08:00:27:a5:9e:2d,0,0,,,0,0.0,0,0.0,0.0,,0.0
1785321663.519992,08:00:27:5a:87:bc,0,0,,,0,0.0,0,0.0,0.0,,0.0
1785321663.519992,08:00:27:8a:0d:75,0,0,,,0,0.0,0,0.0,0.0,,0.0
1785321663.519992,08:00:27:a5:9e:2d,0,0,,,0,0.0,0,0.0,0.0,,0.0
1785321668.519992,08:00:27:5a:87:bc,0,0,,,0,0.0,0,0.0,0.0,,0.0
1785321668.519992,08:00:27:8a:0d:75,0,0,,,0,0.0,0,0.0,0.0,,0.0
1785321668.519992,08:00:27:a5:9e:2d,0,0,,,0,0.0,0,0.0,0.0,,0.0
1785321673.519992,08:00:27:5a:87:bc,0,0,,,0,0.0,0,0.0,0.0,,0.0
1785321673.519992,08:00:27:8a:0d:75,0,0,,,0,0.0,0,0.0,0.0,,0.0
1785321673.519992,08:00:27:a5:9e:2d,0,0,,,0,0.0,0,0.0,0.0,,0.0
1785321678.519992,08:00:27:5a:87:bc,0,0,,,0,0.0,0,0.0,0.0,,0.0
1785321678.519992,08:00:27:8a:0d:75,0,0,,,0,0.0,0,0.0,0.0,,0.0
1785321678.519992,08:00:27:a5:9e:2d,0,0,,,0,0.0,0,0.0,0.0,,0.0
1785321683.519992,08:00:27:5a:87:bc,0,0,,,0,0.0,0,0.0,0.0,,0.0
1785321683.519992,08:00:27:8a:0d:75,0,0,,,0,0.0,0,0.0,0.0,,0.0
1785321683.519992,08:00:27:a5:9e:2d,0,0,,,0,0.0,0,0.0,0.0,,0.0
1785321688.519992,08:00:27:5a:87:bc,0,0,,,0,0.0,0,0.0,0.0,,0.0
1785321688.519992,08:00:27:8a:0d:75,0,0,,,0,0.0,0,0.0,0.0,,0.0
1785321688.519992,08:00:27:a5:9e:2d,0,0,,,0,0.0,0,0.0,0.0,,0.0
1785321693.519992,08:00:27:5a:87:bc,0,0,,,0,0.0,0,0.0,0.0,,0.0
1785321693.519992,08:00:27:8a:0d:75,0,0,,,0,0.0,0,0.0,0.0,,0.0
1785321693.519992,08:00:27:a5:9e:2d,0,0,,,0,0.0,0,0.0,0.0,,0.0
1785321698.519992,08:00:27:5a:87:bc,0,0,,,0,0.0,0,0.0,0.0,,0.0
1785321698.519992,08:00:27:8a:0d:75,0,0,,,0,0.0,0,0.0,0.0,,0.0
1785321698.519992,08:00:27:a5:9e:2d,0,0,,,0,0.0,0,0.0,0.0,,0.0
1785321703.519992,08:00:27:5a:87:bc,0,0,,,0,0.0,0,0.0,0.0,,0.0
1785321703.519992,08:00:27:8a:0d:75,0,0,,,0,0.0,0,0.0,0.0,,0.0
1785321703.519992,08:00:27:a5:9e:2d,0,0,,,0,0.0,0,0.0,0.0,,0.0
1785321708.519992,08:00:27:5a:87:bc,0,0,,,0,0.0,0,0.0,0.0,,0.0
1785321708.519992,08:00:27:8a:0d:75,0,0,,,0,0.0,0,0.0,0.0,,0.0
1785321708.519992,08:00:27:a5:9e:2d,0,0,,,0,0.0,0,0.0,0.0,,0.0
1785321713.519992,08:00:27:5a:87:bc,0,0,,,0,0.0,0,0.0,0.0,,0.0
1785321713.519992,08:00:27:8a:0d:75,0,0,,,0,0.0,0,0.0,0.0,,0.0
1785321713.519992,08:00:27:a5:9e:2d,0,0,,,0,0.0,0,0.0,0.0,,0.0
1785321718.519992,08:00:27:5a:87:bc,0,0,,,0,0.0,0,0.0,0.0,,0.0
1785321718.519992,08:00:27:8a:0d:75,0,0,,,0,0.0,0,0.0,0.0,,0.0
1785321718.519992,08:00:27:a5:9e:2d,0,0,,,0,0.0,0,0.0,0.0,,0.0
1785321723.519992,08:00:27:5a:87:bc,0,0,,,0,0.0,0,0.0,0.0,,0.0
1785321723.519992,08:00:27:8a:0d:75,0,0,,,0,0.0,0,0.0,0.0,,0.0
1785321723.519992,08:00:27:a5:9e:2d,0,0,,,0,0.0,0,0.0,0.0,,0.0
1785321728.519992,08:00:27:5a:87:bc,0,0,,,0,0.0,0,0.0,0.0,,0.0
1785321728.519992,08:00:27:8a:0d:75,0,0,,,0,0.0,0,0.0,0.0,,0.0
1785321728.519992,08:00:27:a5:9e:2d,0,0,,,0,0.0,0,0.0,0.0,,0.0
1785321733.519992,08:00:27:5a:87:bc,0,0,,,0,0.0,0,0.0,0.0,,0.0
1785321733.519992,08:00:27:8a:0d:75,0,0,,,0,0.0,0,0.0,0.0,,0.0
1785321733.519992,08:00:27:a5:9e:2d,0,0,,,0,0.0,0,0.0,0.0,,0.0
1785321738.519992,08:00:27:5a:87:bc,0,0,,,0,0.0,0,0.0,0.0,,0.0
1785321738.519992,08:00:27:8a:0d:75,0,0,,,0,0.0,0,0.0,0.0,,0.0
1785321738.519992,08:00:27:a5:9e:2d,0,0,,,0,0.0,0,0.0,0.0,,0.0
1785321743.519992,08:00:27:5a:87:bc,0,0,,,0,0.0,0,0.0,0.0,,0.0
1785321743.519992,08:00:27:8a:0d:75,0,0,,,0,0.0,0,0.0,0.0,,0.0
1785321743.519992,08:00:27:a5:9e:2d,0,0,,,0,0.0,0,0.0,0.0,,0.0
1785321748.519992,08:00:27:5a:87:bc,0,0,,,0,0.0,0,0.0,0.0,,0.0
1785321748.519992,08:00:27:8a:0d:75,0,0,,,0,0.0,0,0.0,0.0,,0.0
1785321748.519992,08:00:27:a5:9e:2d,0,0,,,0,0.0,0,0.0,0.0,,0.0
1785321753.519992,08:00:27:5a:87:bc,0,0,,,0,0.0,0,0.0,0.0,,0.0
1785321753.519992,08:00:27:8a:0d:75,0,0,,,0,0.0,0,0.0,0.0,,0.0
1785321753.519992,08:00:27:a5:9e:2d,0,0,,,0,0.0,0,0.0,0.0,,0.0
1785321758.519992,08:00:27:5a:87:bc,0,0,,,0,0.0,0,0.0,0.0,,0.0
1785321758.519992,08:00:27:8a:0d:75,0,0,,,0,0.0,0,0.0,0.0,,0.0
1785321758.519992,08:00:27:a5:9e:2d,0,0,,,0,0.0,0,0.0,0.0,,0.0
1785321763.519992,08:00:27:5a:87:bc,0,0,,,0,0.0,0,0.0,0.0,,0.0
1785321763.519992,08:00:27:8a:0d:75,0,0,,,0,0.0,0,0.0,0.0,,0.0
1785321763.519992,08:00:27:a5:9e:2d,0,0,,,0,0.0,0,0.0,0.0,,0.0
1785321768.519992,08:00:27:5a:87:bc,0,0,,,0,0.0,0,0.0,0.0,,0.0
1785321768.519992,08:00:27:8a:0d:75,0,0,,,0,0.0,0,0.0,0.0,,0.0
1785321768.519992,08:00:27:a5:9e:2d,0,0,,,0,0.0,0,0.0,0.0,,0.0
1785321773.519992,08:00:27:5a:87:bc,0,0,,,0,0.0,0,0.0,0.0,,0.0
1785321773.519992,08:00:27:8a:0d:75,0,0,,,0,0.0,0,0.0,0.0,,0.0
1785321773.519992,08:00:27:a5:9e:2d,0,0,,,0,0.0,0,0.0,0.0,,0.0
1785321778.519992,08:00:27:5a:87:bc,0,0,,,0,0.0,0,0.0,0.0,,0.0
1785321778.519992,08:00:27:8a:0d:75,0,0,,,0,0.0,0,0.0,0.0,,0.0
1785321778.519992,08:00:27:a5:9e:2d,0,0,,,0,0.0,0,0.0,0.0,,0.0
1785321783.519992,08:00:27:5a:87:bc,0,0,,,0,0.0,0,0.0,0.0,,0.0
1785321783.519992,08:00:27:8a:0d:75,0,0,,,0,0.0,0,0.0,0.0,,0.0
1785321783.519992,08:00:27:a5:9e:2d,0,0,,,0,0.0,0,0.0,0.0,,0.0
1785321788.519992,08:00:27:5a:87:bc,0,0,,,0,0.0,0,0.0,0.0,,0.0
1785321788.519992,08:00:27:8a:0d:75,0,0,,,0,0.0,0,0.0,0.0,,0.0
1785321788.519992,08:00:27:a5:9e:2d,0,0,,,0,0.0,0,0.0,0.0,,0.0
1785321793.519992,08:00:27:5a:87:bc,0,0,,,0,0.0,0,0.0,0.0,,0.0
1785321793.519992,08:00:27:8a:0d:75,0,0,,,0,0.0,0,0.0,0.0,,0.0
1785321793.519992,08:00:27:a5:9e:2d,0,0,,,0,0.0,0,0.0,0.0,,0.0
1785321798.519992,08:00:27:5a:87:bc,0,0,,,0,0.0,0,0.0,0.0,,0.0
1785321798.519992,08:00:27:8a:0d:75,0,0,,,0,0.0,0,0.0,0.0,,0.0
1785321798.519992,08:00:27:a5:9e:2d,0,0,,,0,0.0,0,0.0,0.0,,0.0
1785321803.519992,08:00:27:5a:87:bc,0,0,,,0,0.0,0,0.0,0.0,,0.0
1785321803.519992,08:00:27:8a:0d:75,0,0,,,0,0.0,0,0.0,0.0,,0.0
1785321803.519992,08:00:27:a5:9e:2d,0,0,,,0,0.0,0,0.0,0.0,,0.0
1785321808.519992,08:00:27:5a:87:bc,0,0,,,0,0.0,0,0.0,0.0,,0.0
1785321808.519992,08:00:27:8a:0d:75,0,0,,,0,0.0,0,0.0,0.0,,0.0
1785321808.519992,08:00:27:a5:9e:2d,0,0,,,0,0.0,0,0.0,0.0,,0.0
1785321813.519992,08:00:27:5a:87:bc,0,0,,,0,0.0,0,0.0,0.0,,0.0
1785321813.519992,08:00:27:8a:0d:75,0,0,,,0,0.0,0,0.0,0.0,,0.0
1785321813.519992,08:00:27:a5:9e:2d,0,0,,,0,0.0,0,0.0,0.0,,0.0
1785321818.519992,08:00:27:5a:87:bc,0,0,,,0,0.0,0,0.0,0.0,,0.0
1785321818.519992,08:00:27:8a:0d:75,0,0,,,0,0.0,0,0.0,0.0,,0.0
1785321818.519992,08:00:27:a5:9e:2d,0,0,,,0,0.0,0,0.0,0.0,,0.0
1785321823.519992,08:00:27:5a:87:bc,0,0,,,0,0.0,0,0.0,0.0,,0.0
1785321823.519992,08:00:27:8a:0d:75,0,0,,,0,0.0,0,0.0,0.0,,0.0
1785321823.519992,08:00:27:a5:9e:2d,0,0,,,0,0.0,0,0.0,0.0,,0.0
1785321828.519992,08:00:27:5a:87:bc,0,0,,,0,0.0,0,0.0,0.0,,0.0
1785321828.519992,08:00:27:8a:0d:75,0,0,,,0,0.0,0,0.0,0.0,,0.0
1785321828.519992,08:00:27:a5:9e:2d,0,0,,,0,0.0,0,0.0,0.0,,0.0
1785321833.519992,08:00:27:5a:87:bc,0,0,,,0,0.0,0,0.0,0.0,,0.0
1785321833.519992,08:00:27:8a:0d:75,0,0,,,0,0.0,0,0.0,0.0,,0.0
1785321833.519992,08:00:27:a5:9e:2d,0,0,,,0,0.0,0,0.0,0.0,,0.0
1785321838.519992,08:00:27:5a:87:bc,0,0,,,0,0.0,0,0.0,0.0,,0.0
1785321838.519992,08:00:27:8a:0d:75,0,0,,,0,0.0,0,0.0,0.0,,0.0
1785321838.519992,08:00:27:a5:9e:2d,0,0,,,0,0.0,0,0.0,0.0,,0.0
1785321843.519992,08:00:27:5a:87:bc,0,0,,,0,0.0,0,0.0,0.0,,0.0
1785321843.519992,08:00:27:8a:0d:75,0,0,,,0,0.0,0,0.0,0.0,,0.0
1785321843.519992,08:00:27:a5:9e:2d,0,0,,,0,0.0,0,0.0,0.0,,0.0
1785321848.519992,08:00:27:5a:87:bc,0,0,,,0,0.0,0,0.0,0.0,,0.0
1785321848.519992,08:00:27:8a:0d:75,0,0,,,0,0.0,0,0.0,0.0,,0.0
1785321848.519992,08:00:27:a5:9e:2d,0,0,,,0,0.0,0,0.0,0.0,,0.0
1785321853.519992,08:00:27:5a:87:bc,0,0,,,0,0.0,0,0.0,0.0,,0.0
1785321853.519992,08:00:27:8a:0d:75,0,0,,,0,0.0,0,0.0,0.0,,0.0
1785321853.519992,08:00:27:a5:9e:2d,0,0,,,0,0.0,0,0.0,0.0,,0.0
1785321858.519992,08:00:27:5a:87:bc,0,0,,,0,0.0,0,0.0,0.0,,0.0
1785321858.519992,08:00:27:8a:0d:75,0,0,,,0,0.0,0,0.0,0.0,,0.0
1785321858.519992,08:00:27:a5:9e:2d,0,0,,,0,0.0,0,0.0,0.0,,0.0
1785321863.519992,08:00:27:5a:87:bc,0,0,,,0,0.0,0,0.0,0.0,,0.0
1785321863.519992,08:00:27:8a:0d:75,0,0,,,0,0.0,0,0.0,0.0,,0.0
1785321863.519992,08:00:27:a5:9e:2d,0,0,,,0,0.0,0,0.0,0.0,,0.0
1785321868.519992,08:00:27:5a:87:bc,0,0,,,0,0.0,0,0.0,0.0,,0.0
1785321868.519992,08:00:27:8a:0d:75,0,0,,,0,0.0,0,0.0,0.0,,0.0
1785321868.519992,08:00:27:a5:9e:2d,0,0,,,0,0.0,0,0.0,0.0,,0.0
1785321873.519992,08:00:27:5a:87:bc,0,0,,,0,0.0,0,0.0,0.0,,0.0
1785321873.519992,08:00:27:8a:0d:75,0,0,,,0,0.0,0,0.0,0.0,,0.0
1785321873.519992,08:00:27:a5:9e:2d,0,0,,,0,0.0,0,0.0,0.0,,0.0
1785321878.519992,08:00:27:5a:87:bc,0,0,,,0,0.0,0,0.0,0.0,,0.0
1785321878.519992,08:00:27:8a:0d:75,0,0,,,0,0.0,0,0.0,0.0,,0.0
1785321878.519992,08:00:27:a5:9e:2d,0,0,,,0,0.0,0,0.0,0.0,,0.0
1785321883.519992,08:00:27:5a:87:bc,0,0,,,0,0.0,0,0.0,0.0,,0.0
1785321883.519992,08:00:27:8a:0d:75,0,0,,,0,0.0,0,0.0,0.0,,0.0
1785321883.519992,08:00:27:a5:9e:2d,0,0,,,0,0.0,0,0.0,0.0,,0.0
1785321888.519992,08:00:27:5a:87:bc,0,0,,,0,0.0,0,0.0,0.0,,0.0
1785321888.519992,08:00:27:8a:0d:75,0,0,,,0,0.0,0,0.0,0.0,,0.0
1785321888.519992,08:00:27:a5:9e:2d,0,0,,,0,0.0,0,0.0,0.0,,0.0
1785321893.519992,08:00:27:5a:87:bc,0,0,,,0,0.0,0,0.0,0.0,,0.0
1785321893.519992,08:00:27:8a:0d:75,0,0,,,0,0.0,0,0.0,0.0,,0.0
1785321893.519992,08:00:27:a5:9e:2d,0,0,,,0,0.0,0,0.0,0.0,,0.0
1785321898.519992,08:00:27:5a:87:bc,0,0,,,0,0.0,0,0.0,0.0,,0.0
1785321898.519992,08:00:27:8a:0d:75,0,0,,,0,0.0,0,0.0,0.0,,0.0
1785321898.519992,08:00:27:a5:9e:2d,0,0,,,0,0.0,0,0.0,0.0,,0.0
1785321903.519992,08:00:27:5a:87:bc,0,0,,,0,0.0,0,0.0,0.0,,0.0
1785321903.519992,08:00:27:8a:0d:75,0,0,,,0,0.0,0,0.0,0.0,,0.0
1785321903.519992,08:00:27:a5:9e:2d,0,0,,,0,0.0,0,0.0,0.0,,0.0
1785321908.519992,08:00:27:5a:87:bc,0,0,,,0,0.0,0,0.0,0.0,,0.0
1785321908.519992,08:00:27:8a:0d:75,0,0,,,0,0.0,0,0.0,0.0,,0.0
1785321908.519992,08:00:27:a5:9e:2d,0,0,,,0,0.0,0,0.0,0.0,,0.0
1785321913.519992,08:00:27:5a:87:bc,0,0,,,0,0.0,0,0.0,0.0,,0.0
1785321913.519992,08:00:27:8a:0d:75,0,0,,,0,0.0,0,0.0,0.0,,0.0
1785321913.519992,08:00:27:a5:9e:2d,0,0,,,0,0.0,0,0.0,0.0,,0.0
1785321918.519992,08:00:27:5a:87:bc,0,0,,,0,0.0,0,0.0,0.0,,0.0
1785321918.519992,08:00:27:8a:0d:75,0,0,,,0,0.0,0,0.0,0.0,,0.0
1785321918.519992,08:00:27:a5:9e:2d,0,0,,,0,0.0,0,0.0,0.0,,0.0
1785321923.519992,08:00:27:5a:87:bc,0,0,,,0,0.0,0,0.0,0.0,,0.0
1785321923.519992,08:00:27:8a:0d:75,0,0,,,0,0.0,0,0.0,0.0,,0.0
1785321923.519992,08:00:27:a5:9e:2d,0,0,,,0,0.0,0,0.0,0.0,,0.0
1785321928.519992,08:00:27:5a:87:bc,0,0,,,0,0.0,0,0.0,0.0,,0.0
1785321928.519992,08:00:27:8a:0d:75,0,0,,,0,0.0,0,0.0,0.0,,0.0
1785321928.519992,08:00:27:a5:9e:2d,0,0,,,0,0.0,0,0.0,0.0,,0.0
1785321933.519992,08:00:27:5a:87:bc,0,0,,,0,0.0,0,0.0,0.0,,0.0
1785321933.519992,08:00:27:8a:0d:75,0,0,,,0,0.0,0,0.0,0.0,,0.0
1785321933.519992,08:00:27:a5:9e:2d,0,0,,,0,0.0,0,0.0,0.0,,0.0
1785321938.519992,08:00:27:5a:87:bc,0,0,,,0,0.0,0,0.0,0.0,,0.0
1785321938.519992,08:00:27:8a:0d:75,0,0,,,0,0.0,0,0.0,0.0,,0.0
1785321938.519992,08:00:27:a5:9e:2d,0,0,,,0,0.0,0,0.0,0.0,,0.0
1785321943.519992,08:00:27:5a:87:bc,0,0,,,0,0.0,0,0.0,0.0,,0.0
1785321943.519992,08:00:27:8a:0d:75,0,0,,,0,0.0,0,0.0,0.0,,0.0
1785321943.519992,08:00:27:a5:9e:2d,0,0,,,0,0.0,0,0.0,0.0,,0.0
1785321948.519992,08:00:27:5a:87:bc,0,0,,,0,0.0,0,0.0,0.0,,0.0
1785321948.519992,08:00:27:8a:0d:75,0,0,,,0,0.0,0,0.0,0.0,,0.0
1785321948.519992,08:00:27:a5:9e:2d,0,0,,,0,0.0,0,0.0,0.0,,0.0
1785321953.519992,08:00:27:5a:87:bc,0,0,,,0,0.0,0,0.0,0.0,,0.0
1785321953.519992,08:00:27:8a:0d:75,0,0,,,0,0.0,0,0.0,0.0,,0.0
1785321953.519992,08:00:27:a5:9e:2d,0,0,,,0,0.0,0,0.0,0.0,,0.0
1785321958.519992,08:00:27:5a:87:bc,0,0,,,0,0.0,0,0.0,0.0,,0.0
1785321958.519992,08:00:27:8a:0d:75,0,0,,,0,0.0,0,0.0,0.0,,0.0
1785321958.519992,08:00:27:a5:9e:2d,0,0,,,0,0.0,0,0.0,0.0,,0.0
1785321963.519992,08:00:27:5a:87:bc,0,0,,,0,0.0,0,0.0,0.0,,0.0
1785321963.519992,08:00:27:8a:0d:75,0,0,,,0,0.0,0,0.0,0.0,,0.0
1785321963.519992,08:00:27:a5:9e:2d,0,0,,,0,0.0,0,0.0,0.0,,0.0
1785321968.519992,08:00:27:5a:87:bc,0,0,,,0,0.0,0,0.0,0.0,,0.0
1785321968.519992,08:00:27:8a:0d:75,0,0,,,0,0.0,0,0.0,0.0,,0.0
1785321968.519992,08:00:27:a5:9e:2d,0,0,,,0,0.0,0,0.0,0.0,,0.0
1785321973.519992,08:00:27:5a:87:bc,0,0,,,0,0.0,0,0.0,0.0,,0.0
1785321973.519992,08:00:27:8a:0d:75,0,0,,,0,0.0,0,0.0,0.0,,0.0
1785321973.519992,08:00:27:a5:9e:2d,0,0,,,0,0.0,0,0.0,0.0,,0.0
1785321978.519992,08:00:27:5a:87:bc,0,0,,,0,0.0,0,0.0,0.0,,0.0
1785321978.519992,08:00:27:8a:0d:75,0,0,,,0,0.0,0,0.0,0.0,,0.0
1785321978.519992,08:00:27:a5:9e:2d,0,0,,,0,0.0,0,0.0,0.0,,0.0
1785321983.519992,08:00:27:5a:87:bc,0,0,,,0,0.0,0,0.0,0.0,,0.0
1785321983.519992,08:00:27:8a:0d:75,0,0,,,0,0.0,0,0.0,0.0,,0.0
1785321983.519992,08:00:27:a5:9e:2d,0,0,,,0,0.0,0,0.0,0.0,,0.0
1785321988.519992,08:00:27:5a:87:bc,0,0,,,0,0.0,0,0.0,0.0,,0.0
1785321988.519992,08:00:27:8a:0d:75,0,0,,,0,0.0,0,0.0,0.0,,0.0
1785321988.519992,08:00:27:a5:9e:2d,0,0,,,0,0.0,0,0.0,0.0,,0.0
1785321993.519992,08:00:27:5a:87:bc,0,0,,,0,0.0,0,0.0,0.0,,0.0
1785321993.519992,08:00:27:8a:0d:75,0,0,,,0,0.0,0,0.0,0.0,,0.0
1785321993.519992,08:00:27:a5:9e:2d,0,0,,,0,0.0,0,0.0,0.0,,0.0
1785321998.519992,08:00:27:5a:87:bc,0,0,,,0,0.0,0,0.0,0.0,,0.0
1785321998.519992,08:00:27:8a:0d:75,0,0,,,0,0.0,0,0.0,0.0,,0.0
1785321998.519992,08:00:27:a5:9e:2d,0,0,,,0,0.0,0,0.0,0.0,,0.0
1785322003.519992,08:00:27:5a:87:bc,0,0,,,0,0.0,0,0.0,0.0,,0.0
1785322003.519992,08:00:27:8a:0d:75,0,0,,,0,0.0,0,0.0,0.0,,0.0
1785322003.519992,08:00:27:a5:9e:2d,0,0,,,0,0.0,0,0.0,0.0,,0.0
1785322008.519992,08:00:27:5a:87:bc,0,0,,,0,0.0,0,0.0,0.0,,0.0
1785322008.519992,08:00:27:8a:0d:75,0,0,,,0,0.0,0,0.0,0.0,,0.0
1785322008.519992,08:00:27:a5:9e:2d,0,0,,,0,0.0,0,0.0,0.0,,0.0
1785322013.519992,08:00:27:5a:87:bc,0,0,,,0,0.0,0,0.0,0.0,,0.0
1785322013.519992,08:00:27:8a:0d:75,0,0,,,0,0.0,0,0.0,0.0,,0.0
1785322013.519992,08:00:27:a5:9e:2d,0,0,,,0,0.0,0,0.0,0.0,,0.0
1785322018.519992,08:00:27:5a:87:bc,0,0,,,0,0.0,0,0.0,0.0,,0.0
1785322018.519992,08:00:27:8a:0d:75,0,0,,,0,0.0,0,0.0,0.0,,0.0
1785322018.519992,08:00:27:a5:9e:2d,0,0,,,0,0.0,0,0.0,0.0,,0.0
1785322023.519992,08:00:27:5a:87:bc,0,0,,,0,0.0,0,0.0,0.0,,0.0
1785322023.519992,08:00:27:8a:0d:75,0,0,,,0,0.0,0,0.0,0.0,,0.0
1785322023.519992,08:00:27:a5:9e:2d,0,0,,,0,0.0,0,0.0,0.0,,0.0
1785322028.519992,08:00:27:5a:87:bc,0,0,,,0,0.0,0,0.0,0.0,,0.0
1785322028.519992,08:00:27:8a:0d:75,0,0,,,0,0.0,0,0.0,0.0,,0.0
1785322028.519992,08:00:27:a5:9e:2d,0,0,,,0,0.0,0,0.0,0.0,,0.0
1785322033.519992,08:00:27:5a:87:bc,0,0,,,0,0.0,0,0.0,0.0,,0.0
1785322033.519992,08:00:27:8a:0d:75,0,0,,,0,0.0,0,0.0,0.0,,0.0
1785322033.519992,08:00:27:a5:9e:2d,0,0,,,0,0.0,0,0.0,0.0,,0.0
1785322038.519992,08:00:27:5a:87:bc,0,0,,,0,0.0,0,0.0,0.0,,0.0
1785322038.519992,08:00:27:8a:0d:75,0,0,,,0,0.0,0,0.0,0.0,,0.0
1785322038.519992,08:00:27:a5:9e:2d,0,0,,,0,0.0,0,0.0,0.0,,0.0
1785322043.519992,08:00:27:5a:87:bc,0,0,,,0,0.0,0,0.0,0.0,,0.0
1785322043.519992,08:00:27:8a:0d:75,0,0,,,0,0.0,0,0.0,0.0,,0.0
1785322043.519992,08:00:27:a5:9e:2d,0,0,,,0,0.0,0,0.0,0.0,,0.0
1785322048.519992,08:00:27:5a:87:bc,0,0,,,0,0.0,0,0.0,0.0,,0.0
1785322048.519992,08:00:27:8a:0d:75,0,0,,,0,0.0,0,0.0,0.0,,0.0
1785322048.519992,08:00:27:a5:9e:2d,0,0,,,0,0.0,0,0.0,0.0,,0.0
1785322053.519992,08:00:27:5a:87:bc,0,0,,,0,0.0,0,0.0,0.0,,0.0
1785322053.519992,08:00:27:8a:0d:75,0,0,,,0,0.0,0,0.0,0.0,,0.0
1785322053.519992,08:00:27:a5:9e:2d,0,0,,,0,0.0,0,0.0,0.0,,0.0
1785322058.519992,08:00:27:5a:87:bc,0,0,,,0,0.0,0,0.0,0.0,,0.0
1785322058.519992,08:00:27:8a:0d:75,0,0,,,0,0.0,0,0.0,0.0,,0.0
1785322058.519992,08:00:27:a5:9e:2d,0,0,,,0,0.0,0,0.0,0.0,,0.0
1785322063.519992,08:00:27:5a:87:bc,0,0,,,0,0.0,0,0.0,0.0,,0.0
1785322063.519992,08:00:27:8a:0d:75,0,0,,,0,0.0,0,0.0,0.0,,0.0
1785322063.519992,08:00:27:a5:9e:2d,0,0,,,0,0.0,0,0.0,0.0,,0.0
1785322068.519992,08:00:27:5a:87:bc,0,0,,,0,0.0,0,0.0,0.0,,0.0
1785322068.519992,08:00:27:8a:0d:75,0,0,,,0,0.0,0,0.0,0.0,,0.0
1785322068.519992,08:00:27:a5:9e:2d,0,0,,,0,0.0,0,0.0,0.0,,0.0
1785322073.519992,08:00:27:5a:87:bc,0,0,,,0,0.0,0,0.0,0.0,,0.0
1785322073.519992,08:00:27:8a:0d:75,0,0,,,0,0.0,0,0.0,0.0,,0.0
1785322073.519992,08:00:27:a5:9e:2d,0,0,,,0,0.0,0,0.0,0.0,,0.0
1785322078.519992,08:00:27:5a:87:bc,0,0,,,0,0.0,0,0.0,0.0,,0.0
1785322078.519992,08:00:27:8a:0d:75,0,0,,,0,0.0,0,0.0,0.0,,0.0
1785322078.519992,08:00:27:a5:9e:2d,0,0,,,0,0.0,0,0.0,0.0,,0.0
1785322083.519992,08:00:27:5a:87:bc,0,0,,,0,0.0,0,0.0,0.0,,0.0
1785322083.519992,08:00:27:8a:0d:75,0,0,,,0,0.0,0,0.0,0.0,,0.0
1785322083.519992,08:00:27:a5:9e:2d,0,0,,,0,0.0,0,0.0,0.0,,0.0
1785322088.519992,08:00:27:5a:87:bc,0,0,,,0,0.0,0,0.0,0.0,,0.0
1785322088.519992,08:00:27:8a:0d:75,0,0,,,0,0.0,0,0.0,0.0,,0.0
1785322088.519992,08:00:27:a5:9e:2d,0,0,,,0,0.0,0,0.0,0.0,,0.0
1785322093.519992,08:00:27:5a:87:bc,0,0,,,0,0.0,0,0.0,0.0,,0.0
1785322093.519992,08:00:27:8a:0d:75,0,0,,,0,0.0,0,0.0,0.0,,0.0
1785322093.519992,08:00:27:a5:9e:2d,0,0,,,0,0.0,0,0.0,0.0,,0.0
1785322098.519992,08:00:27:5a:87:bc,0,0,,,0,0.0,0,0.0,0.0,,0.0
1785322098.519992,08:00:27:8a:0d:75,0,0,,,0,0.0,0,0.0,0.0,,0.0
1785322098.519992,08:00:27:a5:9e:2d,0,0,,,0,0.0,0,0.0,0.0,,0.0
1785322103.519992,08:00:27:5a:87:bc,0,0,,,0,0.0,0,0.0,0.0,,0.0
1785322103.519992,08:00:27:8a:0d:75,0,0,,,0,0.0,0,0.0,0.0,,0.0
1785322103.519992,08:00:27:a5:9e:2d,0,0,,,0,0.0,0,0.0,0.0,,0.0
1785322108.519992,08:00:27:5a:87:bc,0,0,,,0,0.0,0,0.0,0.0,,0.0
1785322108.519992,08:00:27:8a:0d:75,0,0,,,0,0.0,0,0.0,0.0,,0.0
1785322108.519992,08:00:27:a5:9e:2d,0,0,,,0,0.0,0,0.0,0.0,,0.0
1785322113.519992,08:00:27:5a:87:bc,0,0,,,0,0.0,0,0.0,0.0,,0.0
1785322113.519992,08:00:27:8a:0d:75,0,0,,,0,0.0,0,0.0,0.0,,0.0
1785322113.519992,08:00:27:a5:9e:2d,0,0,,,0,0.0,0,0.0,0.0,,0.0
1785322118.519992,08:00:27:5a:87:bc,0,0,,,0,0.0,0,0.0,0.0,,0.0
1785322118.519992,08:00:27:8a:0d:75,0,0,,,0,0.0,0,0.0,0.0,,0.0
1785322118.519992,08:00:27:a5:9e:2d,0,0,,,0,0.0,0,0.0,0.0,,0.0
1785322123.519992,08:00:27:5a:87:bc,0,0,,,0,0.0,0,0.0,0.0,,0.0
1785322123.519992,08:00:27:8a:0d:75,0,0,,,0,0.0,0,0.0,0.0,,0.0
1785322123.519992,08:00:27:a5:9e:2d,0,0,,,0,0.0,0,0.0,0.0,,0.0
1785322128.519992,08:00:27:5a:87:bc,0,0,,,0,0.0,0,0.0,0.0,,0.0
1785322128.519992,08:00:27:8a:0d:75,0,0,,,0,0.0,0,0.0,0.0,,0.0
1785322128.519992,08:00:27:a5:9e:2d,0,0,,,0,0.0,0,0.0,0.0,,0.0
1785322133.519992,08:00:27:5a:87:bc,0,0,,,0,0.0,0,0.0,0.0,,0.0
1785322133.519992,08:00:27:8a:0d:75,0,0,,,0,0.0,0,0.0,0.0,,0.0
1785322133.519992,08:00:27:a5:9e:2d,0,0,,,0,0.0,0,0.0,0.0,,0.0
1785322138.519992,08:00:27:5a:87:bc,0,0,,,0,0.0,0,0.0,0.0,,0.0
1785322138.519992,08:00:27:8a:0d:75,0,0,,,0,0.0,0,0.0,0.0,,0.0
1785322138.519992,08:00:27:a5:9e:2d,0,0,,,0,0.0,0,0.0,0.0,,0.0
1785322143.519992,08:00:27:5a:87:bc,0,0,,,0,0.0,0,0.0,0.0,,0.0
1785322143.519992,08:00:27:8a:0d:75,0,0,,,0,0.0,0,0.0,0.0,,0.0
1785322143.519992,08:00:27:a5:9e:2d,0,0,,,0,0.0,0,0.0,0.0,,0.0
1785322148.519992,08:00:27:5a:87:bc,0,0,,,0,0.0,0,0.0,0.0,,0.0
1785322148.519992,08:00:27:8a:0d:75,0,0,,,0,0.0,0,0.0,0.0,,0.0
1785322148.519992,08:00:27:a5:9e:2d,0,0,,,0,0.0,0,0.0,0.0,,0.0
1785322153.519992,08:00:27:5a:87:bc,0,0,,,0,0.0,0,0.0,0.0,,0.0
1785322153.519992,08:00:27:8a:0d:75,0,0,,,0,0.0,0,0.0,0.0,,0.0
1785322153.519992,08:00:27:a5:9e:2d,0,0,,,0,0.0,0,0.0,0.0,,0.0
1785322158.519992,08:00:27:5a:87:bc,0,0,,,0,0.0,0,0.0,0.0,,0.0
1785322158.519992,08:00:27:8a:0d:75,0,0,,,0,0.0,0,0.0,0.0,,0.0
1785322158.519992,08:00:27:a5:9e:2d,0,0,,,0,0.0,0,0.0,0.0,,0.0
1785322163.519992,08:00:27:5a:87:bc,0,0,,,0,0.0,0,0.0,0.0,,0.0
1785322163.519992,08:00:27:8a:0d:75,0,0,,,0,0.0,0,0.0,0.0,,0.0
1785322163.519992,08:00:27:a5:9e:2d,0,0,,,0,0.0,0,0.0,0.0,,0.0
1785322168.519992,08:00:27:5a:87:bc,0,0,,,0,0.0,0,0.0,0.0,,0.0
1785322168.519992,08:00:27:8a:0d:75,0,0,,,0,0.0,0,0.0,0.0,,0.0
1785322168.519992,08:00:27:a5:9e:2d,0,0,,,0,0.0,0,0.0,0.0,,0.0
1785322173.519992,08:00:27:5a:87:bc,0,0,,,0,0.0,0,0.0,0.0,,0.0
1785322173.519992,08:00:27:8a:0d:75,0,0,,,0,0.0,0,0.0,0.0,,0.0
1785322173.519992,08:00:27:a5:9e:2d,0,0,,,0,0.0,0,0.0,0.0,,0.0
1785322178.519992,08:00:27:5a:87:bc,0,0,,,0,0.0,0,0.0,0.0,,0.0
1785322178.519992,08:00:27:8a:0d:75,0,0,,,0,0.0,0,0.0,0.0,,0.0
1785322178.519992,08:00:27:a5:9e:2d,0,0,,,0,0.0,0,0.0,0.0,,0.0
1785322183.519992,08:00:27:5a:87:bc,0,0,,,0,0.0,0,0.0,0.0,,0.0
1785322183.519992,08:00:27:8a:0d:75,0,0,,,0,0.0,0,0.0,0.0,,0.0
1785322183.519992,08:00:27:a5:9e:2d,0,0,,,0,0.0,0,0.0,0.0,,0.0
1785322188.519992,08:00:27:5a:87:bc,0,0,,,0,0.0,0,0.0,0.0,,0.0
1785322188.519992,08:00:27:8a:0d:75,0,0,,,0,0.0,0,0.0,0.0,,0.0
1785322188.519992,08:00:27:a5:9e:2d,0,0,,,0,0.0,0,0.0,0.0,,0.0
1785322193.519992,08:00:27:5a:87:bc,0,0,,,0,0.0,0,0.0,0.0,,0.0
1785322193.519992,08:00:27:8a:0d:75,0,0,,,0,0.0,0,0.0,0.0,,0.0
1785322193.519992,08:00:27:a5:9e:2d,0,0,,,0,0.0,0,0.0,0.0,,0.0
1785322198.519992,08:00:27:5a:87:bc,0,0,,,0,0.0,0,0.0,0.0,,0.0
1785322198.519992,08:00:27:8a:0d:75,0,0,,,0,0.0,0,0.0,0.0,,0.0
1785322198.519992,08:00:27:a5:9e:2d,0,0,,,0,0.0,0,0.0,0.0,,0.0
1785322203.519992,08:00:27:5a:87:bc,0,0,,,0,0.0,0,0.0,0.0,,0.0
1785322203.519992,08:00:27:8a:0d:75,0,0,,,0,0.0,0,0.0,0.0,,0.0
1785322203.519992,08:00:27:a5:9e:2d,0,0,,,0,0.0,0,0.0,0.0,,0.0
1785322208.519992,08:00:27:5a:87:bc,0,0,,,0,0.0,0,0.0,0.0,,0.0
1785322208.519992,08:00:27:8a:0d:75,0,0,,,0,0.0,0,0.0,0.0,,0.0
1785322208.519992,08:00:27:a5:9e:2d,0,0,,,0,0.0,0,0.0,0.0,,0.0
1785322213.519992,08:00:27:5a:87:bc,0,0,,,0,0.0,0,0.0,0.0,,0.0
1785322213.519992,08:00:27:8a:0d:75,0,0,,,0,0.0,0,0.0,0.0,,0.0
1785322213.519992,08:00:27:a5:9e:2d,0,0,,,0,0.0,0,0.0,0.0,,0.0
1785322218.519992,08:00:27:5a:87:bc,0,0,,,0,0.0,0,0.0,0.0,,0.0
1785322218.519992,08:00:27:8a:0d:75,0,0,,,0,0.0,0,0.0,0.0,,0.0
1785322218.519992,08:00:27:a5:9e:2d,0,0,,,0,0.0,0,0.0,0.0,,0.0
1785322223.519992,08:00:27:5a:87:bc,0,0,,,0,0.0,0,0.0,0.0,,0.0
1785322223.519992,08:00:27:8a:0d:75,0,0,,,0,0.0,0,0.0,0.0,,0.0
1785322223.519992,08:00:27:a5:9e:2d,0,0,,,0,0.0,0,0.0,0.0,,0.0
1785322228.519992,08:00:27:5a:87:bc,0,0,,,0,0.0,0,0.0,0.0,,0.0
1785322228.519992,08:00:27:8a:0d:75,0,0,,,0,0.0,0,0.0,0.0,,0.0
1785322228.519992,08:00:27:a5:9e:2d,0,0,,,0,0.0,0,0.0,0.0,,0.0
1785322233.519992,08:00:27:5a:87:bc,0,0,,,0,0.0,0,0.0,0.0,,0.0
1785322233.519992,08:00:27:8a:0d:75,0,0,,,0,0.0,0,0.0,0.0,,0.0
1785322233.519992,08:00:27:a5:9e:2d,0,0,,,0,0.0,0,0.0,0.0,,0.0
1785322238.519992,08:00:27:5a:87:bc,0,0,,,0,0.0,0,0.0,0.0,,0.0
1785322238.519992,08:00:27:8a:0d:75,0,0,,,0,0.0,0,0.0,0.0,,0.0
1785322238.519992,08:00:27:a5:9e:2d,0,0,,,0,0.0,0,0.0,0.0,,0.0
1785322243.519992,08:00:27:5a:87:bc,0,0,,,0,0.0,0,0.0,0.0,,0.0
1785322243.519992,08:00:27:8a:0d:75,0,0,,,0,0.0,0,0.0,0.0,,0.0
1785322243.519992,08:00:27:a5:9e:2d,0,0,,,0,0.0,0,0.0,0.0,,0.0
1785322248.519992,08:00:27:5a:87:bc,0,0,,,0,0.0,0,0.0,0.0,,0.0
1785322248.519992,08:00:27:8a:0d:75,0,0,,,0,0.0,0,0.0,0.0,,0.0
1785322248.519992,08:00:27:a5:9e:2d,0,0,,,0,0.0,0,0.0,0.0,,0.0
1785322253.519992,08:00:27:5a:87:bc,0,0,,,0,0.0,0,0.0,0.0,,0.0
1785322253.519992,08:00:27:8a:0d:75,0,0,,,0,0.0,0,0.0,0.0,,0.0
1785322253.519992,08:00:27:a5:9e:2d,0,0,,,0,0.0,0,0.0,0.0,,0.0
1785322258.519992,08:00:27:5a:87:bc,0,0,,,0,0.0,0,0.0,0.0,,0.0
1785322258.519992,08:00:27:8a:0d:75,0,0,,,0,0.0,0,0.0,0.0,,0.0
1785322258.519992,08:00:27:a5:9e:2d,0,0,,,0,0.0,0,0.0,0.0,,0.0
1785322263.519992,08:00:27:5a:87:bc,0,0,,,0,0.0,0,0.0,0.0,,0.0
1785322263.519992,08:00:27:8a:0d:75,0,0,,,0,0.0,0,0.0,0.0,,0.0
1785322263.519992,08:00:27:a5:9e:2d,0,0,,,0,0.0,0,0.0,0.0,,0.0
1785322268.519992,08:00:27:5a:87:bc,0,0,,,0,0.0,0,0.0,0.0,,0.0
1785322268.519992,08:00:27:8a:0d:75,0,0,,,0,0.0,0,0.0,0.0,,0.0
1785322268.519992,08:00:27:a5:9e:2d,0,0,,,0,0.0,0,0.0,0.0,,0.0
1785322273.519992,08:00:27:5a:87:bc,0,0,,,0,0.0,0,0.0,0.0,,0.0
1785322273.519992,08:00:27:8a:0d:75,0,0,,,0,0.0,0,0.0,0.0,,0.0
1785322273.519992,08:00:27:a5:9e:2d,0,0,,,0,0.0,0,0.0,0.0,,0.0
1785322278.519992,08:00:27:5a:87:bc,0,0,,,0,0.0,0,0.0,0.0,,0.0
1785322278.519992,08:00:27:8a:0d:75,0,0,,,0,0.0,0,0.0,0.0,,0.0
1785322278.519992,08:00:27:a5:9e:2d,0,0,,,0,0.0,0,0.0,0.0,,0.0
1785322283.519992,08:00:27:5a:87:bc,0,0,,,0,0.0,0,0.0,0.0,,0.0
1785322283.519992,08:00:27:8a:0d:75,0,0,,,0,0.0,0,0.0,0.0,,0.0
1785322283.519992,08:00:27:a5:9e:2d,0,0,,,0,0.0,0,0.0,0.0,,0.0
1785322288.519992,08:00:27:5a:87:bc,0,0,,,0,0.0,0,0.0,0.0,,0.0
1785322288.519992,08:00:27:8a:0d:75,0,0,,,0,0.0,0,0.0,0.0,,0.0
1785322288.519992,08:00:27:a5:9e:2d,0,0,,,0,0.0,0,0.0,0.0,,0.0
1785322293.519992,08:00:27:5a:87:bc,0,0,,,0,0.0,0,0.0,0.0,,0.0
1785322293.519992,08:00:27:8a:0d:75,0,0,,,0,0.0,0,0.0,0.0,,0.0
1785322293.519992,08:00:27:a5:9e:2d,0,0,,,0,0.0,0,0.0,0.0,,0.0
1785322298.519992,08:00:27:5a:87:bc,0,0,,,0,0.0,0,0.0,0.0,,0.0
1785322298.519992,08:00:27:8a:0d:75,0,0,,,0,0.0,0,0.0,0.0,,0.0
1785322298.519992,08:00:27:a5:9e:2d,0,0,,,0,0.0,0,0.0,0.0,,0.0
1785322303.519992,08:00:27:5a:87:bc,0,0,,,0,0.0,0,0.0,0.0,,0.0
1785322303.519992,08:00:27:8a:0d:75,0,0,,,0,0.0,0,0.0,0.0,,0.0
1785322303.519992,08:00:27:a5:9e:2d,0,0,,,0,0.0,0,0.0,0.0,,0.0
1785322308.519992,08:00:27:5a:87:bc,0,0,,,0,0.0,0,0.0,0.0,,0.0
1785322308.519992,08:00:27:8a:0d:75,0,0,,,0,0.0,0,0.0,0.0,,0.0
1785322308.519992,08:00:27:a5:9e:2d,0,0,,,0,0.0,0,0.0,0.0,,0.0
1785322313.519992,08:00:27:5a:87:bc,0,0,,,0,0.0,0,0.0,0.0,,0.0
1785322313.519992,08:00:27:8a:0d:75,0,0,,,0,0.0,0,0.0,0.0,,0.0
1785322313.519992,08:00:27:a5:9e:2d,0,0,,,0,0.0,0,0.0,0.0,,0.0
1785322318.519992,08:00:27:5a:87:bc,0,0,,,0,0.0,0,0.0,0.0,,0.0
1785322318.519992,08:00:27:8a:0d:75,0,0,,,0,0.0,0,0.0,0.0,,0.0
1785322318.519992,08:00:27:a5:9e:2d,0,0,,,0,0.0,0,0.0,0.0,,0.0
1785322323.519992,08:00:27:5a:87:bc,0,0,,,0,0.0,0,0.0,0.0,,0.0
1785322323.519992,08:00:27:8a:0d:75,0,0,,,0,0.0,0,0.0,0.0,,0.0
1785322323.519992,08:00:27:a5:9e:2d,0,0,,,0,0.0,0,0.0,0.0,,0.0
1785322328.519992,08:00:27:5a:87:bc,0,0,,,0,0.0,0,0.0,0.0,,0.0
1785322328.519992,08:00:27:8a:0d:75,0,0,,,0,0.0,0,0.0,0.0,,0.0
1785322328.519992,08:00:27:a5:9e:2d,0,0,,,0,0.0,0,0.0,0.0,,0.0
1785322333.519992,08:00:27:5a:87:bc,0,0,,,0,0.0,0,0.0,0.0,,0.0
1785322333.519992,08:00:27:8a:0d:75,0,0,,,0,0.0,0,0.0,0.0,,0.0
1785322333.519992,08:00:27:a5:9e:2d,0,0,,,0,0.0,0,0.0,0.0,,0.0
1785322338.519992,08:00:27:5a:87:bc,0,0,,,0,0.0,0,0.0,0.0,,0.0
1785322338.519992,08:00:27:8a:0d:75,0,0,,,0,0.0,0,0.0,0.0,,0.0
1785322338.519992,08:00:27:a5:9e:2d,0,0,,,0,0.0,0,0.0,0.0,,0.0
1785322343.519992,08:00:27:5a:87:bc,0,0,,,0,0.0,0,0.0,0.0,,0.0
1785322343.519992,08:00:27:8a:0d:75,0,0,,,0,0.0,0,0.0,0.0,,0.0
1785322343.519992,08:00:27:a5:9e:2d,0,0,,,0,0.0,0,0.0,0.0,,0.0
1785322348.519992,08:00:27:5a:87:bc,0,0,,,0,0.0,0,0.0,0.0,,0.0
1785322348.519992,08:00:27:8a:0d:75,0,0,,,0,0.0,0,0.0,0.0,,0.0
1785322348.519992,08:00:27:a5:9e:2d,0,0,,,0,0.0,0,0.0,0.0,,0.0
1785322353.519992,08:00:27:5a:87:bc,0,0,,,0,0.0,0,0.0,0.0,,0.0
1785322353.519992,08:00:27:8a:0d:75,0,0,,,0,0.0,0,0.0,0.0,,0.0
1785322353.519992,08:00:27:a5:9e:2d,0,0,,,0,0.0,0,0.0,0.0,,0.0
1785322358.519992,08:00:27:5a:87:bc,0,0,,,0,0.0,0,0.0,0.0,,0.0
1785322358.519992,08:00:27:8a:0d:75,0,0,,,0,0.0,0,0.0,0.0,,0.0
1785322358.519992,08:00:27:a5:9e:2d,0,0,,,0,0.0,0,0.0,0.0,,0.0
1785322363.519992,08:00:27:5a:87:bc,0,0,,,0,0.0,0,0.0,0.0,,0.0
1785322363.519992,08:00:27:8a:0d:75,0,0,,,0,0.0,0,0.0,0.0,,0.0
1785322363.519992,08:00:27:a5:9e:2d,0,0,,,0,0.0,0,0.0,0.0,,0.0
1785322368.519992,08:00:27:5a:87:bc,0,0,,,0,0.0,0,0.0,0.0,,0.0
1785322368.519992,08:00:27:8a:0d:75,0,0,,,0,0.0,0,0.0,0.0,,0.0
1785322368.519992,08:00:27:a5:9e:2d,0,0,,,0,0.0,0,0.0,0.0,,0.0
1785322373.519992,08:00:27:5a:87:bc,0,0,,,0,0.0,0,0.0,0.0,,0.0
1785322373.519992,08:00:27:8a:0d:75,0,0,,,0,0.0,0,0.0,0.0,,0.0
1785322373.519992,08:00:27:a5:9e:2d,0,0,,,0,0.0,0,0.0,0.0,,0.0
1785322378.519992,08:00:27:5a:87:bc,0,0,,,0,0.0,0,0.0,0.0,,0.0
1785322378.519992,08:00:27:8a:0d:75,0,0,,,0,0.0,0,0.0,0.0,,0.0
1785322378.519992,08:00:27:a5:9e:2d,0,0,,,0,0.0,0,0.0,0.0,,0.0
1785322383.519992,08:00:27:5a:87:bc,0,0,,,0,0.0,0,0.0,0.0,,0.0
1785322383.519992,08:00:27:8a:0d:75,0,0,,,0,0.0,0,0.0,0.0,,0.0
1785322383.519992,08:00:27:a5:9e:2d,0,0,,,0,0.0,0,0.0,0.0,,0.0
1785322388.519992,08:00:27:5a:87:bc,0,0,,,0,0.0,0,0.0,0.0,,0.0
1785322388.519992,08:00:27:8a:0d:75,0,0,,,0,0.0,0,0.0,0.0,,0.0
1785322388.519992,08:00:27:a5:9e:2d,0,0,,,0,0.0,0,0.0,0.0,,0.0
1785322393.519992,08:00:27:5a:87:bc,0,0,,,0,0.0,0,0.0,0.0,,0.0
1785322393.519992,08:00:27:8a:0d:75,0,0,,,0,0.0,0,0.0,0.0,,0.0
1785322393.519992,08:00:27:a5:9e:2d,0,0,,,0,0.0,0,0.0,0.0,,0.0
1785322398.519992,08:00:27:5a:87:bc,0,0,,,0,0.0,0,0.0,0.0,,0.0
1785322398.519992,08:00:27:8a:0d:75,0,0,,,0,0.0,0,0.0,0.0,,0.0
1785322398.519992,08:00:27:a5:9e:2d,0,0,,,0,0.0,0,0.0,0.0,,0.0
1785322403.519992,08:00:27:5a:87:bc,0,0,,,0,0.0,0,0.0,0.0,,0.0
1785322403.519992,08:00:27:8a:0d:75,0,0,,,0,0.0,0,0.0,0.0,,0.0
1785322403.519992,08:00:27:a5:9e:2d,0,0,,,0,0.0,0,0.0,0.0,,0.0
1785322408.519992,08:00:27:5a:87:bc,0,0,,,0,0.0,0,0.0,0.0,,0.0
1785322408.519992,08:00:27:8a:0d:75,0,0,,,0,0.0,0,0.0,0.0,,0.0
1785322408.519992,08:00:27:a5:9e:2d,0,0,,,0,0.0,0,0.0,0.0,,0.0
1785322413.519992,08:00:27:5a:87:bc,0,0,,,0,0.0,0,0.0,0.0,,0.0
1785322413.519992,08:00:27:8a:0d:75,0,0,,,0,0.0,0,0.0,0.0,,0.0
1785322413.519992,08:00:27:a5:9e:2d,0,0,,,0,0.0,0,0.0,0.0,,0.0
1785322418.519992,08:00:27:5a:87:bc,0,0,,,0,0.0,0,0.0,0.0,,0.0
1785322418.519992,08:00:27:8a:0d:75,0,0,,,0,0.0,0,0.0,0.0,,0.0
1785322418.519992,08:00:27:a5:9e:2d,0,0,,,0,0.0,0,0.0,0.0,,0.0
1785322423.519992,08:00:27:5a:87:bc,0,0,,,0,0.0,0,0.0,0.0,,0.0
1785322423.519992,08:00:27:8a:0d:75,0,0,,,0,0.0,0,0.0,0.0,,0.0
1785322423.519992,08:00:27:a5:9e:2d,0,0,,,0,0.0,0,0.0,0.0,,0.0
1785322428.519992,08:00:27:5a:87:bc,0,0,,,0,0.0,0,0.0,0.0,,0.0
1785322428.519992,08:00:27:8a:0d:75,0,0,,,0,0.0,0,0.0,0.0,,0.0
1785322428.519992,08:00:27:a5:9e:2d,0,0,,,0,0.0,0,0.0,0.0,,0.0
1785322433.519992,08:00:27:5a:87:bc,0,0,,,0,0.0,0,0.0,0.0,,0.0
1785322433.519992,08:00:27:8a:0d:75,0,0,,,0,0.0,0,0.0,0.0,,0.0
1785322433.519992,08:00:27:a5:9e:2d,0,0,,,0,0.0,0,0.0,0.0,,0.0
1785322438.519992,08:00:27:5a:87:bc,0,0,,,0,0.0,0,0.0,0.0,,0.0
1785322438.519992,08:00:27:8a:0d:75,0,0,,,0,0.0,0,0.0,0.0,,0.0
1785322438.519992,08:00:27:a5:9e:2d,0,0,,,0,0.0,0,0.0,0.0,,0.0
1785322443.519992,08:00:27:5a:87:bc,0,0,,,0,0.0,0,0.0,0.0,,0.0
1785322443.519992,08:00:27:8a:0d:75,0,0,,,0,0.0,0,0.0,0.0,,0.0
1785322443.519992,08:00:27:a5:9e:2d,0,0,,,0,0.0,0,0.0,0.0,,0.0
1785322448.519992,08:00:27:5a:87:bc,0,0,,,0,0.0,0,0.0,0.0,,0.0
1785322448.519992,08:00:27:8a:0d:75,0,0,,,0,0.0,0,0.0,0.0,,0.0
1785322448.519992,08:00:27:a5:9e:2d,0,0,,,0,0.0,0,0.0,0.0,,0.0
1785322453.519992,08:00:27:5a:87:bc,0,0,,,0,0.0,0,0.0,0.0,,0.0
1785322453.519992,08:00:27:8a:0d:75,0,0,,,0,0.0,0,0.0,0.0,,0.0
1785322453.519992,08:00:27:a5:9e:2d,0,0,,,0,0.0,0,0.0,0.0,,0.0
1785322458.519992,08:00:27:5a:87:bc,0,0,,,0,0.0,0,0.0,0.0,,0.0
1785322458.519992,08:00:27:8a:0d:75,0,0,,,0,0.0,0,0.0,0.0,,0.0
1785322458.519992,08:00:27:a5:9e:2d,0,0,,,0,0.0,0,0.0,0.0,,0.0
1785322463.519992,08:00:27:5a:87:bc,0,0,,,0,0.0,0,0.0,0.0,,0.0
1785322463.519992,08:00:27:8a:0d:75,0,0,,,0,0.0,0,0.0,0.0,,0.0
1785322463.519992,08:00:27:a5:9e:2d,0,0,,,0,0.0,0,0.0,0.0,,0.0
1785322468.519992,08:00:27:5a:87:bc,0,0,,,0,0.0,0,0.0,0.0,,0.0
1785322468.519992,08:00:27:8a:0d:75,0,0,,,0,0.0,0,0.0,0.0,,0.0
1785322468.519992,08:00:27:a5:9e:2d,0,0,,,0,0.0,0,0.0,0.0,,0.0
1785322473.519992,08:00:27:5a:87:bc,0,0,,,0,0.0,0,0.0,0.0,,0.0
1785322473.519992,08:00:27:8a:0d:75,0,0,,,0,0.0,0,0.0,0.0,,0.0
1785322473.519992,08:00:27:a5:9e:2d,0,0,,,0,0.0,0,0.0,0.0,,0.0
1785322478.519992,08:00:27:5a:87:bc,0,0,,,0,0.0,0,0.0,0.0,,0.0
1785322478.519992,08:00:27:8a:0d:75,0,0,,,0,0.0,0,0.0,0.0,,0.0
1785322478.519992,08:00:27:a5:9e:2d,0,0,,,0,0.0,0,0.0,0.0,,0.0
1785322483.519992,08:00:27:5a:87:bc,0,0,,,0,0.0,0,0.0,0.0,,0.0
1785322483.519992,08:00:27:8a:0d:75,0,0,,,0,0.0,0,0.0,0.0,,0.0
1785322483.519992,08:00:27:a5:9e:2d,0,0,,,0,0.0,0,0.0,0.0,,0.0
1785322488.519992,08:00:27:5a:87:bc,0,0,,,0,0.0,0,0.0,0.0,,0.0
1785322488.519992,08:00:27:8a:0d:75,0,0,,,0,0.0,0,0.0,0.0,,0.0
1785322488.519992,08:00:27:a5:9e:2d,0,0,,,0,0.0,0,0.0,0.0,,0.0
1785322493.519992,08:00:27:5a:87:bc,0,0,,,0,0.0,0,0.0,0.0,,0.0
1785322493.519992,08:00:27:8a:0d:75,0,0,,,0,0.0,0,0.0,0.0,,0.0
1785322493.519992,08:00:27:a5:9e:2d,0,0,,,0,0.0,0,0.0,0.0,,0.0
1785322498.519992,08:00:27:5a:87:bc,0,0,,,0,0.0,0,0.0,0.0,,0.0
1785322498.519992,08:00:27:8a:0d:75,0,0,,,0,0.0,0,0.0,0.0,,0.0
1785322498.519992,08:00:27:a5:9e:2d,0,0,,,0,0.0,0,0.0,0.0,,0.0
1785322503.519992,08:00:27:5a:87:bc,0,0,,,0,0.0,0,0.0,0.0,,0.0
1785322503.519992,08:00:27:8a:0d:75,0,0,,,0,0.0,0,0.0,0.0,,0.0
1785322503.519992,08:00:27:a5:9e:2d,0,0,,,0,0.0,0,0.0,0.0,,0.0
1785322508.519992,08:00:27:5a:87:bc,0,0,,,0,0.0,0,0.0,0.0,,0.0
1785322508.519992,08:00:27:8a:0d:75,0,0,,,0,0.0,0,0.0,0.0,,0.0
1785322508.519992,08:00:27:a5:9e:2d,0,0,,,0,0.0,0,0.0,0.0,,0.0
1785322513.519992,08:00:27:5a:87:bc,0,0,,,0,0.0,0,0.0,0.0,,0.0
1785322513.519992,08:00:27:8a:0d:75,0,0,,,0,0.0,0,0.0,0.0,,0.0
1785322513.519992,08:00:27:a5:9e:2d,0,0,,,0,0.0,0,0.0,0.0,,0.0
1785322518.519992,08:00:27:5a:87:bc,0,0,,,0,0.0,0,0.0,0.0,,0.0
1785322518.519992,08:00:27:8a:0d:75,0,0,,,0,0.0,0,0.0,0.0,,0.0
1785322518.519992,08:00:27:a5:9e:2d,0,0,,,0,0.0,0,0.0,0.0,,0.0
1785322523.519992,08:00:27:5a:87:bc,0,0,,,0,0.0,0,0.0,0.0,,0.0
1785322523.519992,08:00:27:8a:0d:75,0,0,,,0,0.0,0,0.0,0.0,,0.0
1785322523.519992,08:00:27:a5:9e:2d,0,0,,,0,0.0,0,0.0,0.0,,0.0
1785322528.519992,08:00:27:5a:87:bc,0,0,,,0,0.0,0,0.0,0.0,,0.0
1785322528.519992,08:00:27:8a:0d:75,0,0,,,0,0.0,0,0.0,0.0,,0.0
1785322528.519992,08:00:27:a5:9e:2d,0,0,,,0,0.0,0,0.0,0.0,,0.0
1785322533.519992,08:00:27:5a:87:bc,0,0,,,0,0.0,0,0.0,0.0,,0.0
1785322533.519992,08:00:27:8a:0d:75,0,0,,,0,0.0,0,0.0,0.0,,0.0
1785322533.519992,08:00:27:a5:9e:2d,0,0,,,0,0.0,0,0.0,0.0,,0.0
1785322538.519992,08:00:27:5a:87:bc,0,0,,,0,0.0,0,0.0,0.0,,0.0
1785322538.519992,08:00:27:8a:0d:75,0,0,,,0,0.0,0,0.0,0.0,,0.0
1785322538.519992,08:00:27:a5:9e:2d,0,0,,,0,0.0,0,0.0,0.0,,0.0
1785322543.519992,08:00:27:5a:87:bc,0,0,,,0,0.0,0,0.0,0.0,,0.0
1785322543.519992,08:00:27:8a:0d:75,0,0,,,0,0.0,0,0.0,0.0,,0.0
1785322543.519992,08:00:27:a5:9e:2d,0,0,,,0,0.0,0,0.0,0.0,,0.0
1785322548.519992,08:00:27:5a:87:bc,0,0,,,0,0.0,0,0.0,0.0,,0.0
1785322548.519992,08:00:27:8a:0d:75,0,0,,,0,0.0,0,0.0,0.0,,0.0
1785322548.519992,08:00:27:a5:9e:2d,0,0,,,0,0.0,0,0.0,0.0,,0.0
1785322553.519992,08:00:27:5a:87:bc,0,0,,,0,0.0,0,0.0,0.0,,0.0
1785322553.519992,08:00:27:8a:0d:75,0,0,,,0,0.0,0,0.0,0.0,,0.0
1785322553.519992,08:00:27:a5:9e:2d,0,0,,,0,0.0,0,0.0,0.0,,0.0
1785322558.519992,08:00:27:5a:87:bc,0,0,,,0,0.0,0,0.0,0.0,,0.0
1785322558.519992,08:00:27:8a:0d:75,0,0,,,0,0.0,0,0.0,0.0,,0.0
1785322558.519992,08:00:27:a5:9e:2d,0,0,,,0,0.0,0,0.0,0.0,,0.0
1785322563.519992,08:00:27:5a:87:bc,0,0,,,0,0.0,0,0.0,0.0,,0.0
1785322563.519992,08:00:27:8a:0d:75,0,0,,,0,0.0,0,0.0,0.0,,0.0
1785322563.519992,08:00:27:a5:9e:2d,0,0,,,0,0.0,0,0.0,0.0,,0.0
1785322568.519992,08:00:27:5a:87:bc,0,0,,,0,0.0,0,0.0,0.0,,0.0
1785322568.519992,08:00:27:8a:0d:75,0,0,,,0,0.0,0,0.0,0.0,,0.0
1785322568.519992,08:00:27:a5:9e:2d,0,0,,,0,0.0,0,0.0,0.0,,0.0
1785322573.519992,08:00:27:5a:87:bc,0,0,,,0,0.0,0,0.0,0.0,,0.0
1785322573.519992,08:00:27:8a:0d:75,0,0,,,0,0.0,0,0.0,0.0,,0.0
1785322573.519992,08:00:27:a5:9e:2d,0,0,,,0,0.0,0,0.0,0.0,,0.0
1785322578.519992,08:00:27:5a:87:bc,0,0,,,0,0.0,0,0.0,0.0,,0.0
1785322578.519992,08:00:27:8a:0d:75,0,0,,,0,0.0,0,0.0,0.0,,0.0
1785322578.519992,08:00:27:a5:9e:2d,0,0,,,0,0.0,0,0.0,0.0,,0.0
1785322583.519992,08:00:27:5a:87:bc,0,0,,,0,0.0,0,0.0,0.0,,0.0
1785322583.519992,08:00:27:8a:0d:75,0,0,,,0,0.0,0,0.0,0.0,,0.0
1785322583.519992,08:00:27:a5:9e:2d,0,0,,,0,0.0,0,0.0,0.0,,0.0
1785322588.519992,08:00:27:5a:87:bc,0,0,,,0,0.0,0,0.0,0.0,,0.0
1785322588.519992,08:00:27:8a:0d:75,0,0,,,0,0.0,0,0.0,0.0,,0.0
1785322588.519992,08:00:27:a5:9e:2d,0,0,,,0,0.0,0,0.0,0.0,,0.0
1785322593.519992,08:00:27:5a:87:bc,0,0,,,0,0.0,0,0.0,0.0,,0.0
1785322593.519992,08:00:27:8a:0d:75,0,0,,,0,0.0,0,0.0,0.0,,0.0
1785322593.519992,08:00:27:a5:9e:2d,0,0,,,0,0.0,0,0.0,0.0,,0.0
1785322598.519992,08:00:27:5a:87:bc,0,0,,,0,0.0,0,0.0,0.0,,0.0
1785322598.519992,08:00:27:8a:0d:75,0,0,,,0,0.0,0,0.0,0.0,,0.0
1785322598.519992,08:00:27:a5:9e:2d,0,0,,,0,0.0,0,0.0,0.0,,0.0
1785322603.519992,08:00:27:5a:87:bc,0,0,,,0,0.0,0,0.0,0.0,,0.0
1785322603.519992,08:00:27:8a:0d:75,0,0,,,0,0.0,0,0.0,0.0,,0.0
1785322603.519992,08:00:27:a5:9e:2d,0,0,,,0,0.0,0,0.0,0.0,,0.0
1785322608.519992,08:00:27:5a:87:bc,0,0,,,0,0.0,0,0.0,0.0,,0.0
1785322608.519992,08:00:27:8a:0d:75,0,0,,,0,0.0,0,0.0,0.0,,0.0
1785322608.519992,08:00:27:a5:9e:2d,0,0,,,0,0.0,0,0.0,0.0,,0.0
1785322613.519992,08:00:27:5a:87:bc,0,0,,,0,0.0,0,0.0,0.0,,0.0
1785322613.519992,08:00:27:8a:0d:75,0,0,,,0,0.0,0,0.0,0.0,,0.0
1785322613.519992,08:00:27:a5:9e:2d,0,0,,,0,0.0,0,0.0,0.0,,0.0
1785322618.519992,08:00:27:5a:87:bc,0,0,,,0,0.0,0,0.0,0.0,,0.0
1785322618.519992,08:00:27:8a:0d:75,0,0,,,0,0.0,0,0.0,0.0,,0.0
1785322618.519992,08:00:27:a5:9e:2d,0,0,,,0,0.0,0,0.0,0.0,,0.0
1785322623.519992,08:00:27:5a:87:bc,0,0,,,0,0.0,0,0.0,0.0,,0.0
1785322623.519992,08:00:27:8a:0d:75,0,0,,,0,0.0,0,0.0,0.0,,0.0
1785322623.519992,08:00:27:a5:9e:2d,0,0,,,0,0.0,0,0.0,0.0,,0.0
1785322628.519992,08:00:27:5a:87:bc,0,0,,,0,0.0,0,0.0,0.0,,0.0
1785322628.519992,08:00:27:8a:0d:75,0,0,,,0,0.0,0,0.0,0.0,,0.0
1785322628.519992,08:00:27:a5:9e:2d,0,0,,,0,0.0,0,0.0,0.0,,0.0
1785322633.519992,08:00:27:5a:87:bc,0,0,,,0,0.0,0,0.0,0.0,,0.0
1785322633.519992,08:00:27:8a:0d:75,0,0,,,0,0.0,0,0.0,0.0,,0.0
1785322633.519992,08:00:27:a5:9e:2d,0,0,,,0,0.0,0,0.0,0.0,,0.0
1785322638.519992,08:00:27:5a:87:bc,0,0,,,0,0.0,0,0.0,0.0,,0.0
1785322638.519992,08:00:27:8a:0d:75,0,0,,,0,0.0,0,0.0,0.0,,0.0
1785322638.519992,08:00:27:a5:9e:2d,0,0,,,0,0.0,0,0.0,0.0,,0.0
1785322643.519992,08:00:27:5a:87:bc,0,0,,,0,0.0,0,0.0,0.0,,0.0
1785322643.519992,08:00:27:8a:0d:75,0,0,,,0,0.0,0,0.0,0.0,,0.0
1785322643.519992,08:00:27:a5:9e:2d,0,0,,,0,0.0,0,0.0,0.0,,0.0
1785322648.519992,08:00:27:5a:87:bc,0,0,,,0,0.0,0,0.0,0.0,,0.0
1785322648.519992,08:00:27:8a:0d:75,0,0,,,0,0.0,0,0.0,0.0,,0.0
1785322648.519992,08:00:27:a5:9e:2d,0,0,,,0,0.0,0,0.0,0.0,,0.0
1785322653.519992,08:00:27:5a:87:bc,0,0,,,0,0.0,0,0.0,0.0,,0.0
1785322653.519992,08:00:27:8a:0d:75,0,0,,,0,0.0,0,0.0,0.0,,0.0
1785322653.519992,08:00:27:a5:9e:2d,0,0,,,0,0.0,0,0.0,0.0,,0.0
1785322658.519992,08:00:27:5a:87:bc,0,0,,,0,0.0,0,0.0,0.0,,0.0
1785322658.519992,08:00:27:8a:0d:75,0,0,,,0,0.0,0,0.0,0.0,,0.0
1785322658.519992,08:00:27:a5:9e:2d,0,0,,,0,0.0,0,0.0,0.0,,0.0
1785322663.519992,08:00:27:5a:87:bc,0,0,,,0,0.0,0,0.0,0.0,,0.0
1785322663.519992,08:00:27:8a:0d:75,0,0,,,0,0.0,0,0.0,0.0,,0.0
1785322663.519992,08:00:27:a5:9e:2d,0,0,,,0,0.0,0,0.0,0.0,,0.0
1785322668.519992,08:00:27:5a:87:bc,0,0,,,0,0.0,0,0.0,0.0,,0.0
1785322668.519992,08:00:27:8a:0d:75,0,0,,,0,0.0,0,0.0,0.0,,0.0
1785322668.519992,08:00:27:a5:9e:2d,0,0,,,0,0.0,0,0.0,0.0,,0.0
1785322673.519992,08:00:27:5a:87:bc,0,0,,,0,0.0,0,0.0,0.0,,0.0
1785322673.519992,08:00:27:8a:0d:75,0,0,,,0,0.0,0,0.0,0.0,,0.0
1785322673.519992,08:00:27:a5:9e:2d,0,0,,,0,0.0,0,0.0,0.0,,0.0
1785322678.519992,08:00:27:5a:87:bc,0,0,,,0,0.0,0,0.0,0.0,,0.0
1785322678.519992,08:00:27:8a:0d:75,0,0,,,0,0.0,0,0.0,0.0,,0.0
1785322678.519992,08:00:27:a5:9e:2d,0,0,,,0,0.0,0,0.0,0.0,,0.0
1785322683.519992,08:00:27:5a:87:bc,0,0,,,0,0.0,0,0.0,0.0,,0.0
1785322683.519992,08:00:27:8a:0d:75,0,0,,,0,0.0,0,0.0,0.0,,0.0
1785322683.519992,08:00:27:a5:9e:2d,0,0,,,0,0.0,0,0.0,0.0,,0.0
1785322688.519992,08:00:27:5a:87:bc,0,0,,,0,0.0,0,0.0,0.0,,0.0
1785322688.519992,08:00:27:8a:0d:75,0,0,,,0,0.0,0,0.0,0.0,,0.0
1785322688.519992,08:00:27:a5:9e:2d,0,0,,,0,0.0,0,0.0,0.0,,0.0
1785322693.519992,08:00:27:5a:87:bc,0,0,,,0,0.0,0,0.0,0.0,,0.0
1785322693.519992,08:00:27:8a:0d:75,0,0,,,0,0.0,0,0.0,0.0,,0.0
1785322693.519992,08:00:27:a5:9e:2d,0,0,,,0,0.0,0,0.0,0.0,,0.0
1785322698.519992,08:00:27:5a:87:bc,0,0,,,0,0.0,0,0.0,0.0,,0.0
1785322698.519992,08:00:27:8a:0d:75,0,0,,,0,0.0,0,0.0,0.0,,0.0
1785322698.519992,08:00:27:a5:9e:2d,0,0,,,0,0.0,0,0.0,0.0,,0.0
1785322703.519992,08:00:27:5a:87:bc,0,0,,,0,0.0,0,0.0,0.0,,0.0
1785322703.519992,08:00:27:8a:0d:75,0,0,,,0,0.0,0,0.0,0.0,,0.0
1785322703.519992,08:00:27:a5:9e:2d,0,0,,,0,0.0,0,0.0,0.0,,0.0
1785322708.519992,08:00:27:5a:87:bc,0,0,,,0,0.0,0,0.0,0.0,,0.0
1785322708.519992,08:00:27:8a:0d:75,0,0,,,0,0.0,0,0.0,0.0,,0.0
1785322708.519992,08:00:27:a5:9e:2d,0,0,,,0,0.0,0,0.0,0.0,,0.0
1785322713.519992,08:00:27:5a:87:bc,0,0,,,0,0.0,0,0.0,0.0,,0.0
1785322713.519992,08:00:27:8a:0d:75,0,0,,,0,0.0,0,0.0,0.0,,0.0
1785322713.519992,08:00:27:a5:9e:2d,0,0,,,0,0.0,0,0.0,0.0,,0.0
1785322718.519992,08:00:27:5a:87:bc,0,0,,,0,0.0,0,0.0,0.0,,0.0
1785322718.519992,08:00:27:8a:0d:75,0,0,,,0,0.0,0,0.0,0.0,,0.0
1785322718.519992,08:00:27:a5:9e:2d,0,0,,,0,0.0,0,0.0,0.0,,0.0
1785322723.519992,08:00:27:5a:87:bc,0,0,,,0,0.0,0,0.0,0.0,,0.0
1785322723.519992,08:00:27:8a:0d:75,0,0,,,0,0.0,0,0.0,0.0,,0.0
1785322723.519992,08:00:27:a5:9e:2d,0,0,,,0,0.0,0,0.0,0.0,,0.0
1785322728.519992,08:00:27:5a:87:bc,0,0,,,0,0.0,0,0.0,0.0,,0.0
1785322728.519992,08:00:27:8a:0d:75,0,0,,,0,0.0,0,0.0,0.0,,0.0
1785322728.519992,08:00:27:a5:9e:2d,0,0,,,0,0.0,0,0.0,0.0,,0.0
1785322733.519992,08:00:27:5a:87:bc,0,0,,,0,0.0,0,0.0,0.0,,0.0
1785322733.519992,08:00:27:8a:0d:75,0,0,,,0,0.0,0,0.0,0.0,,0.0
1785322733.519992,08:00:27:a5:9e:2d,0,0,,,0,0.0,0,0.0,0.0,,0.0
1785322738.519992,08:00:27:5a:87:bc,0,0,,,0,0.0,0,0.0,0.0,,0.0
1785322738.519992,08:00:27:8a:0d:75,0,0,,,0,0.0,0,0.0,0.0,,0.0
1785322738.519992,08:00:27:a5:9e:2d,0,0,,,0,0.0,0,0.0,0.0,,0.0
1785322743.519992,08:00:27:5a:87:bc,0,0,,,0,0.0,0,0.0,0.0,,0.0
1785322743.519992,08:00:27:8a:0d:75,0,0,,,0,0.0,0,0.0,0.0,,0.0
1785322743.519992,08:00:27:a5:9e:2d,0,0,,,0,0.0,0,0.0,0.0,,0.0
1785322748.519992,08:00:27:5a:87:bc,0,0,,,0,0.0,0,0.0,0.0,,0.0
1785322748.519992,08:00:27:8a:0d:75,0,0,,,0,0.0,0,0.0,0.0,,0.0
1785322748.519992,08:00:27:a5:9e:2d,0,0,,,0,0.0,0,0.0,0.0,,0.0
1785322753.519992,08:00:27:5a:87:bc,0,0,,,0,0.0,0,0.0,0.0,,0.0
1785322753.519992,08:00:27:8a:0d:75,0,0,,,0,0.0,0,0.0,0.0,,0.0
1785322753.519992,08:00:27:a5:9e:2d,0,0,,,0,0.0,0,0.0,0.0,,0.0
1785322758.519992,08:00:27:5a:87:bc,0,0,,,0,0.0,0,0.0,0.0,,0.0
1785322758.519992,08:00:27:8a:0d:75,0,0,,,0,0.0,0,0.0,0.0,,0.0
1785322758.519992,08:00:27:a5:9e:2d,0,0,,,0,0.0,0,0.0,0.0,,0.0
1785322763.519992,08:00:27:5a:87:bc,0,0,,,0,0.0,0,0.0,0.0,,0.0
1785322763.519992,08:00:27:8a:0d:75,0,0,,,0,0.0,0,0.0,0.0,,0.0
1785322763.519992,08:00:27:a5:9e:2d,0,0,,,0,0.0,0,0.0,0.0,,0.0
1785322768.519992,08:00:27:5a:87:bc,0,0,,,0,0.0,0,0.0,0.0,,0.0
1785322768.519992,08:00:27:8a:0d:75,0,0,,,0,0.0,0,0.0,0.0,,0.0
1785322768.519992,08:00:27:a5:9e:2d,0,0,,,0,0.0,0,0.0,0.0,,0.0
1785322773.519992,08:00:27:5a:87:bc,0,0,,,0,0.0,0,0.0,0.0,,0.0
1785322773.519992,08:00:27:8a:0d:75,0,0,,,0,0.0,0,0.0,0.0,,0.0
1785322773.519992,08:00:27:a5:9e:2d,0,0,,,0,0.0,0,0.0,0.0,,0.0
1785322778.519992,08:00:27:5a:87:bc,0,0,,,0,0.0,0,0.0,0.0,,0.0
1785322778.519992,08:00:27:8a:0d:75,0,0,,,0,0.0,0,0.0,0.0,,0.0
1785322778.519992,08:00:27:a5:9e:2d,0,0,,,0,0.0,0,0.0,0.0,,0.0
1785322783.519992,08:00:27:5a:87:bc,0,0,,,0,0.0,0,0.0,0.0,,0.0
1785322783.519992,08:00:27:8a:0d:75,0,0,,,0,0.0,0,0.0,0.0,,0.0
1785322783.519992,08:00:27:a5:9e:2d,0,0,,,0,0.0,0,0.0,0.0,,0.0
1785322788.519992,08:00:27:5a:87:bc,0,0,,,0,0.0,0,0.0,0.0,,0.0
1785322788.519992,08:00:27:8a:0d:75,0,0,,,0,0.0,0,0.0,0.0,,0.0
1785322788.519992,08:00:27:a5:9e:2d,0,0,,,0,0.0,0,0.0,0.0,,0.0
1785322793.519992,08:00:27:5a:87:bc,0,0,,,0,0.0,0,0.0,0.0,,0.0
1785322793.519992,08:00:27:8a:0d:75,0,0,,,0,0.0,0,0.0,0.0,,0.0
1785322793.519992,08:00:27:a5:9e:2d,0,0,,,0,0.0,0,0.0,0.0,,0.0
1785322798.519992,08:00:27:5a:87:bc,0,0,,,0,0.0,0,0.0,0.0,,0.0
1785322798.519992,08:00:27:8a:0d:75,0,0,,,0,0.0,0,0.0,0.0,,0.0
1785322798.519992,08:00:27:a5:9e:2d,0,0,,,0,0.0,0,0.0,0.0,,0.0
1785322803.519992,08:00:27:5a:87:bc,0,0,,,0,0.0,0,0.0,0.0,,0.0
1785322803.519992,08:00:27:8a:0d:75,0,0,,,0,0.0,0,0.0,0.0,,0.0
1785322803.519992,08:00:27:a5:9e:2d,0,0,,,0,0.0,0,0.0,0.0,,0.0
1785322808.519992,08:00:27:5a:87:bc,0,0,,,0,0.0,0,0.0,0.0,,0.0
1785322808.519992,08:00:27:8a:0d:75,0,0,,,0,0.0,0,0.0,0.0,,0.0
1785322808.519992,08:00:27:a5:9e:2d,0,0,,,0,0.0,0,0.0,0.0,,0.0
1785322813.519992,08:00:27:5a:87:bc,0,0,,,0,0.0,0,0.0,0.0,,0.0
1785322813.519992,08:00:27:8a:0d:75,0,0,,,0,0.0,0,0.0,0.0,,0.0
1785322813.519992,08:00:27:a5:9e:2d,0,0,,,0,0.0,0,0.0,0.0,,0.0
1785322818.519992,08:00:27:5a:87:bc,0,0,,,0,0.0,0,0.0,0.0,,0.0
1785322818.519992,08:00:27:8a:0d:75,0,0,,,0,0.0,0,0.0,0.0,,0.0
1785322818.519992,08:00:27:a5:9e:2d,0,0,,,0,0.0,0,0.0,0.0,,0.0
1785322823.519992,08:00:27:5a:87:bc,0,0,,,0,0.0,0,0.0,0.0,,0.0
1785322823.519992,08:00:27:8a:0d:75,0,0,,,0,0.0,0,0.0,0.0,,0.0
1785322823.519992,08:00:27:a5:9e:2d,0,0,,,0,0.0,0,0.0,0.0,,0.0
1785322828.519992,08:00:27:5a:87:bc,0,0,,,0,0.0,0,0.0,0.0,,0.0
1785322828.519992,08:00:27:8a:0d:75,0,0,,,0,0.0,0,0.0,0.0,,0.0
1785322828.519992,08:00:27:a5:9e:2d,0,0,,,0,0.0,0,0.0,0.0,,0.0
1785322833.519992,08:00:27:5a:87:bc,0,0,,,0,0.0,0,0.0,0.0,,0.0
1785322833.519992,08:00:27:8a:0d:75,0,0,,,0,0.0,0,0.0,0.0,,0.0
1785322833.519992,08:00:27:a5:9e:2d,0,0,,,0,0.0,0,0.0,0.0,,0.0
1785322838.519992,08:00:27:5a:87:bc,0,0,,,0,0.0,0,0.0,0.0,,0.0
1785322838.519992,08:00:27:8a:0d:75,0,0,,,0,0.0,0,0.0,0.0,,0.0
1785322838.519992,08:00:27:a5:9e:2d,0,0,,,0,0.0,0,0.0,0.0,,0.0
1785322843.519992,08:00:27:5a:87:bc,0,0,,,0,0.0,0,0.0,0.0,,0.0
1785322843.519992,08:00:27:8a:0d:75,0,0,,,0,0.0,0,0.0,0.0,,0.0
1785322843.519992,08:00:27:a5:9e:2d,0,0,,,0,0.0,0,0.0,0.0,,0.0
1785322848.519992,08:00:27:5a:87:bc,0,0,,,0,0.0,0,0.0,0.0,,0.0
1785322848.519992,08:00:27:8a:0d:75,0,0,,,0,0.0,0,0.0,0.0,,0.0
1785322848.519992,08:00:27:a5:9e:2d,0,0,,,0,0.0,0,0.0,0.0,,0.0
1785322853.519992,08:00:27:5a:87:bc,0,0,,,0,0.0,0,0.0,0.0,,0.0
1785322853.519992,08:00:27:8a:0d:75,0,0,,,0,0.0,0,0.0,0.0,,0.0
1785322853.519992,08:00:27:a5:9e:2d,0,0,,,0,0.0,0,0.0,0.0,,0.0
1785322858.519992,08:00:27:5a:87:bc,0,0,,,0,0.0,0,0.0,0.0,,0.0
1785322858.519992,08:00:27:8a:0d:75,0,0,,,0,0.0,0,0.0,0.0,,0.0
1785322858.519992,08:00:27:a5:9e:2d,0,0,,,0,0.0,0,0.0,0.0,,0.0
1785322863.519992,08:00:27:5a:87:bc,0,0,,,0,0.0,0,0.0,0.0,,0.0
1785322863.519992,08:00:27:8a:0d:75,0,0,,,0,0.0,0,0.0,0.0,,0.0
1785322863.519992,08:00:27:a5:9e:2d,0,0,,,0,0.0,0,0.0,0.0,,0.0
1785322868.519992,08:00:27:5a:87:bc,0,0,,,0,0.0,0,0.0,0.0,,0.0
1785322868.519992,08:00:27:8a:0d:75,0,0,,,0,0.0,0,0.0,0.0,,0.0
1785322868.519992,08:00:27:a5:9e:2d,0,0,,,0,0.0,0,0.0,0.0,,0.0
1785322873.519992,08:00:27:5a:87:bc,0,0,,,0,0.0,0,0.0,0.0,,0.0
1785322873.519992,08:00:27:8a:0d:75,0,0,,,0,0.0,0,0.0,0.0,,0.0
1785322873.519992,08:00:27:a5:9e:2d,0,0,,,0,0.0,0,0.0,0.0,,0.0
1785322878.519992,08:00:27:5a:87:bc,0,0,,,0,0.0,0,0.0,0.0,,0.0
1785322878.519992,08:00:27:8a:0d:75,0,0,,,0,0.0,0,0.0,0.0,,0.0
1785322878.519992,08:00:27:a5:9e:2d,0,0,,,0,0.0,0,0.0,0.0,,0.0
1785322883.519992,08:00:27:5a:87:bc,0,0,,,0,0.0,0,0.0,0.0,,0.0
1785322883.519992,08:00:27:8a:0d:75,0,0,,,0,0.0,0,0.0,0.0,,0.0
1785322883.519992,08:00:27:a5:9e:2d,0,0,,,0,0.0,0,0.0,0.0,,0.0
1785322888.519992,08:00:27:5a:87:bc,0,0,,,0,0.0,0,0.0,0.0,,0.0
1785322888.519992,08:00:27:8a:0d:75,0,0,,,0,0.0,0,0.0,0.0,,0.0
1785322888.519992,08:00:27:a5:9e:2d,0,0,,,0,0.0,0,0.0,0.0,,0.0
1785322893.519992,08:00:27:5a:87:bc,0,0,,,0,0.0,0,0.0,0.0,,0.0
1785322893.519992,08:00:27:8a:0d:75,0,0,,,0,0.0,0,0.0,0.0,,0.0
1785322893.519992,08:00:27:a5:9e:2d,0,0,,,0,0.0,0,0.0,0.0,,0.0
1785322898.519992,08:00:27:5a:87:bc,0,0,,,0,0.0,0,0.0,0.0,,0.0
1785322898.519992,08:00:27:8a:0d:75,0,0,,,0,0.0,0,0.0,0.0,,0.0
1785322898.519992,08:00:27:a5:9e:2d,0,0,,,0,0.0,0,0.0,0.0,,0.0
1785322903.519992,08:00:27:5a:87:bc,0,0,,,0,0.0,0,0.0,0.0,,0.0
1785322903.519992,08:00:27:8a:0d:75,0,0,,,0,0.0,0,0.0,0.0,,0.0
1785322903.519992,08:00:27:a5:9e:2d,0,0,,,0,0.0,0,0.0,0.0,,0.0
1785322908.519992,08:00:27:5a:87:bc,0,0,,,0,0.0,0,0.0,0.0,,0.0
1785322908.519992,08:00:27:8a:0d:75,0,0,,,0,0.0,0,0.0,0.0,,0.0
1785322908.519992,08:00:27:a5:9e:2d,0,0,,,0,0.0,0,0.0,0.0,,0.0
1785322913.519992,08:00:27:5a:87:bc,0,0,,,0,0.0,0,0.0,0.0,,0.0
1785322913.519992,08:00:27:8a:0d:75,0,0,,,0,0.0,0,0.0,0.0,,0.0
1785322913.519992,08:00:27:a5:9e:2d,0,0,,,0,0.0,0,0.0,0.0,,0.0
1785322918.519992,08:00:27:5a:87:bc,0,0,,,0,0.0,0,0.0,0.0,,0.0
1785322918.519992,08:00:27:8a:0d:75,0,0,,,0,0.0,0,0.0,0.0,,0.0
1785322918.519992,08:00:27:a5:9e:2d,0,0,,,0,0.0,0,0.0,0.0,,0.0
1785322923.519992,08:00:27:5a:87:bc,0,0,,,0,0.0,0,0.0,0.0,,0.0
1785322923.519992,08:00:27:8a:0d:75,0,0,,,0,0.0,0,0.0,0.0,,0.0
1785322923.519992,08:00:27:a5:9e:2d,0,0,,,0,0.0,0,0.0,0.0,,0.0
1785322928.519992,08:00:27:5a:87:bc,0,0,,,0,0.0,0,0.0,0.0,,0.0
1785322928.519992,08:00:27:8a:0d:75,0,0,,,0,0.0,0,0.0,0.0,,0.0
1785322928.519992,08:00:27:a5:9e:2d,0,0,,,0,0.0,0,0.0,0.0,,0.0
1785322933.519992,08:00:27:5a:87:bc,0,0,,,0,0.0,0,0.0,0.0,,0.0
1785322933.519992,08:00:27:8a:0d:75,0,0,,,0,0.0,0,0.0,0.0,,0.0
1785322933.519992,08:00:27:a5:9e:2d,0,0,,,0,0.0,0,0.0,0.0,,0.0
1785322938.519992,08:00:27:5a:87:bc,0,0,,,0,0.0,0,0.0,0.0,,0.0
1785322938.519992,08:00:27:8a:0d:75,0,0,,,0,0.0,0,0.0,0.0,,0.0
1785322938.519992,08:00:27:a5:9e:2d,0,0,,,0,0.0,0,0.0,0.0,,0.0
1785322943.519992,08:00:27:5a:87:bc,0,0,,,0,0.0,0,0.0,0.0,,0.0
1785322943.519992,08:00:27:8a:0d:75,0,0,,,0,0.0,0,0.0,0.0,,0.0
1785322943.519992,08:00:27:a5:9e:2d,0,0,,,0,0.0,0,0.0,0.0,,0.0
1785322948.519992,08:00:27:5a:87:bc,0,0,,,0,0.0,0,0.0,0.0,,0.0
1785322948.519992,08:00:27:8a:0d:75,0,0,,,0,0.0,0,0.0,0.0,,0.0
1785322948.519992,08:00:27:a5:9e:2d,0,0,,,0,0.0,0,0.0,0.0,,0.0
1785322953.519992,08:00:27:5a:87:bc,0,0,,,0,0.0,0,0.0,0.0,,0.0
1785322953.519992,08:00:27:8a:0d:75,0,0,,,0,0.0,0,0.0,0.0,,0.0
1785322953.519992,08:00:27:a5:9e:2d,0,0,,,0,0.0,0,0.0,0.0,,0.0
1785322958.519992,08:00:27:5a:87:bc,0,0,,,0,0.0,0,0.0,0.0,,0.0
1785322958.519992,08:00:27:8a:0d:75,0,0,,,0,0.0,0,0.0,0.0,,0.0
1785322958.519992,08:00:27:a5:9e:2d,0,0,,,0,0.0,0,0.0,0.0,,0.0
1785322963.519992,08:00:27:5a:87:bc,0,0,,,0,0.0,0,0.0,0.0,,0.0
1785322963.519992,08:00:27:8a:0d:75,0,0,,,0,0.0,0,0.0,0.0,,0.0
1785322963.519992,08:00:27:a5:9e:2d,0,0,,,0,0.0,0,0.0,0.0,,0.0
1785322968.519992,08:00:27:5a:87:bc,0,0,,,0,0.0,0,0.0,0.0,,0.0
1785322968.519992,08:00:27:8a:0d:75,0,0,,,0,0.0,0,0.0,0.0,,0.0
1785322968.519992,08:00:27:a5:9e:2d,0,0,,,0,0.0,0,0.0,0.0,,0.0
1785322973.519992,08:00:27:5a:87:bc,0,0,,,0,0.0,0,0.0,0.0,,0.0
1785322973.519992,08:00:27:8a:0d:75,0,0,,,0,0.0,0,0.0,0.0,,0.0
1785322973.519992,08:00:27:a5:9e:2d,0,0,,,0,0.0,0,0.0,0.0,,0.0
1785322978.519992,08:00:27:5a:87:bc,0,0,,,0,0.0,0,0.0,0.0,,0.0
1785322978.519992,08:00:27:8a:0d:75,0,0,,,0,0.0,0,0.0,0.0,,0.0
1785322978.519992,08:00:27:a5:9e:2d,0,0,,,0,0.0,0,0.0,0.0,,0.0
1785322983.519992,08:00:27:5a:87:bc,0,0,,,0,0.0,0,0.0,0.0,,0.0
1785322983.519992,08:00:27:8a:0d:75,0,0,,,0,0.0,0,0.0,0.0,,0.0
1785322983.519992,08:00:27:a5:9e:2d,0,0,,,0,0.0,0,0.0,0.0,,0.0
1785322988.519992,08:00:27:5a:87:bc,0,0,,,0,0.0,0,0.0,0.0,,0.0
1785322988.519992,08:00:27:8a:0d:75,0,0,,,0,0.0,0,0.0,0.0,,0.0
1785322988.519992,08:00:27:a5:9e:2d,0,0,,,0,0.0,0,0.0,0.0,,0.0
1785322993.519992,08:00:27:5a:87:bc,0,0,,,0,0.0,0,0.0,0.0,,0.0
1785322993.519992,08:00:27:8a:0d:75,0,0,,,0,0.0,0,0.0,0.0,,0.0
1785322993.519992,08:00:27:a5:9e:2d,0,0,,,0,0.0,0,0.0,0.0,,0.0
1785322998.519992,08:00:27:5a:87:bc,0,0,,,0,0.0,0,0.0,0.0,,0.0
1785322998.519992,08:00:27:8a:0d:75,0,0,,,0,0.0,0,0.0,0.0,,0.0
1785322998.519992,08:00:27:a5:9e:2d,0,0,,,0,0.0,0,0.0,0.0,,0.0
1785323003.519992,08:00:27:5a:87:bc,0,0,,,0,0.0,0,0.0,0.0,,0.0
1785323003.519992,08:00:27:8a:0d:75,0,0,,,0,0.0,0,0.0,0.0,,0.0
1785323003.519992,08:00:27:a5:9e:2d,0,0,,,0,0.0,0,0.0,0.0,,0.0
1785323008.519992,08:00:27:5a:87:bc,0,0,,,0,0.0,0,0.0,0.0,,0.0
1785323008.519992,08:00:27:8a:0d:75,0,0,,,0,0.0,0,0.0,0.0,,0.0
1785323008.519992,08:00:27:a5:9e:2d,0,0,,,0,0.0,0,0.0,0.0,,0.0
1785323013.519992,08:00:27:5a:87:bc,0,0,,,0,0.0,0,0.0,0.0,,0.0
1785323013.519992,08:00:27:8a:0d:75,0,0,,,0,0.0,0,0.0,0.0,,0.0
1785323013.519992,08:00:27:a5:9e:2d,0,0,,,0,0.0,0,0.0,0.0,,0.0
1785323018.519992,08:00:27:5a:87:bc,0,0,,,0,0.0,0,0.0,0.0,,0.0
1785323018.519992,08:00:27:8a:0d:75,0,0,,,0,0.0,0,0.0,0.0,,0.0
1785323018.519992,08:00:27:a5:9e:2d,0,0,,,0,0.0,0,0.0,0.0,,0.0
1785323023.519992,08:00:27:5a:87:bc,0,0,,,0,0.0,0,0.0,0.0,,0.0
1785323023.519992,08:00:27:8a:0d:75,0,0,,,0,0.0,0,0.0,0.0,,0.0
1785323023.519992,08:00:27:a5:9e:2d,0,0,,,0,0.0,0,0.0,0.0,,0.0
1785323028.519992,08:00:27:5a:87:bc,0,0,,,0,0.0,0,0.0,0.0,,0.0
1785323028.519992,08:00:27:8a:0d:75,0,0,,,0,0.0,0,0.0,0.0,,0.0
1785323028.519992,08:00:27:a5:9e:2d,0,0,,,0,0.0,0,0.0,0.0,,0.0
1785323033.519992,08:00:27:5a:87:bc,0,0,,,0,0.0,0,0.0,0.0,,0.0
1785323033.519992,08:00:27:8a:0d:75,0,0,,,0,0.0,0,0.0,0.0,,0.0
1785323033.519992,08:00:27:a5:9e:2d,0,0,,,0,0.0,0,0.0,0.0,,0.0
1785323038.519992,08:00:27:5a:87:bc,0,0,,,0,0.0,0,0.0,0.0,,0.0
1785323038.519992,08:00:27:8a:0d:75,0,0,,,0,0.0,0,0.0,0.0,,0.0
1785323038.519992,08:00:27:a5:9e:2d,0,0,,,0,0.0,0,0.0,0.0,,0.0
1785323043.519992,08:00:27:5a:87:bc,0,0,,,0,0.0,0,0.0,0.0,,0.0
1785323043.519992,08:00:27:8a:0d:75,0,0,,,0,0.0,0,0.0,0.0,,0.0
1785323043.519992,08:00:27:a5:9e:2d,0,0,,,0,0.0,0,0.0,0.0,,0.0
1785323048.519992,08:00:27:5a:87:bc,0,0,,,0,0.0,0,0.0,0.0,,0.0
1785323048.519992,08:00:27:8a:0d:75,0,0,,,0,0.0,0,0.0,0.0,,0.0
1785323048.519992,08:00:27:a5:9e:2d,0,0,,,0,0.0,0,0.0,0.0,,0.0
1785323053.519992,08:00:27:5a:87:bc,0,0,,,0,0.0,0,0.0,0.0,,0.0
1785323053.519992,08:00:27:8a:0d:75,0,0,,,0,0.0,0,0.0,0.0,,0.0
1785323053.519992,08:00:27:a5:9e:2d,0,0,,,0,0.0,0,0.0,0.0,,0.0
1785323058.519992,08:00:27:5a:87:bc,0,0,,,0,0.0,0,0.0,0.0,,0.0
1785323058.519992,08:00:27:8a:0d:75,0,0,,,0,0.0,0,0.0,0.0,,0.0
1785323058.519992,08:00:27:a5:9e:2d,0,0,,,0,0.0,0,0.0,0.0,,0.0
1785323063.519992,08:00:27:5a:87:bc,0,0,,,0,0.0,0,0.0,0.0,,0.0
1785323063.519992,08:00:27:8a:0d:75,0,0,,,0,0.0,0,0.0,0.0,,0.0
1785323063.519992,08:00:27:a5:9e:2d,0,0,,,0,0.0,0,0.0,0.0,,0.0
1785323068.519992,08:00:27:5a:87:bc,0,0,,,0,0.0,0,0.0,0.0,,0.0
1785323068.519992,08:00:27:8a:0d:75,0,0,,,0,0.0,0,0.0,0.0,,0.0
1785323068.519992,08:00:27:a5:9e:2d,0,0,,,0,0.0,0,0.0,0.0,,0.0
1785323073.519992,08:00:27:5a:87:bc,0,0,,,0,0.0,0,0.0,0.0,,0.0
1785323073.519992,08:00:27:8a:0d:75,0,0,,,0,0.0,0,0.0,0.0,,0.0
1785323073.519992,08:00:27:a5:9e:2d,0,0,,,0,0.0,0,0.0,0.0,,0.0
1785323078.519992,08:00:27:5a:87:bc,0,0,,,0,0.0,0,0.0,0.0,,0.0
1785323078.519992,08:00:27:8a:0d:75,0,0,,,0,0.0,0,0.0,0.0,,0.0
1785323078.519992,08:00:27:a5:9e:2d,0,0,,,0,0.0,0,0.0,0.0,,0.0
1785323083.519992,08:00:27:5a:87:bc,0,0,,,0,0.0,0,0.0,0.0,,0.0
1785323083.519992,08:00:27:8a:0d:75,0,0,,,0,0.0,0,0.0,0.0,,0.0
1785323083.519992,08:00:27:a5:9e:2d,0,0,,,0,0.0,0,0.0,0.0,,0.0
1785323088.519992,08:00:27:5a:87:bc,0,0,,,0,0.0,0,0.0,0.0,,0.0
1785323088.519992,08:00:27:8a:0d:75,0,0,,,0,0.0,0,0.0,0.0,,0.0
1785323088.519992,08:00:27:a5:9e:2d,0,0,,,0,0.0,0,0.0,0.0,,0.0
1785323093.519992,08:00:27:5a:87:bc,0,0,,,0,0.0,0,0.0,0.0,,0.0
1785323093.519992,08:00:27:8a:0d:75,0,0,,,0,0.0,0,0.0,0.0,,0.0
1785323093.519992,08:00:27:a5:9e:2d,0,0,,,0,0.0,0,0.0,0.0,,0.0
1785323098.519992,08:00:27:5a:87:bc,0,0,,,0,0.0,0,0.0,0.0,,0.0
1785323098.519992,08:00:27:8a:0d:75,0,0,,,0,0.0,0,0.0,0.0,,0.0
1785323098.519992,08:00:27:a5:9e:2d,0,0,,,0,0.0,0,0.0,0.0,,0.0
1785323103.519992,08:00:27:5a:87:bc,0,0,,,0,0.0,0,0.0,0.0,,0.0
1785323103.519992,08:00:27:8a:0d:75,0,0,,,0,0.0,0,0.0,0.0,,0.0
1785323103.519992,08:00:27:a5:9e:2d,0,0,,,0,0.0,0,0.0,0.0,,0.0
1785323108.519992,08:00:27:5a:87:bc,0,0,,,0,0.0,0,0.0,0.0,,0.0
1785323108.519992,08:00:27:8a:0d:75,0,0,,,0,0.0,0,0.0,0.0,,0.0
1785323108.519992,08:00:27:a5:9e:2d,0,0,,,0,0.0,0,0.0,0.0,,0.0
1785323113.519992,08:00:27:5a:87:bc,0,0,,,0,0.0,0,0.0,0.0,,0.0
1785323113.519992,08:00:27:8a:0d:75,0,0,,,0,0.0,0,0.0,0.0,,0.0
1785323113.519992,08:00:27:a5:9e:2d,0,0,,,0,0.0,0,0.0,0.0,,0.0
1785323118.519992,08:00:27:5a:87:bc,0,0,,,0,0.0,0,0.0,0.0,,0.0
1785323118.519992,08:00:27:8a:0d:75,0,0,,,0,0.0,0,0.0,0.0,,0.0
1785323118.519992,08:00:27:a5:9e:2d,0,0,,,0,0.0,0,0.0,0.0,,0.0
1785323123.519992,08:00:27:5a:87:bc,0,0,,,0,0.0,0,0.0,0.0,,0.0
1785323123.519992,08:00:27:8a:0d:75,0,0,,,0,0.0,0,0.0,0.0,,0.0
1785323123.519992,08:00:27:a5:9e:2d,0,0,,,0,0.0,0,0.0,0.0,,0.0
1785323128.519992,08:00:27:5a:87:bc,0,0,,,0,0.0,0,0.0,0.0,,0.0
1785323128.519992,08:00:27:8a:0d:75,0,0,,,0,0.0,0,0.0,0.0,,0.0
1785323128.519992,08:00:27:a5:9e:2d,0,0,,,0,0.0,0,0.0,0.0,,0.0
1785323133.519992,08:00:27:5a:87:bc,0,0,,,0,0.0,0,0.0,0.0,,0.0
1785323133.519992,08:00:27:8a:0d:75,0,0,,,0,0.0,0,0.0,0.0,,0.0
1785323133.519992,08:00:27:a5:9e:2d,0,0,,,0,0.0,0,0.0,0.0,,0.0
1785323138.519992,08:00:27:5a:87:bc,0,0,,,0,0.0,0,0.0,0.0,,0.0
1785323138.519992,08:00:27:8a:0d:75,0,0,,,0,0.0,0,0.0,0.0,,0.0
1785323138.519992,08:00:27:a5:9e:2d,0,0,,,0,0.0,0,0.0,0.0,,0.0
1785323143.519992,08:00:27:5a:87:bc,0,0,,,0,0.0,0,0.0,0.0,,0.0
1785323143.519992,08:00:27:8a:0d:75,0,0,,,0,0.0,0,0.0,0.0,,0.0
1785323143.519992,08:00:27:a5:9e:2d,0,0,,,0,0.0,0,0.0,0.0,,0.0
1785323148.519992,08:00:27:5a:87:bc,0,0,,,0,0.0,0,0.0,0.0,,0.0
1785323148.519992,08:00:27:8a:0d:75,0,0,,,0,0.0,0,0.0,0.0,,0.0
1785323148.519992,08:00:27:a5:9e:2d,0,0,,,0,0.0,0,0.0,0.0,,0.0
1785323153.519992,08:00:27:5a:87:bc,0,0,,,0,0.0,0,0.0,0.0,,0.0
1785323153.519992,08:00:27:8a:0d:75,0,0,,,0,0.0,0,0.0,0.0,,0.0
1785323153.519992,08:00:27:a5:9e:2d,0,0,,,0,0.0,0,0.0,0.0,,0.0
1785323158.519992,08:00:27:5a:87:bc,0,0,,,0,0.0,0,0.0,0.0,,0.0
1785323158.519992,08:00:27:8a:0d:75,0,0,,,0,0.0,0,0.0,0.0,,0.0
1785323158.519992,08:00:27:a5:9e:2d,0,0,,,0,0.0,0,0.0,0.0,,0.0
1785323163.519992,08:00:27:5a:87:bc,0,0,,,0,0.0,0,0.0,0.0,,0.0
1785323163.519992,08:00:27:8a:0d:75,0,0,,,0,0.0,0,0.0,0.0,,0.0
1785323163.519992,08:00:27:a5:9e:2d,0,0,,,0,0.0,0,0.0,0.0,,0.0
1785323168.519992,08:00:27:5a:87:bc,0,0,,,0,0.0,0,0.0,0.0,,0.0
1785323168.519992,08:00:27:8a:0d:75,0,0,,,0,0.0,0,0.0,0.0,,0.0
1785323168.519992,08:00:27:a5:9e:2d,0,0,,,0,0.0,0,0.0,0.0,,0.0
1785323173.519992,08:00:27:5a:87:bc,0,0,,,0,0.0,0,0.0,0.0,,0.0
1785323173.519992,08:00:27:8a:0d:75,0,0,,,0,0.0,0,0.0,0.0,,0.0
1785323173.519992,08:00:27:a5:9e:2d,0,0,,,0,0.0,0,0.0,0.0,,0.0
1785323178.519992,08:00:27:5a:87:bc,0,0,,,0,0.0,0,0.0,0.0,,0.0
1785323178.519992,08:00:27:8a:0d:75,0,0,,,0,0.0,0,0.0,0.0,,0.0
1785323178.519992,08:00:27:a5:9e:2d,0,0,,,0,0.0,0,0.0,0.0,,0.0
1785323183.519992,08:00:27:5a:87:bc,0,0,,,0,0.0,0,0.0,0.0,,0.0
1785323183.519992,08:00:27:8a:0d:75,0,0,,,0,0.0,0,0.0,0.0,,0.0
1785323183.519992,08:00:27:a5:9e:2d,0,0,,,0,0.0,0,0.0,0.0,,0.0
1785323188.519992,08:00:27:5a:87:bc,0,0,,,0,0.0,0,0.0,0.0,,0.0
1785323188.519992,08:00:27:8a:0d:75,0,0,,,0,0.0,0,0.0,0.0,,0.0
1785323188.519992,08:00:27:a5:9e:2d,0,0,,,0,0.0,0,0.0,0.0,,0.0
1785323193.519992,08:00:27:5a:87:bc,0,0,,,0,0.0,0,0.0,0.0,,0.0
1785323193.519992,08:00:27:8a:0d:75,0,0,,,0,0.0,0,0.0,0.0,,0.0
1785323193.519992,08:00:27:a5:9e:2d,0,0,,,0,0.0,0,0.0,0.0,,0.0
1785323198.519992,08:00:27:5a:87:bc,0,0,,,0,0.0,0,0.0,0.0,,0.0
1785323198.519992,08:00:27:8a:0d:75,0,0,,,0,0.0,0,0.0,0.0,,0.0
1785323198.519992,08:00:27:a5:9e:2d,0,0,,,0,0.0,0,0.0,0.0,,0.0
1785323203.519992,08:00:27:5a:87:bc,0,0,,,0,0.0,0,0.0,0.0,,0.0
1785323203.519992,08:00:27:8a:0d:75,0,0,,,0,0.0,0,0.0,0.0,,0.0
1785323203.519992,08:00:27:a5:9e:2d,0,0,,,0,0.0,0,0.0,0.0,,0.0
1785323208.519992,08:00:27:5a:87:bc,0,0,,,0,0.0,0,0.0,0.0,,0.0
1785323208.519992,08:00:27:8a:0d:75,0,0,,,0,0.0,0,0.0,0.0,,0.0
1785323208.519992,08:00:27:a5:9e:2d,0,0,,,0,0.0,0,0.0,0.0,,0.0
1785323213.519992,08:00:27:5a:87:bc,0,0,,,0,0.0,0,0.0,0.0,,0.0
1785323213.519992,08:00:27:8a:0d:75,0,0,,,0,0.0,0,0.0,0.0,,0.0
1785323213.519992,08:00:27:a5:9e:2d,0,0,,,0,0.0,0,0.0,0.0,,0.0
1785323218.519992,08:00:27:5a:87:bc,0,0,,,0,0.0,0,0.0,0.0,,0.0
1785323218.519992,08:00:27:8a:0d:75,0,0,,,0,0.0,0,0.0,0.0,,0.0
1785323218.519992,08:00:27:a5:9e:2d,0,0,,,0,0.0,0,0.0,0.0,,0.0
1785323223.519992,08:00:27:5a:87:bc,0,0,,,0,0.0,0,0.0,0.0,,0.0
1785323223.519992,08:00:27:8a:0d:75,0,0,,,0,0.0,0,0.0,0.0,,0.0
1785323223.519992,08:00:27:a5:9e:2d,0,0,,,0,0.0,0,0.0,0.0,,0.0
1785323228.519992,08:00:27:5a:87:bc,0,0,,,0,0.0,0,0.0,0.0,,0.0
1785323228.519992,08:00:27:8a:0d:75,0,0,,,0,0.0,0,0.0,0.0,,0.0
1785323228.519992,08:00:27:a5:9e:2d,0,0,,,0,0.0,0,0.0,0.0,,0.0
1785323233.519992,08:00:27:5a:87:bc,0,0,,,0,0.0,0,0.0,0.0,,0.0
1785323233.519992,08:00:27:8a:0d:75,0,0,,,0,0.0,0,0.0,0.0,,0.0
1785323233.519992,08:00:27:a5:9e:2d,0,0,,,0,0.0,0,0.0,0.0,,0.0
1785323238.519992,08:00:27:5a:87:bc,0,0,,,0,0.0,0,0.0,0.0,,0.0
1785323238.519992,08:00:27:8a:0d:75,0,0,,,0,0.0,0,0.0,0.0,,0.0
1785323238.519992,08:00:27:a5:9e:2d,0,0,,,0,0.0,0,0.0,0.0,,0.0
1785323243.519992,08:00:27:5a:87:bc,0,0,,,0,0.0,0,0.0,0.0,,0.0
1785323243.519992,08:00:27:8a:0d:75,0,0,,,0,0.0,0,0.0,0.0,,0.0
1785323243.519992,08:00:27:a5:9e:2d,0,0,,,0,0.0,0,0.0,0.0,,0.0
1785323248.519992,08:00:27:5a:87:bc,0,0,,,0,0.0,0,0.0,0.0,,0.0
1785323248.519992,08:00:27:8a:0d:75,0,0,,,0,0.0,0,0.0,0.0,,0.0
1785323248.519992,08:00:27:a5:9e:2d,0,0,,,0,0.0,0,0.0,0.0,,0.0
1785323253.519992,08:00:27:5a:87:bc,0,0,,,0,0.0,0,0.0,0.0,,0.0
1785323253.519992,08:00:27:8a:0d:75,0,0,,,0,0.0,0,0.0,0.0,,0.0
1785323253.519992,08:00:27:a5:9e:2d,0,0,,,0,0.0,0,0.0,0.0,,0.0
1785323258.519992,08:00:27:5a:87:bc,0,0,,,0,0.0,0,0.0,0.0,,0.0
1785323258.519992,08:00:27:8a:0d:75,0,0,,,0,0.0,0,0.0,0.0,,0.0
1785323258.519992,08:00:27:a5:9e:2d,0,0,,,0,0.0,0,0.0,0.0,,0.0
1785323263.519992,08:00:27:5a:87:bc,0,0,,,0,0.0,0,0.0,0.0,,0.0
1785323263.519992,08:00:27:8a:0d:75,0,0,,,0,0.0,0,0.0,0.0,,0.0
1785323263.519992,08:00:27:a5:9e:2d,0,0,,,0,0.0,0,0.0,0.0,,0.0
1785323268.519992,08:00:27:5a:87:bc,0,0,,,0,0.0,0,0.0,0.0,,0.0
1785323268.519992,08:00:27:8a:0d:75,0,0,,,0,0.0,0,0.0,0.0,,0.0
1785323268.519992,08:00:27:a5:9e:2d,0,0,,,0,0.0,0,0.0,0.0,,0.0
1785323273.519992,08:00:27:5a:87:bc,0,0,,,0,0.0,0,0.0,0.0,,0.0
1785323273.519992,08:00:27:8a:0d:75,0,0,,,0,0.0,0,0.0,0.0,,0.0
1785323273.519992,08:00:27:a5:9e:2d,0,0,,,0,0.0,0,0.0,0.0,,0.0
1785323278.519992,08:00:27:5a:87:bc,0,0,,,0,0.0,0,0.0,0.0,,0.0
1785323278.519992,08:00:27:8a:0d:75,0,0,,,0,0.0,0,0.0,0.0,,0.0
1785323278.519992,08:00:27:a5:9e:2d,0,0,,,0,0.0,0,0.0,0.0,,0.0
1785323283.519992,08:00:27:5a:87:bc,0,0,,,0,0.0,0,0.0,0.0,,0.0
1785323283.519992,08:00:27:8a:0d:75,0,0,,,0,0.0,0,0.0,0.0,,0.0
1785323283.519992,08:00:27:a5:9e:2d,0,0,,,0,0.0,0,0.0,0.0,,0.0
1785323288.519992,08:00:27:5a:87:bc,0,0,,,0,0.0,0,0.0,0.0,,0.0
1785323288.519992,08:00:27:8a:0d:75,0,0,,,0,0.0,0,0.0,0.0,,0.0
1785323288.519992,08:00:27:a5:9e:2d,0,0,,,0,0.0,0,0.0,0.0,,0.0
1785323293.519992,08:00:27:5a:87:bc,0,0,,,0,0.0,0,0.0,0.0,,0.0
1785323293.519992,08:00:27:8a:0d:75,0,0,,,0,0.0,0,0.0,0.0,,0.0
1785323293.519992,08:00:27:a5:9e:2d,0,0,,,0,0.0,0,0.0,0.0,,0.0
1785323298.519992,08:00:27:5a:87:bc,0,0,,,0,0.0,0,0.0,0.0,,0.0
1785323298.519992,08:00:27:8a:0d:75,0,0,,,0,0.0,0,0.0,0.0,,0.0
1785323298.519992,08:00:27:a5:9e:2d,0,0,,,0,0.0,0,0.0,0.0,,0.0
1785323303.519992,08:00:27:5a:87:bc,0,0,,,0,0.0,0,0.0,0.0,,0.0
1785323303.519992,08:00:27:8a:0d:75,0,0,,,0,0.0,0,0.0,0.0,,0.0
1785323303.519992,08:00:27:a5:9e:2d,0,0,,,0,0.0,0,0.0,0.0,,0.0
1785323308.519992,08:00:27:5a:87:bc,0,0,,,0,0.0,0,0.0,0.0,,0.0
1785323308.519992,08:00:27:8a:0d:75,0,0,,,0,0.0,0,0.0,0.0,,0.0
1785323308.519992,08:00:27:a5:9e:2d,0,0,,,0,0.0,0,0.0,0.0,,0.0
1785323313.519992,08:00:27:5a:87:bc,0,0,,,0,0.0,0,0.0,0.0,,0.0
1785323313.519992,08:00:27:8a:0d:75,0,0,,,0,0.0,0,0.0,0.0,,0.0
1785323313.519992,08:00:27:a5:9e:2d,0,0,,,0,0.0,0,0.0,0.0,,0.0
1785323318.519992,08:00:27:5a:87:bc,0,0,,,0,0.0,0,0.0,0.0,,0.0
1785323318.519992,08:00:27:8a:0d:75,0,0,,,0,0.0,0,0.0,0.0,,0.0
1785323318.519992,08:00:27:a5:9e:2d,0,0,,,0,0.0,0,0.0,0.0,,0.0
1785323323.519992,08:00:27:5a:87:bc,0,0,,,0,0.0,0,0.0,0.0,,0.0
1785323323.519992,08:00:27:8a:0d:75,0,0,,,0,0.0,0,0.0,0.0,,0.0
1785323323.519992,08:00:27:a5:9e:2d,0,0,,,0,0.0,0,0.0,0.0,,0.0
1785323328.519992,08:00:27:5a:87:bc,0,0,,,0,0.0,0,0.0,0.0,,0.0
1785323328.519992,08:00:27:8a:0d:75,0,0,,,0,0.0,0,0.0,0.0,,0.0
1785323328.519992,08:00:27:a5:9e:2d,0,0,,,0,0.0,0,0.0,0.0,,0.0
1785323333.519992,08:00:27:5a:87:bc,0,0,,,0,0.0,0,0.0,0.0,,0.0
1785323333.519992,08:00:27:8a:0d:75,0,0,,,0,0.0,0,0.0,0.0,,0.0
1785323333.519992,08:00:27:a5:9e:2d,0,0,,,0,0.0,0,0.0,0.0,,0.0
1785323338.519992,08:00:27:5a:87:bc,0,0,,,0,0.0,0,0.0,0.0,,0.0
1785323338.519992,08:00:27:8a:0d:75,0,0,,,0,0.0,0,0.0,0.0,,0.0
1785323338.519992,08:00:27:a5:9e:2d,0,0,,,0,0.0,0,0.0,0.0,,0.0
1785323343.519992,08:00:27:5a:87:bc,0,0,,,0,0.0,0,0.0,0.0,,0.0
1785323343.519992,08:00:27:8a:0d:75,0,0,,,0,0.0,0,0.0,0.0,,0.0
1785323343.519992,08:00:27:a5:9e:2d,0,0,,,0,0.0,0,0.0,0.0,,0.0
1785323348.519992,08:00:27:5a:87:bc,0,0,,,0,0.0,0,0.0,0.0,,0.0
1785323348.519992,08:00:27:8a:0d:75,0,0,,,0,0.0,0,0.0,0.0,,0.0
1785323348.519992,08:00:27:a5:9e:2d,0,0,,,0,0.0,0,0.0,0.0,,0.0
1785323353.519992,08:00:27:5a:87:bc,0,0,,,0,0.0,0,0.0,0.0,,0.0
1785323353.519992,08:00:27:8a:0d:75,0,0,,,0,0.0,0,0.0,0.0,,0.0
1785323353.519992,08:00:27:a5:9e:2d,0,0,,,0,0.0,0,0.0,0.0,,0.0
1785323358.519992,08:00:27:5a:87:bc,0,0,,,0,0.0,0,0.0,0.0,,0.0
1785323358.519992,08:00:27:8a:0d:75,0,0,,,0,0.0,0,0.0,0.0,,0.0
1785323358.519992,08:00:27:a5:9e:2d,0,0,,,0,0.0,0,0.0,0.0,,0.0
1785323363.519992,08:00:27:5a:87:bc,0,0,,,0,0.0,0,0.0,0.0,,0.0
1785323363.519992,08:00:27:8a:0d:75,0,0,,,0,0.0,0,0.0,0.0,,0.0
1785323363.519992,08:00:27:a5:9e:2d,0,0,,,0,0.0,0,0.0,0.0,,0.0
1785323368.519992,08:00:27:5a:87:bc,0,0,,,0,0.0,0,0.0,0.0,,0.0
1785323368.519992,08:00:27:8a:0d:75,0,0,,,0,0.0,0,0.0,0.0,,0.0
1785323368.519992,08:00:27:a5:9e:2d,0,0,,,0,0.0,0,0.0,0.0,,0.0
1785323373.519992,08:00:27:5a:87:bc,0,0,,,0,0.0,0,0.0,0.0,,0.0
1785323373.519992,08:00:27:8a:0d:75,0,0,,,0,0.0,0,0.0,0.0,,0.0
1785323373.519992,08:00:27:a5:9e:2d,0,0,,,0,0.0,0,0.0,0.0,,0.0
1785323378.519992,08:00:27:5a:87:bc,0,0,,,0,0.0,0,0.0,0.0,,0.0
1785323378.519992,08:00:27:8a:0d:75,0,0,,,0,0.0,0,0.0,0.0,,0.0
1785323378.519992,08:00:27:a5:9e:2d,0,0,,,0,0.0,0,0.0,0.0,,0.0
1785323383.519992,08:00:27:5a:87:bc,0,0,,,0,0.0,0,0.0,0.0,,0.0
1785323383.519992,08:00:27:8a:0d:75,0,0,,,0,0.0,0,0.0,0.0,,0.0
1785323383.519992,08:00:27:a5:9e:2d,0,0,,,0,0.0,0,0.0,0.0,,0.0
1785323388.519992,08:00:27:5a:87:bc,0,0,,,0,0.0,0,0.0,0.0,,0.0
1785323388.519992,08:00:27:8a:0d:75,0,0,,,0,0.0,0,0.0,0.0,,0.0
1785323388.519992,08:00:27:a5:9e:2d,0,0,,,0,0.0,0,0.0,0.0,,0.0
1785323393.519992,08:00:27:5a:87:bc,0,0,,,0,0.0,0,0.0,0.0,,0.0
1785323393.519992,08:00:27:8a:0d:75,0,0,,,0,0.0,0,0.0,0.0,,0.0
1785323393.519992,08:00:27:a5:9e:2d,0,0,,,0,0.0,0,0.0,0.0,,0.0
1785323398.519992,08:00:27:5a:87:bc,0,0,,,0,0.0,0,0.0,0.0,,0.0
1785323398.519992,08:00:27:8a:0d:75,0,0,,,0,0.0,0,0.0,0.0,,0.0
1785323398.519992,08:00:27:a5:9e:2d,0,0,,,0,0.0,0,0.0,0.0,,0.0
1785323403.519992,08:00:27:5a:87:bc,0,0,,,0,0.0,0,0.0,0.0,,0.0
1785323403.519992,08:00:27:8a:0d:75,0,0,,,0,0.0,0,0.0,0.0,,0.0
1785323403.519992,08:00:27:a5:9e:2d,0,0,,,0,0.0,0,0.0,0.0,,0.0
1785323408.519992,08:00:27:5a:87:bc,0,0,,,0,0.0,0,0.0,0.0,,0.0
1785323408.519992,08:00:27:8a:0d:75,0,0,,,0,0.0,0,0.0,0.0,,0.0
1785323408.519992,08:00:27:a5:9e:2d,0,0,,,0,0.0,0,0.0,0.0,,0.0
1785323413.519992,08:00:27:5a:87:bc,0,0,,,0,0.0,0,0.0,0.0,,0.0
1785323413.519992,08:00:27:8a:0d:75,0,0,,,0,0.0,0,0.0,0.0,,0.0
1785323413.519992,08:00:27:a5:9e:2d,0,0,,,0,0.0,0,0.0,0.0,,0.0
1785323418.519992,08:00:27:5a:87:bc,0,0,,,0,0.0,0,0.0,0.0,,0.0
1785323418.519992,08:00:27:8a:0d:75,0,0,,,0,0.0,0,0.0,0.0,,0.0
1785323418.519992,08:00:27:a5:9e:2d,0,0,,,0,0.0,0,0.0,0.0,,0.0
1785323423.519992,08:00:27:5a:87:bc,0,0,,,0,0.0,0,0.0,0.0,,0.0
1785323423.519992,08:00:27:8a:0d:75,0,0,,,0,0.0,0,0.0,0.0,,0.0
1785323423.519992,08:00:27:a5:9e:2d,0,0,,,0,0.0,0,0.0,0.0,,0.0
1785323428.519992,08:00:27:5a:87:bc,0,0,,,0,0.0,0,0.0,0.0,,0.0
1785323428.519992,08:00:27:8a:0d:75,0,0,,,0,0.0,0,0.0,0.0,,0.0
1785323428.519992,08:00:27:a5:9e:2d,0,0,,,0,0.0,0,0.0,0.0,,0.0
1785323433.519992,08:00:27:5a:87:bc,0,0,,,0,0.0,0,0.0,0.0,,0.0
1785323433.519992,08:00:27:8a:0d:75,0,0,,,0,0.0,0,0.0,0.0,,0.0
1785323433.519992,08:00:27:a5:9e:2d,0,0,,,0,0.0,0,0.0,0.0,,0.0
1785323438.519992,08:00:27:5a:87:bc,0,0,,,0,0.0,0,0.0,0.0,,0.0
1785323438.519992,08:00:27:8a:0d:75,0,0,,,0,0.0,0,0.0,0.0,,0.0
1785323438.519992,08:00:27:a5:9e:2d,0,0,,,0,0.0,0,0.0,0.0,,0.0
1785323443.519992,08:00:27:5a:87:bc,0,0,,,0,0.0,0,0.0,0.0,,0.0
1785323443.519992,08:00:27:8a:0d:75,0,0,,,0,0.0,0,0.0,0.0,,0.0
1785323443.519992,08:00:27:a5:9e:2d,0,0,,,0,0.0,0,0.0,0.0,,0.0
1785323448.519992,08:00:27:5a:87:bc,0,0,,,0,0.0,0,0.0,0.0,,0.0
1785323448.519992,08:00:27:8a:0d:75,0,0,,,0,0.0,0,0.0,0.0,,0.0
1785323448.519992,08:00:27:a5:9e:2d,0,0,,,0,0.0,0,0.0,0.0,,0.0
1785323453.519992,08:00:27:5a:87:bc,0,0,,,0,0.0,0,0.0,0.0,,0.0
1785323453.519992,08:00:27:8a:0d:75,0,0,,,0,0.0,0,0.0,0.0,,0.0
1785323453.519992,08:00:27:a5:9e:2d,0,0,,,0,0.0,0,0.0,0.0,,0.0
1785323458.519992,08:00:27:5a:87:bc,0,0,,,0,0.0,0,0.0,0.0,,0.0
1785323458.519992,08:00:27:8a:0d:75,0,0,,,0,0.0,0,0.0,0.0,,0.0
1785323458.519992,08:00:27:a5:9e:2d,0,0,,,0,0.0,0,0.0,0.0,,0.0
1785323463.519992,08:00:27:5a:87:bc,0,0,,,0,0.0,0,0.0,0.0,,0.0
1785323463.519992,08:00:27:8a:0d:75,0,0,,,0,0.0,0,0.0,0.0,,0.0
1785323463.519992,08:00:27:a5:9e:2d,0,0,,,0,0.0,0,0.0,0.0,,0.0
1785323468.519992,08:00:27:5a:87:bc,0,0,,,0,0.0,0,0.0,0.0,,0.0
1785323468.519992,08:00:27:8a:0d:75,0,0,,,0,0.0,0,0.0,0.0,,0.0
1785323468.519992,08:00:27:a5:9e:2d,0,0,,,0,0.0,0,0.0,0.0,,0.0
1785323473.519992,08:00:27:5a:87:bc,0,0,,,0,0.0,0,0.0,0.0,,0.0
1785323473.519992,08:00:27:8a:0d:75,0,0,,,0,0.0,0,0.0,0.0,,0.0
1785323473.519992,08:00:27:a5:9e:2d,0,0,,,0,0.0,0,0.0,0.0,,0.0
1785323478.519992,08:00:27:5a:87:bc,0,0,,,0,0.0,0,0.0,0.0,,0.0
1785323478.519992,08:00:27:8a:0d:75,0,0,,,0,0.0,0,0.0,0.0,,0.0
1785323478.519992,08:00:27:a5:9e:2d,0,0,,,0,0.0,0,0.0,0.0,,0.0
1785323483.519992,08:00:27:5a:87:bc,0,0,,,0,0.0,0,0.0,0.0,,0.0
1785323483.519992,08:00:27:8a:0d:75,0,0,,,0,0.0,0,0.0,0.0,,0.0
1785323483.519992,08:00:27:a5:9e:2d,0,0,,,0,0.0,0,0.0,0.0,,0.0
1785323488.519992,08:00:27:5a:87:bc,0,0,,,0,0.0,0,0.0,0.0,,0.0
1785323488.519992,08:00:27:8a:0d:75,0,0,,,0,0.0,0,0.0,0.0,,0.0
1785323488.519992,08:00:27:a5:9e:2d,0,0,,,0,0.0,0,0.0,0.0,,0.0
1785323493.519992,08:00:27:5a:87:bc,0,0,,,0,0.0,0,0.0,0.0,,0.0
1785323493.519992,08:00:27:8a:0d:75,0,0,,,0,0.0,0,0.0,0.0,,0.0
1785323493.519992,08:00:27:a5:9e:2d,0,0,,,0,0.0,0,0.0,0.0,,0.0
1785323498.519992,08:00:27:5a:87:bc,0,0,,,0,0.0,0,0.0,0.0,,0.0
1785323498.519992,08:00:27:8a:0d:75,0,0,,,0,0.0,0,0.0,0.0,,0.0
1785323498.519992,08:00:27:a5:9e:2d,0,0,,,0,0.0,0,0.0,0.0,,0.0
1785323503.519992,08:00:27:5a:87:bc,0,0,,,0,0.0,0,0.0,0.0,,0.0
1785323503.519992,08:00:27:8a:0d:75,0,0,,,0,0.0,0,0.0,0.0,,0.0
1785323503.519992,08:00:27:a5:9e:2d,0,0,,,0,0.0,0,0.0,0.0,,0.0
1785323508.519992,08:00:27:5a:87:bc,0,0,,,0,0.0,0,0.0,0.0,,0.0
1785323508.519992,08:00:27:8a:0d:75,0,0,,,0,0.0,0,0.0,0.0,,0.0
1785323508.519992,08:00:27:a5:9e:2d,0,0,,,0,0.0,0,0.0,0.0,,0.0
1785323513.519992,08:00:27:5a:87:bc,0,0,,,0,0.0,0,0.0,0.0,,0.0
1785323513.519992,08:00:27:8a:0d:75,0,0,,,0,0.0,0,0.0,0.0,,0.0
1785323513.519992,08:00:27:a5:9e:2d,0,0,,,0,0.0,0,0.0,0.0,,0.0
1785323518.519992,08:00:27:5a:87:bc,0,0,,,0,0.0,0,0.0,0.0,,0.0
1785323518.519992,08:00:27:8a:0d:75,0,0,,,0,0.0,0,0.0,0.0,,0.0
1785323518.519992,08:00:27:a5:9e:2d,0,0,,,0,0.0,0,0.0,0.0,,0.0
1785323523.519992,08:00:27:5a:87:bc,0,0,,,0,0.0,0,0.0,0.0,,0.0
1785323523.519992,08:00:27:8a:0d:75,0,0,,,0,0.0,0,0.0,0.0,,0.0
1785323523.519992,08:00:27:a5:9e:2d,0,0,,,0,0.0,0,0.0,0.0,,0.0
1785323528.519992,08:00:27:5a:87:bc,0,0,,,0,0.0,0,0.0,0.0,,0.0
1785323528.519992,08:00:27:8a:0d:75,0,0,,,0,0.0,0,0.0,0.0,,0.0
1785323528.519992,08:00:27:a5:9e:2d,0,0,,,0,0.0,0,0.0,0.0,,0.0
1785323533.519992,08:00:27:5a:87:bc,0,0,,,0,0.0,0,0.0,0.0,,0.0
1785323533.519992,08:00:27:8a:0d:75,0,0,,,0,0.0,0,0.0,0.0,,0.0
1785323533.519992,08:00:27:a5:9e:2d,0,0,,,0,0.0,0,0.0,0.0,,0.0
1785323538.519992,08:00:27:5a:87:bc,0,0,,,0,0.0,0,0.0,0.0,,0.0
1785323538.519992,08:00:27:8a:0d:75,0,0,,,0,0.0,0,0.0,0.0,,0.0
1785323538.519992,08:00:27:a5:9e:2d,0,0,,,0,0.0,0,0.0,0.0,,0.0
1785323543.519992,08:00:27:5a:87:bc,0,0,,,0,0.0,0,0.0,0.0,,0.0
1785323543.519992,08:00:27:8a:0d:75,0,0,,,0,0.0,0,0.0,0.0,,0.0
1785323543.519992,08:00:27:a5:9e:2d,0,0,,,0,0.0,0,0.0,0.0,,0.0
1785323548.519992,08:00:27:5a:87:bc,0,0,,,0,0.0,0,0.0,0.0,,0.0
1785323548.519992,08:00:27:8a:0d:75,0,0,,,0,0.0,0,0.0,0.0,,0.0
1785323548.519992,08:00:27:a5:9e:2d,0,0,,,0,0.0,0,0.0,0.0,,0.0
1785323553.519992,08:00:27:5a:87:bc,0,0,,,0,0.0,0,0.0,0.0,,0.0
1785323553.519992,08:00:27:8a:0d:75,0,0,,,0,0.0,0,0.0,0.0,,0.0
1785323553.519992,08:00:27:a5:9e:2d,0,0,,,0,0.0,0,0.0,0.0,,0.0
1785323558.519992,08:00:27:5a:87:bc,0,0,,,0,0.0,0,0.0,0.0,,0.0
1785323558.519992,08:00:27:8a:0d:75,0,0,,,0,0.0,0,0.0,0.0,,0.0
1785323558.519992,08:00:27:a5:9e:2d,0,0,,,0,0.0,0,0.0,0.0,,0.0
1785323563.519992,08:00:27:5a:87:bc,0,0,,,0,0.0,0,0.0,0.0,,0.0
1785323563.519992,08:00:27:8a:0d:75,0,0,,,0,0.0,0,0.0,0.0,,0.0
1785323563.519992,08:00:27:a5:9e:2d,0,0,,,0,0.0,0,0.0,0.0,,0.0
1785323568.519992,08:00:27:5a:87:bc,0,0,,,0,0.0,0,0.0,0.0,,0.0
1785323568.519992,08:00:27:8a:0d:75,0,0,,,0,0.0,0,0.0,0.0,,0.0
1785323568.519992,08:00:27:a5:9e:2d,0,0,,,0,0.0,0,0.0,0.0,,0.0
1785323573.519992,08:00:27:5a:87:bc,0,0,,,0,0.0,0,0.0,0.0,,0.0
1785323573.519992,08:00:27:8a:0d:75,0,0,,,0,0.0,0,0.0,0.0,,0.0
1785323573.519992,08:00:27:a5:9e:2d,0,0,,,0,0.0,0,0.0,0.0,,0.0
1785323578.519992,08:00:27:5a:87:bc,0,0,,,0,0.0,0,0.0,0.0,,0.0
1785323578.519992,08:00:27:8a:0d:75,0,0,,,0,0.0,0,0.0,0.0,,0.0
1785323578.519992,08:00:27:a5:9e:2d,0,0,,,0,0.0,0,0.0,0.0,,0.0
1785323583.519992,08:00:27:5a:87:bc,0,0,,,0,0.0,0,0.0,0.0,,0.0
1785323583.519992,08:00:27:8a:0d:75,0,0,,,0,0.0,0,0.0,0.0,,0.0
1785323583.519992,08:00:27:a5:9e:2d,0,0,,,0,0.0,0,0.0,0.0,,0.0
1785323588.519992,08:00:27:5a:87:bc,0,0,,,0,0.0,0,0.0,0.0,,0.0
1785323588.519992,08:00:27:8a:0d:75,0,0,,,0,0.0,0,0.0,0.0,,0.0
1785323588.519992,08:00:27:a5:9e:2d,0,0,,,0,0.0,0,0.0,0.0,,0.0
1785323593.519992,08:00:27:5a:87:bc,0,0,,,0,0.0,0,0.0,0.0,,0.0
1785323593.519992,08:00:27:8a:0d:75,0,0,,,0,0.0,0,0.0,0.0,,0.0
1785323593.519992,08:00:27:a5:9e:2d,0,0,,,0,0.0,0,0.0,0.0,,0.0
1785323598.519992,08:00:27:5a:87:bc,0,0,,,0,0.0,0,0.0,0.0,,0.0
1785323598.519992,08:00:27:8a:0d:75,0,0,,,0,0.0,0,0.0,0.0,,0.0
1785323598.519992,08:00:27:a5:9e:2d,0,0,,,0,0.0,0,0.0,0.0,,0.0
1785323603.519992,08:00:27:5a:87:bc,0,0,,,0,0.0,0,0.0,0.0,,0.0
1785323603.519992,08:00:27:8a:0d:75,0,0,,,0,0.0,0,0.0,0.0,,0.0
1785323603.519992,08:00:27:a5:9e:2d,0,0,,,0,0.0,0,0.0,0.0,,0.0
1785323608.519992,08:00:27:5a:87:bc,0,0,,,0,0.0,0,0.0,0.0,,0.0
1785323608.519992,08:00:27:8a:0d:75,0,0,,,0,0.0,0,0.0,0.0,,0.0
1785323608.519992,08:00:27:a5:9e:2d,0,0,,,0,0.0,0,0.0,0.0,,0.0
1785323613.519992,08:00:27:5a:87:bc,0,0,,,0,0.0,0,0.0,0.0,,0.0
1785323613.519992,08:00:27:8a:0d:75,0,0,,,0,0.0,0,0.0,0.0,,0.0
1785323613.519992,08:00:27:a5:9e:2d,0,0,,,0,0.0,0,0.0,0.0,,0.0
1785323618.519992,08:00:27:5a:87:bc,0,0,,,0,0.0,0,0.0,0.0,,0.0
1785323618.519992,08:00:27:8a:0d:75,0,0,,,0,0.0,0,0.0,0.0,,0.0
1785323618.519992,08:00:27:a5:9e:2d,0,0,,,0,0.0,0,0.0,0.0,,0.0
1785323623.519992,08:00:27:5a:87:bc,0,0,,,0,0.0,0,0.0,0.0,,0.0
1785323623.519992,08:00:27:8a:0d:75,0,0,,,0,0.0,0,0.0,0.0,,0.0
1785323623.519992,08:00:27:a5:9e:2d,0,0,,,0,0.0,0,0.0,0.0,,0.0
1785323628.519992,08:00:27:5a:87:bc,0,0,,,0,0.0,0,0.0,0.0,,0.0
1785323628.519992,08:00:27:8a:0d:75,0,0,,,0,0.0,0,0.0,0.0,,0.0
1785323628.519992,08:00:27:a5:9e:2d,0,0,,,0,0.0,0,0.0,0.0,,0.0
1785323633.519992,08:00:27:5a:87:bc,0,0,,,0,0.0,0,0.0,0.0,,0.0
1785323633.519992,08:00:27:8a:0d:75,0,0,,,0,0.0,0,0.0,0.0,,0.0
1785323633.519992,08:00:27:a5:9e:2d,0,0,,,0,0.0,0,0.0,0.0,,0.0
1785323638.519992,08:00:27:5a:87:bc,0,0,,,0,0.0,0,0.0,0.0,,0.0
1785323638.519992,08:00:27:8a:0d:75,0,0,,,0,0.0,0,0.0,0.0,,0.0
1785323638.519992,08:00:27:a5:9e:2d,0,0,,,0,0.0,0,0.0,0.0,,0.0
1785323643.519992,08:00:27:5a:87:bc,0,0,,,0,0.0,0,0.0,0.0,,0.0
1785323643.519992,08:00:27:8a:0d:75,0,0,,,0,0.0,0,0.0,0.0,,0.0
1785323643.519992,08:00:27:a5:9e:2d,0,0,,,0,0.0,0,0.0,0.0,,0.0
1785323648.519992,08:00:27:5a:87:bc,0,0,,,0,0.0,0,0.0,0.0,,0.0
1785323648.519992,08:00:27:8a:0d:75,0,0,,,0,0.0,0,0.0,0.0,,0.0
1785323648.519992,08:00:27:a5:9e:2d,0,0,,,0,0.0,0,0.0,0.0,,0.0
1785323653.519992,08:00:27:5a:87:bc,0,0,,,0,0.0,0,0.0,0.0,,0.0
1785323653.519992,08:00:27:8a:0d:75,0,0,,,0,0.0,0,0.0,0.0,,0.0
1785323653.519992,08:00:27:a5:9e:2d,0,0,,,0,0.0,0,0.0,0.0,,0.0
1785323658.519992,08:00:27:5a:87:bc,0,0,,,0,0.0,0,0.0,0.0,,0.0
1785323658.519992,08:00:27:8a:0d:75,0,0,,,0,0.0,0,0.0,0.0,,0.0
1785323658.519992,08:00:27:a5:9e:2d,0,0,,,0,0.0,0,0.0,0.0,,0.0
1785323663.519992,08:00:27:5a:87:bc,0,0,,,0,0.0,0,0.0,0.0,,0.0
1785323663.519992,08:00:27:8a:0d:75,0,0,,,0,0.0,0,0.0,0.0,,0.0
1785323663.519992,08:00:27:a5:9e:2d,0,0,,,0,0.0,0,0.0,0.0,,0.0
1785323668.519992,08:00:27:5a:87:bc,0,0,,,0,0.0,0,0.0,0.0,,0.0
1785323668.519992,08:00:27:8a:0d:75,0,0,,,0,0.0,0,0.0,0.0,,0.0
1785323668.519992,08:00:27:a5:9e:2d,0,0,,,0,0.0,0,0.0,0.0,,0.0
1785323673.519992,08:00:27:5a:87:bc,0,0,,,0,0.0,0,0.0,0.0,,0.0
1785323673.519992,08:00:27:8a:0d:75,0,0,,,0,0.0,0,0.0,0.0,,0.0
1785323673.519992,08:00:27:a5:9e:2d,0,0,,,0,0.0,0,0.0,0.0,,0.0
1785323678.519992,08:00:27:5a:87:bc,0,0,,,0,0.0,0,0.0,0.0,,0.0
1785323678.519992,08:00:27:8a:0d:75,0,0,,,0,0.0,0,0.0,0.0,,0.0
1785323678.519992,08:00:27:a5:9e:2d,0,0,,,0,0.0,0,0.0,0.0,,0.0
1785323683.519992,08:00:27:5a:87:bc,0,0,,,0,0.0,0,0.0,0.0,,0.0
1785323683.519992,08:00:27:8a:0d:75,0,0,,,0,0.0,0,0.0,0.0,,0.0
1785323683.519992,08:00:27:a5:9e:2d,0,0,,,0,0.0,0,0.0,0.0,,0.0
1785323688.519992,08:00:27:5a:87:bc,0,0,,,0,0.0,0,0.0,0.0,,0.0
1785323688.519992,08:00:27:8a:0d:75,0,0,,,0,0.0,0,0.0,0.0,,0.0
1785323688.519992,08:00:27:a5:9e:2d,0,0,,,0,0.0,0,0.0,0.0,,0.0
1785323693.519992,08:00:27:5a:87:bc,0,0,,,0,0.0,0,0.0,0.0,,0.0
1785323693.519992,08:00:27:8a:0d:75,0,0,,,0,0.0,0,0.0,0.0,,0.0
1785323693.519992,08:00:27:a5:9e:2d,0,0,,,0,0.0,0,0.0,0.0,,0.0
1785323698.519992,08:00:27:5a:87:bc,0,0,,,0,0.0,0,0.0,0.0,,0.0
1785323698.519992,08:00:27:8a:0d:75,0,0,,,0,0.0,0,0.0,0.0,,0.0
1785323698.519992,08:00:27:a5:9e:2d,0,0,,,0,0.0,0,0.0,0.0,,0.0
1785323703.519992,08:00:27:5a:87:bc,0,0,,,0,0.0,0,0.0,0.0,,0.0
1785323703.519992,08:00:27:8a:0d:75,0,0,,,0,0.0,0,0.0,0.0,,0.0
1785323703.519992,08:00:27:a5:9e:2d,0,0,,,0,0.0,0,0.0,0.0,,0.0
1785323708.519992,08:00:27:5a:87:bc,0,0,,,0,0.0,0,0.0,0.0,,0.0
1785323708.519992,08:00:27:8a:0d:75,0,0,,,0,0.0,0,0.0,0.0,,0.0
1785323708.519992,08:00:27:a5:9e:2d,0,0,,,0,0.0,0,0.0,0.0,,0.0
1785323713.519992,08:00:27:5a:87:bc,0,0,,,0,0.0,0,0.0,0.0,,0.0
1785323713.519992,08:00:27:8a:0d:75,0,0,,,0,0.0,0,0.0,0.0,,0.0
1785323713.519992,08:00:27:a5:9e:2d,0,0,,,0,0.0,0,0.0,0.0,,0.0
1785323718.519992,08:00:27:5a:87:bc,0,0,,,0,0.0,0,0.0,0.0,,0.0
1785323718.519992,08:00:27:8a:0d:75,0,0,,,0,0.0,0,0.0,0.0,,0.0
1785323718.519992,08:00:27:a5:9e:2d,0,0,,,0,0.0,0,0.0,0.0,,0.0
1785323723.519992,08:00:27:5a:87:bc,0,0,,,0,0.0,0,0.0,0.0,,0.0
1785323723.519992,08:00:27:8a:0d:75,0,0,,,0,0.0,0,0.0,0.0,,0.0
1785323723.519992,08:00:27:a5:9e:2d,0,0,,,0,0.0,0,0.0,0.0,,0.0
1785323728.519992,08:00:27:5a:87:bc,0,0,,,0,0.0,0,0.0,0.0,,0.0
1785323728.519992,08:00:27:8a:0d:75,0,0,,,0,0.0,0,0.0,0.0,,0.0
1785323728.519992,08:00:27:a5:9e:2d,0,0,,,0,0.0,0,0.0,0.0,,0.0
1785323733.519992,08:00:27:5a:87:bc,0,0,,,0,0.0,0,0.0,0.0,,0.0
1785323733.519992,08:00:27:8a:0d:75,0,0,,,0,0.0,0,0.0,0.0,,0.0
1785323733.519992,08:00:27:a5:9e:2d,0,0,,,0,0.0,0,0.0,0.0,,0.0
1785323738.519992,08:00:27:5a:87:bc,0,0,,,0,0.0,0,0.0,0.0,,0.0
1785323738.519992,08:00:27:8a:0d:75,0,0,,,0,0.0,0,0.0,0.0,,0.0
1785323738.519992,08:00:27:a5:9e:2d,0,0,,,0,0.0,0,0.0,0.0,,0.0
1785323743.519992,08:00:27:5a:87:bc,0,0,,,0,0.0,0,0.0,0.0,,0.0
1785323743.519992,08:00:27:8a:0d:75,0,0,,,0,0.0,0,0.0,0.0,,0.0
1785323743.519992,08:00:27:a5:9e:2d,0,0,,,0,0.0,0,0.0,0.0,,0.0
1785323748.519992,08:00:27:5a:87:bc,0,0,,,0,0.0,0,0.0,0.0,,0.0
1785323748.519992,08:00:27:8a:0d:75,0,0,,,0,0.0,0,0.0,0.0,,0.0
1785323748.519992,08:00:27:a5:9e:2d,0,0,,,0,0.0,0,0.0,0.0,,0.0
1785323753.519992,08:00:27:5a:87:bc,0,0,,,0,0.0,0,0.0,0.0,,0.0
1785323753.519992,08:00:27:8a:0d:75,0,0,,,0,0.0,0,0.0,0.0,,0.0
1785323753.519992,08:00:27:a5:9e:2d,0,0,,,0,0.0,0,0.0,0.0,,0.0
1785323758.519992,08:00:27:5a:87:bc,0,0,,,0,0.0,0,0.0,0.0,,0.0
1785323758.519992,08:00:27:8a:0d:75,0,0,,,0,0.0,0,0.0,0.0,,0.0
1785323758.519992,08:00:27:a5:9e:2d,0,0,,,0,0.0,0,0.0,0.0,,0.0
1785323763.519992,08:00:27:5a:87:bc,0,0,,,0,0.0,0,0.0,0.0,,0.0
1785323763.519992,08:00:27:8a:0d:75,0,0,,,0,0.0,0,0.0,0.0,,0.0
1785323763.519992,08:00:27:a5:9e:2d,0,0,,,0,0.0,0,0.0,0.0,,0.0
1785323768.519992,08:00:27:5a:87:bc,0,0,,,0,0.0,0,0.0,0.0,,0.0
1785323768.519992,08:00:27:8a:0d:75,0,0,,,0,0.0,0,0.0,0.0,,0.0
1785323768.519992,08:00:27:a5:9e:2d,0,0,,,0,0.0,0,0.0,0.0,,0.0
1785323773.519992,08:00:27:5a:87:bc,0,0,,,0,0.0,0,0.0,0.0,,0.0
1785323773.519992,08:00:27:8a:0d:75,0,0,,,0,0.0,0,0.0,0.0,,0.0
1785323773.519992,08:00:27:a5:9e:2d,0,0,,,0,0.0,0,0.0,0.0,,0.0
1785323778.519992,08:00:27:5a:87:bc,0,0,,,0,0.0,0,0.0,0.0,,0.0
1785323778.519992,08:00:27:8a:0d:75,0,0,,,0,0.0,0,0.0,0.0,,0.0
1785323778.519992,08:00:27:a5:9e:2d,0,0,,,0,0.0,0,0.0,0.0,,0.0
1785323783.519992,08:00:27:5a:87:bc,0,0,,,0,0.0,0,0.0,0.0,,0.0
1785323783.519992,08:00:27:8a:0d:75,0,0,,,0,0.0,0,0.0,0.0,,0.0
1785323783.519992,08:00:27:a5:9e:2d,0,0,,,0,0.0,0,0.0,0.0,,0.0
1785323788.519992,08:00:27:5a:87:bc,0,0,,,0,0.0,0,0.0,0.0,,0.0
1785323788.519992,08:00:27:8a:0d:75,0,0,,,0,0.0,0,0.0,0.0,,0.0
1785323788.519992,08:00:27:a5:9e:2d,0,0,,,0,0.0,0,0.0,0.0,,0.0
1785323793.519992,08:00:27:5a:87:bc,0,0,,,0,0.0,0,0.0,0.0,,0.0
1785323793.519992,08:00:27:8a:0d:75,0,0,,,0,0.0,0,0.0,0.0,,0.0
1785323793.519992,08:00:27:a5:9e:2d,0,0,,,0,0.0,0,0.0,0.0,,0.0
1785323798.519992,08:00:27:5a:87:bc,0,0,,,0,0.0,0,0.0,0.0,,0.0
1785323798.519992,08:00:27:8a:0d:75,0,0,,,0,0.0,0,0.0,0.0,,0.0
1785323798.519992,08:00:27:a5:9e:2d,0,0,,,0,0.0,0,0.0,0.0,,0.0
1785323803.519992,08:00:27:5a:87:bc,0,0,,,0,0.0,0,0.0,0.0,,0.0
1785323803.519992,08:00:27:8a:0d:75,0,0,,,0,0.0,0,0.0,0.0,,0.0
1785323803.519992,08:00:27:a5:9e:2d,0,0,,,0,0.0,0,0.0,0.0,,0.0
1785323808.519992,08:00:27:5a:87:bc,0,0,,,0,0.0,0,0.0,0.0,,0.0
1785323808.519992,08:00:27:8a:0d:75,0,0,,,0,0.0,0,0.0,0.0,,0.0
1785323808.519992,08:00:27:a5:9e:2d,0,0,,,0,0.0,0,0.0,0.0,,0.0
1785323813.519992,08:00:27:5a:87:bc,0,0,,,0,0.0,0,0.0,0.0,,0.0
1785323813.519992,08:00:27:8a:0d:75,0,0,,,0,0.0,0,0.0,0.0,,0.0
1785323813.519992,08:00:27:a5:9e:2d,0,0,,,0,0.0,0,0.0,0.0,,0.0
1785323818.519992,08:00:27:5a:87:bc,0,0,,,0,0.0,0,0.0,0.0,,0.0
1785323818.519992,08:00:27:8a:0d:75,0,0,,,0,0.0,0,0.0,0.0,,0.0
1785323818.519992,08:00:27:a5:9e:2d,0,0,,,0,0.0,0,0.0,0.0,,0.0
1785323823.519992,08:00:27:5a:87:bc,0,0,,,0,0.0,0,0.0,0.0,,0.0
1785323823.519992,08:00:27:8a:0d:75,0,0,,,0,0.0,0,0.0,0.0,,0.0
1785323823.519992,08:00:27:a5:9e:2d,0,0,,,0,0.0,0,0.0,0.0,,0.0
1785323828.519992,08:00:27:5a:87:bc,0,0,,,0,0.0,0,0.0,0.0,,0.0
1785323828.519992,08:00:27:8a:0d:75,0,0,,,0,0.0,0,0.0,0.0,,0.0
1785323828.519992,08:00:27:a5:9e:2d,0,0,,,0,0.0,0,0.0,0.0,,0.0
1785323833.519992,08:00:27:5a:87:bc,0,0,,,0,0.0,0,0.0,0.0,,0.0
1785323833.519992,08:00:27:8a:0d:75,0,0,,,0,0.0,0,0.0,0.0,,0.0
1785323833.519992,08:00:27:a5:9e:2d,0,0,,,0,0.0,0,0.0,0.0,,0.0
1785323838.519992,08:00:27:5a:87:bc,0,0,,,0,0.0,0,0.0,0.0,,0.0
1785323838.519992,08:00:27:8a:0d:75,0,0,,,0,0.0,0,0.0,0.0,,0.0
1785323838.519992,08:00:27:a5:9e:2d,0,0,,,0,0.0,0,0.0,0.0,,0.0
1785323843.519992,08:00:27:5a:87:bc,0,0,,,0,0.0,0,0.0,0.0,,0.0
1785323843.519992,08:00:27:8a:0d:75,0,0,,,0,0.0,0,0.0,0.0,,0.0
1785323843.519992,08:00:27:a5:9e:2d,0,0,,,0,0.0,0,0.0,0.0,,0.0
1785323848.519992,08:00:27:5a:87:bc,0,0,,,0,0.0,0,0.0,0.0,,0.0
1785323848.519992,08:00:27:8a:0d:75,0,0,,,0,0.0,0,0.0,0.0,,0.0
1785323848.519992,08:00:27:a5:9e:2d,0,0,,,0,0.0,0,0.0,0.0,,0.0
1785323853.519992,08:00:27:5a:87:bc,0,0,,,0,0.0,0,0.0,0.0,,0.0
1785323853.519992,08:00:27:8a:0d:75,0,0,,,0,0.0,0,0.0,0.0,,0.0
1785323853.519992,08:00:27:a5:9e:2d,0,0,,,0,0.0,0,0.0,0.0,,0.0
1785323858.519992,08:00:27:5a:87:bc,0,0,,,0,0.0,0,0.0,0.0,,0.0
1785323858.519992,08:00:27:8a:0d:75,0,0,,,0,0.0,0,0.0,0.0,,0.0
1785323858.519992,08:00:27:a5:9e:2d,0,0,,,0,0.0,0,0.0,0.0,,0.0
1785323863.519992,08:00:27:5a:87:bc,0,0,,,0,0.0,0,0.0,0.0,,0.0
1785323863.519992,08:00:27:8a:0d:75,0,0,,,0,0.0,0,0.0,0.0,,0.0
1785323863.519992,08:00:27:a5:9e:2d,0,0,,,0,0.0,0,0.0,0.0,,0.0
1785323868.519992,08:00:27:5a:87:bc,0,0,,,0,0.0,0,0.0,0.0,,0.0
1785323868.519992,08:00:27:8a:0d:75,0,0,,,0,0.0,0,0.0,0.0,,0.0
1785323868.519992,08:00:27:a5:9e:2d,0,0,,,0,0.0,0,0.0,0.0,,0.0
1785323873.519992,08:00:27:5a:87:bc,0,0,,,0,0.0,0,0.0,0.0,,0.0
1785323873.519992,08:00:27:8a:0d:75,0,0,,,0,0.0,0,0.0,0.0,,0.0
1785323873.519992,08:00:27:a5:9e:2d,0,0,,,0,0.0,0,0.0,0.0,,0.0
1785323878.519992,08:00:27:5a:87:bc,0,0,,,0,0.0,0,0.0,0.0,,0.0
1785323878.519992,08:00:27:8a:0d:75,0,0,,,0,0.0,0,0.0,0.0,,0.0
1785323878.519992,08:00:27:a5:9e:2d,0,0,,,0,0.0,0,0.0,0.0,,0.0
1785323883.519992,08:00:27:5a:87:bc,0,0,,,0,0.0,0,0.0,0.0,,0.0
1785323883.519992,08:00:27:8a:0d:75,0,0,,,0,0.0,0,0.0,0.0,,0.0
1785323883.519992,08:00:27:a5:9e:2d,0,0,,,0,0.0,0,0.0,0.0,,0.0
1785323888.519992,08:00:27:5a:87:bc,0,0,,,0,0.0,0,0.0,0.0,,0.0
1785323888.519992,08:00:27:8a:0d:75,0,0,,,0,0.0,0,0.0,0.0,,0.0
1785323888.519992,08:00:27:a5:9e:2d,0,0,,,0,0.0,0,0.0,0.0,,0.0
1785323893.519992,08:00:27:5a:87:bc,0,0,,,0,0.0,0,0.0,0.0,,0.0
1785323893.519992,08:00:27:8a:0d:75,0,0,,,0,0.0,0,0.0,0.0,,0.0
1785323893.519992,08:00:27:a5:9e:2d,0,0,,,0,0.0,0,0.0,0.0,,0.0
1785323898.519992,08:00:27:5a:87:bc,0,0,,,0,0.0,0,0.0,0.0,,0.0
1785323898.519992,08:00:27:8a:0d:75,0,0,,,0,0.0,0,0.0,0.0,,0.0
1785323898.519992,08:00:27:a5:9e:2d,0,0,,,0,0.0,0,0.0,0.0,,0.0
1785323903.519992,08:00:27:5a:87:bc,0,0,,,0,0.0,0,0.0,0.0,,0.0
1785323903.519992,08:00:27:8a:0d:75,0,0,,,0,0.0,0,0.0,0.0,,0.0
1785323903.519992,08:00:27:a5:9e:2d,0,0,,,0,0.0,0,0.0,0.0,,0.0
1785323908.519992,08:00:27:5a:87:bc,0,0,,,0,0.0,0,0.0,0.0,,0.0
1785323908.519992,08:00:27:8a:0d:75,0,0,,,0,0.0,0,0.0,0.0,,0.0
1785323908.519992,08:00:27:a5:9e:2d,0,0,,,0,0.0,0,0.0,0.0,,0.0
1785323913.519992,08:00:27:5a:87:bc,0,0,,,0,0.0,0,0.0,0.0,,0.0
1785323913.519992,08:00:27:8a:0d:75,0,0,,,0,0.0,0,0.0,0.0,,0.0
1785323913.519992,08:00:27:a5:9e:2d,0,0,,,0,0.0,0,0.0,0.0,,0.0
1785323918.519992,08:00:27:5a:87:bc,0,0,,,0,0.0,0,0.0,0.0,,0.0
1785323918.519992,08:00:27:8a:0d:75,0,0,,,0,0.0,0,0.0,0.0,,0.0
1785323918.519992,08:00:27:a5:9e:2d,0,0,,,0,0.0,0,0.0,0.0,,0.0
1785323923.519992,08:00:27:5a:87:bc,0,0,,,0,0.0,0,0.0,0.0,,0.0
1785323923.519992,08:00:27:8a:0d:75,0,0,,,0,0.0,0,0.0,0.0,,0.0
1785323923.519992,08:00:27:a5:9e:2d,0,0,,,0,0.0,0,0.0,0.0,,0.0
1785323928.519992,08:00:27:5a:87:bc,0,0,,,0,0.0,0,0.0,0.0,,0.0
1785323928.519992,08:00:27:8a:0d:75,0,0,,,0,0.0,0,0.0,0.0,,0.0
1785323928.519992,08:00:27:a5:9e:2d,0,0,,,0,0.0,0,0.0,0.0,,0.0
1785323933.519992,08:00:27:5a:87:bc,0,0,,,0,0.0,0,0.0,0.0,,0.0
1785323933.519992,08:00:27:8a:0d:75,0,0,,,0,0.0,0,0.0,0.0,,0.0
1785323933.519992,08:00:27:a5:9e:2d,0,0,,,0,0.0,0,0.0,0.0,,0.0
1785323938.519992,08:00:27:5a:87:bc,0,0,,,0,0.0,0,0.0,0.0,,0.0
1785323938.519992,08:00:27:8a:0d:75,0,0,,,0,0.0,0,0.0,0.0,,0.0
1785323938.519992,08:00:27:a5:9e:2d,0,0,,,0,0.0,0,0.0,0.0,,0.0
1785323943.519992,08:00:27:5a:87:bc,0,0,,,0,0.0,0,0.0,0.0,,0.0
1785323943.519992,08:00:27:8a:0d:75,0,0,,,0,0.0,0,0.0,0.0,,0.0
1785323943.519992,08:00:27:a5:9e:2d,0,0,,,0,0.0,0,0.0,0.0,,0.0
1785323948.519992,08:00:27:5a:87:bc,0,0,,,0,0.0,0,0.0,0.0,,0.0
1785323948.519992,08:00:27:8a:0d:75,0,0,,,0,0.0,0,0.0,0.0,,0.0
1785323948.519992,08:00:27:a5:9e:2d,0,0,,,0,0.0,0,0.0,0.0,,0.0
1785323953.519992,08:00:27:5a:87:bc,0,0,,,0,0.0,0,0.0,0.0,,0.0
1785323953.519992,08:00:27:8a:0d:75,0,0,,,0,0.0,0,0.0,0.0,,0.0
1785323953.519992,08:00:27:a5:9e:2d,0,0,,,0,0.0,0,0.0,0.0,,0.0
1785323958.519992,08:00:27:5a:87:bc,0,0,,,0,0.0,0,0.0,0.0,,0.0
1785323958.519992,08:00:27:8a:0d:75,0,0,,,0,0.0,0,0.0,0.0,,0.0
1785323958.519992,08:00:27:a5:9e:2d,0,0,,,0,0.0,0,0.0,0.0,,0.0
1785323963.519992,08:00:27:5a:87:bc,0,0,,,0,0.0,0,0.0,0.0,,0.0
1785323963.519992,08:00:27:8a:0d:75,0,0,,,0,0.0,0,0.0,0.0,,0.0
1785323963.519992,08:00:27:a5:9e:2d,0,0,,,0,0.0,0,0.0,0.0,,0.0
1785323968.519992,08:00:27:5a:87:bc,0,0,,,0,0.0,0,0.0,0.0,,0.0
1785323968.519992,08:00:27:8a:0d:75,0,0,,,0,0.0,0,0.0,0.0,,0.0
1785323968.519992,08:00:27:a5:9e:2d,0,0,,,0,0.0,0,0.0,0.0,,0.0
1785323973.519992,08:00:27:5a:87:bc,0,0,,,0,0.0,0,0.0,0.0,,0.0
1785323973.519992,08:00:27:8a:0d:75,0,0,,,0,0.0,0,0.0,0.0,,0.0
1785323973.519992,08:00:27:a5:9e:2d,0,0,,,0,0.0,0,0.0,0.0,,0.0
1785323978.519992,08:00:27:5a:87:bc,0,0,,,0,0.0,0,0.0,0.0,,0.0
1785323978.519992,08:00:27:8a:0d:75,0,0,,,0,0.0,0,0.0,0.0,,0.0
1785323978.519992,08:00:27:a5:9e:2d,0,0,,,0,0.0,0,0.0,0.0,,0.0
1785323983.519992,08:00:27:5a:87:bc,0,0,,,0,0.0,0,0.0,0.0,,0.0
1785323983.519992,08:00:27:8a:0d:75,0,0,,,0,0.0,0,0.0,0.0,,0.0
1785323983.519992,08:00:27:a5:9e:2d,0,0,,,0,0.0,0,0.0,0.0,,0.0
1785323988.519992,08:00:27:5a:87:bc,0,0,,,0,0.0,0,0.0,0.0,,0.0
1785323988.519992,08:00:27:8a:0d:75,0,0,,,0,0.0,0,0.0,0.0,,0.0
1785323988.519992,08:00:27:a5:9e:2d,0,0,,,0,0.0,0,0.0,0.0,,0.0
1785323993.519992,08:00:27:5a:87:bc,0,0,,,0,0.0,0,0.0,0.0,,0.0
1785323993.519992,08:00:27:8a:0d:75,0,0,,,0,0.0,0,0.0,0.0,,0.0
1785323993.519992,08:00:27:a5:9e:2d,0,0,,,0,0.0,0,0.0,0.0,,0.0
1785323998.519992,08:00:27:5a:87:bc,0,0,,,0,0.0,0,0.0,0.0,,0.0
1785323998.519992,08:00:27:8a:0d:75,0,0,,,0,0.0,0,0.0,0.0,,0.0
1785323998.519992,08:00:27:a5:9e:2d,0,0,,,0,0.0,0,0.0,0.0,,0.0
1785324003.519992,08:00:27:5a:87:bc,0,0,,,0,0.0,0,0.0,0.0,,0.0
1785324003.519992,08:00:27:8a:0d:75,0,0,,,0,0.0,0,0.0,0.0,,0.0
1785324003.519992,08:00:27:a5:9e:2d,0,0,,,0,0.0,0,0.0,0.0,,0.0
1785324008.519992,08:00:27:5a:87:bc,0,0,,,0,0.0,0,0.0,0.0,,0.0
1785324008.519992,08:00:27:8a:0d:75,0,0,,,0,0.0,0,0.0,0.0,,0.0
1785324008.519992,08:00:27:a5:9e:2d,0,0,,,0,0.0,0,0.0,0.0,,0.0
1785324013.519992,08:00:27:5a:87:bc,0,0,,,0,0.0,0,0.0,0.0,,0.0
1785324013.519992,08:00:27:8a:0d:75,0,0,,,0,0.0,0,0.0,0.0,,0.0
1785324013.519992,08:00:27:a5:9e:2d,0,0,,,0,0.0,0,0.0,0.0,,0.0
1785324018.519992,08:00:27:5a:87:bc,0,0,,,0,0.0,0,0.0,0.0,,0.0
1785324018.519992,08:00:27:8a:0d:75,0,0,,,0,0.0,0,0.0,0.0,,0.0
1785324018.519992,08:00:27:a5:9e:2d,0,0,,,0,0.0,0,0.0,0.0,,0.0
1785324023.519992,08:00:27:5a:87:bc,0,0,,,0,0.0,0,0.0,0.0,,0.0
1785324023.519992,08:00:27:8a:0d:75,0,0,,,0,0.0,0,0.0,0.0,,0.0
1785324023.519992,08:00:27:a5:9e:2d,0,0,,,0,0.0,0,0.0,0.0,,0.0
1785324028.519992,08:00:27:5a:87:bc,0,0,,,0,0.0,0,0.0,0.0,,0.0
1785324028.519992,08:00:27:8a:0d:75,0,0,,,0,0.0,0,0.0,0.0,,0.0
1785324028.519992,08:00:27:a5:9e:2d,0,0,,,0,0.0,0,0.0,0.0,,0.0
1785324033.519992,08:00:27:5a:87:bc,0,0,,,0,0.0,0,0.0,0.0,,0.0
1785324033.519992,08:00:27:8a:0d:75,0,0,,,0,0.0,0,0.0,0.0,,0.0
1785324033.519992,08:00:27:a5:9e:2d,0,0,,,0,0.0,0,0.0,0.0,,0.0
1785324038.519992,08:00:27:5a:87:bc,0,0,,,0,0.0,0,0.0,0.0,,0.0
1785324038.519992,08:00:27:8a:0d:75,0,0,,,0,0.0,0,0.0,0.0,,0.0
1785324038.519992,08:00:27:a5:9e:2d,0,0,,,0,0.0,0,0.0,0.0,,0.0
1785324043.519992,08:00:27:5a:87:bc,0,0,,,0,0.0,0,0.0,0.0,,0.0
1785324043.519992,08:00:27:8a:0d:75,0,0,,,0,0.0,0,0.0,0.0,,0.0
1785324043.519992,08:00:27:a5:9e:2d,0,0,,,0,0.0,0,0.0,0.0,,0.0
1785324048.519992,08:00:27:5a:87:bc,0,0,,,0,0.0,0,0.0,0.0,,0.0
1785324048.519992,08:00:27:8a:0d:75,0,0,,,0,0.0,0,0.0,0.0,,0.0
1785324048.519992,08:00:27:a5:9e:2d,0,0,,,0,0.0,0,0.0,0.0,,0.0
1785324053.519992,08:00:27:5a:87:bc,0,0,,,0,0.0,0,0.0,0.0,,0.0
1785324053.519992,08:00:27:8a:0d:75,0,0,,,0,0.0,0,0.0,0.0,,0.0
1785324053.519992,08:00:27:a5:9e:2d,0,0,,,0,0.0,0,0.0,0.0,,0.0
1785324058.519992,08:00:27:5a:87:bc,0,0,,,0,0.0,0,0.0,0.0,,0.0
1785324058.519992,08:00:27:8a:0d:75,0,0,,,0,0.0,0,0.0,0.0,,0.0
1785324058.519992,08:00:27:a5:9e:2d,0,0,,,0,0.0,0,0.0,0.0,,0.0
1785324063.519992,08:00:27:5a:87:bc,0,0,,,0,0.0,0,0.0,0.0,,0.0
1785324063.519992,08:00:27:8a:0d:75,0,0,,,0,0.0,0,0.0,0.0,,0.0
1785324063.519992,08:00:27:a5:9e:2d,0,0,,,0,0.0,0,0.0,0.0,,0.0
1785324068.519992,08:00:27:5a:87:bc,0,0,,,0,0.0,0,0.0,0.0,,0.0
1785324068.519992,08:00:27:8a:0d:75,0,0,,,0,0.0,0,0.0,0.0,,0.0
1785324068.519992,08:00:27:a5:9e:2d,0,0,,,0,0.0,0,0.0,0.0,,0.0
1785324073.519992,08:00:27:5a:87:bc,0,0,,,0,0.0,0,0.0,0.0,,0.0
1785324073.519992,08:00:27:8a:0d:75,0,0,,,0,0.0,0,0.0,0.0,,0.0
1785324073.519992,08:00:27:a5:9e:2d,0,0,,,0,0.0,0,0.0,0.0,,0.0
1785324078.519992,08:00:27:5a:87:bc,0,0,,,0,0.0,0,0.0,0.0,,0.0
1785324078.519992,08:00:27:8a:0d:75,0,0,,,0,0.0,0,0.0,0.0,,0.0
1785324078.519992,08:00:27:a5:9e:2d,0,0,,,0,0.0,0,0.0,0.0,,0.0
1785324083.519992,08:00:27:5a:87:bc,0,0,,,0,0.0,0,0.0,0.0,,0.0
1785324083.519992,08:00:27:8a:0d:75,0,0,,,0,0.0,0,0.0,0.0,,0.0
1785324083.519992,08:00:27:a5:9e:2d,0,0,,,0,0.0,0,0.0,0.0,,0.0
1785324088.519992,08:00:27:5a:87:bc,0,0,,,0,0.0,0,0.0,0.0,,0.0
1785324088.519992,08:00:27:8a:0d:75,0,0,,,0,0.0,0,0.0,0.0,,0.0
1785324088.519992,08:00:27:a5:9e:2d,0,0,,,0,0.0,0,0.0,0.0,,0.0
1785324093.519992,08:00:27:5a:87:bc,0,0,,,0,0.0,0,0.0,0.0,,0.0
1785324093.519992,08:00:27:8a:0d:75,0,0,,,0,0.0,0,0.0,0.0,,0.0
1785324093.519992,08:00:27:a5:9e:2d,0,0,,,0,0.0,0,0.0,0.0,,0.0
1785324098.519992,08:00:27:5a:87:bc,0,0,,,0,0.0,0,0.0,0.0,,0.0
1785324098.519992,08:00:27:8a:0d:75,0,0,,,0,0.0,0,0.0,0.0,,0.0
1785324098.519992,08:00:27:a5:9e:2d,0,0,,,0,0.0,0,0.0,0.0,,0.0
1785324103.519992,08:00:27:5a:87:bc,0,0,,,0,0.0,0,0.0,0.0,,0.0
1785324103.519992,08:00:27:8a:0d:75,0,0,,,0,0.0,0,0.0,0.0,,0.0
1785324103.519992,08:00:27:a5:9e:2d,0,0,,,0,0.0,0,0.0,0.0,,0.0
1785324108.519992,08:00:27:5a:87:bc,0,0,,,0,0.0,0,0.0,0.0,,0.0
1785324108.519992,08:00:27:8a:0d:75,0,0,,,0,0.0,0,0.0,0.0,,0.0
1785324108.519992,08:00:27:a5:9e:2d,0,0,,,0,0.0,0,0.0,0.0,,0.0
1785324113.519992,08:00:27:5a:87:bc,0,0,,,0,0.0,0,0.0,0.0,,0.0
1785324113.519992,08:00:27:8a:0d:75,0,0,,,0,0.0,0,0.0,0.0,,0.0
1785324113.519992,08:00:27:a5:9e:2d,0,0,,,0,0.0,0,0.0,0.0,,0.0
1785324118.519992,08:00:27:5a:87:bc,0,0,,,0,0.0,0,0.0,0.0,,0.0
1785324118.519992,08:00:27:8a:0d:75,0,0,,,0,0.0,0,0.0,0.0,,0.0
1785324118.519992,08:00:27:a5:9e:2d,0,0,,,0,0.0,0,0.0,0.0,,0.0
1785324123.519992,08:00:27:5a:87:bc,0,0,,,0,0.0,0,0.0,0.0,,0.0
1785324123.519992,08:00:27:8a:0d:75,0,0,,,0,0.0,0,0.0,0.0,,0.0
1785324123.519992,08:00:27:a5:9e:2d,0,0,,,0,0.0,0,0.0,0.0,,0.0
1785324128.519992,08:00:27:5a:87:bc,0,0,,,0,0.0,0,0.0,0.0,,0.0
1785324128.519992,08:00:27:8a:0d:75,0,0,,,0,0.0,0,0.0,0.0,,0.0
1785324128.519992,08:00:27:a5:9e:2d,0,0,,,0,0.0,0,0.0,0.0,,0.0
1785324133.519992,08:00:27:5a:87:bc,0,0,,,0,0.0,0,0.0,0.0,,0.0
1785324133.519992,08:00:27:8a:0d:75,0,0,,,0,0.0,0,0.0,0.0,,0.0
1785324133.519992,08:00:27:a5:9e:2d,0,0,,,0,0.0,0,0.0,0.0,,0.0
1785324138.519992,08:00:27:5a:87:bc,0,0,,,0,0.0,0,0.0,0.0,,0.0
1785324138.519992,08:00:27:8a:0d:75,0,0,,,0,0.0,0,0.0,0.0,,0.0
1785324138.519992,08:00:27:a5:9e:2d,0,0,,,0,0.0,0,0.0,0.0,,0.0
1785324143.519992,08:00:27:5a:87:bc,0,0,,,0,0.0,0,0.0,0.0,,0.0
1785324143.519992,08:00:27:8a:0d:75,0,0,,,0,0.0,0,0.0,0.0,,0.0
1785324143.519992,08:00:27:a5:9e:2d,0,0,,,0,0.0,0,0.0,0.0,,0.0
1785324148.519992,08:00:27:5a:87:bc,0,0,,,0,0.0,0,0.0,0.0,,0.0
1785324148.519992,08:00:27:8a:0d:75,0,0,,,0,0.0,0,0.0,0.0,,0.0
1785324148.519992,08:00:27:a5:9e:2d,0,0,,,0,0.0,0,0.0,0.0,,0.0
1785324153.519992,08:00:27:5a:87:bc,0,0,,,0,0.0,0,0.0,0.0,,0.0
1785324153.519992,08:00:27:8a:0d:75,0,0,,,0,0.0,0,0.0,0.0,,0.0
1785324153.519992,08:00:27:a5:9e:2d,0,0,,,0,0.0,0,0.0,0.0,,0.0
1785324158.519992,08:00:27:5a:87:bc,0,0,,,0,0.0,0,0.0,0.0,,0.0
1785324158.519992,08:00:27:8a:0d:75,0,0,,,0,0.0,0,0.0,0.0,,0.0
1785324158.519992,08:00:27:a5:9e:2d,0,0,,,0,0.0,0,0.0,0.0,,0.0
1785324163.519992,08:00:27:5a:87:bc,0,0,,,0,0.0,0,0.0,0.0,,0.0
1785324163.519992,08:00:27:8a:0d:75,0,0,,,0,0.0,0,0.0,0.0,,0.0
1785324163.519992,08:00:27:a5:9e:2d,0,0,,,0,0.0,0,0.0,0.0,,0.0
1785324168.519992,08:00:27:5a:87:bc,0,0,,,0,0.0,0,0.0,0.0,,0.0
1785324168.519992,08:00:27:8a:0d:75,0,0,,,0,0.0,0,0.0,0.0,,0.0
1785324168.519992,08:00:27:a5:9e:2d,0,0,,,0,0.0,0,0.0,0.0,,0.0
1785324173.519992,08:00:27:5a:87:bc,0,0,,,0,0.0,0,0.0,0.0,,0.0
1785324173.519992,08:00:27:8a:0d:75,0,0,,,0,0.0,0,0.0,0.0,,0.0
1785324173.519992,08:00:27:a5:9e:2d,0,0,,,0,0.0,0,0.0,0.0,,0.0
1785324178.519992,08:00:27:5a:87:bc,0,0,,,0,0.0,0,0.0,0.0,,0.0
1785324178.519992,08:00:27:8a:0d:75,0,0,,,0,0.0,0,0.0,0.0,,0.0
1785324178.519992,08:00:27:a5:9e:2d,0,0,,,0,0.0,0,0.0,0.0,,0.0
1785324183.519992,08:00:27:5a:87:bc,0,0,,,0,0.0,0,0.0,0.0,,0.0
1785324183.519992,08:00:27:8a:0d:75,0,0,,,0,0.0,0,0.0,0.0,,0.0
1785324183.519992,08:00:27:a5:9e:2d,0,0,,,0,0.0,0,0.0,0.0,,0.0
1785324188.519992,08:00:27:5a:87:bc,0,0,,,0,0.0,0,0.0,0.0,,0.0
1785324188.519992,08:00:27:8a:0d:75,0,0,,,0,0.0,0,0.0,0.0,,0.0
1785324188.519992,08:00:27:a5:9e:2d,0,0,,,0,0.0,0,0.0,0.0,,0.0
1785324193.519992,08:00:27:5a:87:bc,0,0,,,0,0.0,0,0.0,0.0,,0.0
1785324193.519992,08:00:27:8a:0d:75,0,0,,,0,0.0,0,0.0,0.0,,0.0
1785324193.519992,08:00:27:a5:9e:2d,0,0,,,0,0.0,0,0.0,0.0,,0.0
1785324198.519992,08:00:27:5a:87:bc,0,0,,,0,0.0,0,0.0,0.0,,0.0
1785324198.519992,08:00:27:8a:0d:75,0,0,,,0,0.0,0,0.0,0.0,,0.0
1785324198.519992,08:00:27:a5:9e:2d,0,0,,,0,0.0,0,0.0,0.0,,0.0
1785324203.519992,08:00:27:5a:87:bc,0,0,,,0,0.0,0,0.0,0.0,,0.0
1785324203.519992,08:00:27:8a:0d:75,0,0,,,0,0.0,0,0.0,0.0,,0.0
1785324203.519992,08:00:27:a5:9e:2d,0,0,,,0,0.0,0,0.0,0.0,,0.0
1785324208.519992,08:00:27:5a:87:bc,0,0,,,0,0.0,0,0.0,0.0,,0.0
1785324208.519992,08:00:27:8a:0d:75,0,0,,,0,0.0,0,0.0,0.0,,0.0
1785324208.519992,08:00:27:a5:9e:2d,0,0,,,0,0.0,0,0.0,0.0,,0.0
1785324213.519992,08:00:27:5a:87:bc,0,0,,,0,0.0,0,0.0,0.0,,0.0
1785324213.519992,08:00:27:8a:0d:75,0,0,,,0,0.0,0,0.0,0.0,,0.0
1785324213.519992,08:00:27:a5:9e:2d,0,0,,,0,0.0,0,0.0,0.0,,0.0
1785324218.519992,08:00:27:5a:87:bc,0,0,,,0,0.0,0,0.0,0.0,,0.0
1785324218.519992,08:00:27:8a:0d:75,0,0,,,0,0.0,0,0.0,0.0,,0.0
1785324218.519992,08:00:27:a5:9e:2d,0,0,,,0,0.0,0,0.0,0.0,,0.0
1785324223.519992,08:00:27:5a:87:bc,0,0,,,0,0.0,0,0.0,0.0,,0.0
1785324223.519992,08:00:27:8a:0d:75,0,0,,,0,0.0,0,0.0,0.0,,0.0
1785324223.519992,08:00:27:a5:9e:2d,0,0,,,0,0.0,0,0.0,0.0,,0.0
1785324228.519992,08:00:27:5a:87:bc,0,0,,,0,0.0,0,0.0,0.0,,0.0
1785324228.519992,08:00:27:8a:0d:75,0,0,,,0,0.0,0,0.0,0.0,,0.0
1785324228.519992,08:00:27:a5:9e:2d,0,0,,,0,0.0,0,0.0,0.0,,0.0
1785324233.519992,08:00:27:5a:87:bc,0,0,,,0,0.0,0,0.0,0.0,,0.0
1785324233.519992,08:00:27:8a:0d:75,0,0,,,0,0.0,0,0.0,0.0,,0.0
1785324233.519992,08:00:27:a5:9e:2d,0,0,,,0,0.0,0,0.0,0.0,,0.0
1785324238.519992,08:00:27:5a:87:bc,0,0,,,0,0.0,0,0.0,0.0,,0.0
1785324238.519992,08:00:27:8a:0d:75,0,0,,,0,0.0,0,0.0,0.0,,0.0
1785324238.519992,08:00:27:a5:9e:2d,0,0,,,0,0.0,0,0.0,0.0,,0.0
1785324243.519992,08:00:27:5a:87:bc,0,0,,,0,0.0,0,0.0,0.0,,0.0
1785324243.519992,08:00:27:8a:0d:75,0,0,,,0,0.0,0,0.0,0.0,,0.0
1785324243.519992,08:00:27:a5:9e:2d,0,0,,,0,0.0,0,0.0,0.0,,0.0
1785324248.519992,08:00:27:5a:87:bc,0,0,,,0,0.0,0,0.0,0.0,,0.0
1785324248.519992,08:00:27:8a:0d:75,0,0,,,0,0.0,0,0.0,0.0,,0.0
1785324248.519992,08:00:27:a5:9e:2d,0,0,,,0,0.0,0,0.0,0.0,,0.0
1785324253.519992,08:00:27:5a:87:bc,0,0,,,0,0.0,0,0.0,0.0,,0.0
1785324253.519992,08:00:27:8a:0d:75,0,0,,,0,0.0,0,0.0,0.0,,0.0
1785324253.519992,08:00:27:a5:9e:2d,0,0,,,0,0.0,0,0.0,0.0,,0.0
1785324258.519992,08:00:27:5a:87:bc,0,0,,,0,0.0,0,0.0,0.0,,0.0
1785324258.519992,08:00:27:8a:0d:75,0,0,,,0,0.0,0,0.0,0.0,,0.0
1785324258.519992,08:00:27:a5:9e:2d,0,0,,,0,0.0,0,0.0,0.0,,0.0
1785324263.519992,08:00:27:5a:87:bc,0,0,,,0,0.0,0,0.0,0.0,,0.0
1785324263.519992,08:00:27:8a:0d:75,0,0,,,0,0.0,0,0.0,0.0,,0.0
1785324263.519992,08:00:27:a5:9e:2d,0,0,,,0,0.0,0,0.0,0.0,,0.0
1785324268.519992,08:00:27:5a:87:bc,0,0,,,0,0.0,0,0.0,0.0,,0.0
1785324268.519992,08:00:27:8a:0d:75,0,0,,,0,0.0,0,0.0,0.0,,0.0
1785324268.519992,08:00:27:a5:9e:2d,0,0,,,0,0.0,0,0.0,0.0,,0.0
1785324273.519992,08:00:27:5a:87:bc,0,0,,,0,0.0,0,0.0,0.0,,0.0
1785324273.519992,08:00:27:8a:0d:75,0,0,,,0,0.0,0,0.0,0.0,,0.0
1785324273.519992,08:00:27:a5:9e:2d,0,0,,,0,0.0,0,0.0,0.0,,0.0
1785324278.519992,08:00:27:5a:87:bc,0,0,,,0,0.0,0,0.0,0.0,,0.0
1785324278.519992,08:00:27:8a:0d:75,0,0,,,0,0.0,0,0.0,0.0,,0.0
1785324278.519992,08:00:27:a5:9e:2d,0,0,,,0,0.0,0,0.0,0.0,,0.0
1785324283.519992,08:00:27:5a:87:bc,0,0,,,0,0.0,0,0.0,0.0,,0.0
1785324283.519992,08:00:27:8a:0d:75,0,0,,,0,0.0,0,0.0,0.0,,0.0
1785324283.519992,08:00:27:a5:9e:2d,0,0,,,0,0.0,0,0.0,0.0,,0.0
1785324288.519992,08:00:27:5a:87:bc,0,0,,,0,0.0,0,0.0,0.0,,0.0
1785324288.519992,08:00:27:8a:0d:75,0,0,,,0,0.0,0,0.0,0.0,,0.0
1785324288.519992,08:00:27:a5:9e:2d,0,0,,,0,0.0,0,0.0,0.0,,0.0
1785324293.519992,08:00:27:5a:87:bc,0,0,,,0,0.0,0,0.0,0.0,,0.0
1785324293.519992,08:00:27:8a:0d:75,0,0,,,0,0.0,0,0.0,0.0,,0.0
1785324293.519992,08:00:27:a5:9e:2d,0,0,,,0,0.0,0,0.0,0.0,,0.0
1785324298.519992,08:00:27:5a:87:bc,0,0,,,0,0.0,0,0.0,0.0,,0.0
1785324298.519992,08:00:27:8a:0d:75,0,0,,,0,0.0,0,0.0,0.0,,0.0
1785324298.519992,08:00:27:a5:9e:2d,0,0,,,0,0.0,0,0.0,0.0,,0.0
1785324303.519992,08:00:27:5a:87:bc,0,0,,,0,0.0,0,0.0,0.0,,0.0
1785324303.519992,08:00:27:8a:0d:75,0,0,,,0,0.0,0,0.0,0.0,,0.0
1785324303.519992,08:00:27:a5:9e:2d,0,0,,,0,0.0,0,0.0,0.0,,0.0
1785324308.519992,08:00:27:5a:87:bc,0,0,,,0,0.0,0,0.0,0.0,,0.0
1785324308.519992,08:00:27:8a:0d:75,0,0,,,0,0.0,0,0.0,0.0,,0.0
1785324308.519992,08:00:27:a5:9e:2d,0,0,,,0,0.0,0,0.0,0.0,,0.0
1785324313.519992,08:00:27:5a:87:bc,0,0,,,0,0.0,0,0.0,0.0,,0.0
1785324313.519992,08:00:27:8a:0d:75,0,0,,,0,0.0,0,0.0,0.0,,0.0
1785324313.519992,08:00:27:a5:9e:2d,0,0,,,0,0.0,0,0.0,0.0,,0.0
1785324318.519992,08:00:27:5a:87:bc,0,0,,,0,0.0,0,0.0,0.0,,0.0
1785324318.519992,08:00:27:8a:0d:75,0,0,,,0,0.0,0,0.0,0.0,,0.0
1785324318.519992,08:00:27:a5:9e:2d,0,0,,,0,0.0,0,0.0,0.0,,0.0
1785324323.519992,08:00:27:5a:87:bc,0,0,,,0,0.0,0,0.0,0.0,,0.0
1785324323.519992,08:00:27:8a:0d:75,0,0,,,0,0.0,0,0.0,0.0,,0.0
1785324323.519992,08:00:27:a5:9e:2d,0,0,,,0,0.0,0,0.0,0.0,,0.0
1785324328.519992,08:00:27:5a:87:bc,0,0,,,0,0.0,0,0.0,0.0,,0.0
1785324328.519992,08:00:27:8a:0d:75,0,0,,,0,0.0,0,0.0,0.0,,0.0
1785324328.519992,08:00:27:a5:9e:2d,0,0,,,0,0.0,0,0.0,0.0,,0.0
1785324333.519992,08:00:27:5a:87:bc,0,0,,,0,0.0,0,0.0,0.0,,0.0
1785324333.519992,08:00:27:8a:0d:75,0,0,,,0,0.0,0,0.0,0.0,,0.0
1785324333.519992,08:00:27:a5:9e:2d,0,0,,,0,0.0,0,0.0,0.0,,0.0
1785324338.519992,08:00:27:5a:87:bc,0,0,,,0,0.0,0,0.0,0.0,,0.0
1785324338.519992,08:00:27:8a:0d:75,0,0,,,0,0.0,0,0.0,0.0,,0.0
1785324338.519992,08:00:27:a5:9e:2d,0,0,,,0,0.0,0,0.0,0.0,,0.0
1785324343.519992,08:00:27:5a:87:bc,0,0,,,0,0.0,0,0.0,0.0,,0.0
1785324343.519992,08:00:27:8a:0d:75,0,0,,,0,0.0,0,0.0,0.0,,0.0
1785324343.519992,08:00:27:a5:9e:2d,0,0,,,0,0.0,0,0.0,0.0,,0.0
1785324348.519992,08:00:27:5a:87:bc,0,0,,,0,0.0,0,0.0,0.0,,0.0
1785324348.519992,08:00:27:8a:0d:75,0,0,,,0,0.0,0,0.0,0.0,,0.0
1785324348.519992,08:00:27:a5:9e:2d,0,0,,,0,0.0,0,0.0,0.0,,0.0
1785324353.519992,08:00:27:5a:87:bc,0,0,,,0,0.0,0,0.0,0.0,,0.0
1785324353.519992,08:00:27:8a:0d:75,0,0,,,0,0.0,0,0.0,0.0,,0.0
1785324353.519992,08:00:27:a5:9e:2d,0,0,,,0,0.0,0,0.0,0.0,,0.0
1785324358.519992,08:00:27:5a:87:bc,0,0,,,0,0.0,0,0.0,0.0,,0.0
1785324358.519992,08:00:27:8a:0d:75,0,0,,,0,0.0,0,0.0,0.0,,0.0
1785324358.519992,08:00:27:a5:9e:2d,0,0,,,0,0.0,0,0.0,0.0,,0.0
1785324363.519992,08:00:27:5a:87:bc,0,0,,,0,0.0,0,0.0,0.0,,0.0
1785324363.519992,08:00:27:8a:0d:75,0,0,,,0,0.0,0,0.0,0.0,,0.0
1785324363.519992,08:00:27:a5:9e:2d,0,0,,,0,0.0,0,0.0,0.0,,0.0
1785324368.519992,08:00:27:5a:87:bc,0,0,,,0,0.0,0,0.0,0.0,,0.0
1785324368.519992,08:00:27:8a:0d:75,0,0,,,0,0.0,0,0.0,0.0,,0.0
1785324368.519992,08:00:27:a5:9e:2d,0,0,,,0,0.0,0,0.0,0.0,,0.0
1785324373.519992,08:00:27:5a:87:bc,0,0,,,0,0.0,0,0.0,0.0,,0.0
1785324373.519992,08:00:27:8a:0d:75,0,0,,,0,0.0,0,0.0,0.0,,0.0
1785324373.519992,08:00:27:a5:9e:2d,0,0,,,0,0.0,0,0.0,0.0,,0.0
1785324378.519992,08:00:27:5a:87:bc,0,0,,,0,0.0,0,0.0,0.0,,0.0
1785324378.519992,08:00:27:8a:0d:75,0,0,,,0,0.0,0,0.0,0.0,,0.0
1785324378.519992,08:00:27:a5:9e:2d,0,0,,,0,0.0,0,0.0,0.0,,0.0
1785324383.519992,08:00:27:5a:87:bc,0,0,,,0,0.0,0,0.0,0.0,,0.0
1785324383.519992,08:00:27:8a:0d:75,0,0,,,0,0.0,0,0.0,0.0,,0.0
1785324383.519992,08:00:27:a5:9e:2d,0,0,,,0,0.0,0,0.0,0.0,,0.0
1785324388.519992,08:00:27:5a:87:bc,0,0,,,0,0.0,0,0.0,0.0,,0.0
1785324388.519992,08:00:27:8a:0d:75,0,0,,,0,0.0,0,0.0,0.0,,0.0
1785324388.519992,08:00:27:a5:9e:2d,0,0,,,0,0.0,0,0.0,0.0,,0.0
1785324393.519992,08:00:27:5a:87:bc,0,0,,,0,0.0,0,0.0,0.0,,0.0
1785324393.519992,08:00:27:8a:0d:75,0,0,,,0,0.0,0,0.0,0.0,,0.0
1785324393.519992,08:00:27:a5:9e:2d,0,0,,,0,0.0,0,0.0,0.0,,0.0
1785324398.519992,08:00:27:5a:87:bc,0,0,,,0,0.0,0,0.0,0.0,,0.0
1785324398.519992,08:00:27:8a:0d:75,0,0,,,0,0.0,0,0.0,0.0,,0.0
1785324398.519992,08:00:27:a5:9e:2d,0,0,,,0,0.0,0,0.0,0.0,,0.0
1785324403.519992,08:00:27:5a:87:bc,0,0,,,0,0.0,0,0.0,0.0,,0.0
1785324403.519992,08:00:27:8a:0d:75,0,0,,,0,0.0,0,0.0,0.0,,0.0
1785324403.519992,08:00:27:a5:9e:2d,0,0,,,0,0.0,0,0.0,0.0,,0.0
1785324408.519992,08:00:27:5a:87:bc,0,0,,,0,0.0,0,0.0,0.0,,0.0
1785324408.519992,08:00:27:8a:0d:75,0,0,,,0,0.0,0,0.0,0.0,,0.0
1785324408.519992,08:00:27:a5:9e:2d,0,0,,,0,0.0,0,0.0,0.0,,0.0
1785324413.519992,08:00:27:5a:87:bc,0,0,,,0,0.0,0,0.0,0.0,,0.0
1785324413.519992,08:00:27:8a:0d:75,0,0,,,0,0.0,0,0.0,0.0,,0.0
1785324413.519992,08:00:27:a5:9e:2d,0,0,,,0,0.0,0,0.0,0.0,,0.0
1785324418.519992,08:00:27:5a:87:bc,0,0,,,0,0.0,0,0.0,0.0,,0.0
1785324418.519992,08:00:27:8a:0d:75,0,0,,,0,0.0,0,0.0,0.0,,0.0
1785324418.519992,08:00:27:a5:9e:2d,0,0,,,0,0.0,0,0.0,0.0,,0.0
1785324423.519992,08:00:27:5a:87:bc,0,0,,,0,0.0,0,0.0,0.0,,0.0
1785324423.519992,08:00:27:8a:0d:75,0,0,,,0,0.0,0,0.0,0.0,,0.0
1785324423.519992,08:00:27:a5:9e:2d,0,0,,,0,0.0,0,0.0,0.0,,0.0
1785324428.519992,08:00:27:5a:87:bc,0,0,,,0,0.0,0,0.0,0.0,,0.0
1785324428.519992,08:00:27:8a:0d:75,0,0,,,0,0.0,0,0.0,0.0,,0.0
1785324428.519992,08:00:27:a5:9e:2d,0,0,,,0,0.0,0,0.0,0.0,,0.0
1785324433.519992,08:00:27:5a:87:bc,0,0,,,0,0.0,0,0.0,0.0,,0.0
1785324433.519992,08:00:27:8a:0d:75,0,0,,,0,0.0,0,0.0,0.0,,0.0
1785324433.519992,08:00:27:a5:9e:2d,0,0,,,0,0.0,0,0.0,0.0,,0.0
1785324438.519992,08:00:27:5a:87:bc,0,0,,,0,0.0,0,0.0,0.0,,0.0
1785324438.519992,08:00:27:8a:0d:75,0,0,,,0,0.0,0,0.0,0.0,,0.0
1785324438.519992,08:00:27:a5:9e:2d,0,0,,,0,0.0,0,0.0,0.0,,0.0
1785324443.519992,08:00:27:5a:87:bc,0,0,,,0,0.0,0,0.0,0.0,,0.0
1785324443.519992,08:00:27:8a:0d:75,0,0,,,0,0.0,0,0.0,0.0,,0.0
1785324443.519992,08:00:27:a5:9e:2d,0,0,,,0,0.0,0,0.0,0.0,,0.0
1785324448.519992,08:00:27:5a:87:bc,0,0,,,0,0.0,0,0.0,0.0,,0.0
1785324448.519992,08:00:27:8a:0d:75,0,0,,,0,0.0,0,0.0,0.0,,0.0
1785324448.519992,08:00:27:a5:9e:2d,0,0,,,0,0.0,0,0.0,0.0,,0.0
1785324453.519992,08:00:27:5a:87:bc,0,0,,,0,0.0,0,0.0,0.0,,0.0
1785324453.519992,08:00:27:8a:0d:75,0,0,,,0,0.0,0,0.0,0.0,,0.0
1785324453.519992,08:00:27:a5:9e:2d,0,0,,,0,0.0,0,0.0,0.0,,0.0
1785324458.519992,08:00:27:5a:87:bc,0,0,,,0,0.0,0,0.0,0.0,,0.0
1785324458.519992,08:00:27:8a:0d:75,0,0,,,0,0.0,0,0.0,0.0,,0.0
1785324458.519992,08:00:27:a5:9e:2d,0,0,,,0,0.0,0,0.0,0.0,,0.0
1785324463.519992,08:00:27:5a:87:bc,0,0,,,0,0.0,0,0.0,0.0,,0.0
1785324463.519992,08:00:27:8a:0d:75,0,0,,,0,0.0,0,0.0,0.0,,0.0
1785324463.519992,08:00:27:a5:9e:2d,0,0,,,0,0.0,0,0.0,0.0,,0.0
1785324468.519992,08:00:27:5a:87:bc,0,0,,,0,0.0,0,0.0,0.0,,0.0
1785324468.519992,08:00:27:8a:0d:75,0,0,,,0,0.0,0,0.0,0.0,,0.0
1785324468.519992,08:00:27:a5:9e:2d,0,0,,,0,0.0,0,0.0,0.0,,0.0
1785324473.519992,08:00:27:5a:87:bc,0,0,,,0,0.0,0,0.0,0.0,,0.0
1785324473.519992,08:00:27:8a:0d:75,0,0,,,0,0.0,0,0.0,0.0,,0.0
1785324473.519992,08:00:27:a5:9e:2d,0,0,,,0,0.0,0,0.0,0.0,,0.0
1785324478.519992,08:00:27:5a:87:bc,0,0,,,0,0.0,0,0.0,0.0,,0.0
1785324478.519992,08:00:27:8a:0d:75,0,0,,,0,0.0,0,0.0,0.0,,0.0
1785324478.519992,08:00:27:a5:9e:2d,0,0,,,0,0.0,0,0.0,0.0,,0.0
1785324483.519992,08:00:27:5a:87:bc,0,0,,,0,0.0,0,0.0,0.0,,0.0
1785324483.519992,08:00:27:8a:0d:75,0,0,,,0,0.0,0,0.0,0.0,,0.0
1785324483.519992,08:00:27:a5:9e:2d,0,0,,,0,0.0,0,0.0,0.0,,0.0
1785324488.519992,08:00:27:5a:87:bc,0,0,,,0,0.0,0,0.0,0.0,,0.0
1785324488.519992,08:00:27:8a:0d:75,0,0,,,0,0.0,0,0.0,0.0,,0.0
1785324488.519992,08:00:27:a5:9e:2d,0,0,,,0,0.0,0,0.0,0.0,,0.0
1785324493.519992,08:00:27:5a:87:bc,0,0,,,0,0.0,0,0.0,0.0,,0.0
1785324493.519992,08:00:27:8a:0d:75,0,0,,,0,0.0,0,0.0,0.0,,0.0
1785324493.519992,08:00:27:a5:9e:2d,0,0,,,0,0.0,0,0.0,0.0,,0.0
1785324498.519992,08:00:27:5a:87:bc,0,0,,,0,0.0,0,0.0,0.0,,0.0
1785324498.519992,08:00:27:8a:0d:75,0,0,,,0,0.0,0,0.0,0.0,,0.0
1785324498.519992,08:00:27:a5:9e:2d,0,0,,,0,0.0,0,0.0,0.0,,0.0
1785324503.519992,08:00:27:5a:87:bc,0,0,,,0,0.0,0,0.0,0.0,,0.0
1785324503.519992,08:00:27:8a:0d:75,0,0,,,0,0.0,0,0.0,0.0,,0.0
1785324503.519992,08:00:27:a5:9e:2d,0,0,,,0,0.0,0,0.0,0.0,,0.0
1785324508.519992,08:00:27:5a:87:bc,0,0,,,0,0.0,0,0.0,0.0,,0.0
1785324508.519992,08:00:27:8a:0d:75,0,0,,,0,0.0,0,0.0,0.0,,0.0
1785324508.519992,08:00:27:a5:9e:2d,0,0,,,0,0.0,0,0.0,0.0,,0.0
1785324513.519992,08:00:27:5a:87:bc,0,0,,,0,0.0,0,0.0,0.0,,0.0
1785324513.519992,08:00:27:8a:0d:75,0,0,,,0,0.0,0,0.0,0.0,,0.0
1785324513.519992,08:00:27:a5:9e:2d,0,0,,,0,0.0,0,0.0,0.0,,0.0
1785324518.519992,08:00:27:5a:87:bc,0,0,,,0,0.0,0,0.0,0.0,,0.0
1785324518.519992,08:00:27:8a:0d:75,0,0,,,0,0.0,0,0.0,0.0,,0.0
1785324518.519992,08:00:27:a5:9e:2d,0,0,,,0,0.0,0,0.0,0.0,,0.0
1785324523.519992,08:00:27:5a:87:bc,0,0,,,0,0.0,0,0.0,0.0,,0.0
1785324523.519992,08:00:27:8a:0d:75,0,0,,,0,0.0,0,0.0,0.0,,0.0
1785324523.519992,08:00:27:a5:9e:2d,0,0,,,0,0.0,0,0.0,0.0,,0.0
1785324528.519992,08:00:27:5a:87:bc,0,0,,,0,0.0,0,0.0,0.0,,0.0
1785324528.519992,08:00:27:8a:0d:75,0,0,,,0,0.0,0,0.0,0.0,,0.0
1785324528.519992,08:00:27:a5:9e:2d,0,0,,,0,0.0,0,0.0,0.0,,0.0
1785324533.519992,08:00:27:5a:87:bc,0,0,,,0,0.0,0,0.0,0.0,,0.0
1785324533.519992,08:00:27:8a:0d:75,0,0,,,0,0.0,0,0.0,0.0,,0.0
1785324533.519992,08:00:27:a5:9e:2d,0,0,,,0,0.0,0,0.0,0.0,,0.0
1785324538.519992,08:00:27:5a:87:bc,0,0,,,0,0.0,0,0.0,0.0,,0.0
1785324538.519992,08:00:27:8a:0d:75,0,0,,,0,0.0,0,0.0,0.0,,0.0
1785324538.519992,08:00:27:a5:9e:2d,0,0,,,0,0.0,0,0.0,0.0,,0.0
1785324543.519992,08:00:27:5a:87:bc,0,0,,,0,0.0,0,0.0,0.0,,0.0
1785324543.519992,08:00:27:8a:0d:75,0,0,,,0,0.0,0,0.0,0.0,,0.0
1785324543.519992,08:00:27:a5:9e:2d,0,0,,,0,0.0,0,0.0,0.0,,0.0
1785324548.519992,08:00:27:5a:87:bc,0,0,,,0,0.0,0,0.0,0.0,,0.0
1785324548.519992,08:00:27:8a:0d:75,0,0,,,0,0.0,0,0.0,0.0,,0.0
1785324548.519992,08:00:27:a5:9e:2d,0,0,,,0,0.0,0,0.0,0.0,,0.0
1785324553.519992,08:00:27:5a:87:bc,0,0,,,0,0.0,0,0.0,0.0,,0.0
1785324553.519992,08:00:27:8a:0d:75,0,0,,,0,0.0,0,0.0,0.0,,0.0
1785324553.519992,08:00:27:a5:9e:2d,0,0,,,0,0.0,0,0.0,0.0,,0.0
1785324558.519992,08:00:27:5a:87:bc,0,0,,,0,0.0,0,0.0,0.0,,0.0
1785324558.519992,08:00:27:8a:0d:75,0,0,,,0,0.0,0,0.0,0.0,,0.0
1785324558.519992,08:00:27:a5:9e:2d,0,0,,,0,0.0,0,0.0,0.0,,0.0
1785324563.519992,08:00:27:5a:87:bc,0,0,,,0,0.0,0,0.0,0.0,,0.0
1785324563.519992,08:00:27:8a:0d:75,0,0,,,0,0.0,0,0.0,0.0,,0.0
1785324563.519992,08:00:27:a5:9e:2d,0,0,,,0,0.0,0,0.0,0.0,,0.0
1785324568.519992,08:00:27:5a:87:bc,0,0,,,0,0.0,0,0.0,0.0,,0.0
1785324568.519992,08:00:27:8a:0d:75,0,0,,,0,0.0,0,0.0,0.0,,0.0
1785324568.519992,08:00:27:a5:9e:2d,0,0,,,0,0.0,0,0.0,0.0,,0.0
1785324573.519992,08:00:27:5a:87:bc,0,0,,,0,0.0,0,0.0,0.0,,0.0
1785324573.519992,08:00:27:8a:0d:75,0,0,,,0,0.0,0,0.0,0.0,,0.0
1785324573.519992,08:00:27:a5:9e:2d,0,0,,,0,0.0,0,0.0,0.0,,0.0
1785324578.519992,08:00:27:5a:87:bc,0,0,,,0,0.0,0,0.0,0.0,,0.0
1785324578.519992,08:00:27:8a:0d:75,0,0,,,0,0.0,0,0.0,0.0,,0.0
1785324578.519992,08:00:27:a5:9e:2d,0,0,,,0,0.0,0,0.0,0.0,,0.0
1785324583.519992,08:00:27:5a:87:bc,0,0,,,0,0.0,0,0.0,0.0,,0.0
1785324583.519992,08:00:27:8a:0d:75,0,0,,,0,0.0,0,0.0,0.0,,0.0
1785324583.519992,08:00:27:a5:9e:2d,0,0,,,0,0.0,0,0.0,0.0,,0.0
1785324588.519992,08:00:27:5a:87:bc,0,0,,,0,0.0,0,0.0,0.0,,0.0
1785324588.519992,08:00:27:8a:0d:75,0,0,,,0,0.0,0,0.0,0.0,,0.0
1785324588.519992,08:00:27:a5:9e:2d,0,0,,,0,0.0,0,0.0,0.0,,0.0
1785324593.519992,08:00:27:5a:87:bc,0,0,,,0,0.0,0,0.0,0.0,,0.0
1785324593.519992,08:00:27:8a:0d:75,0,0,,,0,0.0,0,0.0,0.0,,0.0
1785324593.519992,08:00:27:a5:9e:2d,0,0,,,0,0.0,0,0.0,0.0,,0.0
1785324598.519992,08:00:27:5a:87:bc,0,0,,,0,0.0,0,0.0,0.0,,0.0
1785324598.519992,08:00:27:8a:0d:75,0,0,,,0,0.0,0,0.0,0.0,,0.0
1785324598.519992,08:00:27:a5:9e:2d,0,0,,,0,0.0,0,0.0,0.0,,0.0
1785324603.519992,08:00:27:5a:87:bc,0,0,,,0,0.0,0,0.0,0.0,,0.0
1785324603.519992,08:00:27:8a:0d:75,0,0,,,0,0.0,0,0.0,0.0,,0.0
1785324603.519992,08:00:27:a5:9e:2d,0,0,,,0,0.0,0,0.0,0.0,,0.0
1785324608.519992,08:00:27:5a:87:bc,0,0,,,0,0.0,0,0.0,0.0,,0.0
1785324608.519992,08:00:27:8a:0d:75,0,0,,,0,0.0,0,0.0,0.0,,0.0
1785324608.519992,08:00:27:a5:9e:2d,0,0,,,0,0.0,0,0.0,0.0,,0.0
1785324613.519992,08:00:27:5a:87:bc,0,0,,,0,0.0,0,0.0,0.0,,0.0
1785324613.519992,08:00:27:8a:0d:75,0,0,,,0,0.0,0,0.0,0.0,,0.0
1785324613.519992,08:00:27:a5:9e:2d,0,0,,,0,0.0,0,0.0,0.0,,0.0
1785324618.519992,08:00:27:5a:87:bc,0,0,,,0,0.0,0,0.0,0.0,,0.0
1785324618.519992,08:00:27:8a:0d:75,0,0,,,0,0.0,0,0.0,0.0,,0.0
1785324618.519992,08:00:27:a5:9e:2d,0,0,,,0,0.0,0,0.0,0.0,,0.0
1785324623.519992,08:00:27:5a:87:bc,0,0,,,0,0.0,0,0.0,0.0,,0.0
1785324623.519992,08:00:27:8a:0d:75,0,0,,,0,0.0,0,0.0,0.0,,0.0
1785324623.519992,08:00:27:a5:9e:2d,0,0,,,0,0.0,0,0.0,0.0,,0.0
1785324628.519992,08:00:27:5a:87:bc,0,0,,,0,0.0,0,0.0,0.0,,0.0
1785324628.519992,08:00:27:8a:0d:75,0,0,,,0,0.0,0,0.0,0.0,,0.0
1785324628.519992,08:00:27:a5:9e:2d,0,0,,,0,0.0,0,0.0,0.0,,0.0
1785324633.519992,08:00:27:5a:87:bc,0,0,,,0,0.0,0,0.0,0.0,,0.0
1785324633.519992,08:00:27:8a:0d:75,0,0,,,0,0.0,0,0.0,0.0,,0.0
1785324633.519992,08:00:27:a5:9e:2d,0,0,,,0,0.0,0,0.0,0.0,,0.0
1785324638.519992,08:00:27:5a:87:bc,0,0,,,0,0.0,0,0.0,0.0,,0.0
1785324638.519992,08:00:27:8a:0d:75,0,0,,,0,0.0,0,0.0,0.0,,0.0
1785324638.519992,08:00:27:a5:9e:2d,0,0,,,0,0.0,0,0.0,0.0,,0.0
1785324643.519992,08:00:27:5a:87:bc,0,0,,,0,0.0,0,0.0,0.0,,0.0
1785324643.519992,08:00:27:8a:0d:75,0,0,,,0,0.0,0,0.0,0.0,,0.0
1785324643.519992,08:00:27:a5:9e:2d,0,0,,,0,0.0,0,0.0,0.0,,0.0
1785324648.519992,08:00:27:5a:87:bc,0,0,,,0,0.0,0,0.0,0.0,,0.0
1785324648.519992,08:00:27:8a:0d:75,0,0,,,0,0.0,0,0.0,0.0,,0.0
1785324648.519992,08:00:27:a5:9e:2d,0,0,,,0,0.0,0,0.0,0.0,,0.0
1785324653.519992,08:00:27:5a:87:bc,0,0,,,0,0.0,0,0.0,0.0,,0.0
1785324653.519992,08:00:27:8a:0d:75,0,0,,,0,0.0,0,0.0,0.0,,0.0
1785324653.519992,08:00:27:a5:9e:2d,0,0,,,0,0.0,0,0.0,0.0,,0.0
1785324658.519992,08:00:27:5a:87:bc,0,0,,,0,0.0,0,0.0,0.0,,0.0
1785324658.519992,08:00:27:8a:0d:75,0,0,,,0,0.0,0,0.0,0.0,,0.0
1785324658.519992,08:00:27:a5:9e:2d,0,0,,,0,0.0,0,0.0,0.0,,0.0
1785324663.519992,08:00:27:5a:87:bc,0,0,,,0,0.0,0,0.0,0.0,,0.0
1785324663.519992,08:00:27:8a:0d:75,0,0,,,0,0.0,0,0.0,0.0,,0.0
1785324663.519992,08:00:27:a5:9e:2d,0,0,,,0,0.0,0,0.0,0.0,,0.0
1785324668.519992,08:00:27:5a:87:bc,0,0,,,0,0.0,0,0.0,0.0,,0.0
1785324668.519992,08:00:27:8a:0d:75,0,0,,,0,0.0,0,0.0,0.0,,0.0
1785324668.519992,08:00:27:a5:9e:2d,0,0,,,0,0.0,0,0.0,0.0,,0.0
1785324673.519992,08:00:27:5a:87:bc,0,0,,,0,0.0,0,0.0,0.0,,0.0
1785324673.519992,08:00:27:8a:0d:75,0,0,,,0,0.0,0,0.0,0.0,,0.0
1785324673.519992,08:00:27:a5:9e:2d,0,0,,,0,0.0,0,0.0,0.0,,0.0
1785324678.519992,08:00:27:5a:87:bc,0,0,,,0,0.0,0,0.0,0.0,,0.0
1785324678.519992,08:00:27:8a:0d:75,0,0,,,0,0.0,0,0.0,0.0,,0.0
1785324678.519992,08:00:27:a5:9e:2d,0,0,,,0,0.0,0,0.0,0.0,,0.0
1785324683.519992,08:00:27:5a:87:bc,0,0,,,0,0.0,0,0.0,0.0,,0.0
1785324683.519992,08:00:27:8a:0d:75,0,0,,,0,0.0,0,0.0,0.0,,0.0
1785324683.519992,08:00:27:a5:9e:2d,0,0,,,0,0.0,0,0.0,0.0,,0.0
1785324688.519992,08:00:27:5a:87:bc,0,0,,,0,0.0,0,0.0,0.0,,0.0
1785324688.519992,08:00:27:8a:0d:75,0,0,,,0,0.0,0,0.0,0.0,,0.0
1785324688.519992,08:00:27:a5:9e:2d,0,0,,,0,0.0,0,0.0,0.0,,0.0
1785324693.519992,08:00:27:5a:87:bc,0,0,,,0,0.0,0,0.0,0.0,,0.0
1785324693.519992,08:00:27:8a:0d:75,0,0,,,0,0.0,0,0.0,0.0,,0.0
1785324693.519992,08:00:27:a5:9e:2d,0,0,,,0,0.0,0,0.0,0.0,,0.0
1785324698.519992,08:00:27:5a:87:bc,0,0,,,0,0.0,0,0.0,0.0,,0.0
1785324698.519992,08:00:27:8a:0d:75,0,0,,,0,0.0,0,0.0,0.0,,0.0
1785324698.519992,08:00:27:a5:9e:2d,0,0,,,0,0.0,0,0.0,0.0,,0.0
1785324703.519992,08:00:27:5a:87:bc,0,0,,,0,0.0,0,0.0,0.0,,0.0
1785324703.519992,08:00:27:8a:0d:75,0,0,,,0,0.0,0,0.0,0.0,,0.0
1785324703.519992,08:00:27:a5:9e:2d,0,0,,,0,0.0,0,0.0,0.0,,0.0
1785324708.519992,08:00:27:5a:87:bc,0,0,,,0,0.0,0,0.0,0.0,,0.0
1785324708.519992,08:00:27:8a:0d:75,0,0,,,0,0.0,0,0.0,0.0,,0.0
1785324708.519992,08:00:27:a5:9e:2d,0,0,,,0,0.0,0,0.0,0.0,,0.0
1785324713.519992,08:00:27:5a:87:bc,0,0,,,0,0.0,0,0.0,0.0,,0.0
1785324713.519992,08:00:27:8a:0d:75,0,0,,,0,0.0,0,0.0,0.0,,0.0
1785324713.519992,08:00:27:a5:9e:2d,0,0,,,0,0.0,0,0.0,0.0,,0.0
1785324718.519992,08:00:27:5a:87:bc,0,0,,,0,0.0,0,0.0,0.0,,0.0
1785324718.519992,08:00:27:8a:0d:75,0,0,,,0,0.0,0,0.0,0.0,,0.0
1785324718.519992,08:00:27:a5:9e:2d,0,0,,,0,0.0,0,0.0,0.0,,0.0
1785324723.519992,08:00:27:5a:87:bc,0,0,,,0,0.0,0,0.0,0.0,,0.0
1785324723.519992,08:00:27:8a:0d:75,0,0,,,0,0.0,0,0.0,0.0,,0.0
1785324723.519992,08:00:27:a5:9e:2d,0,0,,,0,0.0,0,0.0,0.0,,0.0
1785324728.519992,08:00:27:5a:87:bc,0,0,,,0,0.0,0,0.0,0.0,,0.0
1785324728.519992,08:00:27:8a:0d:75,0,0,,,0,0.0,0,0.0,0.0,,0.0
1785324728.519992,08:00:27:a5:9e:2d,0,0,,,0,0.0,0,0.0,0.0,,0.0
1785324733.519992,08:00:27:5a:87:bc,0,0,,,0,0.0,0,0.0,0.0,,0.0
1785324733.519992,08:00:27:8a:0d:75,0,0,,,0,0.0,0,0.0,0.0,,0.0
1785324733.519992,08:00:27:a5:9e:2d,0,0,,,0,0.0,0,0.0,0.0,,0.0
1785324738.519992,08:00:27:5a:87:bc,0,0,,,0,0.0,0,0.0,0.0,,0.0
1785324738.519992,08:00:27:8a:0d:75,0,0,,,0,0.0,0,0.0,0.0,,0.0
1785324738.519992,08:00:27:a5:9e:2d,0,0,,,0,0.0,0,0.0,0.0,,0.0
1785324743.519992,08:00:27:5a:87:bc,0,0,,,0,0.0,0,0.0,0.0,,0.0
1785324743.519992,08:00:27:8a:0d:75,0,0,,,0,0.0,0,0.0,0.0,,0.0
1785324743.519992,08:00:27:a5:9e:2d,0,0,,,0,0.0,0,0.0,0.0,,0.0
1785324748.519992,08:00:27:5a:87:bc,0,0,,,0,0.0,0,0.0,0.0,,0.0
1785324748.519992,08:00:27:8a:0d:75,0,0,,,0,0.0,0,0.0,0.0,,0.0
1785324748.519992,08:00:27:a5:9e:2d,0,0,,,0,0.0,0,0.0,0.0,,0.0
1785324753.519992,08:00:27:5a:87:bc,0,0,,,0,0.0,0,0.0,0.0,,0.0
1785324753.519992,08:00:27:8a:0d:75,0,0,,,0,0.0,0,0.0,0.0,,0.0
1785324753.519992,08:00:27:a5:9e:2d,0,0,,,0,0.0,0,0.0,0.0,,0.0
1785324758.519992,08:00:27:5a:87:bc,0,0,,,0,0.0,0,0.0,0.0,,0.0
1785324758.519992,08:00:27:8a:0d:75,0,0,,,0,0.0,0,0.0,0.0,,0.0
1785324758.519992,08:00:27:a5:9e:2d,0,0,,,0,0.0,0,0.0,0.0,,0.0
1785324763.519992,08:00:27:5a:87:bc,0,0,,,0,0.0,0,0.0,0.0,,0.0
1785324763.519992,08:00:27:8a:0d:75,0,0,,,0,0.0,0,0.0,0.0,,0.0
1785324763.519992,08:00:27:a5:9e:2d,0,0,,,0,0.0,0,0.0,0.0,,0.0
1785324768.519992,08:00:27:5a:87:bc,0,0,,,0,0.0,0,0.0,0.0,,0.0
1785324768.519992,08:00:27:8a:0d:75,0,0,,,0,0.0,0,0.0,0.0,,0.0
1785324768.519992,08:00:27:a5:9e:2d,0,0,,,0,0.0,0,0.0,0.0,,0.0
1785324773.519992,08:00:27:5a:87:bc,0,0,,,0,0.0,0,0.0,0.0,,0.0
1785324773.519992,08:00:27:8a:0d:75,0,0,,,0,0.0,0,0.0,0.0,,0.0
1785324773.519992,08:00:27:a5:9e:2d,0,0,,,0,0.0,0,0.0,0.0,,0.0
1785324778.519992,08:00:27:5a:87:bc,0,0,,,0,0.0,0,0.0,0.0,,0.0
1785324778.519992,08:00:27:8a:0d:75,0,0,,,0,0.0,0,0.0,0.0,,0.0
1785324778.519992,08:00:27:a5:9e:2d,0,0,,,0,0.0,0,0.0,0.0,,0.0
1785324783.519992,08:00:27:5a:87:bc,0,0,,,0,0.0,0,0.0,0.0,,0.0
1785324783.519992,08:00:27:8a:0d:75,0,0,,,0,0.0,0,0.0,0.0,,0.0
1785324783.519992,08:00:27:a5:9e:2d,0,0,,,0,0.0,0,0.0,0.0,,0.0
1785324788.519992,08:00:27:5a:87:bc,0,0,,,0,0.0,0,0.0,0.0,,0.0
1785324788.519992,08:00:27:8a:0d:75,0,0,,,0,0.0,0,0.0,0.0,,0.0
1785324788.519992,08:00:27:a5:9e:2d,0,0,,,0,0.0,0,0.0,0.0,,0.0
1785324793.519992,08:00:27:5a:87:bc,0,0,,,0,0.0,0,0.0,0.0,,0.0
1785324793.519992,08:00:27:8a:0d:75,0,0,,,0,0.0,0,0.0,0.0,,0.0
1785324793.519992,08:00:27:a5:9e:2d,0,0,,,0,0.0,0,0.0,0.0,,0.0
1785324798.519992,08:00:27:5a:87:bc,0,0,,,0,0.0,0,0.0,0.0,,0.0
1785324798.519992,08:00:27:8a:0d:75,0,0,,,0,0.0,0,0.0,0.0,,0.0
1785324798.519992,08:00:27:a5:9e:2d,0,0,,,0,0.0,0,0.0,0.0,,0.0
1785324803.519992,08:00:27:5a:87:bc,0,0,,,0,0.0,0,0.0,0.0,,0.0
1785324803.519992,08:00:27:8a:0d:75,0,0,,,0,0.0,0,0.0,0.0,,0.0
1785324803.519992,08:00:27:a5:9e:2d,0,0,,,0,0.0,0,0.0,0.0,,0.0
1785324808.519992,08:00:27:5a:87:bc,0,0,,,0,0.0,0,0.0,0.0,,0.0
1785324808.519992,08:00:27:8a:0d:75,0,0,,,0,0.0,0,0.0,0.0,,0.0
1785324808.519992,08:00:27:a5:9e:2d,0,0,,,0,0.0,0,0.0,0.0,,0.0
1785324813.519992,08:00:27:5a:87:bc,0,0,,,0,0.0,0,0.0,0.0,,0.0
1785324813.519992,08:00:27:8a:0d:75,0,0,,,0,0.0,0,0.0,0.0,,0.0
1785324813.519992,08:00:27:a5:9e:2d,0,0,,,0,0.0,0,0.0,0.0,,0.0
1785324818.519992,08:00:27:5a:87:bc,0,0,,,0,0.0,0,0.0,0.0,,0.0
1785324818.519992,08:00:27:8a:0d:75,0,0,,,0,0.0,0,0.0,0.0,,0.0
1785324818.519992,08:00:27:a5:9e:2d,0,0,,,0,0.0,0,0.0,0.0,,0.0
1785324823.519992,08:00:27:5a:87:bc,0,0,,,0,0.0,0,0.0,0.0,,0.0
1785324823.519992,08:00:27:8a:0d:75,0,0,,,0,0.0,0,0.0,0.0,,0.0
1785324823.519992,08:00:27:a5:9e:2d,0,0,,,0,0.0,0,0.0,0.0,,0.0
1785324828.519992,08:00:27:5a:87:bc,0,0,,,0,0.0,0,0.0,0.0,,0.0
1785324828.519992,08:00:27:8a:0d:75,0,0,,,0,0.0,0,0.0,0.0,,0.0
1785324828.519992,08:00:27:a5:9e:2d,0,0,,,0,0.0,0,0.0,0.0,,0.0
1785324833.519992,08:00:27:5a:87:bc,0,0,,,0,0.0,0,0.0,0.0,,0.0
1785324833.519992,08:00:27:8a:0d:75,0,0,,,0,0.0,0,0.0,0.0,,0.0
1785324833.519992,08:00:27:a5:9e:2d,0,0,,,0,0.0,0,0.0,0.0,,0.0
1785324838.519992,08:00:27:5a:87:bc,0,0,,,0,0.0,0,0.0,0.0,,0.0
1785324838.519992,08:00:27:8a:0d:75,0,0,,,0,0.0,0,0.0,0.0,,0.0
1785324838.519992,08:00:27:a5:9e:2d,0,0,,,0,0.0,0,0.0,0.0,,0.0
1785324843.519992,08:00:27:5a:87:bc,0,0,,,0,0.0,0,0.0,0.0,,0.0
1785324843.519992,08:00:27:8a:0d:75,0,0,,,0,0.0,0,0.0,0.0,,0.0
1785324843.519992,08:00:27:a5:9e:2d,0,0,,,0,0.0,0,0.0,0.0,,0.0
1785324848.519992,08:00:27:5a:87:bc,0,0,,,0,0.0,0,0.0,0.0,,0.0
1785324848.519992,08:00:27:8a:0d:75,0,0,,,0,0.0,0,0.0,0.0,,0.0
1785324848.519992,08:00:27:a5:9e:2d,0,0,,,0,0.0,0,0.0,0.0,,0.0
1785324853.519992,08:00:27:5a:87:bc,0,0,,,0,0.0,0,0.0,0.0,,0.0
1785324853.519992,08:00:27:8a:0d:75,0,0,,,0,0.0,0,0.0,0.0,,0.0
1785324853.519992,08:00:27:a5:9e:2d,0,0,,,0,0.0,0,0.0,0.0,,0.0
1785324858.519992,08:00:27:5a:87:bc,0,0,,,0,0.0,0,0.0,0.0,,0.0
1785324858.519992,08:00:27:8a:0d:75,0,0,,,0,0.0,0,0.0,0.0,,0.0
1785324858.519992,08:00:27:a5:9e:2d,0,0,,,0,0.0,0,0.0,0.0,,0.0
1785324863.519992,08:00:27:5a:87:bc,0,0,,,0,0.0,0,0.0,0.0,,0.0
1785324863.519992,08:00:27:8a:0d:75,0,0,,,0,0.0,0,0.0,0.0,,0.0
1785324863.519992,08:00:27:a5:9e:2d,0,0,,,0,0.0,0,0.0,0.0,,0.0
1785324868.519992,08:00:27:5a:87:bc,0,0,,,0,0.0,0,0.0,0.0,,0.0
1785324868.519992,08:00:27:8a:0d:75,0,0,,,0,0.0,0,0.0,0.0,,0.0
1785324868.519992,08:00:27:a5:9e:2d,0,0,,,0,0.0,0,0.0,0.0,,0.0
1785324873.519992,08:00:27:5a:87:bc,0,0,,,0,0.0,0,0.0,0.0,,0.0
1785324873.519992,08:00:27:8a:0d:75,0,0,,,0,0.0,0,0.0,0.0,,0.0
1785324873.519992,08:00:27:a5:9e:2d,0,0,,,0,0.0,0,0.0,0.0,,0.0
1785324878.519992,08:00:27:5a:87:bc,0,0,,,0,0.0,0,0.0,0.0,,0.0
1785324878.519992,08:00:27:8a:0d:75,0,0,,,0,0.0,0,0.0,0.0,,0.0
1785324878.519992,08:00:27:a5:9e:2d,0,0,,,0,0.0,0,0.0,0.0,,0.0
1785324883.519992,08:00:27:5a:87:bc,0,0,,,0,0.0,0,0.0,0.0,,0.0
1785324883.519992,08:00:27:8a:0d:75,0,0,,,0,0.0,0,0.0,0.0,,0.0
1785324883.519992,08:00:27:a5:9e:2d,0,0,,,0,0.0,0,0.0,0.0,,0.0
1785324888.519992,08:00:27:5a:87:bc,0,0,,,0,0.0,0,0.0,0.0,,0.0
1785324888.519992,08:00:27:8a:0d:75,0,0,,,0,0.0,0,0.0,0.0,,0.0
1785324888.519992,08:00:27:a5:9e:2d,0,0,,,0,0.0,0,0.0,0.0,,0.0
1785324893.519992,08:00:27:5a:87:bc,0,0,,,0,0.0,0,0.0,0.0,,0.0
1785324893.519992,08:00:27:8a:0d:75,0,0,,,0,0.0,0,0.0,0.0,,0.0
1785324893.519992,08:00:27:a5:9e:2d,0,0,,,0,0.0,0,0.0,0.0,,0.0
1785324898.519992,08:00:27:5a:87:bc,0,0,,,0,0.0,0,0.0,0.0,,0.0
1785324898.519992,08:00:27:8a:0d:75,0,0,,,0,0.0,0,0.0,0.0,,0.0
1785324898.519992,08:00:27:a5:9e:2d,0,0,,,0,0.0,0,0.0,0.0,,0.0
1785324903.519992,08:00:27:5a:87:bc,0,0,,,0,0.0,0,0.0,0.0,,0.0
1785324903.519992,08:00:27:8a:0d:75,0,0,,,0,0.0,0,0.0,0.0,,0.0
1785324903.519992,08:00:27:a5:9e:2d,0,0,,,0,0.0,0,0.0,0.0,,0.0
1785324908.519992,08:00:27:5a:87:bc,0,0,,,0,0.0,0,0.0,0.0,,0.0
1785324908.519992,08:00:27:8a:0d:75,0,0,,,0,0.0,0,0.0,0.0,,0.0
1785324908.519992,08:00:27:a5:9e:2d,0,0,,,0,0.0,0,0.0,0.0,,0.0
1785324913.519992,08:00:27:5a:87:bc,0,0,,,0,0.0,0,0.0,0.0,,0.0
1785324913.519992,08:00:27:8a:0d:75,0,0,,,0,0.0,0,0.0,0.0,,0.0
1785324913.519992,08:00:27:a5:9e:2d,0,0,,,0,0.0,0,0.0,0.0,,0.0
1785324918.519992,08:00:27:5a:87:bc,0,0,,,0,0.0,0,0.0,0.0,,0.0
1785324918.519992,08:00:27:8a:0d:75,0,0,,,0,0.0,0,0.0,0.0,,0.0
1785324918.519992,08:00:27:a5:9e:2d,0,0,,,0,0.0,0,0.0,0.0,,0.0
1785324923.519992,08:00:27:5a:87:bc,0,0,,,0,0.0,0,0.0,0.0,,0.0
1785324923.519992,08:00:27:8a:0d:75,0,0,,,0,0.0,0,0.0,0.0,,0.0
1785324923.519992,08:00:27:a5:9e:2d,0,0,,,0,0.0,0,0.0,0.0,,0.0
1785324928.519992,08:00:27:5a:87:bc,0,0,,,0,0.0,0,0.0,0.0,,0.0
1785324928.519992,08:00:27:8a:0d:75,0,0,,,0,0.0,0,0.0,0.0,,0.0
1785324928.519992,08:00:27:a5:9e:2d,0,0,,,0,0.0,0,0.0,0.0,,0.0
1785324933.519992,08:00:27:5a:87:bc,0,0,,,0,0.0,0,0.0,0.0,,0.0
1785324933.519992,08:00:27:8a:0d:75,0,0,,,0,0.0,0,0.0,0.0,,0.0
1785324933.519992,08:00:27:a5:9e:2d,0,0,,,0,0.0,0,0.0,0.0,,0.0
1785324938.519992,08:00:27:5a:87:bc,0,0,,,0,0.0,0,0.0,0.0,,0.0
1785324938.519992,08:00:27:8a:0d:75,0,0,,,0,0.0,0,0.0,0.0,,0.0
1785324938.519992,08:00:27:a5:9e:2d,0,0,,,0,0.0,0,0.0,0.0,,0.0
1785324943.519992,08:00:27:5a:87:bc,0,0,,,0,0.0,0,0.0,0.0,,0.0
1785324943.519992,08:00:27:8a:0d:75,0,0,,,0,0.0,0,0.0,0.0,,0.0
1785324943.519992,08:00:27:a5:9e:2d,0,0,,,0,0.0,0,0.0,0.0,,0.0
1785324948.519992,08:00:27:5a:87:bc,0,0,,,0,0.0,0,0.0,0.0,,0.0
1785324948.519992,08:00:27:8a:0d:75,0,0,,,0,0.0,0,0.0,0.0,,0.0
1785324948.519992,08:00:27:a5:9e:2d,0,0,,,0,0.0,0,0.0,0.0,,0.0
1785324953.519992,08:00:27:5a:87:bc,0,0,,,0,0.0,0,0.0,0.0,,0.0
1785324953.519992,08:00:27:8a:0d:75,0,0,,,0,0.0,0,0.0,0.0,,0.0
1785324953.519992,08:00:27:a5:9e:2d,0,0,,,0,0.0,0,0.0,0.0,,0.0
1785324958.519992,08:00:27:5a:87:bc,0,0,,,0,0.0,0,0.0,0.0,,0.0
1785324958.519992,08:00:27:8a:0d:75,0,0,,,0,0.0,0,0.0,0.0,,0.0
1785324958.519992,08:00:27:a5:9e:2d,0,0,,,0,0.0,0,0.0,0.0,,0.0
1785324963.519992,08:00:27:5a:87:bc,0,0,,,0,0.0,0,0.0,0.0,,0.0
1785324963.519992,08:00:27:8a:0d:75,0,0,,,0,0.0,0,0.0,0.0,,0.0
1785324963.519992,08:00:27:a5:9e:2d,0,0,,,0,0.0,0,0.0,0.0,,0.0
1785324968.519992,08:00:27:5a:87:bc,0,0,,,0,0.0,0,0.0,0.0,,0.0
1785324968.519992,08:00:27:8a:0d:75,0,0,,,0,0.0,0,0.0,0.0,,0.0
1785324968.519992,08:00:27:a5:9e:2d,0,0,,,0,0.0,0,0.0,0.0,,0.0
1785324973.519992,08:00:27:5a:87:bc,0,0,,,0,0.0,0,0.0,0.0,,0.0
1785324973.519992,08:00:27:8a:0d:75,0,0,,,0,0.0,0,0.0,0.0,,0.0
1785324973.519992,08:00:27:a5:9e:2d,0,0,,,0,0.0,0,0.0,0.0,,0.0
1785324978.519992,08:00:27:5a:87:bc,0,0,,,0,0.0,0,0.0,0.0,,0.0
1785324978.519992,08:00:27:8a:0d:75,0,0,,,0,0.0,0,0.0,0.0,,0.0
1785324978.519992,08:00:27:a5:9e:2d,0,0,,,0,0.0,0,0.0,0.0,,0.0
1785324983.519992,08:00:27:5a:87:bc,0,0,,,0,0.0,0,0.0,0.0,,0.0
1785324983.519992,08:00:27:8a:0d:75,0,0,,,0,0.0,0,0.0,0.0,,0.0
1785324983.519992,08:00:27:a5:9e:2d,0,0,,,0,0.0,0,0.0,0.0,,0.0
1785324988.519992,08:00:27:5a:87:bc,0,0,,,0,0.0,0,0.0,0.0,,0.0
1785324988.519992,08:00:27:8a:0d:75,0,0,,,0,0.0,0,0.0,0.0,,0.0
1785324988.519992,08:00:27:a5:9e:2d,0,0,,,0,0.0,0,0.0,0.0,,0.0
1785324993.519992,08:00:27:5a:87:bc,0,0,,,0,0.0,0,0.0,0.0,,0.0
1785324993.519992,08:00:27:8a:0d:75,0,0,,,0,0.0,0,0.0,0.0,,0.0
1785324993.519992,08:00:27:a5:9e:2d,0,0,,,0,0.0,0,0.0,0.0,,0.0
1785324998.519992,08:00:27:5a:87:bc,0,0,,,0,0.0,0,0.0,0.0,,0.0
1785324998.519992,08:00:27:8a:0d:75,0,0,,,0,0.0,0,0.0,0.0,,0.0
1785324998.519992,08:00:27:a5:9e:2d,0,0,,,0,0.0,0,0.0,0.0,,0.0
1785325003.519992,08:00:27:5a:87:bc,0,0,,,0,0.0,0,0.0,0.0,,0.0
1785325003.519992,08:00:27:8a:0d:75,0,0,,,0,0.0,0,0.0,0.0,,0.0
1785325003.519992,08:00:27:a5:9e:2d,0,0,,,0,0.0,0,0.0,0.0,,0.0
1785325008.519992,08:00:27:5a:87:bc,0,0,,,0,0.0,0,0.0,0.0,,0.0
1785325008.519992,08:00:27:8a:0d:75,0,0,,,0,0.0,0,0.0,0.0,,0.0
1785325008.519992,08:00:27:a5:9e:2d,0,0,,,0,0.0,0,0.0,0.0,,0.0
1785325013.519992,08:00:27:5a:87:bc,0,0,,,0,0.0,0,0.0,0.0,,0.0
1785325013.519992,08:00:27:8a:0d:75,0,0,,,0,0.0,0,0.0,0.0,,0.0
1785325013.519992,08:00:27:a5:9e:2d,0,0,,,0,0.0,0,0.0,0.0,,0.0
1785325018.519992,08:00:27:5a:87:bc,0,0,,,0,0.0,0,0.0,0.0,,0.0
1785325018.519992,08:00:27:8a:0d:75,0,0,,,0,0.0,0,0.0,0.0,,0.0
1785325018.519992,08:00:27:a5:9e:2d,0,0,,,0,0.0,0,0.0,0.0,,0.0
1785325023.519992,08:00:27:5a:87:bc,0,0,,,0,0.0,0,0.0,0.0,,0.0
1785325023.519992,08:00:27:8a:0d:75,0,0,,,0,0.0,0,0.0,0.0,,0.0
1785325023.519992,08:00:27:a5:9e:2d,0,0,,,0,0.0,0,0.0,0.0,,0.0
1785325028.519992,08:00:27:5a:87:bc,0,0,,,0,0.0,0,0.0,0.0,,0.0
1785325028.519992,08:00:27:8a:0d:75,0,0,,,0,0.0,0,0.0,0.0,,0.0
1785325028.519992,08:00:27:a5:9e:2d,0,0,,,0,0.0,0,0.0,0.0,,0.0
1785325033.519992,08:00:27:5a:87:bc,0,0,,,0,0.0,0,0.0,0.0,,0.0
1785325033.519992,08:00:27:8a:0d:75,0,0,,,0,0.0,0,0.0,0.0,,0.0
1785325033.519992,08:00:27:a5:9e:2d,0,0,,,0,0.0,0,0.0,0.0,,0.0
1785325038.519992,08:00:27:5a:87:bc,0,0,,,0,0.0,0,0.0,0.0,,0.0
1785325038.519992,08:00:27:8a:0d:75,0,0,,,0,0.0,0,0.0,0.0,,0.0
1785325038.519992,08:00:27:a5:9e:2d,0,0,,,0,0.0,0,0.0,0.0,,0.0
1785325043.519992,08:00:27:5a:87:bc,0,0,,,0,0.0,0,0.0,0.0,,0.0
1785325043.519992,08:00:27:8a:0d:75,0,0,,,0,0.0,0,0.0,0.0,,0.0
1785325043.519992,08:00:27:a5:9e:2d,0,0,,,0,0.0,0,0.0,0.0,,0.0
1785325048.519992,08:00:27:5a:87:bc,0,0,,,0,0.0,0,0.0,0.0,,0.0
1785325048.519992,08:00:27:8a:0d:75,0,0,,,0,0.0,0,0.0,0.0,,0.0
1785325048.519992,08:00:27:a5:9e:2d,0,0,,,0,0.0,0,0.0,0.0,,0.0
1785325053.519992,08:00:27:5a:87:bc,0,0,,,0,0.0,0,0.0,0.0,,0.0
1785325053.519992,08:00:27:8a:0d:75,0,0,,,0,0.0,0,0.0,0.0,,0.0
1785325053.519992,08:00:27:a5:9e:2d,0,0,,,0,0.0,0,0.0,0.0,,0.0
1785325058.519992,08:00:27:5a:87:bc,0,0,,,0,0.0,0,0.0,0.0,,0.0
1785325058.519992,08:00:27:8a:0d:75,0,0,,,0,0.0,0,0.0,0.0,,0.0
1785325058.519992,08:00:27:a5:9e:2d,0,0,,,0,0.0,0,0.0,0.0,,0.0
1785325063.519992,08:00:27:5a:87:bc,0,0,,,0,0.0,0,0.0,0.0,,0.0
1785325063.519992,08:00:27:8a:0d:75,0,0,,,0,0.0,0,0.0,0.0,,0.0
1785325063.519992,08:00:27:a5:9e:2d,0,0,,,0,0.0,0,0.0,0.0,,0.0
1785325068.519992,08:00:27:5a:87:bc,0,0,,,0,0.0,0,0.0,0.0,,0.0
1785325068.519992,08:00:27:8a:0d:75,0,0,,,0,0.0,0,0.0,0.0,,0.0
1785325068.519992,08:00:27:a5:9e:2d,0,0,,,0,0.0,0,0.0,0.0,,0.0
1785325073.519992,08:00:27:5a:87:bc,0,0,,,0,0.0,0,0.0,0.0,,0.0
1785325073.519992,08:00:27:8a:0d:75,0,0,,,0,0.0,0,0.0,0.0,,0.0
1785325073.519992,08:00:27:a5:9e:2d,0,0,,,0,0.0,0,0.0,0.0,,0.0
1785325078.519992,08:00:27:5a:87:bc,0,0,,,0,0.0,0,0.0,0.0,,0.0
1785325078.519992,08:00:27:8a:0d:75,0,0,,,0,0.0,0,0.0,0.0,,0.0
1785325078.519992,08:00:27:a5:9e:2d,0,0,,,0,0.0,0,0.0,0.0,,0.0
1785325083.519992,08:00:27:5a:87:bc,0,0,,,0,0.0,0,0.0,0.0,,0.0
1785325083.519992,08:00:27:8a:0d:75,0,0,,,0,0.0,0,0.0,0.0,,0.0
1785325083.519992,08:00:27:a5:9e:2d,0,0,,,0,0.0,0,0.0,0.0,,0.0
1785325088.519992,08:00:27:5a:87:bc,0,0,,,0,0.0,0,0.0,0.0,,0.0
1785325088.519992,08:00:27:8a:0d:75,0,0,,,0,0.0,0,0.0,0.0,,0.0
1785325088.519992,08:00:27:a5:9e:2d,0,0,,,0,0.0,0,0.0,0.0,,0.0
1785325093.519992,08:00:27:5a:87:bc,0,0,,,0,0.0,0,0.0,0.0,,0.0
1785325093.519992,08:00:27:8a:0d:75,0,0,,,0,0.0,0,0.0,0.0,,0.0
1785325093.519992,08:00:27:a5:9e:2d,0,0,,,0,0.0,0,0.0,0.0,,0.0
1785325098.519992,08:00:27:5a:87:bc,0,0,,,0,0.0,0,0.0,0.0,,0.0
1785325098.519992,08:00:27:8a:0d:75,0,0,,,0,0.0,0,0.0,0.0,,0.0
1785325098.519992,08:00:27:a5:9e:2d,0,0,,,0,0.0,0,0.0,0.0,,0.0
1785325103.519992,08:00:27:5a:87:bc,0,0,,,0,0.0,0,0.0,0.0,,0.0
1785325103.519992,08:00:27:8a:0d:75,0,0,,,0,0.0,0,0.0,0.0,,0.0
1785325103.519992,08:00:27:a5:9e:2d,0,0,,,0,0.0,0,0.0,0.0,,0.0
1785325108.519992,08:00:27:5a:87:bc,0,0,,,0,0.0,0,0.0,0.0,,0.0
1785325108.519992,08:00:27:8a:0d:75,0,0,,,0,0.0,0,0.0,0.0,,0.0
1785325108.519992,08:00:27:a5:9e:2d,0,0,,,0,0.0,0,0.0,0.0,,0.0
1785325113.519992,08:00:27:5a:87:bc,0,0,,,0,0.0,0,0.0,0.0,,0.0
1785325113.519992,08:00:27:8a:0d:75,0,0,,,0,0.0,0,0.0,0.0,,0.0
1785325113.519992,08:00:27:a5:9e:2d,0,0,,,0,0.0,0,0.0,0.0,,0.0
1785325118.519992,08:00:27:5a:87:bc,0,0,,,0,0.0,0,0.0,0.0,,0.0
1785325118.519992,08:00:27:8a:0d:75,0,0,,,0,0.0,0,0.0,0.0,,0.0
1785325118.519992,08:00:27:a5:9e:2d,0,0,,,0,0.0,0,0.0,0.0,,0.0
1785325123.519992,08:00:27:5a:87:bc,0,0,,,0,0.0,0,0.0,0.0,,0.0
1785325123.519992,08:00:27:8a:0d:75,0,0,,,0,0.0,0,0.0,0.0,,0.0
1785325123.519992,08:00:27:a5:9e:2d,0,0,,,0,0.0,0,0.0,0.0,,0.0
1785325128.519992,08:00:27:5a:87:bc,0,0,,,0,0.0,0,0.0,0.0,,0.0
1785325128.519992,08:00:27:8a:0d:75,0,0,,,0,0.0,0,0.0,0.0,,0.0
1785325128.519992,08:00:27:a5:9e:2d,0,0,,,0,0.0,0,0.0,0.0,,0.0
1785325133.519992,08:00:27:5a:87:bc,0,0,,,0,0.0,0,0.0,0.0,,0.0
1785325133.519992,08:00:27:8a:0d:75,0,0,,,0,0.0,0,0.0,0.0,,0.0
1785325133.519992,08:00:27:a5:9e:2d,0,0,,,0,0.0,0,0.0,0.0,,0.0
1785325138.519992,08:00:27:5a:87:bc,0,0,,,0,0.0,0,0.0,0.0,,0.0
1785325138.519992,08:00:27:8a:0d:75,0,0,,,0,0.0,0,0.0,0.0,,0.0
1785325138.519992,08:00:27:a5:9e:2d,0,0,,,0,0.0,0,0.0,0.0,,0.0
1785325143.519992,08:00:27:5a:87:bc,0,0,,,0,0.0,0,0.0,0.0,,0.0
1785325143.519992,08:00:27:8a:0d:75,0,0,,,0,0.0,0,0.0,0.0,,0.0
1785325143.519992,08:00:27:a5:9e:2d,0,0,,,0,0.0,0,0.0,0.0,,0.0
1785325148.519992,08:00:27:5a:87:bc,0,0,,,0,0.0,0,0.0,0.0,,0.0
1785325148.519992,08:00:27:8a:0d:75,0,0,,,0,0.0,0,0.0,0.0,,0.0
1785325148.519992,08:00:27:a5:9e:2d,0,0,,,0,0.0,0,0.0,0.0,,0.0
1785325153.519992,08:00:27:5a:87:bc,0,0,,,0,0.0,0,0.0,0.0,,0.0
1785325153.519992,08:00:27:8a:0d:75,0,0,,,0,0.0,0,0.0,0.0,,0.0
1785325153.519992,08:00:27:a5:9e:2d,0,0,,,0,0.0,0,0.0,0.0,,0.0
1785325158.519992,08:00:27:5a:87:bc,0,0,,,0,0.0,0,0.0,0.0,,0.0
1785325158.519992,08:00:27:8a:0d:75,0,0,,,0,0.0,0,0.0,0.0,,0.0
1785325158.519992,08:00:27:a5:9e:2d,0,0,,,0,0.0,0,0.0,0.0,,0.0
1785325163.519992,08:00:27:5a:87:bc,0,0,,,0,0.0,0,0.0,0.0,,0.0
1785325163.519992,08:00:27:8a:0d:75,0,0,,,0,0.0,0,0.0,0.0,,0.0
1785325163.519992,08:00:27:a5:9e:2d,0,0,,,0,0.0,0,0.0,0.0,,0.0
1785325168.519992,08:00:27:5a:87:bc,0,0,,,0,0.0,0,0.0,0.0,,0.0
1785325168.519992,08:00:27:8a:0d:75,0,0,,,0,0.0,0,0.0,0.0,,0.0
1785325168.519992,08:00:27:a5:9e:2d,0,0,,,0,0.0,0,0.0,0.0,,0.0
1785325173.519992,08:00:27:5a:87:bc,0,0,,,0,0.0,0,0.0,0.0,,0.0
1785325173.519992,08:00:27:8a:0d:75,0,0,,,0,0.0,0,0.0,0.0,,0.0
1785325173.519992,08:00:27:a5:9e:2d,0,0,,,0,0.0,0,0.0,0.0,,0.0
1785325178.519992,08:00:27:5a:87:bc,0,0,,,0,0.0,0,0.0,0.0,,0.0
1785325178.519992,08:00:27:8a:0d:75,0,0,,,0,0.0,0,0.0,0.0,,0.0
1785325178.519992,08:00:27:a5:9e:2d,0,0,,,0,0.0,0,0.0,0.0,,0.0
1785325183.519992,08:00:27:5a:87:bc,0,0,,,0,0.0,0,0.0,0.0,,0.0
1785325183.519992,08:00:27:8a:0d:75,0,0,,,0,0.0,0,0.0,0.0,,0.0
1785325183.519992,08:00:27:a5:9e:2d,0,0,,,0,0.0,0,0.0,0.0,,0.0
1785325188.519992,08:00:27:5a:87:bc,0,0,,,0,0.0,0,0.0,0.0,,0.0
1785325188.519992,08:00:27:8a:0d:75,0,0,,,0,0.0,0,0.0,0.0,,0.0
1785325188.519992,08:00:27:a5:9e:2d,0,0,,,0,0.0,0,0.0,0.0,,0.0
1785325193.519992,08:00:27:5a:87:bc,0,0,,,0,0.0,0,0.0,0.0,,0.0
1785325193.519992,08:00:27:8a:0d:75,0,0,,,0,0.0,0,0.0,0.0,,0.0
1785325193.519992,08:00:27:a5:9e:2d,0,0,,,0,0.0,0,0.0,0.0,,0.0
1785325198.519992,08:00:27:5a:87:bc,0,0,,,0,0.0,0,0.0,0.0,,0.0
1785325198.519992,08:00:27:8a:0d:75,0,0,,,0,0.0,0,0.0,0.0,,0.0
1785325198.519992,08:00:27:a5:9e:2d,0,0,,,0,0.0,0,0.0,0.0,,0.0
1785325203.519992,08:00:27:5a:87:bc,0,0,,,0,0.0,0,0.0,0.0,,0.0
1785325203.519992,08:00:27:8a:0d:75,0,0,,,0,0.0,0,0.0,0.0,,0.0
1785325203.519992,08:00:27:a5:9e:2d,0,0,,,0,0.0,0,0.0,0.0,,0.0
1785325208.519992,08:00:27:5a:87:bc,0,0,,,0,0.0,0,0.0,0.0,,0.0
1785325208.519992,08:00:27:8a:0d:75,0,0,,,0,0.0,0,0.0,0.0,,0.0
1785325208.519992,08:00:27:a5:9e:2d,0,0,,,0,0.0,0,0.0,0.0,,0.0
1785325213.519992,08:00:27:5a:87:bc,0,0,,,0,0.0,0,0.0,0.0,,0.0
1785325213.519992,08:00:27:8a:0d:75,0,0,,,0,0.0,0,0.0,0.0,,0.0
1785325213.519992,08:00:27:a5:9e:2d,0,0,,,0,0.0,0,0.0,0.0,,0.0
1785325218.519992,08:00:27:5a:87:bc,0,0,,,0,0.0,0,0.0,0.0,,0.0
1785325218.519992,08:00:27:8a:0d:75,0,0,,,0,0.0,0,0.0,0.0,,0.0
1785325218.519992,08:00:27:a5:9e:2d,0,0,,,0,0.0,0,0.0,0.0,,0.0
1785325223.519992,08:00:27:5a:87:bc,0,0,,,0,0.0,0,0.0,0.0,,0.0
1785325223.519992,08:00:27:8a:0d:75,0,0,,,0,0.0,0,0.0,0.0,,0.0
1785325223.519992,08:00:27:a5:9e:2d,0,0,,,0,0.0,0,0.0,0.0,,0.0
1785325228.519992,08:00:27:5a:87:bc,0,0,,,0,0.0,0,0.0,0.0,,0.0
1785325228.519992,08:00:27:8a:0d:75,0,0,,,0,0.0,0,0.0,0.0,,0.0
1785325228.519992,08:00:27:a5:9e:2d,0,0,,,0,0.0,0,0.0,0.0,,0.0
1785325233.519992,08:00:27:5a:87:bc,0,0,,,0,0.0,0,0.0,0.0,,0.0
1785325233.519992,08:00:27:8a:0d:75,0,0,,,0,0.0,0,0.0,0.0,,0.0
1785325233.519992,08:00:27:a5:9e:2d,0,0,,,0,0.0,0,0.0,0.0,,0.0
1785325238.519992,08:00:27:5a:87:bc,0,0,,,0,0.0,0,0.0,0.0,,0.0
1785325238.519992,08:00:27:8a:0d:75,0,0,,,0,0.0,0,0.0,0.0,,0.0
1785325238.519992,08:00:27:a5:9e:2d,0,0,,,0,0.0,0,0.0,0.0,,0.0
1785325243.519992,08:00:27:5a:87:bc,0,0,,,0,0.0,0,0.0,0.0,,0.0
1785325243.519992,08:00:27:8a:0d:75,0,0,,,0,0.0,0,0.0,0.0,,0.0
1785325243.519992,08:00:27:a5:9e:2d,0,0,,,0,0.0,0,0.0,0.0,,0.0
1785325248.519992,08:00:27:5a:87:bc,0,0,,,0,0.0,0,0.0,0.0,,0.0
1785325248.519992,08:00:27:8a:0d:75,0,0,,,0,0.0,0,0.0,0.0,,0.0
1785325248.519992,08:00:27:a5:9e:2d,0,0,,,0,0.0,0,0.0,0.0,,0.0
1785325253.519992,08:00:27:5a:87:bc,0,0,,,0,0.0,0,0.0,0.0,,0.0
1785325253.519992,08:00:27:8a:0d:75,0,0,,,0,0.0,0,0.0,0.0,,0.0
1785325253.519992,08:00:27:a5:9e:2d,0,0,,,0,0.0,0,0.0,0.0,,0.0
1785325258.519992,08:00:27:5a:87:bc,0,0,,,0,0.0,0,0.0,0.0,,0.0
1785325258.519992,08:00:27:8a:0d:75,0,0,,,0,0.0,0,0.0,0.0,,0.0
1785325258.519992,08:00:27:a5:9e:2d,0,0,,,0,0.0,0,0.0,0.0,,0.0
1785325263.519992,08:00:27:5a:87:bc,0,0,,,0,0.0,0,0.0,0.0,,0.0
1785325263.519992,08:00:27:8a:0d:75,0,0,,,0,0.0,0,0.0,0.0,,0.0
1785325263.519992,08:00:27:a5:9e:2d,0,0,,,0,0.0,0,0.0,0.0,,0.0
1785325268.519992,08:00:27:5a:87:bc,0,0,,,0,0.0,0,0.0,0.0,,0.0
1785325268.519992,08:00:27:8a:0d:75,0,0,,,0,0.0,0,0.0,0.0,,0.0
1785325268.519992,08:00:27:a5:9e:2d,0,0,,,0,0.0,0,0.0,0.0,,0.0
1785325273.519992,08:00:27:5a:87:bc,0,0,,,0,0.0,0,0.0,0.0,,0.0
1785325273.519992,08:00:27:8a:0d:75,0,0,,,0,0.0,0,0.0,0.0,,0.0
1785325273.519992,08:00:27:a5:9e:2d,0,0,,,0,0.0,0,0.0,0.0,,0.0
1785325278.519992,08:00:27:5a:87:bc,0,0,,,0,0.0,0,0.0,0.0,,0.0
1785325278.519992,08:00:27:8a:0d:75,0,0,,,0,0.0,0,0.0,0.0,,0.0
1785325278.519992,08:00:27:a5:9e:2d,0,0,,,0,0.0,0,0.0,0.0,,0.0
1785325283.519992,08:00:27:5a:87:bc,0,0,,,0,0.0,0,0.0,0.0,,0.0
1785325283.519992,08:00:27:8a:0d:75,0,0,,,0,0.0,0,0.0,0.0,,0.0
1785325283.519992,08:00:27:a5:9e:2d,0,0,,,0,0.0,0,0.0,0.0,,0.0
1785325288.519992,08:00:27:5a:87:bc,0,0,,,0,0.0,0,0.0,0.0,,0.0
1785325288.519992,08:00:27:8a:0d:75,0,0,,,0,0.0,0,0.0,0.0,,0.0
1785325288.519992,08:00:27:a5:9e:2d,0,0,,,0,0.0,0,0.0,0.0,,0.0
1785325293.519992,08:00:27:5a:87:bc,0,0,,,0,0.0,0,0.0,0.0,,0.0
1785325293.519992,08:00:27:8a:0d:75,0,0,,,0,0.0,0,0.0,0.0,,0.0
1785325293.519992,08:00:27:a5:9e:2d,0,0,,,0,0.0,0,0.0,0.0,,0.0
1785325298.519992,08:00:27:5a:87:bc,0,0,,,0,0.0,0,0.0,0.0,,0.0
1785325298.519992,08:00:27:8a:0d:75,0,0,,,0,0.0,0,0.0,0.0,,0.0
1785325298.519992,08:00:27:a5:9e:2d,0,0,,,0,0.0,0,0.0,0.0,,0.0
1785325303.519992,08:00:27:5a:87:bc,0,0,,,0,0.0,0,0.0,0.0,,0.0
1785325303.519992,08:00:27:8a:0d:75,0,0,,,0,0.0,0,0.0,0.0,,0.0
1785325303.519992,08:00:27:a5:9e:2d,0,0,,,0,0.0,0,0.0,0.0,,0.0
1785325308.519992,08:00:27:5a:87:bc,0,0,,,0,0.0,0,0.0,0.0,,0.0
1785325308.519992,08:00:27:8a:0d:75,0,0,,,0,0.0,0,0.0,0.0,,0.0
1785325308.519992,08:00:27:a5:9e:2d,0,0,,,0,0.0,0,0.0,0.0,,0.0
1785325313.519992,08:00:27:5a:87:bc,0,0,,,0,0.0,0,0.0,0.0,,0.0
1785325313.519992,08:00:27:8a:0d:75,0,0,,,0,0.0,0,0.0,0.0,,0.0
1785325313.519992,08:00:27:a5:9e:2d,0,0,,,0,0.0,0,0.0,0.0,,0.0
1785325318.519992,08:00:27:5a:87:bc,0,0,,,0,0.0,0,0.0,0.0,,0.0
1785325318.519992,08:00:27:8a:0d:75,0,0,,,0,0.0,0,0.0,0.0,,0.0
1785325318.519992,08:00:27:a5:9e:2d,0,0,,,0,0.0,0,0.0,0.0,,0.0
1785325323.519992,08:00:27:5a:87:bc,0,0,,,0,0.0,0,0.0,0.0,,0.0
1785325323.519992,08:00:27:8a:0d:75,0,0,,,0,0.0,0,0.0,0.0,,0.0
1785325323.519992,08:00:27:a5:9e:2d,0,0,,,0,0.0,0,0.0,0.0,,0.0
1785325328.519992,08:00:27:5a:87:bc,0,0,,,0,0.0,0,0.0,0.0,,0.0
1785325328.519992,08:00:27:8a:0d:75,0,0,,,0,0.0,0,0.0,0.0,,0.0
1785325328.519992,08:00:27:a5:9e:2d,0,0,,,0,0.0,0,0.0,0.0,,0.0
1785325333.519992,08:00:27:5a:87:bc,0,0,,,0,0.0,0,0.0,0.0,,0.0
1785325333.519992,08:00:27:8a:0d:75,0,0,,,0,0.0,0,0.0,0.0,,0.0
1785325333.519992,08:00:27:a5:9e:2d,0,0,,,0,0.0,0,0.0,0.0,,0.0
1785325338.519992,08:00:27:5a:87:bc,0,0,,,0,0.0,0,0.0,0.0,,0.0
1785325338.519992,08:00:27:8a:0d:75,0,0,,,0,0.0,0,0.0,0.0,,0.0
1785325338.519992,08:00:27:a5:9e:2d,0,0,,,0,0.0,0,0.0,0.0,,0.0
1785325343.519992,08:00:27:5a:87:bc,0,0,,,0,0.0,0,0.0,0.0,,0.0
1785325343.519992,08:00:27:8a:0d:75,0,0,,,0,0.0,0,0.0,0.0,,0.0
1785325343.519992,08:00:27:a5:9e:2d,0,0,,,0,0.0,0,0.0,0.0,,0.0
1785325348.519992,08:00:27:5a:87:bc,0,0,,,0,0.0,0,0.0,0.0,,0.0
1785325348.519992,08:00:27:8a:0d:75,0,0,,,0,0.0,0,0.0,0.0,,0.0
1785325348.519992,08:00:27:a5:9e:2d,0,0,,,0,0.0,0,0.0,0.0,,0.0
1785325353.519992,08:00:27:5a:87:bc,0,0,,,0,0.0,0,0.0,0.0,,0.0
1785325353.519992,08:00:27:8a:0d:75,0,0,,,0,0.0,0,0.0,0.0,,0.0
1785325353.519992,08:00:27:a5:9e:2d,0,0,,,0,0.0,0,0.0,0.0,,0.0
1785325358.519992,08:00:27:5a:87:bc,0,0,,,0,0.0,0,0.0,0.0,,0.0
1785325358.519992,08:00:27:8a:0d:75,0,0,,,0,0.0,0,0.0,0.0,,0.0
1785325358.519992,08:00:27:a5:9e:2d,0,0,,,0,0.0,0,0.0,0.0,,0.0
1785325363.519992,08:00:27:5a:87:bc,0,0,,,0,0.0,0,0.0,0.0,,0.0
1785325363.519992,08:00:27:8a:0d:75,0,0,,,0,0.0,0,0.0,0.0,,0.0
1785325363.519992,08:00:27:a5:9e:2d,0,0,,,0,0.0,0,0.0,0.0,,0.0
1785325368.519992,08:00:27:5a:87:bc,0,0,,,0,0.0,0,0.0,0.0,,0.0
1785325368.519992,08:00:27:8a:0d:75,0,0,,,0,0.0,0,0.0,0.0,,0.0
1785325368.519992,08:00:27:a5:9e:2d,0,0,,,0,0.0,0,0.0,0.0,,0.0
1785325373.519992,08:00:27:5a:87:bc,0,0,,,0,0.0,0,0.0,0.0,,0.0
1785325373.519992,08:00:27:8a:0d:75,0,0,,,0,0.0,0,0.0,0.0,,0.0
1785325373.519992,08:00:27:a5:9e:2d,0,0,,,0,0.0,0,0.0,0.0,,0.0
1785325378.519992,08:00:27:5a:87:bc,0,0,,,0,0.0,0,0.0,0.0,,0.0
1785325378.519992,08:00:27:8a:0d:75,0,0,,,0,0.0,0,0.0,0.0,,0.0
1785325378.519992,08:00:27:a5:9e:2d,0,0,,,0,0.0,0,0.0,0.0,,0.0
1785325383.519992,08:00:27:5a:87:bc,0,0,,,0,0.0,0,0.0,0.0,,0.0
1785325383.519992,08:00:27:8a:0d:75,0,0,,,0,0.0,0,0.0,0.0,,0.0
1785325383.519992,08:00:27:a5:9e:2d,0,0,,,0,0.0,0,0.0,0.0,,0.0
1785325388.519992,08:00:27:5a:87:bc,0,0,,,0,0.0,0,0.0,0.0,,0.0
1785325388.519992,08:00:27:8a:0d:75,0,0,,,0,0.0,0,0.0,0.0,,0.0
1785325388.519992,08:00:27:a5:9e:2d,0,0,,,0,0.0,0,0.0,0.0,,0.0
1785325393.519992,08:00:27:5a:87:bc,0,0,,,0,0.0,0,0.0,0.0,,0.0
1785325393.519992,08:00:27:8a:0d:75,0,0,,,0,0.0,0,0.0,0.0,,0.0
1785325393.519992,08:00:27:a5:9e:2d,0,0,,,0,0.0,0,0.0,0.0,,0.0
1785325398.519992,08:00:27:5a:87:bc,0,0,,,0,0.0,0,0.0,0.0,,0.0
1785325398.519992,08:00:27:8a:0d:75,0,0,,,0,0.0,0,0.0,0.0,,0.0
1785325398.519992,08:00:27:a5:9e:2d,0,0,,,0,0.0,0,0.0,0.0,,0.0
1785325403.519992,08:00:27:5a:87:bc,0,0,,,0,0.0,0,0.0,0.0,,0.0
1785325403.519992,08:00:27:8a:0d:75,0,0,,,0,0.0,0,0.0,0.0,,0.0
1785325403.519992,08:00:27:a5:9e:2d,0,0,,,0,0.0,0,0.0,0.0,,0.0
1785325408.519992,08:00:27:5a:87:bc,0,0,,,0,0.0,0,0.0,0.0,,0.0
1785325408.519992,08:00:27:8a:0d:75,0,0,,,0,0.0,0,0.0,0.0,,0.0
1785325408.519992,08:00:27:a5:9e:2d,0,0,,,0,0.0,0,0.0,0.0,,0.0
1785325413.519992,08:00:27:5a:87:bc,0,0,,,0,0.0,0,0.0,0.0,,0.0
1785325413.519992,08:00:27:8a:0d:75,0,0,,,0,0.0,0,0.0,0.0,,0.0
1785325413.519992,08:00:27:a5:9e:2d,0,0,,,0,0.0,0,0.0,0.0,,0.0
1785325418.519992,08:00:27:5a:87:bc,0,0,,,0,0.0,0,0.0,0.0,,0.0
1785325418.519992,08:00:27:8a:0d:75,0,0,,,0,0.0,0,0.0,0.0,,0.0
1785325418.519992,08:00:27:a5:9e:2d,0,0,,,0,0.0,0,0.0,0.0,,0.0
1785325423.519992,08:00:27:5a:87:bc,0,0,,,0,0.0,0,0.0,0.0,,0.0
1785325423.519992,08:00:27:8a:0d:75,0,0,,,0,0.0,0,0.0,0.0,,0.0
1785325423.519992,08:00:27:a5:9e:2d,0,0,,,0,0.0,0,0.0,0.0,,0.0
1785325428.519992,08:00:27:5a:87:bc,0,0,,,0,0.0,0,0.0,0.0,,0.0
1785325428.519992,08:00:27:8a:0d:75,0,0,,,0,0.0,0,0.0,0.0,,0.0
1785325428.519992,08:00:27:a5:9e:2d,0,0,,,0,0.0,0,0.0,0.0,,0.0
1785325433.519992,08:00:27:5a:87:bc,0,0,,,0,0.0,0,0.0,0.0,,0.0
1785325433.519992,08:00:27:8a:0d:75,0,0,,,0,0.0,0,0.0,0.0,,0.0
1785325433.519992,08:00:27:a5:9e:2d,0,0,,,0,0.0,0,0.0,0.0,,0.0
1785325438.519992,08:00:27:5a:87:bc,0,0,,,0,0.0,0,0.0,0.0,,0.0
1785325438.519992,08:00:27:8a:0d:75,0,0,,,0,0.0,0,0.0,0.0,,0.0
1785325438.519992,08:00:27:a5:9e:2d,0,0,,,0,0.0,0,0.0,0.0,,0.0
1785325443.519992,08:00:27:5a:87:bc,0,0,,,0,0.0,0,0.0,0.0,,0.0
1785325443.519992,08:00:27:8a:0d:75,0,0,,,0,0.0,0,0.0,0.0,,0.0
1785325443.519992,08:00:27:a5:9e:2d,0,0,,,0,0.0,0,0.0,0.0,,0.0
1785325448.519992,08:00:27:5a:87:bc,0,0,,,0,0.0,0,0.0,0.0,,0.0
1785325448.519992,08:00:27:8a:0d:75,0,0,,,0,0.0,0,0.0,0.0,,0.0
1785325448.519992,08:00:27:a5:9e:2d,0,0,,,0,0.0,0,0.0,0.0,,0.0
1785325453.519992,08:00:27:5a:87:bc,0,0,,,0,0.0,0,0.0,0.0,,0.0
1785325453.519992,08:00:27:8a:0d:75,0,0,,,0,0.0,0,0.0,0.0,,0.0
1785325453.519992,08:00:27:a5:9e:2d,0,0,,,0,0.0,0,0.0,0.0,,0.0
1785325458.519992,08:00:27:5a:87:bc,0,0,,,0,0.0,0,0.0,0.0,,0.0
1785325458.519992,08:00:27:8a:0d:75,0,0,,,0,0.0,0,0.0,0.0,,0.0
1785325458.519992,08:00:27:a5:9e:2d,0,0,,,0,0.0,0,0.0,0.0,,0.0
1785325463.519992,08:00:27:5a:87:bc,0,0,,,0,0.0,0,0.0,0.0,,0.0
1785325463.519992,08:00:27:8a:0d:75,0,0,,,0,0.0,0,0.0,0.0,,0.0
1785325463.519992,08:00:27:a5:9e:2d,0,0,,,0,0.0,0,0.0,0.0,,0.0
1785325468.519992,08:00:27:5a:87:bc,0,0,,,0,0.0,0,0.0,0.0,,0.0
1785325468.519992,08:00:27:8a:0d:75,0,0,,,0,0.0,0,0.0,0.0,,0.0
1785325468.519992,08:00:27:a5:9e:2d,0,0,,,0,0.0,0,0.0,0.0,,0.0
1785325473.519992,08:00:27:5a:87:bc,0,0,,,0,0.0,0,0.0,0.0,,0.0
1785325473.519992,08:00:27:8a:0d:75,0,0,,,0,0.0,0,0.0,0.0,,0.0
1785325473.519992,08:00:27:a5:9e:2d,0,0,,,0,0.0,0,0.0,0.0,,0.0
1785325478.519992,08:00:27:5a:87:bc,0,0,,,0,0.0,0,0.0,0.0,,0.0
1785325478.519992,08:00:27:8a:0d:75,0,0,,,0,0.0,0,0.0,0.0,,0.0
1785325478.519992,08:00:27:a5:9e:2d,0,0,,,0,0.0,0,0.0,0.0,,0.0
1785325483.519992,08:00:27:5a:87:bc,0,0,,,0,0.0,0,0.0,0.0,,0.0
1785325483.519992,08:00:27:8a:0d:75,0,0,,,0,0.0,0,0.0,0.0,,0.0
1785325483.519992,08:00:27:a5:9e:2d,0,0,,,0,0.0,0,0.0,0.0,,0.0
1785325488.519992,08:00:27:5a:87:bc,0,0,,,0,0.0,0,0.0,0.0,,0.0
1785325488.519992,08:00:27:8a:0d:75,0,0,,,0,0.0,0,0.0,0.0,,0.0
1785325488.519992,08:00:27:a5:9e:2d,0,0,,,0,0.0,0,0.0,0.0,,0.0
1785325493.519992,08:00:27:5a:87:bc,0,0,,,0,0.0,0,0.0,0.0,,0.0
1785325493.519992,08:00:27:8a:0d:75,0,0,,,0,0.0,0,0.0,0.0,,0.0
1785325493.519992,08:00:27:a5:9e:2d,0,0,,,0,0.0,0,0.0,0.0,,0.0
1785325498.519992,08:00:27:5a:87:bc,0,0,,,0,0.0,0,0.0,0.0,,0.0
1785325498.519992,08:00:27:8a:0d:75,0,0,,,0,0.0,0,0.0,0.0,,0.0
1785325498.519992,08:00:27:a5:9e:2d,0,0,,,0,0.0,0,0.0,0.0,,0.0
1785325503.519992,08:00:27:5a:87:bc,0,0,,,0,0.0,0,0.0,0.0,,0.0
1785325503.519992,08:00:27:8a:0d:75,0,0,,,0,0.0,0,0.0,0.0,,0.0
1785325503.519992,08:00:27:a5:9e:2d,0,0,,,0,0.0,0,0.0,0.0,,0.0
1785325508.519992,08:00:27:5a:87:bc,0,0,,,0,0.0,0,0.0,0.0,,0.0
1785325508.519992,08:00:27:8a:0d:75,0,0,,,0,0.0,0,0.0,0.0,,0.0
1785325508.519992,08:00:27:a5:9e:2d,0,0,,,0,0.0,0,0.0,0.0,,0.0
1785325513.519992,08:00:27:5a:87:bc,0,0,,,0,0.0,0,0.0,0.0,,0.0
1785325513.519992,08:00:27:8a:0d:75,0,0,,,0,0.0,0,0.0,0.0,,0.0
1785325513.519992,08:00:27:a5:9e:2d,0,0,,,0,0.0,0,0.0,0.0,,0.0
1785325518.519992,08:00:27:5a:87:bc,0,0,,,0,0.0,0,0.0,0.0,,0.0
1785325518.519992,08:00:27:8a:0d:75,0,0,,,0,0.0,0,0.0,0.0,,0.0
1785325518.519992,08:00:27:a5:9e:2d,0,0,,,0,0.0,0,0.0,0.0,,0.0
1785325523.519992,08:00:27:5a:87:bc,0,0,,,0,0.0,0,0.0,0.0,,0.0
1785325523.519992,08:00:27:8a:0d:75,0,0,,,0,0.0,0,0.0,0.0,,0.0
1785325523.519992,08:00:27:a5:9e:2d,0,0,,,0,0.0,0,0.0,0.0,,0.0
1785325528.519992,08:00:27:5a:87:bc,0,0,,,0,0.0,0,0.0,0.0,,0.0
1785325528.519992,08:00:27:8a:0d:75,0,0,,,0,0.0,0,0.0,0.0,,0.0
1785325528.519992,08:00:27:a5:9e:2d,0,0,,,0,0.0,0,0.0,0.0,,0.0
1785325533.519992,08:00:27:5a:87:bc,0,0,,,0,0.0,0,0.0,0.0,,0.0
1785325533.519992,08:00:27:8a:0d:75,0,0,,,0,0.0,0,0.0,0.0,,0.0
1785325533.519992,08:00:27:a5:9e:2d,0,0,,,0,0.0,0,0.0,0.0,,0.0
1785325538.519992,08:00:27:5a:87:bc,0,0,,,0,0.0,0,0.0,0.0,,0.0
1785325538.519992,08:00:27:8a:0d:75,0,0,,,0,0.0,0,0.0,0.0,,0.0
1785325538.519992,08:00:27:a5:9e:2d,0,0,,,0,0.0,0,0.0,0.0,,0.0
1785325543.519992,08:00:27:5a:87:bc,0,0,,,0,0.0,0,0.0,0.0,,0.0
1785325543.519992,08:00:27:8a:0d:75,0,0,,,0,0.0,0,0.0,0.0,,0.0
1785325543.519992,08:00:27:a5:9e:2d,0,0,,,0,0.0,0,0.0,0.0,,0.0
1785325548.519992,08:00:27:5a:87:bc,0,0,,,0,0.0,0,0.0,0.0,,0.0
1785325548.519992,08:00:27:8a:0d:75,0,0,,,0,0.0,0,0.0,0.0,,0.0
1785325548.519992,08:00:27:a5:9e:2d,0,0,,,0,0.0,0,0.0,0.0,,0.0
1785325553.519992,08:00:27:5a:87:bc,0,0,,,0,0.0,0,0.0,0.0,,0.0
1785325553.519992,08:00:27:8a:0d:75,0,0,,,0,0.0,0,0.0,0.0,,0.0
1785325553.519992,08:00:27:a5:9e:2d,0,0,,,0,0.0,0,0.0,0.0,,0.0
1785325558.519992,08:00:27:5a:87:bc,0,0,,,0,0.0,0,0.0,0.0,,0.0
1785325558.519992,08:00:27:8a:0d:75,0,0,,,0,0.0,0,0.0,0.0,,0.0
1785325558.519992,08:00:27:a5:9e:2d,0,0,,,0,0.0,0,0.0,0.0,,0.0
1785325563.519992,08:00:27:5a:87:bc,0,0,,,0,0.0,0,0.0,0.0,,0.0
1785325563.519992,08:00:27:8a:0d:75,0,0,,,0,0.0,0,0.0,0.0,,0.0
1785325563.519992,08:00:27:a5:9e:2d,0,0,,,0,0.0,0,0.0,0.0,,0.0
1785325568.519992,08:00:27:5a:87:bc,0,0,,,0,0.0,0,0.0,0.0,,0.0
1785325568.519992,08:00:27:8a:0d:75,0,0,,,0,0.0,0,0.0,0.0,,0.0
1785325568.519992,08:00:27:a5:9e:2d,0,0,,,0,0.0,0,0.0,0.0,,0.0
1785325573.519992,08:00:27:5a:87:bc,0,0,,,0,0.0,0,0.0,0.0,,0.0
1785325573.519992,08:00:27:8a:0d:75,0,0,,,0,0.0,0,0.0,0.0,,0.0
1785325573.519992,08:00:27:a5:9e:2d,0,0,,,0,0.0,0,0.0,0.0,,0.0
1785325578.519992,08:00:27:5a:87:bc,0,0,,,0,0.0,0,0.0,0.0,,0.0
1785325578.519992,08:00:27:8a:0d:75,0,0,,,0,0.0,0,0.0,0.0,,0.0
1785325578.519992,08:00:27:a5:9e:2d,0,0,,,0,0.0,0,0.0,0.0,,0.0
1785325583.519992,08:00:27:5a:87:bc,0,0,,,0,0.0,0,0.0,0.0,,0.0
1785325583.519992,08:00:27:8a:0d:75,0,0,,,0,0.0,0,0.0,0.0,,0.0
1785325583.519992,08:00:27:a5:9e:2d,0,0,,,0,0.0,0,0.0,0.0,,0.0
1785325588.519992,08:00:27:5a:87:bc,0,0,,,0,0.0,0,0.0,0.0,,0.0
1785325588.519992,08:00:27:8a:0d:75,0,0,,,0,0.0,0,0.0,0.0,,0.0
1785325588.519992,08:00:27:a5:9e:2d,0,0,,,0,0.0,0,0.0,0.0,,0.0
1785325593.519992,08:00:27:5a:87:bc,0,0,,,0,0.0,0,0.0,0.0,,0.0
1785325593.519992,08:00:27:8a:0d:75,0,0,,,0,0.0,0,0.0,0.0,,0.0
1785325593.519992,08:00:27:a5:9e:2d,0,0,,,0,0.0,0,0.0,0.0,,0.0
1785325598.519992,08:00:27:5a:87:bc,0,0,,,0,0.0,0,0.0,0.0,,0.0
1785325598.519992,08:00:27:8a:0d:75,0,0,,,0,0.0,0,0.0,0.0,,0.0
1785325598.519992,08:00:27:a5:9e:2d,0,0,,,0,0.0,0,0.0,0.0,,0.0
1785325603.519992,08:00:27:5a:87:bc,0,0,,,0,0.0,0,0.0,0.0,,0.0
1785325603.519992,08:00:27:8a:0d:75,0,0,,,0,0.0,0,0.0,0.0,,0.0
1785325603.519992,08:00:27:a5:9e:2d,0,0,,,0,0.0,0,0.0,0.0,,0.0
1785325608.519992,08:00:27:5a:87:bc,0,0,,,0,0.0,0,0.0,0.0,,0.0
1785325608.519992,08:00:27:8a:0d:75,0,0,,,0,0.0,0,0.0,0.0,,0.0
1785325608.519992,08:00:27:a5:9e:2d,0,0,,,0,0.0,0,0.0,0.0,,0.0
1785325613.519992,08:00:27:5a:87:bc,0,0,,,0,0.0,0,0.0,0.0,,0.0
1785325613.519992,08:00:27:8a:0d:75,0,0,,,0,0.0,0,0.0,0.0,,0.0
1785325613.519992,08:00:27:a5:9e:2d,0,0,,,0,0.0,0,0.0,0.0,,0.0
1785325618.519992,08:00:27:5a:87:bc,0,0,,,0,0.0,0,0.0,0.0,,0.0
1785325618.519992,08:00:27:8a:0d:75,0,0,,,0,0.0,0,0.0,0.0,,0.0
1785325618.519992,08:00:27:a5:9e:2d,0,0,,,0,0.0,0,0.0,0.0,,0.0
1785325623.519992,08:00:27:5a:87:bc,0,0,,,0,0.0,0,0.0,0.0,,0.0
1785325623.519992,08:00:27:8a:0d:75,0,0,,,0,0.0,0,0.0,0.0,,0.0
1785325623.519992,08:00:27:a5:9e:2d,0,0,,,0,0.0,0,0.0,0.0,,0.0
1785325628.519992,08:00:27:5a:87:bc,0,0,,,0,0.0,0,0.0,0.0,,0.0
1785325628.519992,08:00:27:8a:0d:75,0,0,,,0,0.0,0,0.0,0.0,,0.0
1785325628.519992,08:00:27:a5:9e:2d,0,0,,,0,0.0,0,0.0,0.0,,0.0
1785325633.519992,08:00:27:5a:87:bc,0,0,,,0,0.0,0,0.0,0.0,,0.0
1785325633.519992,08:00:27:8a:0d:75,0,0,,,0,0.0,0,0.0,0.0,,0.0
1785325633.519992,08:00:27:a5:9e:2d,0,0,,,0,0.0,0,0.0,0.0,,0.0
1785325638.519992,08:00:27:5a:87:bc,0,0,,,0,0.0,0,0.0,0.0,,0.0
1785325638.519992,08:00:27:8a:0d:75,0,0,,,0,0.0,0,0.0,0.0,,0.0
1785325638.519992,08:00:27:a5:9e:2d,0,0,,,0,0.0,0,0.0,0.0,,0.0
1785325643.519992,08:00:27:5a:87:bc,0,0,,,0,0.0,0,0.0,0.0,,0.0
1785325643.519992,08:00:27:8a:0d:75,0,0,,,0,0.0,0,0.0,0.0,,0.0
1785325643.519992,08:00:27:a5:9e:2d,0,0,,,0,0.0,0,0.0,0.0,,0.0
1785325648.519992,08:00:27:5a:87:bc,0,0,,,0,0.0,0,0.0,0.0,,0.0
1785325648.519992,08:00:27:8a:0d:75,0,0,,,0,0.0,0,0.0,0.0,,0.0
1785325648.519992,08:00:27:a5:9e:2d,0,0,,,0,0.0,0,0.0,0.0,,0.0
1785325653.519992,08:00:27:5a:87:bc,0,0,,,0,0.0,0,0.0,0.0,,0.0
1785325653.519992,08:00:27:8a:0d:75,0,0,,,0,0.0,0,0.0,0.0,,0.0
1785325653.519992,08:00:27:a5:9e:2d,0,0,,,0,0.0,0,0.0,0.0,,0.0
1785325658.519992,08:00:27:5a:87:bc,0,0,,,0,0.0,0,0.0,0.0,,0.0
1785325658.519992,08:00:27:8a:0d:75,0,0,,,0,0.0,0,0.0,0.0,,0.0
1785325658.519992,08:00:27:a5:9e:2d,0,0,,,0,0.0,0,0.0,0.0,,0.0
1785325663.519992,08:00:27:5a:87:bc,0,0,,,0,0.0,0,0.0,0.0,,0.0
1785325663.519992,08:00:27:8a:0d:75,0,0,,,0,0.0,0,0.0,0.0,,0.0
1785325663.519992,08:00:27:a5:9e:2d,0,0,,,0,0.0,0,0.0,0.0,,0.0
1785325668.519992,08:00:27:5a:87:bc,0,0,,,0,0.0,0,0.0,0.0,,0.0
1785325668.519992,08:00:27:8a:0d:75,0,0,,,0,0.0,0,0.0,0.0,,0.0
1785325668.519992,08:00:27:a5:9e:2d,0,0,,,0,0.0,0,0.0,0.0,,0.0
1785325673.519992,08:00:27:5a:87:bc,0,0,,,0,0.0,0,0.0,0.0,,0.0
1785325673.519992,08:00:27:8a:0d:75,0,0,,,0,0.0,0,0.0,0.0,,0.0
1785325673.519992,08:00:27:a5:9e:2d,0,0,,,0,0.0,0,0.0,0.0,,0.0
1785325678.519992,08:00:27:5a:87:bc,0,0,,,0,0.0,0,0.0,0.0,,0.0
1785325678.519992,08:00:27:8a:0d:75,0,0,,,0,0.0,0,0.0,0.0,,0.0
1785325678.519992,08:00:27:a5:9e:2d,0,0,,,0,0.0,0,0.0,0.0,,0.0
1785325683.519992,08:00:27:5a:87:bc,0,0,,,0,0.0,0,0.0,0.0,,0.0
1785325683.519992,08:00:27:8a:0d:75,0,0,,,0,0.0,0,0.0,0.0,,0.0
1785325683.519992,08:00:27:a5:9e:2d,0,0,,,0,0.0,0,0.0,0.0,,0.0
1785325688.519992,08:00:27:5a:87:bc,0,0,,,0,0.0,0,0.0,0.0,,0.0
1785325688.519992,08:00:27:8a:0d:75,0,0,,,0,0.0,0,0.0,0.0,,0.0
1785325688.519992,08:00:27:a5:9e:2d,0,0,,,0,0.0,0,0.0,0.0,,0.0
1785325693.519992,08:00:27:5a:87:bc,0,0,,,0,0.0,0,0.0,0.0,,0.0
1785325693.519992,08:00:27:8a:0d:75,0,0,,,0,0.0,0,0.0,0.0,,0.0
1785325693.519992,08:00:27:a5:9e:2d,0,0,,,0,0.0,0,0.0,0.0,,0.0
1785325698.519992,08:00:27:5a:87:bc,0,0,,,0,0.0,0,0.0,0.0,,0.0
1785325698.519992,08:00:27:8a:0d:75,0,0,,,0,0.0,0,0.0,0.0,,0.0
1785325698.519992,08:00:27:a5:9e:2d,0,0,,,0,0.0,0,0.0,0.0,,0.0
1785325703.519992,08:00:27:5a:87:bc,0,0,,,0,0.0,0,0.0,0.0,,0.0
1785325703.519992,08:00:27:8a:0d:75,0,0,,,0,0.0,0,0.0,0.0,,0.0
1785325703.519992,08:00:27:a5:9e:2d,0,0,,,0,0.0,0,0.0,0.0,,0.0
1785325708.519992,08:00:27:5a:87:bc,0,0,,,0,0.0,0,0.0,0.0,,0.0
1785325708.519992,08:00:27:8a:0d:75,0,0,,,0,0.0,0,0.0,0.0,,0.0
1785325708.519992,08:00:27:a5:9e:2d,0,0,,,0,0.0,0,0.0,0.0,,0.0
1785325713.519992,08:00:27:5a:87:bc,0,0,,,0,0.0,0,0.0,0.0,,0.0
1785325713.519992,08:00:27:8a:0d:75,0,0,,,0,0.0,0,0.0,0.0,,0.0
1785325713.519992,08:00:27:a5:9e:2d,0,0,,,0,0.0,0,0.0,0.0,,0.0
1785325718.519992,08:00:27:5a:87:bc,0,0,,,0,0.0,0,0.0,0.0,,0.0
1785325718.519992,08:00:27:8a:0d:75,0,0,,,0,0.0,0,0.0,0.0,,0.0
1785325718.519992,08:00:27:a5:9e:2d,0,0,,,0,0.0,0,0.0,0.0,,0.0
1785325723.519992,08:00:27:5a:87:bc,0,0,,,0,0.0,0,0.0,0.0,,0.0
1785325723.519992,08:00:27:8a:0d:75,0,0,,,0,0.0,0,0.0,0.0,,0.0
1785325723.519992,08:00:27:a5:9e:2d,0,0,,,0,0.0,0,0.0,0.0,,0.0
1785325728.519992,08:00:27:5a:87:bc,0,0,,,0,0.0,0,0.0,0.0,,0.0
1785325728.519992,08:00:27:8a:0d:75,0,0,,,0,0.0,0,0.0,0.0,,0.0
1785325728.519992,08:00:27:a5:9e:2d,0,0,,,0,0.0,0,0.0,0.0,,0.0
1785325733.519992,08:00:27:5a:87:bc,0,0,,,0,0.0,0,0.0,0.0,,0.0
1785325733.519992,08:00:27:8a:0d:75,0,0,,,0,0.0,0,0.0,0.0,,0.0
1785325733.519992,08:00:27:a5:9e:2d,0,0,,,0,0.0,0,0.0,0.0,,0.0
1785325738.519992,08:00:27:5a:87:bc,0,0,,,0,0.0,0,0.0,0.0,,0.0
1785325738.519992,08:00:27:8a:0d:75,0,0,,,0,0.0,0,0.0,0.0,,0.0
1785325738.519992,08:00:27:a5:9e:2d,0,0,,,0,0.0,0,0.0,0.0,,0.0
1785325743.519992,08:00:27:5a:87:bc,0,0,,,0,0.0,0,0.0,0.0,,0.0
1785325743.519992,08:00:27:8a:0d:75,0,0,,,0,0.0,0,0.0,0.0,,0.0
1785325743.519992,08:00:27:a5:9e:2d,0,0,,,0,0.0,0,0.0,0.0,,0.0
1785325748.519992,08:00:27:5a:87:bc,0,0,,,0,0.0,0,0.0,0.0,,0.0
1785325748.519992,08:00:27:8a:0d:75,0,0,,,0,0.0,0,0.0,0.0,,0.0
1785325748.519992,08:00:27:a5:9e:2d,0,0,,,0,0.0,0,0.0,0.0,,0.0
1785325753.519992,08:00:27:5a:87:bc,0,0,,,0,0.0,0,0.0,0.0,,0.0
1785325753.519992,08:00:27:8a:0d:75,0,0,,,0,0.0,0,0.0,0.0,,0.0
1785325753.519992,08:00:27:a5:9e:2d,0,0,,,0,0.0,0,0.0,0.0,,0.0
1785325758.519992,08:00:27:5a:87:bc,0,0,,,0,0.0,0,0.0,0.0,,0.0
1785325758.519992,08:00:27:8a:0d:75,0,0,,,0,0.0,0,0.0,0.0,,0.0
1785325758.519992,08:00:27:a5:9e:2d,0,0,,,0,0.0,0,0.0,0.0,,0.0
1785325763.519992,08:00:27:5a:87:bc,0,0,,,0,0.0,0,0.0,0.0,,0.0
1785325763.519992,08:00:27:8a:0d:75,0,0,,,0,0.0,0,0.0,0.0,,0.0
1785325763.519992,08:00:27:a5:9e:2d,0,0,,,0,0.0,0,0.0,0.0,,0.0
1785325768.519992,08:00:27:5a:87:bc,0,0,,,0,0.0,0,0.0,0.0,,0.0
1785325768.519992,08:00:27:8a:0d:75,0,0,,,0,0.0,0,0.0,0.0,,0.0
1785325768.519992,08:00:27:a5:9e:2d,0,0,,,0,0.0,0,0.0,0.0,,0.0
1785325773.519992,08:00:27:5a:87:bc,0,0,,,0,0.0,0,0.0,0.0,,0.0
1785325773.519992,08:00:27:8a:0d:75,0,0,,,0,0.0,0,0.0,0.0,,0.0
1785325773.519992,08:00:27:a5:9e:2d,0,0,,,0,0.0,0,0.0,0.0,,0.0
1785325778.519992,08:00:27:5a:87:bc,0,0,,,0,0.0,0,0.0,0.0,,0.0
1785325778.519992,08:00:27:8a:0d:75,0,0,,,0,0.0,0,0.0,0.0,,0.0
1785325778.519992,08:00:27:a5:9e:2d,0,0,,,0,0.0,0,0.0,0.0,,0.0
1785325783.519992,08:00:27:5a:87:bc,0,0,,,0,0.0,0,0.0,0.0,,0.0
1785325783.519992,08:00:27:8a:0d:75,0,0,,,0,0.0,0,0.0,0.0,,0.0
1785325783.519992,08:00:27:a5:9e:2d,0,0,,,0,0.0,0,0.0,0.0,,0.0
1785325788.519992,08:00:27:5a:87:bc,0,0,,,0,0.0,0,0.0,0.0,,0.0
1785325788.519992,08:00:27:8a:0d:75,0,0,,,0,0.0,0,0.0,0.0,,0.0
1785325788.519992,08:00:27:a5:9e:2d,0,0,,,0,0.0,0,0.0,0.0,,0.0
1785325793.519992,08:00:27:5a:87:bc,0,0,,,0,0.0,0,0.0,0.0,,0.0
1785325793.519992,08:00:27:8a:0d:75,0,0,,,0,0.0,0,0.0,0.0,,0.0
1785325793.519992,08:00:27:a5:9e:2d,0,0,,,0,0.0,0,0.0,0.0,,0.0
1785325798.519992,08:00:27:5a:87:bc,0,0,,,0,0.0,0,0.0,0.0,,0.0
1785325798.519992,08:00:27:8a:0d:75,0,0,,,0,0.0,0,0.0,0.0,,0.0
1785325798.519992,08:00:27:a5:9e:2d,0,0,,,0,0.0,0,0.0,0.0,,0.0
1785325803.519992,08:00:27:5a:87:bc,0,0,,,0,0.0,0,0.0,0.0,,0.0
1785325803.519992,08:00:27:8a:0d:75,0,0,,,0,0.0,0,0.0,0.0,,0.0
1785325803.519992,08:00:27:a5:9e:2d,0,0,,,0,0.0,0,0.0,0.0,,0.0
1785325808.519992,08:00:27:5a:87:bc,0,0,,,0,0.0,0,0.0,0.0,,0.0
1785325808.519992,08:00:27:8a:0d:75,0,0,,,0,0.0,0,0.0,0.0,,0.0
1785325808.519992,08:00:27:a5:9e:2d,0,0,,,0,0.0,0,0.0,0.0,,0.0
1785325813.519992,08:00:27:5a:87:bc,0,0,,,0,0.0,0,0.0,0.0,,0.0
1785325813.519992,08:00:27:8a:0d:75,0,0,,,0,0.0,0,0.0,0.0,,0.0
1785325813.519992,08:00:27:a5:9e:2d,0,0,,,0,0.0,0,0.0,0.0,,0.0
1785325818.519992,08:00:27:5a:87:bc,0,0,,,0,0.0,0,0.0,0.0,,0.0
1785325818.519992,08:00:27:8a:0d:75,0,0,,,0,0.0,0,0.0,0.0,,0.0
1785325818.519992,08:00:27:a5:9e:2d,0,0,,,0,0.0,0,0.0,0.0,,0.0
1785325823.519992,08:00:27:5a:87:bc,0,0,,,0,0.0,0,0.0,0.0,,0.0
1785325823.519992,08:00:27:8a:0d:75,0,0,,,0,0.0,0,0.0,0.0,,0.0
1785325823.519992,08:00:27:a5:9e:2d,0,0,,,0,0.0,0,0.0,0.0,,0.0
1785325828.519992,08:00:27:5a:87:bc,0,0,,,0,0.0,0,0.0,0.0,,0.0
1785325828.519992,08:00:27:8a:0d:75,0,0,,,0,0.0,0,0.0,0.0,,0.0
1785325828.519992,08:00:27:a5:9e:2d,0,0,,,0,0.0,0,0.0,0.0,,0.0
1785325833.519992,08:00:27:5a:87:bc,0,0,,,0,0.0,0,0.0,0.0,,0.0
1785325833.519992,08:00:27:8a:0d:75,0,0,,,0,0.0,0,0.0,0.0,,0.0
1785325833.519992,08:00:27:a5:9e:2d,0,0,,,0,0.0,0,0.0,0.0,,0.0
1785325838.519992,08:00:27:5a:87:bc,0,0,,,0,0.0,0,0.0,0.0,,0.0
1785325838.519992,08:00:27:8a:0d:75,0,0,,,0,0.0,0,0.0,0.0,,0.0
1785325838.519992,08:00:27:a5:9e:2d,0,0,,,0,0.0,0,0.0,0.0,,0.0
1785325843.519992,08:00:27:5a:87:bc,0,0,,,0,0.0,0,0.0,0.0,,0.0
1785325843.519992,08:00:27:8a:0d:75,0,0,,,0,0.0,0,0.0,0.0,,0.0
1785325843.519992,08:00:27:a5:9e:2d,0,0,,,0,0.0,0,0.0,0.0,,0.0
1785325848.519992,08:00:27:5a:87:bc,0,0,,,0,0.0,0,0.0,0.0,,0.0
1785325848.519992,08:00:27:8a:0d:75,0,0,,,0,0.0,0,0.0,0.0,,0.0
1785325848.519992,08:00:27:a5:9e:2d,0,0,,,0,0.0,0,0.0,0.0,,0.0
1785325853.519992,08:00:27:5a:87:bc,0,0,,,0,0.0,0,0.0,0.0,,0.0
1785325853.519992,08:00:27:8a:0d:75,0,0,,,0,0.0,0,0.0,0.0,,0.0
1785325853.519992,08:00:27:a5:9e:2d,0,0,,,0,0.0,0,0.0,0.0,,0.0
1785325858.519992,08:00:27:5a:87:bc,0,0,,,0,0.0,0,0.0,0.0,,0.0
1785325858.519992,08:00:27:8a:0d:75,0,0,,,0,0.0,0,0.0,0.0,,0.0
1785325858.519992,08:00:27:a5:9e:2d,0,0,,,0,0.0,0,0.0,0.0,,0.0
1785325863.519992,08:00:27:5a:87:bc,0,0,,,0,0.0,0,0.0,0.0,,0.0
1785325863.519992,08:00:27:8a:0d:75,0,0,,,0,0.0,0,0.0,0.0,,0.0
1785325863.519992,08:00:27:a5:9e:2d,0,0,,,0,0.0,0,0.0,0.0,,0.0
1785325868.519992,08:00:27:5a:87:bc,0,0,,,0,0.0,0,0.0,0.0,,0.0
1785325868.519992,08:00:27:8a:0d:75,0,0,,,0,0.0,0,0.0,0.0,,0.0
1785325868.519992,08:00:27:a5:9e:2d,0,0,,,0,0.0,0,0.0,0.0,,0.0
1785325873.519992,08:00:27:5a:87:bc,0,0,,,0,0.0,0,0.0,0.0,,0.0
1785325873.519992,08:00:27:8a:0d:75,0,0,,,0,0.0,0,0.0,0.0,,0.0
1785325873.519992,08:00:27:a5:9e:2d,0,0,,,0,0.0,0,0.0,0.0,,0.0
1785325878.519992,08:00:27:5a:87:bc,0,0,,,0,0.0,0,0.0,0.0,,0.0
1785325878.519992,08:00:27:8a:0d:75,0,0,,,0,0.0,0,0.0,0.0,,0.0
1785325878.519992,08:00:27:a5:9e:2d,0,0,,,0,0.0,0,0.0,0.0,,0.0
1785325883.519992,08:00:27:5a:87:bc,0,0,,,0,0.0,0,0.0,0.0,,0.0
1785325883.519992,08:00:27:8a:0d:75,0,0,,,0,0.0,0,0.0,0.0,,0.0
1785325883.519992,08:00:27:a5:9e:2d,0,0,,,0,0.0,0,0.0,0.0,,0.0
1785325888.519992,08:00:27:5a:87:bc,0,0,,,0,0.0,0,0.0,0.0,,0.0
1785325888.519992,08:00:27:8a:0d:75,0,0,,,0,0.0,0,0.0,0.0,,0.0
1785325888.519992,08:00:27:a5:9e:2d,0,0,,,0,0.0,0,0.0,0.0,,0.0
1785325893.519992,08:00:27:5a:87:bc,0,0,,,0,0.0,0,0.0,0.0,,0.0
1785325893.519992,08:00:27:8a:0d:75,0,0,,,0,0.0,0,0.0,0.0,,0.0
1785325893.519992,08:00:27:a5:9e:2d,0,0,,,0,0.0,0,0.0,0.0,,0.0
1785325898.519992,08:00:27:5a:87:bc,0,0,,,0,0.0,0,0.0,0.0,,0.0
1785325898.519992,08:00:27:8a:0d:75,0,0,,,0,0.0,0,0.0,0.0,,0.0
1785325898.519992,08:00:27:a5:9e:2d,0,0,,,0,0.0,0,0.0,0.0,,0.0
1785325903.519992,08:00:27:5a:87:bc,0,0,,,0,0.0,0,0.0,0.0,,0.0
1785325903.519992,08:00:27:8a:0d:75,0,0,,,0,0.0,0,0.0,0.0,,0.0
1785325903.519992,08:00:27:a5:9e:2d,0,0,,,0,0.0,0,0.0,0.0,,0.0
1785325908.519992,08:00:27:5a:87:bc,0,0,,,0,0.0,0,0.0,0.0,,0.0
1785325908.519992,08:00:27:8a:0d:75,0,0,,,0,0.0,0,0.0,0.0,,0.0
1785325908.519992,08:00:27:a5:9e:2d,0,0,,,0,0.0,0,0.0,0.0,,0.0
1785325913.519992,08:00:27:5a:87:bc,0,0,,,0,0.0,0,0.0,0.0,,0.0
1785325913.519992,08:00:27:8a:0d:75,0,0,,,0,0.0,0,0.0,0.0,,0.0
1785325913.519992,08:00:27:a5:9e:2d,0,0,,,0,0.0,0,0.0,0.0,,0.0
1785325918.519992,08:00:27:5a:87:bc,0,0,,,0,0.0,0,0.0,0.0,,0.0
1785325918.519992,08:00:27:8a:0d:75,0,0,,,0,0.0,0,0.0,0.0,,0.0
1785325918.519992,08:00:27:a5:9e:2d,0,0,,,0,0.0,0,0.0,0.0,,0.0
1785325923.519992,08:00:27:5a:87:bc,0,0,,,0,0.0,0,0.0,0.0,,0.0
1785325923.519992,08:00:27:8a:0d:75,0,0,,,0,0.0,0,0.0,0.0,,0.0
1785325923.519992,08:00:27:a5:9e:2d,0,0,,,0,0.0,0,0.0,0.0,,0.0
1785325928.519992,08:00:27:5a:87:bc,0,0,,,0,0.0,0,0.0,0.0,,0.0
1785325928.519992,08:00:27:8a:0d:75,0,0,,,0,0.0,0,0.0,0.0,,0.0
1785325928.519992,08:00:27:a5:9e:2d,0,0,,,0,0.0,0,0.0,0.0,,0.0
1785325933.519992,08:00:27:5a:87:bc,0,0,,,0,0.0,0,0.0,0.0,,0.0
1785325933.519992,08:00:27:8a:0d:75,0,0,,,0,0.0,0,0.0,0.0,,0.0
1785325933.519992,08:00:27:a5:9e:2d,0,0,,,0,0.0,0,0.0,0.0,,0.0
1785325938.519992,08:00:27:5a:87:bc,0,0,,,0,0.0,0,0.0,0.0,,0.0
1785325938.519992,08:00:27:8a:0d:75,0,0,,,0,0.0,0,0.0,0.0,,0.0
1785325938.519992,08:00:27:a5:9e:2d,0,0,,,0,0.0,0,0.0,0.0,,0.0
1785325943.519992,08:00:27:5a:87:bc,0,0,,,0,0.0,0,0.0,0.0,,0.0
1785325943.519992,08:00:27:8a:0d:75,0,0,,,0,0.0,0,0.0,0.0,,0.0
1785325943.519992,08:00:27:a5:9e:2d,0,0,,,0,0.0,0,0.0,0.0,,0.0
1785325948.519992,08:00:27:5a:87:bc,0,0,,,0,0.0,0,0.0,0.0,,0.0
1785325948.519992,08:00:27:8a:0d:75,0,0,,,0,0.0,0,0.0,0.0,,0.0
1785325948.519992,08:00:27:a5:9e:2d,0,0,,,0,0.0,0,0.0,0.0,,0.0
1785325953.519992,08:00:27:5a:87:bc,0,0,,,0,0.0,0,0.0,0.0,,0.0
1785325953.519992,08:00:27:8a:0d:75,0,0,,,0,0.0,0,0.0,0.0,,0.0
1785325953.519992,08:00:27:a5:9e:2d,0,0,,,0,0.0,0,0.0,0.0,,0.0
1785325958.519992,08:00:27:5a:87:bc,0,0,,,0,0.0,0,0.0,0.0,,0.0
1785325958.519992,08:00:27:8a:0d:75,0,0,,,0,0.0,0,0.0,0.0,,0.0
1785325958.519992,08:00:27:a5:9e:2d,0,0,,,0,0.0,0,0.0,0.0,,0.0
1785325963.519992,08:00:27:5a:87:bc,0,0,,,0,0.0,0,0.0,0.0,,0.0
1785325963.519992,08:00:27:8a:0d:75,0,0,,,0,0.0,0,0.0,0.0,,0.0
1785325963.519992,08:00:27:a5:9e:2d,0,0,,,0,0.0,0,0.0,0.0,,0.0
1785325968.519992,08:00:27:5a:87:bc,0,0,,,0,0.0,0,0.0,0.0,,0.0
1785325968.519992,08:00:27:8a:0d:75,0,0,,,0,0.0,0,0.0,0.0,,0.0
1785325968.519992,08:00:27:a5:9e:2d,0,0,,,0,0.0,0,0.0,0.0,,0.0
1785325973.519992,08:00:27:5a:87:bc,0,0,,,0,0.0,0,0.0,0.0,,0.0
1785325973.519992,08:00:27:8a:0d:75,0,0,,,0,0.0,0,0.0,0.0,,0.0
1785325973.519992,08:00:27:a5:9e:2d,0,0,,,0,0.0,0,0.0,0.0,,0.0
1785325978.519992,08:00:27:5a:87:bc,0,0,,,0,0.0,0,0.0,0.0,,0.0
1785325978.519992,08:00:27:8a:0d:75,0,0,,,0,0.0,0,0.0,0.0,,0.0
1785325978.519992,08:00:27:a5:9e:2d,0,0,,,0,0.0,0,0.0,0.0,,0.0
1785325983.519992,08:00:27:5a:87:bc,0,0,,,0,0.0,0,0.0,0.0,,0.0
1785325983.519992,08:00:27:8a:0d:75,0,0,,,0,0.0,0,0.0,0.0,,0.0
1785325983.519992,08:00:27:a5:9e:2d,0,0,,,0,0.0,0,0.0,0.0,,0.0
1785325988.519992,08:00:27:5a:87:bc,0,0,,,0,0.0,0,0.0,0.0,,0.0
1785325988.519992,08:00:27:8a:0d:75,0,0,,,0,0.0,0,0.0,0.0,,0.0
1785325988.519992,08:00:27:a5:9e:2d,0,0,,,0,0.0,0,0.0,0.0,,0.0
1785325993.519992,08:00:27:5a:87:bc,0,0,,,0,0.0,0,0.0,0.0,,0.0
1785325993.519992,08:00:27:8a:0d:75,0,0,,,0,0.0,0,0.0,0.0,,0.0
1785325993.519992,08:00:27:a5:9e:2d,0,0,,,0,0.0,0,0.0,0.0,,0.0
1785325998.519992,08:00:27:5a:87:bc,0,0,,,0,0.0,0,0.0,0.0,,0.0
1785325998.519992,08:00:27:8a:0d:75,0,0,,,0,0.0,0,0.0,0.0,,0.0
1785325998.519992,08:00:27:a5:9e:2d,0,0,,,0,0.0,0,0.0,0.0,,0.0
1785326003.519992,08:00:27:5a:87:bc,0,0,,,0,0.0,0,0.0,0.0,,0.0
1785326003.519992,08:00:27:8a:0d:75,0,0,,,0,0.0,0,0.0,0.0,,0.0
1785326003.519992,08:00:27:a5:9e:2d,0,0,,,0,0.0,0,0.0,0.0,,0.0
1785326008.519992,08:00:27:5a:87:bc,0,0,,,0,0.0,0,0.0,0.0,,0.0
1785326008.519992,08:00:27:8a:0d:75,0,0,,,0,0.0,0,0.0,0.0,,0.0
1785326008.519992,08:00:27:a5:9e:2d,0,0,,,0,0.0,0,0.0,0.0,,0.0
1785326013.519992,08:00:27:5a:87:bc,0,0,,,0,0.0,0,0.0,0.0,,0.0
1785326013.519992,08:00:27:8a:0d:75,0,0,,,0,0.0,0,0.0,0.0,,0.0
1785326013.519992,08:00:27:a5:9e:2d,0,0,,,0,0.0,0,0.0,0.0,,0.0
1785326018.519992,08:00:27:5a:87:bc,0,0,,,0,0.0,0,0.0,0.0,,0.0
1785326018.519992,08:00:27:8a:0d:75,0,0,,,0,0.0,0,0.0,0.0,,0.0
1785326018.519992,08:00:27:a5:9e:2d,0,0,,,0,0.0,0,0.0,0.0,,0.0
1785326023.519992,08:00:27:5a:87:bc,0,0,,,0,0.0,0,0.0,0.0,,0.0
1785326023.519992,08:00:27:8a:0d:75,0,0,,,0,0.0,0,0.0,0.0,,0.0
1785326023.519992,08:00:27:a5:9e:2d,0,0,,,0,0.0,0,0.0,0.0,,0.0
1785326028.519992,08:00:27:5a:87:bc,0,0,,,0,0.0,0,0.0,0.0,,0.0
1785326028.519992,08:00:27:8a:0d:75,0,0,,,0,0.0,0,0.0,0.0,,0.0
1785326028.519992,08:00:27:a5:9e:2d,0,0,,,0,0.0,0,0.0,0.0,,0.0
1785326033.519992,08:00:27:5a:87:bc,0,0,,,0,0.0,0,0.0,0.0,,0.0
1785326033.519992,08:00:27:8a:0d:75,0,0,,,0,0.0,0,0.0,0.0,,0.0
1785326033.519992,08:00:27:a5:9e:2d,0,0,,,0,0.0,0,0.0,0.0,,0.0
1785326038.519992,08:00:27:5a:87:bc,0,0,,,0,0.0,0,0.0,0.0,,0.0
1785326038.519992,08:00:27:8a:0d:75,0,0,,,0,0.0,0,0.0,0.0,,0.0
1785326038.519992,08:00:27:a5:9e:2d,0,0,,,0,0.0,0,0.0,0.0,,0.0
1785326043.519992,08:00:27:5a:87:bc,0,0,,,0,0.0,0,0.0,0.0,,0.0
1785326043.519992,08:00:27:8a:0d:75,0,0,,,0,0.0,0,0.0,0.0,,0.0
1785326043.519992,08:00:27:a5:9e:2d,0,0,,,0,0.0,0,0.0,0.0,,0.0
1785326048.519992,08:00:27:5a:87:bc,0,0,,,0,0.0,0,0.0,0.0,,0.0
1785326048.519992,08:00:27:8a:0d:75,0,0,,,0,0.0,0,0.0,0.0,,0.0
1785326048.519992,08:00:27:a5:9e:2d,0,0,,,0,0.0,0,0.0,0.0,,0.0
1785326053.519992,08:00:27:5a:87:bc,0,0,,,0,0.0,0,0.0,0.0,,0.0
1785326053.519992,08:00:27:8a:0d:75,0,0,,,0,0.0,0,0.0,0.0,,0.0
1785326053.519992,08:00:27:a5:9e:2d,0,0,,,0,0.0,0,0.0,0.0,,0.0
1785326058.519992,08:00:27:5a:87:bc,0,0,,,0,0.0,0,0.0,0.0,,0.0
1785326058.519992,08:00:27:8a:0d:75,0,0,,,0,0.0,0,0.0,0.0,,0.0
1785326058.519992,08:00:27:a5:9e:2d,0,0,,,0,0.0,0,0.0,0.0,,0.0
1785326063.519992,08:00:27:5a:87:bc,0,0,,,0,0.0,0,0.0,0.0,,0.0
1785326063.519992,08:00:27:8a:0d:75,0,0,,,0,0.0,0,0.0,0.0,,0.0
1785326063.519992,08:00:27:a5:9e:2d,0,0,,,0,0.0,0,0.0,0.0,,0.0
1785326068.519992,08:00:27:5a:87:bc,0,0,,,0,0.0,0,0.0,0.0,,0.0
1785326068.519992,08:00:27:8a:0d:75,0,0,,,0,0.0,0,0.0,0.0,,0.0
1785326068.519992,08:00:27:a5:9e:2d,0,0,,,0,0.0,0,0.0,0.0,,0.0
1785326073.519992,08:00:27:5a:87:bc,0,0,,,0,0.0,0,0.0,0.0,,0.0
1785326073.519992,08:00:27:8a:0d:75,0,0,,,0,0.0,0,0.0,0.0,,0.0
1785326073.519992,08:00:27:a5:9e:2d,0,0,,,0,0.0,0,0.0,0.0,,0.0
1785326078.519992,08:00:27:5a:87:bc,0,0,,,0,0.0,0,0.0,0.0,,0.0
1785326078.519992,08:00:27:8a:0d:75,0,0,,,0,0.0,0,0.0,0.0,,0.0
1785326078.519992,08:00:27:a5:9e:2d,0,0,,,0,0.0,0,0.0,0.0,,0.0
1785326083.519992,08:00:27:5a:87:bc,0,0,,,0,0.0,0,0.0,0.0,,0.0
1785326083.519992,08:00:27:8a:0d:75,0,0,,,0,0.0,0,0.0,0.0,,0.0
1785326083.519992,08:00:27:a5:9e:2d,0,0,,,0,0.0,0,0.0,0.0,,0.0
1785326088.519992,08:00:27:5a:87:bc,0,0,,,0,0.0,0,0.0,0.0,,0.0
1785326088.519992,08:00:27:8a:0d:75,0,0,,,0,0.0,0,0.0,0.0,,0.0
1785326088.519992,08:00:27:a5:9e:2d,0,0,,,0,0.0,0,0.0,0.0,,0.0
1785326093.519992,08:00:27:5a:87:bc,0,0,,,0,0.0,0,0.0,0.0,,0.0
1785326093.519992,08:00:27:8a:0d:75,0,0,,,0,0.0,0,0.0,0.0,,0.0
1785326093.519992,08:00:27:a5:9e:2d,0,0,,,0,0.0,0,0.0,0.0,,0.0
1785326098.519992,08:00:27:5a:87:bc,0,0,,,0,0.0,0,0.0,0.0,,0.0
1785326098.519992,08:00:27:8a:0d:75,0,0,,,0,0.0,0,0.0,0.0,,0.0
1785326098.519992,08:00:27:a5:9e:2d,0,0,,,0,0.0,0,0.0,0.0,,0.0
1785326103.519992,08:00:27:5a:87:bc,0,0,,,0,0.0,0,0.0,0.0,,0.0
1785326103.519992,08:00:27:8a:0d:75,0,0,,,0,0.0,0,0.0,0.0,,0.0
1785326103.519992,08:00:27:a5:9e:2d,0,0,,,0,0.0,0,0.0,0.0,,0.0
1785326108.519992,08:00:27:5a:87:bc,0,0,,,0,0.0,0,0.0,0.0,,0.0
1785326108.519992,08:00:27:8a:0d:75,0,0,,,0,0.0,0,0.0,0.0,,0.0
1785326108.519992,08:00:27:a5:9e:2d,0,0,,,0,0.0,0,0.0,0.0,,0.0
1785326113.519992,08:00:27:5a:87:bc,0,0,,,0,0.0,0,0.0,0.0,,0.0
1785326113.519992,08:00:27:8a:0d:75,0,0,,,0,0.0,0,0.0,0.0,,0.0
1785326113.519992,08:00:27:a5:9e:2d,0,0,,,0,0.0,0,0.0,0.0,,0.0
1785326118.519992,08:00:27:5a:87:bc,0,0,,,0,0.0,0,0.0,0.0,,0.0
1785326118.519992,08:00:27:8a:0d:75,0,0,,,0,0.0,0,0.0,0.0,,0.0
1785326118.519992,08:00:27:a5:9e:2d,0,0,,,0,0.0,0,0.0,0.0,,0.0
1785326123.519992,08:00:27:5a:87:bc,0,0,,,0,0.0,0,0.0,0.0,,0.0
1785326123.519992,08:00:27:8a:0d:75,0,0,,,0,0.0,0,0.0,0.0,,0.0
1785326123.519992,08:00:27:a5:9e:2d,0,0,,,0,0.0,0,0.0,0.0,,0.0
1785326128.519992,08:00:27:5a:87:bc,0,0,,,0,0.0,0,0.0,0.0,,0.0
1785326128.519992,08:00:27:8a:0d:75,0,0,,,0,0.0,0,0.0,0.0,,0.0
1785326128.519992,08:00:27:a5:9e:2d,0,0,,,0,0.0,0,0.0,0.0,,0.0
1785326133.519992,08:00:27:5a:87:bc,0,0,,,0,0.0,0,0.0,0.0,,0.0
1785326133.519992,08:00:27:8a:0d:75,0,0,,,0,0.0,0,0.0,0.0,,0.0
1785326133.519992,08:00:27:a5:9e:2d,0,0,,,0,0.0,0,0.0,0.0,,0.0
1785326138.519992,08:00:27:5a:87:bc,0,0,,,0,0.0,0,0.0,0.0,,0.0
1785326138.519992,08:00:27:8a:0d:75,0,0,,,0,0.0,0,0.0,0.0,,0.0
1785326138.519992,08:00:27:a5:9e:2d,0,0,,,0,0.0,0,0.0,0.0,,0.0
1785326143.519992,08:00:27:5a:87:bc,0,0,,,0,0.0,0,0.0,0.0,,0.0
1785326143.519992,08:00:27:8a:0d:75,0,0,,,0,0.0,0,0.0,0.0,,0.0
1785326143.519992,08:00:27:a5:9e:2d,0,0,,,0,0.0,0,0.0,0.0,,0.0
1785326148.519992,08:00:27:5a:87:bc,0,0,,,0,0.0,0,0.0,0.0,,0.0
1785326148.519992,08:00:27:8a:0d:75,0,0,,,0,0.0,0,0.0,0.0,,0.0
1785326148.519992,08:00:27:a5:9e:2d,0,0,,,0,0.0,0,0.0,0.0,,0.0
1785326153.519992,08:00:27:5a:87:bc,0,0,,,0,0.0,0,0.0,0.0,,0.0
1785326153.519992,08:00:27:8a:0d:75,0,0,,,0,0.0,0,0.0,0.0,,0.0
1785326153.519992,08:00:27:a5:9e:2d,0,0,,,0,0.0,0,0.0,0.0,,0.0
1785326158.519992,08:00:27:5a:87:bc,0,0,,,0,0.0,0,0.0,0.0,,0.0
1785326158.519992,08:00:27:8a:0d:75,0,0,,,0,0.0,0,0.0,0.0,,0.0
1785326158.519992,08:00:27:a5:9e:2d,0,0,,,0,0.0,0,0.0,0.0,,0.0
1785326163.519992,08:00:27:5a:87:bc,0,0,,,0,0.0,0,0.0,0.0,,0.0
1785326163.519992,08:00:27:8a:0d:75,0,0,,,0,0.0,0,0.0,0.0,,0.0
1785326163.519992,08:00:27:a5:9e:2d,0,0,,,0,0.0,0,0.0,0.0,,0.0
1785326168.519992,08:00:27:5a:87:bc,0,0,,,0,0.0,0,0.0,0.0,,0.0
1785326168.519992,08:00:27:8a:0d:75,0,0,,,0,0.0,0,0.0,0.0,,0.0
1785326168.519992,08:00:27:a5:9e:2d,0,0,,,0,0.0,0,0.0,0.0,,0.0
1785326173.519992,08:00:27:5a:87:bc,0,0,,,0,0.0,0,0.0,0.0,,0.0
1785326173.519992,08:00:27:8a:0d:75,0,0,,,0,0.0,0,0.0,0.0,,0.0
1785326173.519992,08:00:27:a5:9e:2d,0,0,,,0,0.0,0,0.0,0.0,,0.0
1785326178.519992,08:00:27:5a:87:bc,0,0,,,0,0.0,0,0.0,0.0,,0.0
1785326178.519992,08:00:27:8a:0d:75,0,0,,,0,0.0,0,0.0,0.0,,0.0
1785326178.519992,08:00:27:a5:9e:2d,0,0,,,0,0.0,0,0.0,0.0,,0.0
1785326183.519992,08:00:27:5a:87:bc,0,0,,,0,0.0,0,0.0,0.0,,0.0
1785326183.519992,08:00:27:8a:0d:75,0,0,,,0,0.0,0,0.0,0.0,,0.0
1785326183.519992,08:00:27:a5:9e:2d,0,0,,,0,0.0,0,0.0,0.0,,0.0
1785326188.519992,08:00:27:5a:87:bc,0,0,,,0,0.0,0,0.0,0.0,,0.0
1785326188.519992,08:00:27:8a:0d:75,0,0,,,0,0.0,0,0.0,0.0,,0.0
1785326188.519992,08:00:27:a5:9e:2d,0,0,,,0,0.0,0,0.0,0.0,,0.0
1785326193.519992,08:00:27:5a:87:bc,0,0,,,0,0.0,0,0.0,0.0,,0.0
1785326193.519992,08:00:27:8a:0d:75,0,0,,,0,0.0,0,0.0,0.0,,0.0
1785326193.519992,08:00:27:a5:9e:2d,0,0,,,0,0.0,0,0.0,0.0,,0.0
1785326198.519992,08:00:27:5a:87:bc,0,0,,,0,0.0,0,0.0,0.0,,0.0
1785326198.519992,08:00:27:8a:0d:75,0,0,,,0,0.0,0,0.0,0.0,,0.0
1785326198.519992,08:00:27:a5:9e:2d,0,0,,,0,0.0,0,0.0,0.0,,0.0
1785326203.519992,08:00:27:5a:87:bc,0,0,,,0,0.0,0,0.0,0.0,,0.0
1785326203.519992,08:00:27:8a:0d:75,0,0,,,0,0.0,0,0.0,0.0,,0.0
1785326203.519992,08:00:27:a5:9e:2d,0,0,,,0,0.0,0,0.0,0.0,,0.0
1785326208.519992,08:00:27:5a:87:bc,0,0,,,0,0.0,0,0.0,0.0,,0.0
1785326208.519992,08:00:27:8a:0d:75,0,0,,,0,0.0,0,0.0,0.0,,0.0
1785326208.519992,08:00:27:a5:9e:2d,0,0,,,0,0.0,0,0.0,0.0,,0.0
1785326213.519992,08:00:27:5a:87:bc,0,0,,,0,0.0,0,0.0,0.0,,0.0
1785326213.519992,08:00:27:8a:0d:75,0,0,,,0,0.0,0,0.0,0.0,,0.0
1785326213.519992,08:00:27:a5:9e:2d,0,0,,,0,0.0,0,0.0,0.0,,0.0
1785326218.519992,08:00:27:5a:87:bc,0,0,,,0,0.0,0,0.0,0.0,,0.0
1785326218.519992,08:00:27:8a:0d:75,0,0,,,0,0.0,0,0.0,0.0,,0.0
1785326218.519992,08:00:27:a5:9e:2d,0,0,,,0,0.0,0,0.0,0.0,,0.0
1785326223.519992,08:00:27:5a:87:bc,0,0,,,0,0.0,0,0.0,0.0,,0.0
1785326223.519992,08:00:27:8a:0d:75,0,0,,,0,0.0,0,0.0,0.0,,0.0
1785326223.519992,08:00:27:a5:9e:2d,0,0,,,0,0.0,0,0.0,0.0,,0.0
1785326228.519992,08:00:27:5a:87:bc,0,0,,,0,0.0,0,0.0,0.0,,0.0
1785326228.519992,08:00:27:8a:0d:75,0,0,,,0,0.0,0,0.0,0.0,,0.0
1785326228.519992,08:00:27:a5:9e:2d,0,0,,,0,0.0,0,0.0,0.0,,0.0
1785326233.519992,08:00:27:5a:87:bc,0,0,,,0,0.0,0,0.0,0.0,,0.0
1785326233.519992,08:00:27:8a:0d:75,0,0,,,0,0.0,0,0.0,0.0,,0.0
1785326233.519992,08:00:27:a5:9e:2d,0,0,,,0,0.0,0,0.0,0.0,,0.0
1785326238.519992,08:00:27:5a:87:bc,0,0,,,0,0.0,0,0.0,0.0,,0.0
1785326238.519992,08:00:27:8a:0d:75,0,0,,,0,0.0,0,0.0,0.0,,0.0
1785326238.519992,08:00:27:a5:9e:2d,0,0,,,0,0.0,0,0.0,0.0,,0.0
1785326243.519992,08:00:27:5a:87:bc,0,0,,,0,0.0,0,0.0,0.0,,0.0
1785326243.519992,08:00:27:8a:0d:75,0,0,,,0,0.0,0,0.0,0.0,,0.0
1785326243.519992,08:00:27:a5:9e:2d,0,0,,,0,0.0,0,0.0,0.0,,0.0
1785326248.519992,08:00:27:5a:87:bc,0,0,,,0,0.0,0,0.0,0.0,,0.0
1785326248.519992,08:00:27:8a:0d:75,0,0,,,0,0.0,0,0.0,0.0,,0.0
1785326248.519992,08:00:27:a5:9e:2d,0,0,,,0,0.0,0,0.0,0.0,,0.0
1785326253.519992,08:00:27:5a:87:bc,0,0,,,0,0.0,0,0.0,0.0,,0.0
1785326253.519992,08:00:27:8a:0d:75,0,0,,,0,0.0,0,0.0,0.0,,0.0
1785326253.519992,08:00:27:a5:9e:2d,0,0,,,0,0.0,0,0.0,0.0,,0.0
1785326258.519992,08:00:27:5a:87:bc,0,0,,,0,0.0,0,0.0,0.0,,0.0
1785326258.519992,08:00:27:8a:0d:75,0,0,,,0,0.0,0,0.0,0.0,,0.0
1785326258.519992,08:00:27:a5:9e:2d,0,0,,,0,0.0,0,0.0,0.0,,0.0
1785326263.519992,08:00:27:5a:87:bc,0,0,,,0,0.0,0,0.0,0.0,,0.0
1785326263.519992,08:00:27:8a:0d:75,0,0,,,0,0.0,0,0.0,0.0,,0.0
1785326263.519992,08:00:27:a5:9e:2d,0,0,,,0,0.0,0,0.0,0.0,,0.0
1785326268.519992,08:00:27:5a:87:bc,0,0,,,0,0.0,0,0.0,0.0,,0.0
1785326268.519992,08:00:27:8a:0d:75,0,0,,,0,0.0,0,0.0,0.0,,0.0
1785326268.519992,08:00:27:a5:9e:2d,0,0,,,0,0.0,0,0.0,0.0,,0.0
1785326273.519992,08:00:27:5a:87:bc,0,0,,,0,0.0,0,0.0,0.0,,0.0
1785326273.519992,08:00:27:8a:0d:75,0,0,,,0,0.0,0,0.0,0.0,,0.0
1785326273.519992,08:00:27:a5:9e:2d,0,0,,,0,0.0,0,0.0,0.0,,0.0
1785326278.519992,08:00:27:5a:87:bc,0,0,,,0,0.0,0,0.0,0.0,,0.0
1785326278.519992,08:00:27:8a:0d:75,0,0,,,0,0.0,0,0.0,0.0,,0.0
1785326278.519992,08:00:27:a5:9e:2d,0,0,,,0,0.0,0,0.0,0.0,,0.0
1785326283.519992,08:00:27:5a:87:bc,0,0,,,0,0.0,0,0.0,0.0,,0.0
1785326283.519992,08:00:27:8a:0d:75,0,0,,,0,0.0,0,0.0,0.0,,0.0
1785326283.519992,08:00:27:a5:9e:2d,0,0,,,0,0.0,0,0.0,0.0,,0.0
1785326288.519992,08:00:27:5a:87:bc,0,0,,,0,0.0,0,0.0,0.0,,0.0
1785326288.519992,08:00:27:8a:0d:75,0,0,,,0,0.0,0,0.0,0.0,,0.0
1785326288.519992,08:00:27:a5:9e:2d,0,0,,,0,0.0,0,0.0,0.0,,0.0
1785326293.519992,08:00:27:5a:87:bc,0,0,,,0,0.0,0,0.0,0.0,,0.0
1785326293.519992,08:00:27:8a:0d:75,0,0,,,0,0.0,0,0.0,0.0,,0.0
1785326293.519992,08:00:27:a5:9e:2d,0,0,,,0,0.0,0,0.0,0.0,,0.0
1785326298.519992,08:00:27:5a:87:bc,0,0,,,0,0.0,0,0.0,0.0,,0.0
1785326298.519992,08:00:27:8a:0d:75,0,0,,,0,0.0,0,0.0,0.0,,0.0
1785326298.519992,08:00:27:a5:9e:2d,0,0,,,0,0.0,0,0.0,0.0,,0.0
1785326303.519992,08:00:27:5a:87:bc,0,0,,,0,0.0,0,0.0,0.0,,0.0
1785326303.519992,08:00:27:8a:0d:75,0,0,,,0,0.0,0,0.0,0.0,,0.0
1785326303.519992,08:00:27:a5:9e:2d,0,0,,,0,0.0,0,0.0,0.0,,0.0
1785326308.519992,08:00:27:5a:87:bc,0,0,,,0,0.0,0,0.0,0.0,,0.0
1785326308.519992,08:00:27:8a:0d:75,0,0,,,0,0.0,0,0.0,0.0,,0.0
1785326308.519992,08:00:27:a5:9e:2d,0,0,,,0,0.0,0,0.0,0.0,,0.0
1785326313.519992,08:00:27:5a:87:bc,0,0,,,0,0.0,0,0.0,0.0,,0.0
1785326313.519992,08:00:27:8a:0d:75,0,0,,,0,0.0,0,0.0,0.0,,0.0
1785326313.519992,08:00:27:a5:9e:2d,0,0,,,0,0.0,0,0.0,0.0,,0.0
1785326318.519992,08:00:27:5a:87:bc,0,0,,,0,0.0,0,0.0,0.0,,0.0
1785326318.519992,08:00:27:8a:0d:75,0,0,,,0,0.0,0,0.0,0.0,,0.0
1785326318.519992,08:00:27:a5:9e:2d,0,0,,,0,0.0,0,0.0,0.0,,0.0
1785326323.519992,08:00:27:5a:87:bc,0,0,,,0,0.0,0,0.0,0.0,,0.0
1785326323.519992,08:00:27:8a:0d:75,0,0,,,0,0.0,0,0.0,0.0,,0.0
1785326323.519992,08:00:27:a5:9e:2d,0,0,,,0,0.0,0,0.0,0.0,,0.0
1785326328.519992,08:00:27:5a:87:bc,0,0,,,0,0.0,0,0.0,0.0,,0.0
1785326328.519992,08:00:27:8a:0d:75,0,0,,,0,0.0,0,0.0,0.0,,0.0
1785326328.519992,08:00:27:a5:9e:2d,0,0,,,0,0.0,0,0.0,0.0,,0.0
1785326333.519992,08:00:27:5a:87:bc,0,0,,,0,0.0,0,0.0,0.0,,0.0
1785326333.519992,08:00:27:8a:0d:75,0,0,,,0,0.0,0,0.0,0.0,,0.0
1785326333.519992,08:00:27:a5:9e:2d,0,0,,,0,0.0,0,0.0,0.0,,0.0
1785326338.519992,08:00:27:5a:87:bc,0,0,,,0,0.0,0,0.0,0.0,,0.0
1785326338.519992,08:00:27:8a:0d:75,0,0,,,0,0.0,0,0.0,0.0,,0.0
1785326338.519992,08:00:27:a5:9e:2d,0,0,,,0,0.0,0,0.0,0.0,,0.0
1785326343.519992,08:00:27:5a:87:bc,0,0,,,0,0.0,0,0.0,0.0,,0.0
1785326343.519992,08:00:27:8a:0d:75,0,0,,,0,0.0,0,0.0,0.0,,0.0
1785326343.519992,08:00:27:a5:9e:2d,0,0,,,0,0.0,0,0.0,0.0,,0.0
1785326348.519992,08:00:27:5a:87:bc,0,0,,,0,0.0,0,0.0,0.0,,0.0
1785326348.519992,08:00:27:8a:0d:75,0,0,,,0,0.0,0,0.0,0.0,,0.0
1785326348.519992,08:00:27:a5:9e:2d,0,0,,,0,0.0,0,0.0,0.0,,0.0
1785326353.519992,08:00:27:5a:87:bc,0,0,,,0,0.0,0,0.0,0.0,,0.0
1785326353.519992,08:00:27:8a:0d:75,0,0,,,0,0.0,0,0.0,0.0,,0.0
1785326353.519992,08:00:27:a5:9e:2d,0,0,,,0,0.0,0,0.0,0.0,,0.0
1785326358.519992,08:00:27:5a:87:bc,0,0,,,0,0.0,0,0.0,0.0,,0.0
1785326358.519992,08:00:27:8a:0d:75,0,0,,,0,0.0,0,0.0,0.0,,0.0
1785326358.519992,08:00:27:a5:9e:2d,0,0,,,0,0.0,0,0.0,0.0,,0.0
1785326363.519992,08:00:27:5a:87:bc,0,0,,,0,0.0,0,0.0,0.0,,0.0
1785326363.519992,08:00:27:8a:0d:75,0,0,,,0,0.0,0,0.0,0.0,,0.0
1785326363.519992,08:00:27:a5:9e:2d,0,0,,,0,0.0,0,0.0,0.0,,0.0
1785326368.519992,08:00:27:5a:87:bc,0,0,,,0,0.0,0,0.0,0.0,,0.0
1785326368.519992,08:00:27:8a:0d:75,0,0,,,0,0.0,0,0.0,0.0,,0.0
1785326368.519992,08:00:27:a5:9e:2d,0,0,,,0,0.0,0,0.0,0.0,,0.0
1785326373.519992,08:00:27:5a:87:bc,0,0,,,0,0.0,0,0.0,0.0,,0.0
1785326373.519992,08:00:27:8a:0d:75,0,0,,,0,0.0,0,0.0,0.0,,0.0
1785326373.519992,08:00:27:a5:9e:2d,0,0,,,0,0.0,0,0.0,0.0,,0.0
1785326378.519992,08:00:27:5a:87:bc,0,0,,,0,0.0,0,0.0,0.0,,0.0
1785326378.519992,08:00:27:8a:0d:75,0,0,,,0,0.0,0,0.0,0.0,,0.0
1785326378.519992,08:00:27:a5:9e:2d,0,0,,,0,0.0,0,0.0,0.0,,0.0
1785326383.519992,08:00:27:5a:87:bc,0,0,,,0,0.0,0,0.0,0.0,,0.0
1785326383.519992,08:00:27:8a:0d:75,0,0,,,0,0.0,0,0.0,0.0,,0.0
1785326383.519992,08:00:27:a5:9e:2d,0,0,,,0,0.0,0,0.0,0.0,,0.0
1785326388.519992,08:00:27:5a:87:bc,0,0,,,0,0.0,0,0.0,0.0,,0.0
1785326388.519992,08:00:27:8a:0d:75,0,0,,,0,0.0,0,0.0,0.0,,0.0
1785326388.519992,08:00:27:a5:9e:2d,0,0,,,0,0.0,0,0.0,0.0,,0.0
1785326393.519992,08:00:27:5a:87:bc,0,0,,,0,0.0,0,0.0,0.0,,0.0
1785326393.519992,08:00:27:8a:0d:75,0,0,,,0,0.0,0,0.0,0.0,,0.0
1785326393.519992,08:00:27:a5:9e:2d,0,0,,,0,0.0,0,0.0,0.0,,0.0
1785326398.519992,08:00:27:5a:87:bc,0,0,,,0,0.0,0,0.0,0.0,,0.0
1785326398.519992,08:00:27:8a:0d:75,0,0,,,0,0.0,0,0.0,0.0,,0.0
1785326398.519992,08:00:27:a5:9e:2d,0,0,,,0,0.0,0,0.0,0.0,,0.0
1785326403.519992,08:00:27:5a:87:bc,0,0,,,0,0.0,0,0.0,0.0,,0.0
1785326403.519992,08:00:27:8a:0d:75,0,0,,,0,0.0,0,0.0,0.0,,0.0
1785326403.519992,08:00:27:a5:9e:2d,0,0,,,0,0.0,0,0.0,0.0,,0.0
1785326408.519992,08:00:27:5a:87:bc,0,0,,,0,0.0,0,0.0,0.0,,0.0
1785326408.519992,08:00:27:8a:0d:75,0,0,,,0,0.0,0,0.0,0.0,,0.0
1785326408.519992,08:00:27:a5:9e:2d,0,0,,,0,0.0,0,0.0,0.0,,0.0
1785326413.519992,08:00:27:5a:87:bc,0,0,,,0,0.0,0,0.0,0.0,,0.0
1785326413.519992,08:00:27:8a:0d:75,0,0,,,0,0.0,0,0.0,0.0,,0.0
1785326413.519992,08:00:27:a5:9e:2d,0,0,,,0,0.0,0,0.0,0.0,,0.0
1785326418.519992,08:00:27:5a:87:bc,0,0,,,0,0.0,0,0.0,0.0,,0.0
1785326418.519992,08:00:27:8a:0d:75,0,0,,,0,0.0,0,0.0,0.0,,0.0
1785326418.519992,08:00:27:a5:9e:2d,0,0,,,0,0.0,0,0.0,0.0,,0.0
1785326423.519992,08:00:27:5a:87:bc,0,0,,,0,0.0,0,0.0,0.0,,0.0
1785326423.519992,08:00:27:8a:0d:75,0,0,,,0,0.0,0,0.0,0.0,,0.0
1785326423.519992,08:00:27:a5:9e:2d,0,0,,,0,0.0,0,0.0,0.0,,0.0
1785326428.519992,08:00:27:5a:87:bc,0,0,,,0,0.0,0,0.0,0.0,,0.0
1785326428.519992,08:00:27:8a:0d:75,0,0,,,0,0.0,0,0.0,0.0,,0.0
1785326428.519992,08:00:27:a5:9e:2d,0,0,,,0,0.0,0,0.0,0.0,,0.0
1785326433.519992,08:00:27:5a:87:bc,0,0,,,0,0.0,0,0.0,0.0,,0.0
1785326433.519992,08:00:27:8a:0d:75,0,0,,,0,0.0,0,0.0,0.0,,0.0
1785326433.519992,08:00:27:a5:9e:2d,0,0,,,0,0.0,0,0.0,0.0,,0.0
1785326438.519992,08:00:27:5a:87:bc,0,0,,,0,0.0,0,0.0,0.0,,0.0
1785326438.519992,08:00:27:8a:0d:75,0,0,,,0,0.0,0,0.0,0.0,,0.0
1785326438.519992,08:00:27:a5:9e:2d,0,0,,,0,0.0,0,0.0,0.0,,0.0
1785326443.519992,08:00:27:5a:87:bc,0,0,,,0,0.0,0,0.0,0.0,,0.0
1785326443.519992,08:00:27:8a:0d:75,0,0,,,0,0.0,0,0.0,0.0,,0.0
1785326443.519992,08:00:27:a5:9e:2d,0,0,,,0,0.0,0,0.0,0.0,,0.0
1785326448.519992,08:00:27:5a:87:bc,0,0,,,0,0.0,0,0.0,0.0,,0.0
1785326448.519992,08:00:27:8a:0d:75,0,0,,,0,0.0,0,0.0,0.0,,0.0
1785326448.519992,08:00:27:a5:9e:2d,0,0,,,0,0.0,0,0.0,0.0,,0.0
1785326453.519992,08:00:27:5a:87:bc,0,0,,,0,0.0,0,0.0,0.0,,0.0
1785326453.519992,08:00:27:8a:0d:75,0,0,,,0,0.0,0,0.0,0.0,,0.0
1785326453.519992,08:00:27:a5:9e:2d,0,0,,,0,0.0,0,0.0,0.0,,0.0
1785326458.519992,08:00:27:5a:87:bc,0,0,,,0,0.0,0,0.0,0.0,,0.0
1785326458.519992,08:00:27:8a:0d:75,0,0,,,0,0.0,0,0.0,0.0,,0.0
1785326458.519992,08:00:27:a5:9e:2d,0,0,,,0,0.0,0,0.0,0.0,,0.0
1785326463.519992,08:00:27:5a:87:bc,0,0,,,0,0.0,0,0.0,0.0,,0.0
1785326463.519992,08:00:27:8a:0d:75,0,0,,,0,0.0,0,0.0,0.0,,0.0
1785326463.519992,08:00:27:a5:9e:2d,0,0,,,0,0.0,0,0.0,0.0,,0.0
1785326468.519992,08:00:27:5a:87:bc,0,0,,,0,0.0,0,0.0,0.0,,0.0
1785326468.519992,08:00:27:8a:0d:75,0,0,,,0,0.0,0,0.0,0.0,,0.0
1785326468.519992,08:00:27:a5:9e:2d,0,0,,,0,0.0,0,0.0,0.0,,0.0
1785326473.519992,08:00:27:5a:87:bc,0,0,,,0,0.0,0,0.0,0.0,,0.0
1785326473.519992,08:00:27:8a:0d:75,0,0,,,0,0.0,0,0.0,0.0,,0.0
1785326473.519992,08:00:27:a5:9e:2d,0,0,,,0,0.0,0,0.0,0.0,,0.0
1785326478.519992,08:00:27:5a:87:bc,0,0,,,0,0.0,0,0.0,0.0,,0.0
1785326478.519992,08:00:27:8a:0d:75,0,0,,,0,0.0,0,0.0,0.0,,0.0
1785326478.519992,08:00:27:a5:9e:2d,0,0,,,0,0.0,0,0.0,0.0,,0.0
1785326483.519992,08:00:27:5a:87:bc,0,0,,,0,0.0,0,0.0,0.0,,0.0
1785326483.519992,08:00:27:8a:0d:75,0,0,,,0,0.0,0,0.0,0.0,,0.0
1785326483.519992,08:00:27:a5:9e:2d,0,0,,,0,0.0,0,0.0,0.0,,0.0
1785326488.519992,08:00:27:5a:87:bc,0,0,,,0,0.0,0,0.0,0.0,,0.0
1785326488.519992,08:00:27:8a:0d:75,0,0,,,0,0.0,0,0.0,0.0,,0.0
1785326488.519992,08:00:27:a5:9e:2d,0,0,,,0,0.0,0,0.0,0.0,,0.0
1785326493.519992,08:00:27:5a:87:bc,0,0,,,0,0.0,0,0.0,0.0,,0.0
1785326493.519992,08:00:27:8a:0d:75,0,0,,,0,0.0,0,0.0,0.0,,0.0
1785326493.519992,08:00:27:a5:9e:2d,0,0,,,0,0.0,0,0.0,0.0,,0.0
1785326498.519992,08:00:27:5a:87:bc,0,0,,,0,0.0,0,0.0,0.0,,0.0
1785326498.519992,08:00:27:8a:0d:75,0,0,,,0,0.0,0,0.0,0.0,,0.0
1785326498.519992,08:00:27:a5:9e:2d,0,0,,,0,0.0,0,0.0,0.0,,0.0
1785326503.519992,08:00:27:5a:87:bc,0,0,,,0,0.0,0,0.0,0.0,,0.0
1785326503.519992,08:00:27:8a:0d:75,0,0,,,0,0.0,0,0.0,0.0,,0.0
1785326503.519992,08:00:27:a5:9e:2d,0,0,,,0,0.0,0,0.0,0.0,,0.0
1785326508.519992,08:00:27:5a:87:bc,0,0,,,0,0.0,0,0.0,0.0,,0.0
1785326508.519992,08:00:27:8a:0d:75,0,0,,,0,0.0,0,0.0,0.0,,0.0
1785326508.519992,08:00:27:a5:9e:2d,0,0,,,0,0.0,0,0.0,0.0,,0.0
1785326513.519992,08:00:27:5a:87:bc,0,0,,,0,0.0,0,0.0,0.0,,0.0
1785326513.519992,08:00:27:8a:0d:75,0,0,,,0,0.0,0,0.0,0.0,,0.0
1785326513.519992,08:00:27:a5:9e:2d,0,0,,,0,0.0,0,0.0,0.0,,0.0
1785326518.519992,08:00:27:5a:87:bc,0,0,,,0,0.0,0,0.0,0.0,,0.0
1785326518.519992,08:00:27:8a:0d:75,0,0,,,0,0.0,0,0.0,0.0,,0.0
1785326518.519992,08:00:27:a5:9e:2d,0,0,,,0,0.0,0,0.0,0.0,,0.0
1785326523.519992,08:00:27:5a:87:bc,0,0,,,0,0.0,0,0.0,0.0,,0.0
1785326523.519992,08:00:27:8a:0d:75,0,0,,,0,0.0,0,0.0,0.0,,0.0
1785326523.519992,08:00:27:a5:9e:2d,0,0,,,0,0.0,0,0.0,0.0,,0.0
1785326528.519992,08:00:27:5a:87:bc,0,0,,,0,0.0,0,0.0,0.0,,0.0
1785326528.519992,08:00:27:8a:0d:75,0,0,,,0,0.0,0,0.0,0.0,,0.0
1785326528.519992,08:00:27:a5:9e:2d,0,0,,,0,0.0,0,0.0,0.0,,0.0
1785326533.519992,08:00:27:5a:87:bc,0,0,,,0,0.0,0,0.0,0.0,,0.0
1785326533.519992,08:00:27:8a:0d:75,0,0,,,0,0.0,0,0.0,0.0,,0.0
1785326533.519992,08:00:27:a5:9e:2d,0,0,,,0,0.0,0,0.0,0.0,,0.0
1785326538.519992,08:00:27:5a:87:bc,0,0,,,0,0.0,0,0.0,0.0,,0.0
1785326538.519992,08:00:27:8a:0d:75,0,0,,,0,0.0,0,0.0,0.0,,0.0
1785326538.519992,08:00:27:a5:9e:2d,0,0,,,0,0.0,0,0.0,0.0,,0.0
1785326543.519992,08:00:27:5a:87:bc,0,0,,,0,0.0,0,0.0,0.0,,0.0
1785326543.519992,08:00:27:8a:0d:75,0,0,,,0,0.0,0,0.0,0.0,,0.0
1785326543.519992,08:00:27:a5:9e:2d,0,0,,,0,0.0,0,0.0,0.0,,0.0
1785326548.519992,08:00:27:5a:87:bc,0,0,,,0,0.0,0,0.0,0.0,,0.0
1785326548.519992,08:00:27:8a:0d:75,0,0,,,0,0.0,0,0.0,0.0,,0.0
1785326548.519992,08:00:27:a5:9e:2d,0,0,,,0,0.0,0,0.0,0.0,,0.0
1785326553.519992,08:00:27:5a:87:bc,0,0,,,0,0.0,0,0.0,0.0,,0.0
1785326553.519992,08:00:27:8a:0d:75,0,0,,,0,0.0,0,0.0,0.0,,0.0
1785326553.519992,08:00:27:a5:9e:2d,0,0,,,0,0.0,0,0.0,0.0,,0.0
1785326558.519992,08:00:27:5a:87:bc,0,0,,,0,0.0,0,0.0,0.0,,0.0
1785326558.519992,08:00:27:8a:0d:75,0,0,,,0,0.0,0,0.0,0.0,,0.0
1785326558.519992,08:00:27:a5:9e:2d,0,0,,,0,0.0,0,0.0,0.0,,0.0
1785326563.519992,08:00:27:5a:87:bc,0,0,,,0,0.0,0,0.0,0.0,,0.0
1785326563.519992,08:00:27:8a:0d:75,0,0,,,0,0.0,0,0.0,0.0,,0.0
1785326563.519992,08:00:27:a5:9e:2d,0,0,,,0,0.0,0,0.0,0.0,,0.0
1785326568.519992,08:00:27:5a:87:bc,0,0,,,0,0.0,0,0.0,0.0,,0.0
1785326568.519992,08:00:27:8a:0d:75,0,0,,,0,0.0,0,0.0,0.0,,0.0
1785326568.519992,08:00:27:a5:9e:2d,0,0,,,0,0.0,0,0.0,0.0,,0.0
1785326573.519992,08:00:27:5a:87:bc,0,0,,,0,0.0,0,0.0,0.0,,0.0
1785326573.519992,08:00:27:8a:0d:75,0,0,,,0,0.0,0,0.0,0.0,,0.0
1785326573.519992,08:00:27:a5:9e:2d,0,0,,,0,0.0,0,0.0,0.0,,0.0
1785326578.519992,08:00:27:5a:87:bc,0,0,,,0,0.0,0,0.0,0.0,,0.0
1785326578.519992,08:00:27:8a:0d:75,0,0,,,0,0.0,0,0.0,0.0,,0.0
1785326578.519992,08:00:27:a5:9e:2d,0,0,,,0,0.0,0,0.0,0.0,,0.0
1785326583.519992,08:00:27:5a:87:bc,0,0,,,0,0.0,0,0.0,0.0,,0.0
1785326583.519992,08:00:27:8a:0d:75,0,0,,,0,0.0,0,0.0,0.0,,0.0
1785326583.519992,08:00:27:a5:9e:2d,0,0,,,0,0.0,0,0.0,0.0,,0.0
1785326588.519992,08:00:27:5a:87:bc,0,0,,,0,0.0,0,0.0,0.0,,0.0
1785326588.519992,08:00:27:8a:0d:75,0,0,,,0,0.0,0,0.0,0.0,,0.0
1785326588.519992,08:00:27:a5:9e:2d,0,0,,,0,0.0,0,0.0,0.0,,0.0
1785326593.519992,08:00:27:5a:87:bc,0,0,,,0,0.0,0,0.0,0.0,,0.0
1785326593.519992,08:00:27:8a:0d:75,0,0,,,0,0.0,0,0.0,0.0,,0.0
1785326593.519992,08:00:27:a5:9e:2d,0,0,,,0,0.0,0,0.0,0.0,,0.0
1785326598.519992,08:00:27:5a:87:bc,0,0,,,0,0.0,0,0.0,0.0,,0.0
1785326598.519992,08:00:27:8a:0d:75,0,0,,,0,0.0,0,0.0,0.0,,0.0
1785326598.519992,08:00:27:a5:9e:2d,0,0,,,0,0.0,0,0.0,0.0,,0.0
1785326603.519992,08:00:27:5a:87:bc,0,0,,,0,0.0,0,0.0,0.0,,0.0
1785326603.519992,08:00:27:8a:0d:75,0,0,,,0,0.0,0,0.0,0.0,,0.0
1785326603.519992,08:00:27:a5:9e:2d,0,0,,,0,0.0,0,0.0,0.0,,0.0
1785326608.519992,08:00:27:5a:87:bc,0,0,,,0,0.0,0,0.0,0.0,,0.0
1785326608.519992,08:00:27:8a:0d:75,0,0,,,0,0.0,0,0.0,0.0,,0.0
1785326608.519992,08:00:27:a5:9e:2d,0,0,,,0,0.0,0,0.0,0.0,,0.0
1785326613.519992,08:00:27:5a:87:bc,0,0,,,0,0.0,0,0.0,0.0,,0.0
1785326613.519992,08:00:27:8a:0d:75,0,0,,,0,0.0,0,0.0,0.0,,0.0
1785326613.519992,08:00:27:a5:9e:2d,0,0,,,0,0.0,0,0.0,0.0,,0.0
1785326618.519992,08:00:27:5a:87:bc,0,0,,,0,0.0,0,0.0,0.0,,0.0
1785326618.519992,08:00:27:8a:0d:75,0,0,,,0,0.0,0,0.0,0.0,,0.0
1785326618.519992,08:00:27:a5:9e:2d,0,0,,,0,0.0,0,0.0,0.0,,0.0
1785326623.519992,08:00:27:5a:87:bc,0,0,,,0,0.0,0,0.0,0.0,,0.0
1785326623.519992,08:00:27:8a:0d:75,0,0,,,0,0.0,0,0.0,0.0,,0.0
1785326623.519992,08:00:27:a5:9e:2d,0,0,,,0,0.0,0,0.0,0.0,,0.0
1785326628.519992,08:00:27:5a:87:bc,0,0,,,0,0.0,0,0.0,0.0,,0.0
1785326628.519992,08:00:27:8a:0d:75,0,0,,,0,0.0,0,0.0,0.0,,0.0
1785326628.519992,08:00:27:a5:9e:2d,0,0,,,0,0.0,0,0.0,0.0,,0.0
1785326633.519992,08:00:27:5a:87:bc,0,0,,,0,0.0,0,0.0,0.0,,0.0
1785326633.519992,08:00:27:8a:0d:75,0,0,,,0,0.0,0,0.0,0.0,,0.0
1785326633.519992,08:00:27:a5:9e:2d,0,0,,,0,0.0,0,0.0,0.0,,0.0
1785326638.519992,08:00:27:5a:87:bc,0,0,,,0,0.0,0,0.0,0.0,,0.0
1785326638.519992,08:00:27:8a:0d:75,0,0,,,0,0.0,0,0.0,0.0,,0.0
1785326638.519992,08:00:27:a5:9e:2d,0,0,,,0,0.0,0,0.0,0.0,,0.0
1785326643.519992,08:00:27:5a:87:bc,0,0,,,0,0.0,0,0.0,0.0,,0.0
1785326643.519992,08:00:27:8a:0d:75,0,0,,,0,0.0,0,0.0,0.0,,0.0
1785326643.519992,08:00:27:a5:9e:2d,0,0,,,0,0.0,0,0.0,0.0,,0.0
1785326648.519992,08:00:27:5a:87:bc,0,0,,,0,0.0,0,0.0,0.0,,0.0
1785326648.519992,08:00:27:8a:0d:75,0,0,,,0,0.0,0,0.0,0.0,,0.0
1785326648.519992,08:00:27:a5:9e:2d,0,0,,,0,0.0,0,0.0,0.0,,0.0
1785326653.519992,08:00:27:5a:87:bc,0,0,,,0,0.0,0,0.0,0.0,,0.0
1785326653.519992,08:00:27:8a:0d:75,0,0,,,0,0.0,0,0.0,0.0,,0.0
1785326653.519992,08:00:27:a5:9e:2d,0,0,,,0,0.0,0,0.0,0.0,,0.0
1785326658.519992,08:00:27:5a:87:bc,0,0,,,0,0.0,0,0.0,0.0,,0.0
1785326658.519992,08:00:27:8a:0d:75,0,0,,,0,0.0,0,0.0,0.0,,0.0
1785326658.519992,08:00:27:a5:9e:2d,0,0,,,0,0.0,0,0.0,0.0,,0.0
1785326663.519992,08:00:27:5a:87:bc,0,0,,,0,0.0,0,0.0,0.0,,0.0
1785326663.519992,08:00:27:8a:0d:75,0,0,,,0,0.0,0,0.0,0.0,,0.0
1785326663.519992,08:00:27:a5:9e:2d,0,0,,,0,0.0,0,0.0,0.0,,0.0
1785326668.519992,08:00:27:5a:87:bc,0,0,,,0,0.0,0,0.0,0.0,,0.0
1785326668.519992,08:00:27:8a:0d:75,0,0,,,0,0.0,0,0.0,0.0,,0.0
1785326668.519992,08:00:27:a5:9e:2d,0,0,,,0,0.0,0,0.0,0.0,,0.0
1785326673.519992,08:00:27:5a:87:bc,0,0,,,0,0.0,0,0.0,0.0,,0.0
1785326673.519992,08:00:27:8a:0d:75,0,0,,,0,0.0,0,0.0,0.0,,0.0
1785326673.519992,08:00:27:a5:9e:2d,0,0,,,0,0.0,0,0.0,0.0,,0.0
1785326678.519992,08:00:27:5a:87:bc,0,0,,,0,0.0,0,0.0,0.0,,0.0
1785326678.519992,08:00:27:8a:0d:75,0,0,,,0,0.0,0,0.0,0.0,,0.0
1785326678.519992,08:00:27:a5:9e:2d,0,0,,,0,0.0,0,0.0,0.0,,0.0
1785326683.519992,08:00:27:5a:87:bc,0,0,,,0,0.0,0,0.0,0.0,,0.0
1785326683.519992,08:00:27:8a:0d:75,0,0,,,0,0.0,0,0.0,0.0,,0.0
1785326683.519992,08:00:27:a5:9e:2d,0,0,,,0,0.0,0,0.0,0.0,,0.0
1785326688.519992,08:00:27:5a:87:bc,0,0,,,0,0.0,0,0.0,0.0,,0.0
1785326688.519992,08:00:27:8a:0d:75,0,0,,,0,0.0,0,0.0,0.0,,0.0
1785326688.519992,08:00:27:a5:9e:2d,0,0,,,0,0.0,0,0.0,0.0,,0.0
1785326693.519992,08:00:27:5a:87:bc,0,0,,,0,0.0,0,0.0,0.0,,0.0
1785326693.519992,08:00:27:8a:0d:75,0,0,,,0,0.0,0,0.0,0.0,,0.0
1785326693.519992,08:00:27:a5:9e:2d,0,0,,,0,0.0,0,0.0,0.0,,0.0
1785326698.519992,08:00:27:5a:87:bc,0,0,,,0,0.0,0,0.0,0.0,,0.0
1785326698.519992,08:00:27:8a:0d:75,0,0,,,0,0.0,0,0.0,0.0,,0.0
1785326698.519992,08:00:27:a5:9e:2d,0,0,,,0,0.0,0,0.0,0.0,,0.0
1785326703.519992,08:00:27:5a:87:bc,0,0,,,0,0.0,0,0.0,0.0,,0.0
1785326703.519992,08:00:27:8a:0d:75,0,0,,,0,0.0,0,0.0,0.0,,0.0
1785326703.519992,08:00:27:a5:9e:2d,0,0,,,0,0.0,0,0.0,0.0,,0.0
1785326708.519992,08:00:27:5a:87:bc,0,0,,,0,0.0,0,0.0,0.0,,0.0
1785326708.519992,08:00:27:8a:0d:75,0,0,,,0,0.0,0,0.0,0.0,,0.0
1785326708.519992,08:00:27:a5:9e:2d,0,0,,,0,0.0,0,0.0,0.0,,0.0
1785326713.519992,08:00:27:5a:87:bc,0,0,,,0,0.0,0,0.0,0.0,,0.0
1785326713.519992,08:00:27:8a:0d:75,0,0,,,0,0.0,0,0.0,0.0,,0.0
1785326713.519992,08:00:27:a5:9e:2d,0,0,,,0,0.0,0,0.0,0.0,,0.0
1785326718.519992,08:00:27:5a:87:bc,0,0,,,0,0.0,0,0.0,0.0,,0.0
1785326718.519992,08:00:27:8a:0d:75,0,0,,,0,0.0,0,0.0,0.0,,0.0
1785326718.519992,08:00:27:a5:9e:2d,0,0,,,0,0.0,0,0.0,0.0,,0.0
1785326723.519992,08:00:27:5a:87:bc,0,0,,,0,0.0,0,0.0,0.0,,0.0
1785326723.519992,08:00:27:8a:0d:75,0,0,,,0,0.0,0,0.0,0.0,,0.0
1785326723.519992,08:00:27:a5:9e:2d,0,0,,,0,0.0,0,0.0,0.0,,0.0
1785326728.519992,08:00:27:5a:87:bc,0,0,,,0,0.0,0,0.0,0.0,,0.0
1785326728.519992,08:00:27:8a:0d:75,0,0,,,0,0.0,0,0.0,0.0,,0.0
1785326728.519992,08:00:27:a5:9e:2d,0,0,,,0,0.0,0,0.0,0.0,,0.0
1785326733.519992,08:00:27:5a:87:bc,0,0,,,0,0.0,0,0.0,0.0,,0.0
1785326733.519992,08:00:27:8a:0d:75,0,0,,,0,0.0,0,0.0,0.0,,0.0
1785326733.519992,08:00:27:a5:9e:2d,0,0,,,0,0.0,0,0.0,0.0,,0.0
1785326738.519992,08:00:27:5a:87:bc,0,0,,,0,0.0,0,0.0,0.0,,0.0
1785326738.519992,08:00:27:8a:0d:75,0,0,,,0,0.0,0,0.0,0.0,,0.0
1785326738.519992,08:00:27:a5:9e:2d,0,0,,,0,0.0,0,0.0,0.0,,0.0
1785326743.519992,08:00:27:5a:87:bc,0,0,,,0,0.0,0,0.0,0.0,,0.0
1785326743.519992,08:00:27:8a:0d:75,0,0,,,0,0.0,0,0.0,0.0,,0.0
1785326743.519992,08:00:27:a5:9e:2d,0,0,,,0,0.0,0,0.0,0.0,,0.0
1785326748.519992,08:00:27:5a:87:bc,0,0,,,0,0.0,0,0.0,0.0,,0.0
1785326748.519992,08:00:27:8a:0d:75,0,0,,,0,0.0,0,0.0,0.0,,0.0
1785326748.519992,08:00:27:a5:9e:2d,0,0,,,0,0.0,0,0.0,0.0,,0.0
1785326753.519992,08:00:27:5a:87:bc,0,0,,,0,0.0,0,0.0,0.0,,0.0
1785326753.519992,08:00:27:8a:0d:75,0,0,,,0,0.0,0,0.0,0.0,,0.0
1785326753.519992,08:00:27:a5:9e:2d,0,0,,,0,0.0,0,0.0,0.0,,0.0
1785326758.519992,08:00:27:5a:87:bc,0,0,,,0,0.0,0,0.0,0.0,,0.0
1785326758.519992,08:00:27:8a:0d:75,0,0,,,0,0.0,0,0.0,0.0,,0.0
1785326758.519992,08:00:27:a5:9e:2d,0,0,,,0,0.0,0,0.0,0.0,,0.0
1785326763.519992,08:00:27:5a:87:bc,0,0,,,0,0.0,0,0.0,0.0,,0.0
1785326763.519992,08:00:27:8a:0d:75,0,0,,,0,0.0,0,0.0,0.0,,0.0
1785326763.519992,08:00:27:a5:9e:2d,0,0,,,0,0.0,0,0.0,0.0,,0.0
1785326768.519992,08:00:27:5a:87:bc,0,0,,,0,0.0,0,0.0,0.0,,0.0
1785326768.519992,08:00:27:8a:0d:75,0,0,,,0,0.0,0,0.0,0.0,,0.0
1785326768.519992,08:00:27:a5:9e:2d,0,0,,,0,0.0,0,0.0,0.0,,0.0
1785326773.519992,08:00:27:5a:87:bc,0,0,,,0,0.0,0,0.0,0.0,,0.0
1785326773.519992,08:00:27:8a:0d:75,0,0,,,0,0.0,0,0.0,0.0,,0.0
1785326773.519992,08:00:27:a5:9e:2d,0,0,,,0,0.0,0,0.0,0.0,,0.0
1785326778.519992,08:00:27:5a:87:bc,0,0,,,0,0.0,0,0.0,0.0,,0.0
1785326778.519992,08:00:27:8a:0d:75,0,0,,,0,0.0,0,0.0,0.0,,0.0
1785326778.519992,08:00:27:a5:9e:2d,0,0,,,0,0.0,0,0.0,0.0,,0.0
1785326783.519992,08:00:27:5a:87:bc,0,0,,,0,0.0,0,0.0,0.0,,0.0
1785326783.519992,08:00:27:8a:0d:75,0,0,,,0,0.0,0,0.0,0.0,,0.0
1785326783.519992,08:00:27:a5:9e:2d,0,0,,,0,0.0,0,0.0,0.0,,0.0
1785326788.519992,08:00:27:5a:87:bc,0,0,,,0,0.0,0,0.0,0.0,,0.0
1785326788.519992,08:00:27:8a:0d:75,0,0,,,0,0.0,0,0.0,0.0,,0.0
1785326788.519992,08:00:27:a5:9e:2d,0,0,,,0,0.0,0,0.0,0.0,,0.0
1785326793.519992,08:00:27:5a:87:bc,0,0,,,0,0.0,0,0.0,0.0,,0.0
1785326793.519992,08:00:27:8a:0d:75,0,0,,,0,0.0,0,0.0,0.0,,0.0
1785326793.519992,08:00:27:a5:9e:2d,0,0,,,0,0.0,0,0.0,0.0,,0.0
1785326798.519992,08:00:27:5a:87:bc,0,0,,,0,0.0,0,0.0,0.0,,0.0
1785326798.519992,08:00:27:8a:0d:75,0,0,,,0,0.0,0,0.0,0.0,,0.0
1785326798.519992,08:00:27:a5:9e:2d,0,0,,,0,0.0,0,0.0,0.0,,0.0
1785326803.519992,08:00:27:5a:87:bc,0,0,,,0,0.0,0,0.0,0.0,,0.0
1785326803.519992,08:00:27:8a:0d:75,0,0,,,0,0.0,0,0.0,0.0,,0.0
1785326803.519992,08:00:27:a5:9e:2d,0,0,,,0,0.0,0,0.0,0.0,,0.0
1785326808.519992,08:00:27:5a:87:bc,0,0,,,0,0.0,0,0.0,0.0,,0.0
1785326808.519992,08:00:27:8a:0d:75,0,0,,,0,0.0,0,0.0,0.0,,0.0
1785326808.519992,08:00:27:a5:9e:2d,0,0,,,0,0.0,0,0.0,0.0,,0.0
1785326813.519992,08:00:27:5a:87:bc,0,0,,,0,0.0,0,0.0,0.0,,0.0
1785326813.519992,08:00:27:8a:0d:75,0,0,,,0,0.0,0,0.0,0.0,,0.0
1785326813.519992,08:00:27:a5:9e:2d,0,0,,,0,0.0,0,0.0,0.0,,0.0
1785326818.519992,08:00:27:5a:87:bc,0,0,,,0,0.0,0,0.0,0.0,,0.0
1785326818.519992,08:00:27:8a:0d:75,0,0,,,0,0.0,0,0.0,0.0,,0.0
1785326818.519992,08:00:27:a5:9e:2d,0,0,,,0,0.0,0,0.0,0.0,,0.0
1785326823.519992,08:00:27:5a:87:bc,0,0,,,0,0.0,0,0.0,0.0,,0.0
1785326823.519992,08:00:27:8a:0d:75,0,0,,,0,0.0,0,0.0,0.0,,0.0
1785326823.519992,08:00:27:a5:9e:2d,0,0,,,0,0.0,0,0.0,0.0,,0.0
1785326828.519992,08:00:27:5a:87:bc,0,0,,,0,0.0,0,0.0,0.0,,0.0
1785326828.519992,08:00:27:8a:0d:75,0,0,,,0,0.0,0,0.0,0.0,,0.0
1785326828.519992,08:00:27:a5:9e:2d,0,0,,,0,0.0,0,0.0,0.0,,0.0
1785326833.519992,08:00:27:5a:87:bc,0,0,,,0,0.0,0,0.0,0.0,,0.0
1785326833.519992,08:00:27:8a:0d:75,0,0,,,0,0.0,0,0.0,0.0,,0.0
1785326833.519992,08:00:27:a5:9e:2d,0,0,,,0,0.0,0,0.0,0.0,,0.0
1785326838.519992,08:00:27:5a:87:bc,0,0,,,0,0.0,0,0.0,0.0,,0.0
1785326838.519992,08:00:27:8a:0d:75,0,0,,,0,0.0,0,0.0,0.0,,0.0
1785326838.519992,08:00:27:a5:9e:2d,0,0,,,0,0.0,0,0.0,0.0,,0.0
1785326843.519992,08:00:27:5a:87:bc,0,0,,,0,0.0,0,0.0,0.0,,0.0
1785326843.519992,08:00:27:8a:0d:75,0,0,,,0,0.0,0,0.0,0.0,,0.0
1785326843.519992,08:00:27:a5:9e:2d,0,0,,,0,0.0,0,0.0,0.0,,0.0
1785326848.519992,08:00:27:5a:87:bc,0,0,,,0,0.0,0,0.0,0.0,,0.0
1785326848.519992,08:00:27:8a:0d:75,0,0,,,0,0.0,0,0.0,0.0,,0.0
1785326848.519992,08:00:27:a5:9e:2d,0,0,,,0,0.0,0,0.0,0.0,,0.0
1785326853.519992,08:00:27:5a:87:bc,0,0,,,0,0.0,0,0.0,0.0,,0.0
1785326853.519992,08:00:27:8a:0d:75,0,0,,,0,0.0,0,0.0,0.0,,0.0
1785326853.519992,08:00:27:a5:9e:2d,0,0,,,0,0.0,0,0.0,0.0,,0.0
1785326858.519992,08:00:27:5a:87:bc,0,0,,,0,0.0,0,0.0,0.0,,0.0
1785326858.519992,08:00:27:8a:0d:75,0,0,,,0,0.0,0,0.0,0.0,,0.0
1785326858.519992,08:00:27:a5:9e:2d,0,0,,,0,0.0,0,0.0,0.0,,0.0
1785326863.519992,08:00:27:5a:87:bc,0,0,,,0,0.0,0,0.0,0.0,,0.0
1785326863.519992,08:00:27:8a:0d:75,0,0,,,0,0.0,0,0.0,0.0,,0.0
1785326863.519992,08:00:27:a5:9e:2d,0,0,,,0,0.0,0,0.0,0.0,,0.0
1785326868.519992,08:00:27:5a:87:bc,0,0,,,0,0.0,0,0.0,0.0,,0.0
1785326868.519992,08:00:27:8a:0d:75,0,0,,,0,0.0,0,0.0,0.0,,0.0
1785326868.519992,08:00:27:a5:9e:2d,0,0,,,0,0.0,0,0.0,0.0,,0.0
1785326873.519992,08:00:27:5a:87:bc,0,0,,,0,0.0,0,0.0,0.0,,0.0
1785326873.519992,08:00:27:8a:0d:75,0,0,,,0,0.0,0,0.0,0.0,,0.0
1785326873.519992,08:00:27:a5:9e:2d,0,0,,,0,0.0,0,0.0,0.0,,0.0
1785326878.519992,08:00:27:5a:87:bc,0,0,,,0,0.0,0,0.0,0.0,,0.0
1785326878.519992,08:00:27:8a:0d:75,0,0,,,0,0.0,0,0.0,0.0,,0.0
1785326878.519992,08:00:27:a5:9e:2d,0,0,,,0,0.0,0,0.0,0.0,,0.0
1785326883.519992,08:00:27:5a:87:bc,0,0,,,0,0.0,0,0.0,0.0,,0.0
1785326883.519992,08:00:27:8a:0d:75,0,0,,,0,0.0,0,0.0,0.0,,0.0
1785326883.519992,08:00:27:a5:9e:2d,0,0,,,0,0.0,0,0.0,0.0,,0.0
1785326888.519992,08:00:27:5a:87:bc,0,0,,,0,0.0,0,0.0,0.0,,0.0
1785326888.519992,08:00:27:8a:0d:75,0,0,,,0,0.0,0,0.0,0.0,,0.0
1785326888.519992,08:00:27:a5:9e:2d,0,0,,,0,0.0,0,0.0,0.0,,0.0
1785326893.519992,08:00:27:5a:87:bc,0,0,,,0,0.0,0,0.0,0.0,,0.0
1785326893.519992,08:00:27:8a:0d:75,0,0,,,0,0.0,0,0.0,0.0,,0.0
1785326893.519992,08:00:27:a5:9e:2d,0,0,,,0,0.0,0,0.0,0.0,,0.0
1785326898.519992,08:00:27:5a:87:bc,0,0,,,0,0.0,0,0.0,0.0,,0.0
1785326898.519992,08:00:27:8a:0d:75,0,0,,,0,0.0,0,0.0,0.0,,0.0
1785326898.519992,08:00:27:a5:9e:2d,0,0,,,0,0.0,0,0.0,0.0,,0.0
1785326903.519992,08:00:27:5a:87:bc,0,0,,,0,0.0,0,0.0,0.0,,0.0
1785326903.519992,08:00:27:8a:0d:75,0,0,,,0,0.0,0,0.0,0.0,,0.0
1785326903.519992,08:00:27:a5:9e:2d,0,0,,,0,0.0,0,0.0,0.0,,0.0
1785326908.519992,08:00:27:5a:87:bc,0,0,,,0,0.0,0,0.0,0.0,,0.0
1785326908.519992,08:00:27:8a:0d:75,0,0,,,0,0.0,0,0.0,0.0,,0.0
1785326908.519992,08:00:27:a5:9e:2d,0,0,,,0,0.0,0,0.0,0.0,,0.0
1785326913.519992,08:00:27:5a:87:bc,0,0,,,0,0.0,0,0.0,0.0,,0.0
1785326913.519992,08:00:27:8a:0d:75,0,0,,,0,0.0,0,0.0,0.0,,0.0
1785326913.519992,08:00:27:a5:9e:2d,0,0,,,0,0.0,0,0.0,0.0,,0.0
1785326918.519992,08:00:27:5a:87:bc,0,0,,,0,0.0,0,0.0,0.0,,0.0
1785326918.519992,08:00:27:8a:0d:75,0,0,,,0,0.0,0,0.0,0.0,,0.0
1785326918.519992,08:00:27:a5:9e:2d,0,0,,,0,0.0,0,0.0,0.0,,0.0
1785326923.519992,08:00:27:5a:87:bc,0,0,,,0,0.0,0,0.0,0.0,,0.0
1785326923.519992,08:00:27:8a:0d:75,0,0,,,0,0.0,0,0.0,0.0,,0.0
1785326923.519992,08:00:27:a5:9e:2d,0,0,,,0,0.0,0,0.0,0.0,,0.0
1785326928.519992,08:00:27:5a:87:bc,0,0,,,0,0.0,0,0.0,0.0,,0.0
1785326928.519992,08:00:27:8a:0d:75,0,0,,,0,0.0,0,0.0,0.0,,0.0
1785326928.519992,08:00:27:a5:9e:2d,0,0,,,0,0.0,0,0.0,0.0,,0.0
1785326933.519992,08:00:27:5a:87:bc,0,0,,,0,0.0,0,0.0,0.0,,0.0
1785326933.519992,08:00:27:8a:0d:75,0,0,,,0,0.0,0,0.0,0.0,,0.0
1785326933.519992,08:00:27:a5:9e:2d,0,0,,,0,0.0,0,0.0,0.0,,0.0
1785326938.519992,08:00:27:5a:87:bc,0,0,,,0,0.0,0,0.0,0.0,,0.0
1785326938.519992,08:00:27:8a:0d:75,0,0,,,0,0.0,0,0.0,0.0,,0.0
1785326938.519992,08:00:27:a5:9e:2d,0,0,,,0,0.0,0,0.0,0.0,,0.0
1785326943.519992,08:00:27:5a:87:bc,0,0,,,0,0.0,0,0.0,0.0,,0.0
1785326943.519992,08:00:27:8a:0d:75,0,0,,,0,0.0,0,0.0,0.0,,0.0
1785326943.519992,08:00:27:a5:9e:2d,0,0,,,0,0.0,0,0.0,0.0,,0.0
1785326948.519992,08:00:27:5a:87:bc,0,0,,,0,0.0,0,0.0,0.0,,0.0
1785326948.519992,08:00:27:8a:0d:75,0,0,,,0,0.0,0,0.0,0.0,,0.0
1785326948.519992,08:00:27:a5:9e:2d,0,0,,,0,0.0,0,0.0,0.0,,0.0
1785326953.519992,08:00:27:5a:87:bc,0,0,,,0,0.0,0,0.0,0.0,,0.0
1785326953.519992,08:00:27:8a:0d:75,0,0,,,0,0.0,0,0.0,0.0,,0.0
1785326953.519992,08:00:27:a5:9e:2d,0,0,,,0,0.0,0,0.0,0.0,,0.0
1785326958.519992,08:00:27:5a:87:bc,0,0,,,0,0.0,0,0.0,0.0,,0.0
1785326958.519992,08:00:27:8a:0d:75,0,0,,,0,0.0,0,0.0,0.0,,0.0
1785326958.519992,08:00:27:a5:9e:2d,0,0,,,0,0.0,0,0.0,0.0,,0.0
1785326963.519992,08:00:27:5a:87:bc,0,0,,,0,0.0,0,0.0,0.0,,0.0
1785326963.519992,08:00:27:8a:0d:75,0,0,,,0,0.0,0,0.0,0.0,,0.0
1785326963.519992,08:00:27:a5:9e:2d,0,0,,,0,0.0,0,0.0,0.0,,0.0
1785326968.519992,08:00:27:5a:87:bc,0,0,,,0,0.0,0,0.0,0.0,,0.0
1785326968.519992,08:00:27:8a:0d:75,0,0,,,0,0.0,0,0.0,0.0,,0.0
1785326968.519992,08:00:27:a5:9e:2d,0,0,,,0,0.0,0,0.0,0.0,,0.0
1785326973.519992,08:00:27:5a:87:bc,0,0,,,0,0.0,0,0.0,0.0,,0.0
1785326973.519992,08:00:27:8a:0d:75,0,0,,,0,0.0,0,0.0,0.0,,0.0
1785326973.519992,08:00:27:a5:9e:2d,0,0,,,0,0.0,0,0.0,0.0,,0.0
1785326978.519992,08:00:27:5a:87:bc,0,0,,,0,0.0,0,0.0,0.0,,0.0
1785326978.519992,08:00:27:8a:0d:75,0,0,,,0,0.0,0,0.0,0.0,,0.0
1785326978.519992,08:00:27:a5:9e:2d,0,0,,,0,0.0,0,0.0,0.0,,0.0
1785326983.519992,08:00:27:5a:87:bc,0,0,,,0,0.0,0,0.0,0.0,,0.0
1785326983.519992,08:00:27:8a:0d:75,0,0,,,0,0.0,0,0.0,0.0,,0.0
1785326983.519992,08:00:27:a5:9e:2d,0,0,,,0,0.0,0,0.0,0.0,,0.0
1785326988.519992,08:00:27:5a:87:bc,0,0,,,0,0.0,0,0.0,0.0,,0.0
1785326988.519992,08:00:27:8a:0d:75,0,0,,,0,0.0,0,0.0,0.0,,0.0
1785326988.519992,08:00:27:a5:9e:2d,0,0,,,0,0.0,0,0.0,0.0,,0.0
1785326993.519992,08:00:27:5a:87:bc,0,0,,,0,0.0,0,0.0,0.0,,0.0
1785326993.519992,08:00:27:8a:0d:75,0,0,,,0,0.0,0,0.0,0.0,,0.0
1785326993.519992,08:00:27:a5:9e:2d,0,0,,,0,0.0,0,0.0,0.0,,0.0
1785326998.519992,08:00:27:5a:87:bc,0,0,,,0,0.0,0,0.0,0.0,,0.0
1785326998.519992,08:00:27:8a:0d:75,0,0,,,0,0.0,0,0.0,0.0,,0.0
1785326998.519992,08:00:27:a5:9e:2d,0,0,,,0,0.0,0,0.0,0.0,,0.0
1785327003.519992,08:00:27:5a:87:bc,0,0,,,0,0.0,0,0.0,0.0,,0.0
1785327003.519992,08:00:27:8a:0d:75,0,0,,,0,0.0,0,0.0,0.0,,0.0
1785327003.519992,08:00:27:a5:9e:2d,0,0,,,0,0.0,0,0.0,0.0,,0.0
1785327008.519992,08:00:27:5a:87:bc,0,0,,,0,0.0,0,0.0,0.0,,0.0
1785327008.519992,08:00:27:8a:0d:75,0,0,,,0,0.0,0,0.0,0.0,,0.0
1785327008.519992,08:00:27:a5:9e:2d,0,0,,,0,0.0,0,0.0,0.0,,0.0
1785327013.519992,08:00:27:5a:87:bc,0,0,,,0,0.0,0,0.0,0.0,,0.0
1785327013.519992,08:00:27:8a:0d:75,0,0,,,0,0.0,0,0.0,0.0,,0.0
1785327013.519992,08:00:27:a5:9e:2d,0,0,,,0,0.0,0,0.0,0.0,,0.0
1785327018.519992,08:00:27:5a:87:bc,0,0,,,0,0.0,0,0.0,0.0,,0.0
1785327018.519992,08:00:27:8a:0d:75,0,0,,,0,0.0,0,0.0,0.0,,0.0
1785327018.519992,08:00:27:a5:9e:2d,0,0,,,0,0.0,0,0.0,0.0,,0.0
1785327023.519992,08:00:27:5a:87:bc,0,0,,,0,0.0,0,0.0,0.0,,0.0
1785327023.519992,08:00:27:8a:0d:75,0,0,,,0,0.0,0,0.0,0.0,,0.0
1785327023.519992,08:00:27:a5:9e:2d,0,0,,,0,0.0,0,0.0,0.0,,0.0
1785327028.519992,08:00:27:5a:87:bc,0,0,,,0,0.0,0,0.0,0.0,,0.0
1785327028.519992,08:00:27:8a:0d:75,0,0,,,0,0.0,0,0.0,0.0,,0.0
1785327028.519992,08:00:27:a5:9e:2d,0,0,,,0,0.0,0,0.0,0.0,,0.0
1785327033.519992,08:00:27:5a:87:bc,0,0,,,0,0.0,0,0.0,0.0,,0.0
1785327033.519992,08:00:27:8a:0d:75,0,0,,,0,0.0,0,0.0,0.0,,0.0
1785327033.519992,08:00:27:a5:9e:2d,0,0,,,0,0.0,0,0.0,0.0,,0.0
1785327038.519992,08:00:27:5a:87:bc,0,0,,,0,0.0,0,0.0,0.0,,0.0
1785327038.519992,08:00:27:8a:0d:75,0,0,,,0,0.0,0,0.0,0.0,,0.0
1785327038.519992,08:00:27:a5:9e:2d,0,0,,,0,0.0,0,0.0,0.0,,0.0
1785327043.519992,08:00:27:5a:87:bc,0,0,,,0,0.0,0,0.0,0.0,,0.0
1785327043.519992,08:00:27:8a:0d:75,0,0,,,0,0.0,0,0.0,0.0,,0.0
1785327043.519992,08:00:27:a5:9e:2d,0,0,,,0,0.0,0,0.0,0.0,,0.0
1785327048.519992,08:00:27:5a:87:bc,0,0,,,0,0.0,0,0.0,0.0,,0.0
1785327048.519992,08:00:27:8a:0d:75,0,0,,,0,0.0,0,0.0,0.0,,0.0
1785327048.519992,08:00:27:a5:9e:2d,0,0,,,0,0.0,0,0.0,0.0,,0.0
1785327053.519992,08:00:27:5a:87:bc,0,0,,,0,0.0,0,0.0,0.0,,0.0
1785327053.519992,08:00:27:8a:0d:75,0,0,,,0,0.0,0,0.0,0.0,,0.0
1785327053.519992,08:00:27:a5:9e:2d,0,0,,,0,0.0,0,0.0,0.0,,0.0
1785327058.519992,08:00:27:5a:87:bc,0,0,,,0,0.0,0,0.0,0.0,,0.0
1785327058.519992,08:00:27:8a:0d:75,0,0,,,0,0.0,0,0.0,0.0,,0.0
1785327058.519992,08:00:27:a5:9e:2d,0,0,,,0,0.0,0,0.0,0.0,,0.0
1785327063.519992,08:00:27:5a:87:bc,0,0,,,0,0.0,0,0.0,0.0,,0.0
1785327063.519992,08:00:27:8a:0d:75,0,0,,,0,0.0,0,0.0,0.0,,0.0
1785327063.519992,08:00:27:a5:9e:2d,0,0,,,0,0.0,0,0.0,0.0,,0.0
1785327068.519992,08:00:27:5a:87:bc,0,0,,,0,0.0,0,0.0,0.0,,0.0
1785327068.519992,08:00:27:8a:0d:75,0,0,,,0,0.0,0,0.0,0.0,,0.0
1785327068.519992,08:00:27:a5:9e:2d,0,0,,,0,0.0,0,0.0,0.0,,0.0
1785327073.519992,08:00:27:5a:87:bc,0,0,,,0,0.0,0,0.0,0.0,,0.0
1785327073.519992,08:00:27:8a:0d:75,0,0,,,0,0.0,0,0.0,0.0,,0.0
1785327073.519992,08:00:27:a5:9e:2d,0,0,,,0,0.0,0,0.0,0.0,,0.0
1785327078.519992,08:00:27:5a:87:bc,0,0,,,0,0.0,0,0.0,0.0,,0.0
1785327078.519992,08:00:27:8a:0d:75,0,0,,,0,0.0,0,0.0,0.0,,0.0
1785327078.519992,08:00:27:a5:9e:2d,0,0,,,0,0.0,0,0.0,0.0,,0.0
1785327083.519992,08:00:27:5a:87:bc,0,0,,,0,0.0,0,0.0,0.0,,0.0
1785327083.519992,08:00:27:8a:0d:75,0,0,,,0,0.0,0,0.0,0.0,,0.0
1785327083.519992,08:00:27:a5:9e:2d,0,0,,,0,0.0,0,0.0,0.0,,0.0
1785327088.519992,08:00:27:5a:87:bc,0,0,,,0,0.0,0,0.0,0.0,,0.0
1785327088.519992,08:00:27:8a:0d:75,0,0,,,0,0.0,0,0.0,0.0,,0.0
1785327088.519992,08:00:27:a5:9e:2d,0,0,,,0,0.0,0,0.0,0.0,,0.0
1785327093.519992,08:00:27:5a:87:bc,0,0,,,0,0.0,0,0.0,0.0,,0.0
1785327093.519992,08:00:27:8a:0d:75,0,0,,,0,0.0,0,0.0,0.0,,0.0
1785327093.519992,08:00:27:a5:9e:2d,0,0,,,0,0.0,0,0.0,0.0,,0.0
1785327098.519992,08:00:27:5a:87:bc,0,0,,,0,0.0,0,0.0,0.0,,0.0
1785327098.519992,08:00:27:8a:0d:75,0,0,,,0,0.0,0,0.0,0.0,,0.0
1785327098.519992,08:00:27:a5:9e:2d,0,0,,,0,0.0,0,0.0,0.0,,0.0
1785327103.519992,08:00:27:5a:87:bc,0,0,,,0,0.0,0,0.0,0.0,,0.0
1785327103.519992,08:00:27:8a:0d:75,0,0,,,0,0.0,0,0.0,0.0,,0.0
1785327103.519992,08:00:27:a5:9e:2d,0,0,,,0,0.0,0,0.0,0.0,,0.0
1785327108.519992,08:00:27:5a:87:bc,0,0,,,0,0.0,0,0.0,0.0,,0.0
1785327108.519992,08:00:27:8a:0d:75,0,0,,,0,0.0,0,0.0,0.0,,0.0
1785327108.519992,08:00:27:a5:9e:2d,0,0,,,0,0.0,0,0.0,0.0,,0.0
1785327113.519992,08:00:27:5a:87:bc,0,0,,,0,0.0,0,0.0,0.0,,0.0
1785327113.519992,08:00:27:8a:0d:75,0,0,,,0,0.0,0,0.0,0.0,,0.0
1785327113.519992,08:00:27:a5:9e:2d,0,0,,,0,0.0,0,0.0,0.0,,0.0
1785327118.519992,08:00:27:5a:87:bc,0,0,,,0,0.0,0,0.0,0.0,,0.0
1785327118.519992,08:00:27:8a:0d:75,0,0,,,0,0.0,0,0.0,0.0,,0.0
1785327118.519992,08:00:27:a5:9e:2d,0,0,,,0,0.0,0,0.0,0.0,,0.0
1785327123.519992,08:00:27:5a:87:bc,0,0,,,0,0.0,0,0.0,0.0,,0.0
1785327123.519992,08:00:27:8a:0d:75,0,0,,,0,0.0,0,0.0,0.0,,0.0
1785327123.519992,08:00:27:a5:9e:2d,0,0,,,0,0.0,0,0.0,0.0,,0.0
1785327128.519992,08:00:27:5a:87:bc,0,0,,,0,0.0,0,0.0,0.0,,0.0
1785327128.519992,08:00:27:8a:0d:75,0,0,,,0,0.0,0,0.0,0.0,,0.0
1785327128.519992,08:00:27:a5:9e:2d,0,0,,,0,0.0,0,0.0,0.0,,0.0
1785327133.519992,08:00:27:5a:87:bc,0,0,,,0,0.0,0,0.0,0.0,,0.0
1785327133.519992,08:00:27:8a:0d:75,0,0,,,0,0.0,0,0.0,0.0,,0.0
1785327133.519992,08:00:27:a5:9e:2d,0,0,,,0,0.0,0,0.0,0.0,,0.0
1785327138.519992,08:00:27:5a:87:bc,0,0,,,0,0.0,0,0.0,0.0,,0.0
1785327138.519992,08:00:27:8a:0d:75,0,0,,,0,0.0,0,0.0,0.0,,0.0
1785327138.519992,08:00:27:a5:9e:2d,0,0,,,0,0.0,0,0.0,0.0,,0.0
1785327143.519992,08:00:27:5a:87:bc,0,0,,,0,0.0,0,0.0,0.0,,0.0
1785327143.519992,08:00:27:8a:0d:75,0,0,,,0,0.0,0,0.0,0.0,,0.0
1785327143.519992,08:00:27:a5:9e:2d,0,0,,,0,0.0,0,0.0,0.0,,0.0
1785327148.519992,08:00:27:5a:87:bc,0,0,,,0,0.0,0,0.0,0.0,,0.0
1785327148.519992,08:00:27:8a:0d:75,0,0,,,0,0.0,0,0.0,0.0,,0.0
1785327148.519992,08:00:27:a5:9e:2d,0,0,,,0,0.0,0,0.0,0.0,,0.0
1785327153.519992,08:00:27:5a:87:bc,0,0,,,0,0.0,0,0.0,0.0,,0.0
1785327153.519992,08:00:27:8a:0d:75,0,0,,,0,0.0,0,0.0,0.0,,0.0
1785327153.519992,08:00:27:a5:9e:2d,0,0,,,0,0.0,0,0.0,0.0,,0.0
1785327158.519992,08:00:27:5a:87:bc,0,0,,,0,0.0,0,0.0,0.0,,0.0
1785327158.519992,08:00:27:8a:0d:75,0,0,,,0,0.0,0,0.0,0.0,,0.0
1785327158.519992,08:00:27:a5:9e:2d,0,0,,,0,0.0,0,0.0,0.0,,0.0
1785327163.519992,08:00:27:5a:87:bc,0,0,,,0,0.0,0,0.0,0.0,,0.0
1785327163.519992,08:00:27:8a:0d:75,0,0,,,0,0.0,0,0.0,0.0,,0.0
1785327163.519992,08:00:27:a5:9e:2d,0,0,,,0,0.0,0,0.0,0.0,,0.0
1785327168.519992,08:00:27:5a:87:bc,0,0,,,0,0.0,0,0.0,0.0,,0.0
1785327168.519992,08:00:27:8a:0d:75,0,0,,,0,0.0,0,0.0,0.0,,0.0
1785327168.519992,08:00:27:a5:9e:2d,0,0,,,0,0.0,0,0.0,0.0,,0.0
1785327173.519992,08:00:27:5a:87:bc,0,0,,,0,0.0,0,0.0,0.0,,0.0
1785327173.519992,08:00:27:8a:0d:75,0,0,,,0,0.0,0,0.0,0.0,,0.0
1785327173.519992,08:00:27:a5:9e:2d,0,0,,,0,0.0,0,0.0,0.0,,0.0
1785327178.519992,08:00:27:5a:87:bc,0,0,,,0,0.0,0,0.0,0.0,,0.0
1785327178.519992,08:00:27:8a:0d:75,0,0,,,0,0.0,0,0.0,0.0,,0.0
1785327178.519992,08:00:27:a5:9e:2d,0,0,,,0,0.0,0,0.0,0.0,,0.0
1785327183.519992,08:00:27:5a:87:bc,0,0,,,0,0.0,0,0.0,0.0,,0.0
1785327183.519992,08:00:27:8a:0d:75,0,0,,,0,0.0,0,0.0,0.0,,0.0
1785327183.519992,08:00:27:a5:9e:2d,0,0,,,0,0.0,0,0.0,0.0,,0.0
1785327188.519992,08:00:27:5a:87:bc,0,0,,,0,0.0,0,0.0,0.0,,0.0
1785327188.519992,08:00:27:8a:0d:75,0,0,,,0,0.0,0,0.0,0.0,,0.0
1785327188.519992,08:00:27:a5:9e:2d,0,0,,,0,0.0,0,0.0,0.0,,0.0
1785327193.519992,08:00:27:5a:87:bc,0,0,,,0,0.0,0,0.0,0.0,,0.0
1785327193.519992,08:00:27:8a:0d:75,0,0,,,0,0.0,0,0.0,0.0,,0.0
1785327193.519992,08:00:27:a5:9e:2d,0,0,,,0,0.0,0,0.0,0.0,,0.0
1785327198.519992,08:00:27:5a:87:bc,0,0,,,0,0.0,0,0.0,0.0,,0.0
1785327198.519992,08:00:27:8a:0d:75,0,0,,,0,0.0,0,0.0,0.0,,0.0
1785327198.519992,08:00:27:a5:9e:2d,0,0,,,0,0.0,0,0.0,0.0,,0.0
1785327203.519992,08:00:27:5a:87:bc,0,0,,,0,0.0,0,0.0,0.0,,0.0
1785327203.519992,08:00:27:8a:0d:75,0,0,,,0,0.0,0,0.0,0.0,,0.0
1785327203.519992,08:00:27:a5:9e:2d,0,0,,,0,0.0,0,0.0,0.0,,0.0
1785327208.519992,08:00:27:5a:87:bc,0,0,,,0,0.0,0,0.0,0.0,,0.0
1785327208.519992,08:00:27:8a:0d:75,0,0,,,0,0.0,0,0.0,0.0,,0.0
1785327208.519992,08:00:27:a5:9e:2d,0,0,,,0,0.0,0,0.0,0.0,,0.0
1785327213.519992,08:00:27:5a:87:bc,0,0,,,0,0.0,0,0.0,0.0,,0.0
1785327213.519992,08:00:27:8a:0d:75,0,0,,,0,0.0,0,0.0,0.0,,0.0
1785327213.519992,08:00:27:a5:9e:2d,0,0,,,0,0.0,0,0.0,0.0,,0.0
1785327218.519992,08:00:27:5a:87:bc,0,0,,,0,0.0,0,0.0,0.0,,0.0
1785327218.519992,08:00:27:8a:0d:75,0,0,,,0,0.0,0,0.0,0.0,,0.0
1785327218.519992,08:00:27:a5:9e:2d,0,0,,,0,0.0,0,0.0,0.0,,0.0
1785327223.519992,08:00:27:5a:87:bc,0,0,,,0,0.0,0,0.0,0.0,,0.0
1785327223.519992,08:00:27:8a:0d:75,0,0,,,0,0.0,0,0.0,0.0,,0.0
1785327223.519992,08:00:27:a5:9e:2d,0,0,,,0,0.0,0,0.0,0.0,,0.0
1785327228.519992,08:00:27:5a:87:bc,0,0,,,0,0.0,0,0.0,0.0,,0.0
1785327228.519992,08:00:27:8a:0d:75,0,0,,,0,0.0,0,0.0,0.0,,0.0
1785327228.519992,08:00:27:a5:9e:2d,0,0,,,0,0.0,0,0.0,0.0,,0.0
1785327233.519992,08:00:27:5a:87:bc,0,0,,,0,0.0,0,0.0,0.0,,0.0
1785327233.519992,08:00:27:8a:0d:75,0,0,,,0,0.0,0,0.0,0.0,,0.0
1785327233.519992,08:00:27:a5:9e:2d,0,0,,,0,0.0,0,0.0,0.0,,0.0
1785327238.519992,08:00:27:5a:87:bc,0,0,,,0,0.0,0,0.0,0.0,,0.0
1785327238.519992,08:00:27:8a:0d:75,0,0,,,0,0.0,0,0.0,0.0,,0.0
1785327238.519992,08:00:27:a5:9e:2d,0,0,,,0,0.0,0,0.0,0.0,,0.0
1785327243.519992,08:00:27:5a:87:bc,0,0,,,0,0.0,0,0.0,0.0,,0.0
1785327243.519992,08:00:27:8a:0d:75,0,0,,,0,0.0,0,0.0,0.0,,0.0
1785327243.519992,08:00:27:a5:9e:2d,0,0,,,0,0.0,0,0.0,0.0,,0.0
1785327248.519992,08:00:27:5a:87:bc,0,0,,,0,0.0,0,0.0,0.0,,0.0
1785327248.519992,08:00:27:8a:0d:75,0,0,,,0,0.0,0,0.0,0.0,,0.0
1785327248.519992,08:00:27:a5:9e:2d,0,0,,,0,0.0,0,0.0,0.0,,0.0
1785327253.519992,08:00:27:5a:87:bc,0,0,,,0,0.0,0,0.0,0.0,,0.0
1785327253.519992,08:00:27:8a:0d:75,0,0,,,0,0.0,0,0.0,0.0,,0.0
1785327253.519992,08:00:27:a5:9e:2d,0,0,,,0,0.0,0,0.0,0.0,,0.0
1785327258.519992,08:00:27:5a:87:bc,0,0,,,0,0.0,0,0.0,0.0,,0.0
1785327258.519992,08:00:27:8a:0d:75,0,0,,,0,0.0,0,0.0,0.0,,0.0
1785327258.519992,08:00:27:a5:9e:2d,0,0,,,0,0.0,0,0.0,0.0,,0.0
1785327263.519992,08:00:27:5a:87:bc,0,0,,,0,0.0,0,0.0,0.0,,0.0
1785327263.519992,08:00:27:8a:0d:75,0,0,,,0,0.0,0,0.0,0.0,,0.0
1785327263.519992,08:00:27:a5:9e:2d,0,0,,,0,0.0,0,0.0,0.0,,0.0
1785327268.519992,08:00:27:5a:87:bc,0,0,,,0,0.0,0,0.0,0.0,,0.0
1785327268.519992,08:00:27:8a:0d:75,0,0,,,0,0.0,0,0.0,0.0,,0.0
1785327268.519992,08:00:27:a5:9e:2d,0,0,,,0,0.0,0,0.0,0.0,,0.0
1785327273.519992,08:00:27:5a:87:bc,0,0,,,0,0.0,0,0.0,0.0,,0.0
1785327273.519992,08:00:27:8a:0d:75,0,0,,,0,0.0,0,0.0,0.0,,0.0
1785327273.519992,08:00:27:a5:9e:2d,0,0,,,0,0.0,0,0.0,0.0,,0.0
1785327278.519992,08:00:27:5a:87:bc,0,0,,,0,0.0,0,0.0,0.0,,0.0
1785327278.519992,08:00:27:8a:0d:75,0,0,,,0,0.0,0,0.0,0.0,,0.0
1785327278.519992,08:00:27:a5:9e:2d,0,0,,,0,0.0,0,0.0,0.0,,0.0
1785327283.519992,08:00:27:5a:87:bc,0,0,,,0,0.0,0,0.0,0.0,,0.0
1785327283.519992,08:00:27:8a:0d:75,0,0,,,0,0.0,0,0.0,0.0,,0.0
1785327283.519992,08:00:27:a5:9e:2d,0,0,,,0,0.0,0,0.0,0.0,,0.0
1785327288.519992,08:00:27:5a:87:bc,0,0,,,0,0.0,0,0.0,0.0,,0.0
1785327288.519992,08:00:27:8a:0d:75,0,0,,,0,0.0,0,0.0,0.0,,0.0
1785327288.519992,08:00:27:a5:9e:2d,0,0,,,0,0.0,0,0.0,0.0,,0.0
1785327293.519992,08:00:27:5a:87:bc,0,0,,,0,0.0,0,0.0,0.0,,0.0
1785327293.519992,08:00:27:8a:0d:75,0,0,,,0,0.0,0,0.0,0.0,,0.0
1785327293.519992,08:00:27:a5:9e:2d,0,0,,,0,0.0,0,0.0,0.0,,0.0
1785327298.519992,08:00:27:5a:87:bc,0,0,,,0,0.0,0,0.0,0.0,,0.0
1785327298.519992,08:00:27:8a:0d:75,0,0,,,0,0.0,0,0.0,0.0,,0.0
1785327298.519992,08:00:27:a5:9e:2d,0,0,,,0,0.0,0,0.0,0.0,,0.0
1785327303.519992,08:00:27:5a:87:bc,0,0,,,0,0.0,0,0.0,0.0,,0.0
1785327303.519992,08:00:27:8a:0d:75,0,0,,,0,0.0,0,0.0,0.0,,0.0
1785327303.519992,08:00:27:a5:9e:2d,0,0,,,0,0.0,0,0.0,0.0,,0.0
1785327308.519992,08:00:27:5a:87:bc,0,0,,,0,0.0,0,0.0,0.0,,0.0
1785327308.519992,08:00:27:8a:0d:75,0,0,,,0,0.0,0,0.0,0.0,,0.0
1785327308.519992,08:00:27:a5:9e:2d,0,0,,,0,0.0,0,0.0,0.0,,0.0
1785327313.519992,08:00:27:5a:87:bc,0,0,,,0,0.0,0,0.0,0.0,,0.0
1785327313.519992,08:00:27:8a:0d:75,0,0,,,0,0.0,0,0.0,0.0,,0.0
1785327313.519992,08:00:27:a5:9e:2d,0,0,,,0,0.0,0,0.0,0.0,,0.0
1785327318.519992,08:00:27:5a:87:bc,0,0,,,0,0.0,0,0.0,0.0,,0.0
1785327318.519992,08:00:27:8a:0d:75,0,0,,,0,0.0,0,0.0,0.0,,0.0
1785327318.519992,08:00:27:a5:9e:2d,0,0,,,0,0.0,0,0.0,0.0,,0.0
1785327323.519992,08:00:27:5a:87:bc,0,0,,,0,0.0,0,0.0,0.0,,0.0
1785327323.519992,08:00:27:8a:0d:75,0,0,,,0,0.0,0,0.0,0.0,,0.0
1785327323.519992,08:00:27:a5:9e:2d,0,0,,,0,0.0,0,0.0,0.0,,0.0
1785327328.519992,08:00:27:5a:87:bc,0,0,,,0,0.0,0,0.0,0.0,,0.0
1785327328.519992,08:00:27:8a:0d:75,0,0,,,0,0.0,0,0.0,0.0,,0.0
1785327328.519992,08:00:27:a5:9e:2d,0,0,,,0,0.0,0,0.0,0.0,,0.0
1785327333.519992,08:00:27:5a:87:bc,0,0,,,0,0.0,0,0.0,0.0,,0.0
1785327333.519992,08:00:27:8a:0d:75,0,0,,,0,0.0,0,0.0,0.0,,0.0
1785327333.519992,08:00:27:a5:9e:2d,0,0,,,0,0.0,0,0.0,0.0,,0.0
1785327338.519992,08:00:27:5a:87:bc,0,0,,,0,0.0,0,0.0,0.0,,0.0
1785327338.519992,08:00:27:8a:0d:75,0,0,,,0,0.0,0,0.0,0.0,,0.0
1785327338.519992,08:00:27:a5:9e:2d,0,0,,,0,0.0,0,0.0,0.0,,0.0
1785327343.519992,08:00:27:5a:87:bc,0,0,,,0,0.0,0,0.0,0.0,,0.0
1785327343.519992,08:00:27:8a:0d:75,0,0,,,0,0.0,0,0.0,0.0,,0.0
1785327343.519992,08:00:27:a5:9e:2d,0,0,,,0,0.0,0,0.0,0.0,,0.0
1785327348.519992,08:00:27:5a:87:bc,0,0,,,0,0.0,0,0.0,0.0,,0.0
1785327348.519992,08:00:27:8a:0d:75,0,0,,,0,0.0,0,0.0,0.0,,0.0
1785327348.519992,08:00:27:a5:9e:2d,0,0,,,0,0.0,0,0.0,0.0,,0.0
1785327353.519992,08:00:27:5a:87:bc,0,0,,,0,0.0,0,0.0,0.0,,0.0
1785327353.519992,08:00:27:8a:0d:75,0,0,,,0,0.0,0,0.0,0.0,,0.0
1785327353.519992,08:00:27:a5:9e:2d,0,0,,,0,0.0,0,0.0,0.0,,0.0
1785327358.519992,08:00:27:5a:87:bc,0,0,,,0,0.0,0,0.0,0.0,,0.0
1785327358.519992,08:00:27:8a:0d:75,0,0,,,0,0.0,0,0.0,0.0,,0.0
1785327358.519992,08:00:27:a5:9e:2d,0,0,,,0,0.0,0,0.0,0.0,,0.0
1785327363.519992,08:00:27:5a:87:bc,0,0,,,0,0.0,0,0.0,0.0,,0.0
1785327363.519992,08:00:27:8a:0d:75,0,0,,,0,0.0,0,0.0,0.0,,0.0
1785327363.519992,08:00:27:a5:9e:2d,0,0,,,0,0.0,0,0.0,0.0,,0.0
1785327368.519992,08:00:27:5a:87:bc,0,0,,,0,0.0,0,0.0,0.0,,0.0
1785327368.519992,08:00:27:8a:0d:75,0,0,,,0,0.0,0,0.0,0.0,,0.0
1785327368.519992,08:00:27:a5:9e:2d,0,0,,,0,0.0,0,0.0,0.0,,0.0
1785327373.519992,08:00:27:5a:87:bc,0,0,,,0,0.0,0,0.0,0.0,,0.0
1785327373.519992,08:00:27:8a:0d:75,0,0,,,0,0.0,0,0.0,0.0,,0.0
1785327373.519992,08:00:27:a5:9e:2d,0,0,,,0,0.0,0,0.0,0.0,,0.0
1785327378.519992,08:00:27:5a:87:bc,0,0,,,0,0.0,0,0.0,0.0,,0.0
1785327378.519992,08:00:27:8a:0d:75,0,0,,,0,0.0,0,0.0,0.0,,0.0
1785327378.519992,08:00:27:a5:9e:2d,0,0,,,0,0.0,0,0.0,0.0,,0.0
1785327383.519992,08:00:27:5a:87:bc,0,0,,,0,0.0,0,0.0,0.0,,0.0
1785327383.519992,08:00:27:8a:0d:75,0,0,,,0,0.0,0,0.0,0.0,,0.0
1785327383.519992,08:00:27:a5:9e:2d,0,0,,,0,0.0,0,0.0,0.0,,0.0
1785327388.519992,08:00:27:5a:87:bc,0,0,,,0,0.0,0,0.0,0.0,,0.0
1785327388.519992,08:00:27:8a:0d:75,0,0,,,0,0.0,0,0.0,0.0,,0.0
1785327388.519992,08:00:27:a5:9e:2d,0,0,,,0,0.0,0,0.0,0.0,,0.0
1785327393.519992,08:00:27:5a:87:bc,0,0,,,0,0.0,0,0.0,0.0,,0.0
1785327393.519992,08:00:27:8a:0d:75,0,0,,,0,0.0,0,0.0,0.0,,0.0
1785327393.519992,08:00:27:a5:9e:2d,0,0,,,0,0.0,0,0.0,0.0,,0.0
1785327398.519992,08:00:27:5a:87:bc,0,0,,,0,0.0,0,0.0,0.0,,0.0
1785327398.519992,08:00:27:8a:0d:75,0,0,,,0,0.0,0,0.0,0.0,,0.0
1785327398.519992,08:00:27:a5:9e:2d,0,0,,,0,0.0,0,0.0,0.0,,0.0
1785327403.519992,08:00:27:5a:87:bc,0,0,,,0,0.0,0,0.0,0.0,,0.0
1785327403.519992,08:00:27:8a:0d:75,0,0,,,0,0.0,0,0.0,0.0,,0.0
1785327403.519992,08:00:27:a5:9e:2d,0,0,,,0,0.0,0,0.0,0.0,,0.0
1785327408.519992,08:00:27:5a:87:bc,0,0,,,0,0.0,0,0.0,0.0,,0.0
1785327408.519992,08:00:27:8a:0d:75,0,0,,,0,0.0,0,0.0,0.0,,0.0
1785327408.519992,08:00:27:a5:9e:2d,0,0,,,0,0.0,0,0.0,0.0,,0.0
1785327413.519992,08:00:27:5a:87:bc,0,0,,,0,0.0,0,0.0,0.0,,0.0
1785327413.519992,08:00:27:8a:0d:75,0,0,,,0,0.0,0,0.0,0.0,,0.0
1785327413.519992,08:00:27:a5:9e:2d,0,0,,,0,0.0,0,0.0,0.0,,0.0
1785327418.519992,08:00:27:5a:87:bc,0,0,,,0,0.0,0,0.0,0.0,,0.0
1785327418.519992,08:00:27:8a:0d:75,0,0,,,0,0.0,0,0.0,0.0,,0.0
1785327418.519992,08:00:27:a5:9e:2d,0,0,,,0,0.0,0,0.0,0.0,,0.0
1785327423.519992,08:00:27:5a:87:bc,0,0,,,0,0.0,0,0.0,0.0,,0.0
1785327423.519992,08:00:27:8a:0d:75,0,0,,,0,0.0,0,0.0,0.0,,0.0
1785327423.519992,08:00:27:a5:9e:2d,0,0,,,0,0.0,0,0.0,0.0,,0.0
1785327428.519992,08:00:27:5a:87:bc,0,0,,,0,0.0,0,0.0,0.0,,0.0
1785327428.519992,08:00:27:8a:0d:75,0,0,,,0,0.0,0,0.0,0.0,,0.0
1785327428.519992,08:00:27:a5:9e:2d,0,0,,,0,0.0,0,0.0,0.0,,0.0
1785327433.519992,08:00:27:5a:87:bc,0,0,,,0,0.0,0,0.0,0.0,,0.0
1785327433.519992,08:00:27:8a:0d:75,0,0,,,0,0.0,0,0.0,0.0,,0.0
1785327433.519992,08:00:27:a5:9e:2d,0,0,,,0,0.0,0,0.0,0.0,,0.0
1785327438.519992,08:00:27:5a:87:bc,0,0,,,0,0.0,0,0.0,0.0,,0.0
1785327438.519992,08:00:27:8a:0d:75,0,0,,,0,0.0,0,0.0,0.0,,0.0
1785327438.519992,08:00:27:a5:9e:2d,0,0,,,0,0.0,0,0.0,0.0,,0.0
1785327443.519992,08:00:27:5a:87:bc,0,0,,,0,0.0,0,0.0,0.0,,0.0
1785327443.519992,08:00:27:8a:0d:75,0,0,,,0,0.0,0,0.0,0.0,,0.0
1785327443.519992,08:00:27:a5:9e:2d,0,0,,,0,0.0,0,0.0,0.0,,0.0
1785327448.519992,08:00:27:5a:87:bc,0,0,,,0,0.0,0,0.0,0.0,,0.0
1785327448.519992,08:00:27:8a:0d:75,0,0,,,0,0.0,0,0.0,0.0,,0.0
1785327448.519992,08:00:27:a5:9e:2d,0,0,,,0,0.0,0,0.0,0.0,,0.0
1785327453.519992,08:00:27:5a:87:bc,0,0,,,0,0.0,0,0.0,0.0,,0.0
1785327453.519992,08:00:27:8a:0d:75,0,0,,,0,0.0,0,0.0,0.0,,0.0
1785327453.519992,08:00:27:a5:9e:2d,0,0,,,0,0.0,0,0.0,0.0,,0.0
1785327458.519992,08:00:27:5a:87:bc,0,0,,,0,0.0,0,0.0,0.0,,0.0
1785327458.519992,08:00:27:8a:0d:75,0,0,,,0,0.0,0,0.0,0.0,,0.0
1785327458.519992,08:00:27:a5:9e:2d,0,0,,,0,0.0,0,0.0,0.0,,0.0
1785327463.519992,08:00:27:5a:87:bc,0,0,,,0,0.0,0,0.0,0.0,,0.0
1785327463.519992,08:00:27:8a:0d:75,0,0,,,0,0.0,0,0.0,0.0,,0.0
1785327463.519992,08:00:27:a5:9e:2d,0,0,,,0,0.0,0,0.0,0.0,,0.0
1785327468.519992,08:00:27:5a:87:bc,0,0,,,0,0.0,0,0.0,0.0,,0.0
1785327468.519992,08:00:27:8a:0d:75,0,0,,,0,0.0,0,0.0,0.0,,0.0
1785327468.519992,08:00:27:a5:9e:2d,0,0,,,0,0.0,0,0.0,0.0,,0.0
1785327473.519992,08:00:27:5a:87:bc,0,0,,,0,0.0,0,0.0,0.0,,0.0
1785327473.519992,08:00:27:8a:0d:75,0,0,,,0,0.0,0,0.0,0.0,,0.0
1785327473.519992,08:00:27:a5:9e:2d,0,0,,,0,0.0,0,0.0,0.0,,0.0
1785327478.519992,08:00:27:5a:87:bc,0,0,,,0,0.0,0,0.0,0.0,,0.0
1785327478.519992,08:00:27:8a:0d:75,0,0,,,0,0.0,0,0.0,0.0,,0.0
1785327478.519992,08:00:27:a5:9e:2d,0,0,,,0,0.0,0,0.0,0.0,,0.0
1785327483.519992,08:00:27:5a:87:bc,0,0,,,0,0.0,0,0.0,0.0,,0.0
1785327483.519992,08:00:27:8a:0d:75,0,0,,,0,0.0,0,0.0,0.0,,0.0
1785327483.519992,08:00:27:a5:9e:2d,0,0,,,0,0.0,0,0.0,0.0,,0.0
1785327488.519992,08:00:27:5a:87:bc,0,0,,,0,0.0,0,0.0,0.0,,0.0
1785327488.519992,08:00:27:8a:0d:75,0,0,,,0,0.0,0,0.0,0.0,,0.0
1785327488.519992,08:00:27:a5:9e:2d,0,0,,,0,0.0,0,0.0,0.0,,0.0
1785327493.519992,08:00:27:5a:87:bc,0,0,,,0,0.0,0,0.0,0.0,,0.0
1785327493.519992,08:00:27:8a:0d:75,0,0,,,0,0.0,0,0.0,0.0,,0.0
1785327493.519992,08:00:27:a5:9e:2d,0,0,,,0,0.0,0,0.0,0.0,,0.0
1785327498.519992,08:00:27:5a:87:bc,0,0,,,0,0.0,0,0.0,0.0,,0.0
1785327498.519992,08:00:27:8a:0d:75,0,0,,,0,0.0,0,0.0,0.0,,0.0
1785327498.519992,08:00:27:a5:9e:2d,0,0,,,0,0.0,0,0.0,0.0,,0.0
1785327503.519992,08:00:27:5a:87:bc,0,0,,,0,0.0,0,0.0,0.0,,0.0
1785327503.519992,08:00:27:8a:0d:75,0,0,,,0,0.0,0,0.0,0.0,,0.0
1785327503.519992,08:00:27:a5:9e:2d,0,0,,,0,0.0,0,0.0,0.0,,0.0
1785327508.519992,08:00:27:5a:87:bc,0,0,,,0,0.0,0,0.0,0.0,,0.0
1785327508.519992,08:00:27:8a:0d:75,0,0,,,0,0.0,0,0.0,0.0,,0.0
1785327508.519992,08:00:27:a5:9e:2d,0,0,,,0,0.0,0,0.0,0.0,,0.0
1785327513.519992,08:00:27:5a:87:bc,0,0,,,0,0.0,0,0.0,0.0,,0.0
1785327513.519992,08:00:27:8a:0d:75,0,0,,,0,0.0,0,0.0,0.0,,0.0
1785327513.519992,08:00:27:a5:9e:2d,0,0,,,0,0.0,0,0.0,0.0,,0.0
1785327518.519992,08:00:27:5a:87:bc,0,0,,,0,0.0,0,0.0,0.0,,0.0
1785327518.519992,08:00:27:8a:0d:75,0,0,,,0,0.0,0,0.0,0.0,,0.0
1785327518.519992,08:00:27:a5:9e:2d,0,0,,,0,0.0,0,0.0,0.0,,0.0
1785327523.519992,08:00:27:5a:87:bc,0,0,,,0,0.0,0,0.0,0.0,,0.0
1785327523.519992,08:00:27:8a:0d:75,0,0,,,0,0.0,0,0.0,0.0,,0.0
1785327523.519992,08:00:27:a5:9e:2d,0,0,,,0,0.0,0,0.0,0.0,,0.0
1785327528.519992,08:00:27:5a:87:bc,0,0,,,0,0.0,0,0.0,0.0,,0.0
1785327528.519992,08:00:27:8a:0d:75,0,0,,,0,0.0,0,0.0,0.0,,0.0
1785327528.519992,08:00:27:a5:9e:2d,0,0,,,0,0.0,0,0.0,0.0,,0.0
1785327533.519992,08:00:27:5a:87:bc,0,0,,,0,0.0,0,0.0,0.0,,0.0
1785327533.519992,08:00:27:8a:0d:75,0,0,,,0,0.0,0,0.0,0.0,,0.0
1785327533.519992,08:00:27:a5:9e:2d,0,0,,,0,0.0,0,0.0,0.0,,0.0
1785327538.519992,08:00:27:5a:87:bc,0,0,,,0,0.0,0,0.0,0.0,,0.0
1785327538.519992,08:00:27:8a:0d:75,0,0,,,0,0.0,0,0.0,0.0,,0.0
1785327538.519992,08:00:27:a5:9e:2d,0,0,,,0,0.0,0,0.0,0.0,,0.0
1785327543.519992,08:00:27:5a:87:bc,0,0,,,0,0.0,0,0.0,0.0,,0.0
1785327543.519992,08:00:27:8a:0d:75,0,0,,,0,0.0,0,0.0,0.0,,0.0
1785327543.519992,08:00:27:a5:9e:2d,0,0,,,0,0.0,0,0.0,0.0,,0.0
1785327548.519992,08:00:27:5a:87:bc,0,0,,,0,0.0,0,0.0,0.0,,0.0
1785327548.519992,08:00:27:8a:0d:75,0,0,,,0,0.0,0,0.0,0.0,,0.0
1785327548.519992,08:00:27:a5:9e:2d,0,0,,,0,0.0,0,0.0,0.0,,0.0
1785327553.519992,08:00:27:5a:87:bc,0,0,,,0,0.0,0,0.0,0.0,,0.0
1785327553.519992,08:00:27:8a:0d:75,0,0,,,0,0.0,0,0.0,0.0,,0.0
1785327553.519992,08:00:27:a5:9e:2d,0,0,,,0,0.0,0,0.0,0.0,,0.0
1785327558.519992,08:00:27:5a:87:bc,0,0,,,0,0.0,0,0.0,0.0,,0.0
1785327558.519992,08:00:27:8a:0d:75,0,0,,,0,0.0,0,0.0,0.0,,0.0
1785327558.519992,08:00:27:a5:9e:2d,0,0,,,0,0.0,0,0.0,0.0,,0.0
1785327563.519992,08:00:27:5a:87:bc,0,0,,,0,0.0,0,0.0,0.0,,0.0
1785327563.519992,08:00:27:8a:0d:75,0,0,,,0,0.0,0,0.0,0.0,,0.0
1785327563.519992,08:00:27:a5:9e:2d,0,0,,,0,0.0,0,0.0,0.0,,0.0
1785327568.519992,08:00:27:5a:87:bc,0,0,,,0,0.0,0,0.0,0.0,,0.0
1785327568.519992,08:00:27:8a:0d:75,0,0,,,0,0.0,0,0.0,0.0,,0.0
1785327568.519992,08:00:27:a5:9e:2d,0,0,,,0,0.0,0,0.0,0.0,,0.0
1785327573.519992,08:00:27:5a:87:bc,0,0,,,0,0.0,0,0.0,0.0,,0.0
1785327573.519992,08:00:27:8a:0d:75,0,0,,,0,0.0,0,0.0,0.0,,0.0
1785327573.519992,08:00:27:a5:9e:2d,0,0,,,0,0.0,0,0.0,0.0,,0.0
1785327578.519992,08:00:27:5a:87:bc,0,0,,,0,0.0,0,0.0,0.0,,0.0
1785327578.519992,08:00:27:8a:0d:75,0,0,,,0,0.0,0,0.0,0.0,,0.0
1785327578.519992,08:00:27:a5:9e:2d,0,0,,,0,0.0,0,0.0,0.0,,0.0
1785327583.519992,08:00:27:5a:87:bc,0,0,,,0,0.0,0,0.0,0.0,,0.0
1785327583.519992,08:00:27:8a:0d:75,0,0,,,0,0.0,0,0.0,0.0,,0.0
1785327583.519992,08:00:27:a5:9e:2d,0,0,,,0,0.0,0,0.0,0.0,,0.0
1785327588.519992,08:00:27:5a:87:bc,0,0,,,0,0.0,0,0.0,0.0,,0.0
1785327588.519992,08:00:27:8a:0d:75,0,0,,,0,0.0,0,0.0,0.0,,0.0
1785327588.519992,08:00:27:a5:9e:2d,0,0,,,0,0.0,0,0.0,0.0,,0.0
1785327593.519992,08:00:27:5a:87:bc,0,0,,,0,0.0,0,0.0,0.0,,0.0
1785327593.519992,08:00:27:8a:0d:75,0,0,,,0,0.0,0,0.0,0.0,,0.0
1785327593.519992,08:00:27:a5:9e:2d,0,0,,,0,0.0,0,0.0,0.0,,0.0
1785327598.519992,08:00:27:5a:87:bc,0,0,,,0,0.0,0,0.0,0.0,,0.0
1785327598.519992,08:00:27:8a:0d:75,0,0,,,0,0.0,0,0.0,0.0,,0.0
1785327598.519992,08:00:27:a5:9e:2d,0,0,,,0,0.0,0,0.0,0.0,,0.0
1785327603.519992,08:00:27:5a:87:bc,0,0,,,0,0.0,0,0.0,0.0,,0.0
1785327603.519992,08:00:27:8a:0d:75,0,0,,,0,0.0,0,0.0,0.0,,0.0
1785327603.519992,08:00:27:a5:9e:2d,0,0,,,0,0.0,0,0.0,0.0,,0.0
1785327608.519992,08:00:27:5a:87:bc,0,0,,,0,0.0,0,0.0,0.0,,0.0
1785327608.519992,08:00:27:8a:0d:75,0,0,,,0,0.0,0,0.0,0.0,,0.0
1785327608.519992,08:00:27:a5:9e:2d,0,0,,,0,0.0,0,0.0,0.0,,0.0
1785327613.519992,08:00:27:5a:87:bc,0,0,,,0,0.0,0,0.0,0.0,,0.0
1785327613.519992,08:00:27:8a:0d:75,0,0,,,0,0.0,0,0.0,0.0,,0.0
1785327613.519992,08:00:27:a5:9e:2d,0,0,,,0,0.0,0,0.0,0.0,,0.0
1785327618.519992,08:00:27:5a:87:bc,0,0,,,0,0.0,0,0.0,0.0,,0.0
1785327618.519992,08:00:27:8a:0d:75,0,0,,,0,0.0,0,0.0,0.0,,0.0
1785327618.519992,08:00:27:a5:9e:2d,0,0,,,0,0.0,0,0.0,0.0,,0.0
1785327623.519992,08:00:27:5a:87:bc,0,0,,,0,0.0,0,0.0,0.0,,0.0
1785327623.519992,08:00:27:8a:0d:75,0,0,,,0,0.0,0,0.0,0.0,,0.0
1785327623.519992,08:00:27:a5:9e:2d,0,0,,,0,0.0,0,0.0,0.0,,0.0
1785327628.519992,08:00:27:5a:87:bc,0,0,,,0,0.0,0,0.0,0.0,,0.0
1785327628.519992,08:00:27:8a:0d:75,0,0,,,0,0.0,0,0.0,0.0,,0.0
1785327628.519992,08:00:27:a5:9e:2d,0,0,,,0,0.0,0,0.0,0.0,,0.0
1785327633.519992,08:00:27:5a:87:bc,0,0,,,0,0.0,0,0.0,0.0,,0.0
1785327633.519992,08:00:27:8a:0d:75,0,0,,,0,0.0,0,0.0,0.0,,0.0
1785327633.519992,08:00:27:a5:9e:2d,0,0,,,0,0.0,0,0.0,0.0,,0.0
1785327638.519992,08:00:27:5a:87:bc,0,0,,,0,0.0,0,0.0,0.0,,0.0
1785327638.519992,08:00:27:8a:0d:75,0,0,,,0,0.0,0,0.0,0.0,,0.0
1785327638.519992,08:00:27:a5:9e:2d,0,0,,,0,0.0,0,0.0,0.0,,0.0
1785327643.519992,08:00:27:5a:87:bc,0,0,,,0,0.0,0,0.0,0.0,,0.0
1785327643.519992,08:00:27:8a:0d:75,0,0,,,0,0.0,0,0.0,0.0,,0.0
1785327643.519992,08:00:27:a5:9e:2d,0,0,,,0,0.0,0,0.0,0.0,,0.0
1785327648.519992,08:00:27:5a:87:bc,0,0,,,0,0.0,0,0.0,0.0,,0.0
1785327648.519992,08:00:27:8a:0d:75,0,0,,,0,0.0,0,0.0,0.0,,0.0
1785327648.519992,08:00:27:a5:9e:2d,0,0,,,0,0.0,0,0.0,0.0,,0.0
1785327653.519992,08:00:27:5a:87:bc,0,0,,,0,0.0,0,0.0,0.0,,0.0
1785327653.519992,08:00:27:8a:0d:75,0,0,,,0,0.0,0,0.0,0.0,,0.0
1785327653.519992,08:00:27:a5:9e:2d,0,0,,,0,0.0,0,0.0,0.0,,0.0
1785327658.519992,08:00:27:5a:87:bc,0,0,,,0,0.0,0,0.0,0.0,,0.0
1785327658.519992,08:00:27:8a:0d:75,0,0,,,0,0.0,0,0.0,0.0,,0.0
1785327658.519992,08:00:27:a5:9e:2d,0,0,,,0,0.0,0,0.0,0.0,,0.0
1785327663.519992,08:00:27:5a:87:bc,0,0,,,0,0.0,0,0.0,0.0,,0.0
1785327663.519992,08:00:27:8a:0d:75,0,0,,,0,0.0,0,0.0,0.0,,0.0
1785327663.519992,08:00:27:a5:9e:2d,0,0,,,0,0.0,0,0.0,0.0,,0.0
1785327668.519992,08:00:27:5a:87:bc,0,0,,,0,0.0,0,0.0,0.0,,0.0
1785327668.519992,08:00:27:8a:0d:75,0,0,,,0,0.0,0,0.0,0.0,,0.0
1785327668.519992,08:00:27:a5:9e:2d,0,0,,,0,0.0,0,0.0,0.0,,0.0
1785327673.519992,08:00:27:5a:87:bc,0,0,,,0,0.0,0,0.0,0.0,,0.0
1785327673.519992,08:00:27:8a:0d:75,0,0,,,0,0.0,0,0.0,0.0,,0.0
1785327673.519992,08:00:27:a5:9e:2d,0,0,,,0,0.0,0,0.0,0.0,,0.0
1785327678.519992,08:00:27:5a:87:bc,0,0,,,0,0.0,0,0.0,0.0,,0.0
1785327678.519992,08:00:27:8a:0d:75,0,0,,,0,0.0,0,0.0,0.0,,0.0
1785327678.519992,08:00:27:a5:9e:2d,0,0,,,0,0.0,0,0.0,0.0,,0.0
1785327683.519992,08:00:27:5a:87:bc,0,0,,,0,0.0,0,0.0,0.0,,0.0
1785327683.519992,08:00:27:8a:0d:75,0,0,,,0,0.0,0,0.0,0.0,,0.0
1785327683.519992,08:00:27:a5:9e:2d,0,0,,,0,0.0,0,0.0,0.0,,0.0
1785327688.519992,08:00:27:5a:87:bc,0,0,,,0,0.0,0,0.0,0.0,,0.0
1785327688.519992,08:00:27:8a:0d:75,0,0,,,0,0.0,0,0.0,0.0,,0.0
1785327688.519992,08:00:27:a5:9e:2d,0,0,,,0,0.0,0,0.0,0.0,,0.0
1785327693.519992,08:00:27:5a:87:bc,0,0,,,0,0.0,0,0.0,0.0,,0.0
1785327693.519992,08:00:27:8a:0d:75,0,0,,,0,0.0,0,0.0,0.0,,0.0
1785327693.519992,08:00:27:a5:9e:2d,0,0,,,0,0.0,0,0.0,0.0,,0.0
1785327698.519992,08:00:27:5a:87:bc,0,0,,,0,0.0,0,0.0,0.0,,0.0
1785327698.519992,08:00:27:8a:0d:75,0,0,,,0,0.0,0,0.0,0.0,,0.0
1785327698.519992,08:00:27:a5:9e:2d,0,0,,,0,0.0,0,0.0,0.0,,0.0
1785327703.519992,08:00:27:5a:87:bc,0,0,,,0,0.0,0,0.0,0.0,,0.0
1785327703.519992,08:00:27:8a:0d:75,0,0,,,0,0.0,0,0.0,0.0,,0.0
1785327703.519992,08:00:27:a5:9e:2d,0,0,,,0,0.0,0,0.0,0.0,,0.0
1785327708.519992,08:00:27:5a:87:bc,0,0,,,0,0.0,0,0.0,0.0,,0.0
1785327708.519992,08:00:27:8a:0d:75,0,0,,,0,0.0,0,0.0,0.0,,0.0
1785327708.519992,08:00:27:a5:9e:2d,0,0,,,0,0.0,0,0.0,0.0,,0.0
1785327713.519992,08:00:27:5a:87:bc,0,0,,,0,0.0,0,0.0,0.0,,0.0
1785327713.519992,08:00:27:8a:0d:75,0,0,,,0,0.0,0,0.0,0.0,,0.0
1785327713.519992,08:00:27:a5:9e:2d,0,0,,,0,0.0,0,0.0,0.0,,0.0
1785327718.519992,08:00:27:5a:87:bc,0,0,,,0,0.0,0,0.0,0.0,,0.0
1785327718.519992,08:00:27:8a:0d:75,0,0,,,0,0.0,0,0.0,0.0,,0.0
1785327718.519992,08:00:27:a5:9e:2d,0,0,,,0,0.0,0,0.0,0.0,,0.0
1785327723.519992,08:00:27:5a:87:bc,0,0,,,0,0.0,0,0.0,0.0,,0.0
1785327723.519992,08:00:27:8a:0d:75,0,0,,,0,0.0,0,0.0,0.0,,0.0
1785327723.519992,08:00:27:a5:9e:2d,0,0,,,0,0.0,0,0.0,0.0,,0.0
1785327728.519992,08:00:27:5a:87:bc,0,0,,,0,0.0,0,0.0,0.0,,0.0
1785327728.519992,08:00:27:8a:0d:75,0,0,,,0,0.0,0,0.0,0.0,,0.0
1785327728.519992,08:00:27:a5:9e:2d,0,0,,,0,0.0,0,0.0,0.0,,0.0
1785327733.519992,08:00:27:5a:87:bc,0,0,,,0,0.0,0,0.0,0.0,,0.0
1785327733.519992,08:00:27:8a:0d:75,0,0,,,0,0.0,0,0.0,0.0,,0.0
1785327733.519992,08:00:27:a5:9e:2d,0,0,,,0,0.0,0,0.0,0.0,,0.0
1785327738.519992,08:00:27:5a:87:bc,0,0,,,0,0.0,0,0.0,0.0,,0.0
1785327738.519992,08:00:27:8a:0d:75,0,0,,,0,0.0,0,0.0,0.0,,0.0
1785327738.519992,08:00:27:a5:9e:2d,0,0,,,0,0.0,0,0.0,0.0,,0.0
1785327743.519992,08:00:27:5a:87:bc,0,0,,,0,0.0,0,0.0,0.0,,0.0
1785327743.519992,08:00:27:8a:0d:75,0,0,,,0,0.0,0,0.0,0.0,,0.0
1785327743.519992,08:00:27:a5:9e:2d,0,0,,,0,0.0,0,0.0,0.0,,0.0
1785327748.519992,08:00:27:5a:87:bc,0,0,,,0,0.0,0,0.0,0.0,,0.0
1785327748.519992,08:00:27:8a:0d:75,0,0,,,0,0.0,0,0.0,0.0,,0.0
1785327748.519992,08:00:27:a5:9e:2d,0,0,,,0,0.0,0,0.0,0.0,,0.0
1785327753.519992,08:00:27:5a:87:bc,0,0,,,0,0.0,0,0.0,0.0,,0.0
1785327753.519992,08:00:27:8a:0d:75,0,0,,,0,0.0,0,0.0,0.0,,0.0
1785327753.519992,08:00:27:a5:9e:2d,0,0,,,0,0.0,0,0.0,0.0,,0.0
1785327758.519992,08:00:27:5a:87:bc,0,0,,,0,0.0,0,0.0,0.0,,0.0
1785327758.519992,08:00:27:8a:0d:75,0,0,,,0,0.0,0,0.0,0.0,,0.0
1785327758.519992,08:00:27:a5:9e:2d,0,0,,,0,0.0,0,0.0,0.0,,0.0
1785327763.519992,08:00:27:5a:87:bc,0,0,,,0,0.0,0,0.0,0.0,,0.0
1785327763.519992,08:00:27:8a:0d:75,0,0,,,0,0.0,0,0.0,0.0,,0.0
1785327763.519992,08:00:27:a5:9e:2d,0,0,,,0,0.0,0,0.0,0.0,,0.0
1785327768.519992,08:00:27:5a:87:bc,0,0,,,0,0.0,0,0.0,0.0,,0.0
1785327768.519992,08:00:27:8a:0d:75,0,0,,,0,0.0,0,0.0,0.0,,0.0
1785327768.519992,08:00:27:a5:9e:2d,0,0,,,0,0.0,0,0.0,0.0,,0.0
1785327773.519992,08:00:27:5a:87:bc,0,0,,,0,0.0,0,0.0,0.0,,0.0
1785327773.519992,08:00:27:8a:0d:75,0,0,,,0,0.0,0,0.0,0.0,,0.0
1785327773.519992,08:00:27:a5:9e:2d,0,0,,,0,0.0,0,0.0,0.0,,0.0
1785327778.519992,08:00:27:5a:87:bc,0,0,,,0,0.0,0,0.0,0.0,,0.0
1785327778.519992,08:00:27:8a:0d:75,0,0,,,0,0.0,0,0.0,0.0,,0.0
1785327778.519992,08:00:27:a5:9e:2d,0,0,,,0,0.0,0,0.0,0.0,,0.0
1785327783.519992,08:00:27:5a:87:bc,0,0,,,0,0.0,0,0.0,0.0,,0.0
1785327783.519992,08:00:27:8a:0d:75,0,0,,,0,0.0,0,0.0,0.0,,0.0
1785327783.519992,08:00:27:a5:9e:2d,0,0,,,0,0.0,0,0.0,0.0,,0.0
1785327788.519992,08:00:27:5a:87:bc,0,0,,,0,0.0,0,0.0,0.0,,0.0
1785327788.519992,08:00:27:8a:0d:75,0,0,,,0,0.0,0,0.0,0.0,,0.0
1785327788.519992,08:00:27:a5:9e:2d,0,0,,,0,0.0,0,0.0,0.0,,0.0
1785327793.519992,08:00:27:5a:87:bc,0,0,,,0,0.0,0,0.0,0.0,,0.0
1785327793.519992,08:00:27:8a:0d:75,0,0,,,0,0.0,0,0.0,0.0,,0.0
1785327793.519992,08:00:27:a5:9e:2d,0,0,,,0,0.0,0,0.0,0.0,,0.0
1785327798.519992,08:00:27:5a:87:bc,0,0,,,0,0.0,0,0.0,0.0,,0.0
1785327798.519992,08:00:27:8a:0d:75,0,0,,,0,0.0,0,0.0,0.0,,0.0
1785327798.519992,08:00:27:a5:9e:2d,0,0,,,0,0.0,0,0.0,0.0,,0.0
1785327803.519992,08:00:27:5a:87:bc,0,0,,,0,0.0,0,0.0,0.0,,0.0
1785327803.519992,08:00:27:8a:0d:75,0,0,,,0,0.0,0,0.0,0.0,,0.0
1785327803.519992,08:00:27:a5:9e:2d,0,0,,,0,0.0,0,0.0,0.0,,0.0
1785327808.519992,08:00:27:5a:87:bc,0,0,,,0,0.0,0,0.0,0.0,,0.0
1785327808.519992,08:00:27:8a:0d:75,0,0,,,0,0.0,0,0.0,0.0,,0.0
1785327808.519992,08:00:27:a5:9e:2d,0,0,,,0,0.0,0,0.0,0.0,,0.0
1785327813.519992,08:00:27:5a:87:bc,0,0,,,0,0.0,0,0.0,0.0,,0.0
1785327813.519992,08:00:27:8a:0d:75,0,0,,,0,0.0,0,0.0,0.0,,0.0
1785327813.519992,08:00:27:a5:9e:2d,0,0,,,0,0.0,0,0.0,0.0,,0.0
1785327818.519992,08:00:27:5a:87:bc,0,0,,,0,0.0,0,0.0,0.0,,0.0
1785327818.519992,08:00:27:8a:0d:75,0,0,,,0,0.0,0,0.0,0.0,,0.0
1785327818.519992,08:00:27:a5:9e:2d,0,0,,,0,0.0,0,0.0,0.0,,0.0
1785327823.519992,08:00:27:5a:87:bc,0,0,,,0,0.0,0,0.0,0.0,,0.0
1785327823.519992,08:00:27:8a:0d:75,0,0,,,0,0.0,0,0.0,0.0,,0.0
1785327823.519992,08:00:27:a5:9e:2d,0,0,,,0,0.0,0,0.0,0.0,,0.0
1785327828.519992,08:00:27:5a:87:bc,0,0,,,0,0.0,0,0.0,0.0,,0.0
1785327828.519992,08:00:27:8a:0d:75,0,0,,,0,0.0,0,0.0,0.0,,0.0
1785327828.519992,08:00:27:a5:9e:2d,0,0,,,0,0.0,0,0.0,0.0,,0.0
1785327833.519992,08:00:27:5a:87:bc,0,0,,,0,0.0,0,0.0,0.0,,0.0
1785327833.519992,08:00:27:8a:0d:75,0,0,,,0,0.0,0,0.0,0.0,,0.0
1785327833.519992,08:00:27:a5:9e:2d,0,0,,,0,0.0,0,0.0,0.0,,0.0
1785327838.519992,08:00:27:5a:87:bc,0,0,,,0,0.0,0,0.0,0.0,,0.0
1785327838.519992,08:00:27:8a:0d:75,0,0,,,0,0.0,0,0.0,0.0,,0.0
1785327838.519992,08:00:27:a5:9e:2d,0,0,,,0,0.0,0,0.0,0.0,,0.0
1785327843.519992,08:00:27:5a:87:bc,0,0,,,0,0.0,0,0.0,0.0,,0.0
1785327843.519992,08:00:27:8a:0d:75,0,0,,,0,0.0,0,0.0,0.0,,0.0
1785327843.519992,08:00:27:a5:9e:2d,0,0,,,0,0.0,0,0.0,0.0,,0.0
1785327848.519992,08:00:27:5a:87:bc,0,0,,,0,0.0,0,0.0,0.0,,0.0
1785327848.519992,08:00:27:8a:0d:75,0,0,,,0,0.0,0,0.0,0.0,,0.0
1785327848.519992,08:00:27:a5:9e:2d,0,0,,,0,0.0,0,0.0,0.0,,0.0
1785327853.519992,08:00:27:5a:87:bc,0,0,,,0,0.0,0,0.0,0.0,,0.0
1785327853.519992,08:00:27:8a:0d:75,0,0,,,0,0.0,0,0.0,0.0,,0.0
1785327853.519992,08:00:27:a5:9e:2d,0,0,,,0,0.0,0,0.0,0.0,,0.0
1785327858.519992,08:00:27:5a:87:bc,0,0,,,0,0.0,0,0.0,0.0,,0.0
1785327858.519992,08:00:27:8a:0d:75,0,0,,,0,0.0,0,0.0,0.0,,0.0
1785327858.519992,08:00:27:a5:9e:2d,0,0,,,0,0.0,0,0.0,0.0,,0.0
1785327863.519992,08:00:27:5a:87:bc,0,0,,,0,0.0,0,0.0,0.0,,0.0
1785327863.519992,08:00:27:8a:0d:75,0,0,,,0,0.0,0,0.0,0.0,,0.0
1785327863.519992,08:00:27:a5:9e:2d,0,0,,,0,0.0,0,0.0,0.0,,0.0
1785327868.519992,08:00:27:5a:87:bc,0,0,,,0,0.0,0,0.0,0.0,,0.0
1785327868.519992,08:00:27:8a:0d:75,0,0,,,0,0.0,0,0.0,0.0,,0.0
1785327868.519992,08:00:27:a5:9e:2d,0,0,,,0,0.0,0,0.0,0.0,,0.0
1785327873.519992,08:00:27:5a:87:bc,0,0,,,0,0.0,0,0.0,0.0,,0.0
1785327873.519992,08:00:27:8a:0d:75,0,0,,,0,0.0,0,0.0,0.0,,0.0
1785327873.519992,08:00:27:a5:9e:2d,0,0,,,0,0.0,0,0.0,0.0,,0.0
1785327878.519992,08:00:27:5a:87:bc,0,0,,,0,0.0,0,0.0,0.0,,0.0
1785327878.519992,08:00:27:8a:0d:75,0,0,,,0,0.0,0,0.0,0.0,,0.0
1785327878.519992,08:00:27:a5:9e:2d,0,0,,,0,0.0,0,0.0,0.0,,0.0
1785327883.519992,08:00:27:5a:87:bc,0,0,,,0,0.0,0,0.0,0.0,,0.0
1785327883.519992,08:00:27:8a:0d:75,0,0,,,0,0.0,0,0.0,0.0,,0.0
1785327883.519992,08:00:27:a5:9e:2d,0,0,,,0,0.0,0,0.0,0.0,,0.0
1785327888.519992,08:00:27:5a:87:bc,0,0,,,0,0.0,0,0.0,0.0,,0.0
1785327888.519992,08:00:27:8a:0d:75,0,0,,,0,0.0,0,0.0,0.0,,0.0
1785327888.519992,08:00:27:a5:9e:2d,0,0,,,0,0.0,0,0.0,0.0,,0.0
1785327893.519992,08:00:27:5a:87:bc,0,0,,,0,0.0,0,0.0,0.0,,0.0
1785327893.519992,08:00:27:8a:0d:75,0,0,,,0,0.0,0,0.0,0.0,,0.0
1785327893.519992,08:00:27:a5:9e:2d,0,0,,,0,0.0,0,0.0,0.0,,0.0
1785327898.519992,08:00:27:5a:87:bc,0,0,,,0,0.0,0,0.0,0.0,,0.0
1785327898.519992,08:00:27:8a:0d:75,0,0,,,0,0.0,0,0.0,0.0,,0.0
1785327898.519992,08:00:27:a5:9e:2d,0,0,,,0,0.0,0,0.0,0.0,,0.0
1785327903.519992,08:00:27:5a:87:bc,0,0,,,0,0.0,0,0.0,0.0,,0.0
1785327903.519992,08:00:27:8a:0d:75,0,0,,,0,0.0,0,0.0,0.0,,0.0
1785327903.519992,08:00:27:a5:9e:2d,0,0,,,0,0.0,0,0.0,0.0,,0.0
1785327908.519992,08:00:27:5a:87:bc,0,0,,,0,0.0,0,0.0,0.0,,0.0
1785327908.519992,08:00:27:8a:0d:75,0,0,,,0,0.0,0,0.0,0.0,,0.0
1785327908.519992,08:00:27:a5:9e:2d,0,0,,,0,0.0,0,0.0,0.0,,0.0
1785327913.519992,08:00:27:5a:87:bc,0,0,,,0,0.0,0,0.0,0.0,,0.0
1785327913.519992,08:00:27:8a:0d:75,0,0,,,0,0.0,0,0.0,0.0,,0.0
1785327913.519992,08:00:27:a5:9e:2d,0,0,,,0,0.0,0,0.0,0.0,,0.0
1785327918.519992,08:00:27:5a:87:bc,0,0,,,0,0.0,0,0.0,0.0,,0.0
1785327918.519992,08:00:27:8a:0d:75,0,0,,,0,0.0,0,0.0,0.0,,0.0
1785327918.519992,08:00:27:a5:9e:2d,0,0,,,0,0.0,0,0.0,0.0,,0.0
1785327923.519992,08:00:27:5a:87:bc,0,0,,,0,0.0,0,0.0,0.0,,0.0
1785327923.519992,08:00:27:8a:0d:75,0,0,,,0,0.0,0,0.0,0.0,,0.0
1785327923.519992,08:00:27:a5:9e:2d,0,0,,,0,0.0,0,0.0,0.0,,0.0
1785327928.519992,08:00:27:5a:87:bc,0,0,,,0,0.0,0,0.0,0.0,,0.0
1785327928.519992,08:00:27:8a:0d:75,0,0,,,0,0.0,0,0.0,0.0,,0.0
1785327928.519992,08:00:27:a5:9e:2d,0,0,,,0,0.0,0,0.0,0.0,,0.0
1785327933.519992,08:00:27:5a:87:bc,0,0,,,0,0.0,0,0.0,0.0,,0.0
1785327933.519992,08:00:27:8a:0d:75,0,0,,,0,0.0,0,0.0,0.0,,0.0
1785327933.519992,08:00:27:a5:9e:2d,0,0,,,0,0.0,0,0.0,0.0,,0.0
1785327938.519992,08:00:27:5a:87:bc,0,0,,,0,0.0,0,0.0,0.0,,0.0
1785327938.519992,08:00:27:8a:0d:75,0,0,,,0,0.0,0,0.0,0.0,,0.0
1785327938.519992,08:00:27:a5:9e:2d,0,0,,,0,0.0,0,0.0,0.0,,0.0
1785327943.519992,08:00:27:5a:87:bc,0,0,,,0,0.0,0,0.0,0.0,,0.0
1785327943.519992,08:00:27:8a:0d:75,0,0,,,0,0.0,0,0.0,0.0,,0.0
1785327943.519992,08:00:27:a5:9e:2d,0,0,,,0,0.0,0,0.0,0.0,,0.0
1785327948.519992,08:00:27:5a:87:bc,0,0,,,0,0.0,0,0.0,0.0,,0.0
1785327948.519992,08:00:27:8a:0d:75,0,0,,,0,0.0,0,0.0,0.0,,0.0
1785327948.519992,08:00:27:a5:9e:2d,0,0,,,0,0.0,0,0.0,0.0,,0.0
1785327953.519992,08:00:27:5a:87:bc,0,0,,,0,0.0,0,0.0,0.0,,0.0
1785327953.519992,08:00:27:8a:0d:75,0,0,,,0,0.0,0,0.0,0.0,,0.0
1785327953.519992,08:00:27:a5:9e:2d,0,0,,,0,0.0,0,0.0,0.0,,0.0
1785327958.519992,08:00:27:5a:87:bc,0,0,,,0,0.0,0,0.0,0.0,,0.0
1785327958.519992,08:00:27:8a:0d:75,0,0,,,0,0.0,0,0.0,0.0,,0.0
1785327958.519992,08:00:27:a5:9e:2d,0,0,,,0,0.0,0,0.0,0.0,,0.0
1785327963.519992,08:00:27:5a:87:bc,0,0,,,0,0.0,0,0.0,0.0,,0.0
1785327963.519992,08:00:27:8a:0d:75,0,0,,,0,0.0,0,0.0,0.0,,0.0
1785327963.519992,08:00:27:a5:9e:2d,0,0,,,0,0.0,0,0.0,0.0,,0.0
1785327968.519992,08:00:27:5a:87:bc,0,0,,,0,0.0,0,0.0,0.0,,0.0
1785327968.519992,08:00:27:8a:0d:75,0,0,,,0,0.0,0,0.0,0.0,,0.0
1785327968.519992,08:00:27:a5:9e:2d,0,0,,,0,0.0,0,0.0,0.0,,0.0
1785327973.519992,08:00:27:5a:87:bc,0,0,,,0,0.0,0,0.0,0.0,,0.0
1785327973.519992,08:00:27:8a:0d:75,0,0,,,0,0.0,0,0.0,0.0,,0.0
1785327973.519992,08:00:27:a5:9e:2d,0,0,,,0,0.0,0,0.0,0.0,,0.0
1785327978.519992,08:00:27:5a:87:bc,0,0,,,0,0.0,0,0.0,0.0,,0.0
1785327978.519992,08:00:27:8a:0d:75,0,0,,,0,0.0,0,0.0,0.0,,0.0
1785327978.519992,08:00:27:a5:9e:2d,0,0,,,0,0.0,0,0.0,0.0,,0.0
1785327983.519992,08:00:27:5a:87:bc,0,0,,,0,0.0,0,0.0,0.0,,0.0
1785327983.519992,08:00:27:8a:0d:75,0,0,,,0,0.0,0,0.0,0.0,,0.0
1785327983.519992,08:00:27:a5:9e:2d,0,0,,,0,0.0,0,0.0,0.0,,0.0
1785327988.519992,08:00:27:5a:87:bc,0,0,,,0,0.0,0,0.0,0.0,,0.0
1785327988.519992,08:00:27:8a:0d:75,0,0,,,0,0.0,0,0.0,0.0,,0.0
1785327988.519992,08:00:27:a5:9e:2d,0,0,,,0,0.0,0,0.0,0.0,,0.0
1785327993.519992,08:00:27:5a:87:bc,0,0,,,0,0.0,0,0.0,0.0,,0.0
1785327993.519992,08:00:27:8a:0d:75,0,0,,,0,0.0,0,0.0,0.0,,0.0
1785327993.519992,08:00:27:a5:9e:2d,0,0,,,0,0.0,0,0.0,0.0,,0.0
1785327998.519992,08:00:27:5a:87:bc,0,0,,,0,0.0,0,0.0,0.0,,0.0
1785327998.519992,08:00:27:8a:0d:75,0,0,,,0,0.0,0,0.0,0.0,,0.0
1785327998.519992,08:00:27:a5:9e:2d,0,0,,,0,0.0,0,0.0,0.0,,0.0
1785328003.519992,08:00:27:5a:87:bc,0,0,,,0,0.0,0,0.0,0.0,,0.0
1785328003.519992,08:00:27:8a:0d:75,0,0,,,0,0.0,0,0.0,0.0,,0.0
1785328003.519992,08:00:27:a5:9e:2d,0,0,,,0,0.0,0,0.0,0.0,,0.0
1785328008.519992,08:00:27:5a:87:bc,0,0,,,0,0.0,0,0.0,0.0,,0.0
1785328008.519992,08:00:27:8a:0d:75,0,0,,,0,0.0,0,0.0,0.0,,0.0
1785328008.519992,08:00:27:a5:9e:2d,0,0,,,0,0.0,0,0.0,0.0,,0.0
1785328013.519992,08:00:27:5a:87:bc,0,0,,,0,0.0,0,0.0,0.0,,0.0
1785328013.519992,08:00:27:8a:0d:75,0,0,,,0,0.0,0,0.0,0.0,,0.0
1785328013.519992,08:00:27:a5:9e:2d,0,0,,,0,0.0,0,0.0,0.0,,0.0
1785328018.519992,08:00:27:5a:87:bc,0,0,,,0,0.0,0,0.0,0.0,,0.0
1785328018.519992,08:00:27:8a:0d:75,0,0,,,0,0.0,0,0.0,0.0,,0.0
1785328018.519992,08:00:27:a5:9e:2d,0,0,,,0,0.0,0,0.0,0.0,,0.0
1785328023.519992,08:00:27:5a:87:bc,0,0,,,0,0.0,0,0.0,0.0,,0.0
1785328023.519992,08:00:27:8a:0d:75,0,0,,,0,0.0,0,0.0,0.0,,0.0
1785328023.519992,08:00:27:a5:9e:2d,0,0,,,0,0.0,0,0.0,0.0,,0.0
1785328028.519992,08:00:27:5a:87:bc,0,0,,,0,0.0,0,0.0,0.0,,0.0
1785328028.519992,08:00:27:8a:0d:75,0,0,,,0,0.0,0,0.0,0.0,,0.0
1785328028.519992,08:00:27:a5:9e:2d,0,0,,,0,0.0,0,0.0,0.0,,0.0
1785328033.519992,08:00:27:5a:87:bc,0,0,,,0,0.0,0,0.0,0.0,,0.0
1785328033.519992,08:00:27:8a:0d:75,0,0,,,0,0.0,0,0.0,0.0,,0.0
1785328033.519992,08:00:27:a5:9e:2d,0,0,,,0,0.0,0,0.0,0.0,,0.0
1785328038.519992,08:00:27:5a:87:bc,0,0,,,0,0.0,0,0.0,0.0,,0.0
1785328038.519992,08:00:27:8a:0d:75,0,0,,,0,0.0,0,0.0,0.0,,0.0
1785328038.519992,08:00:27:a5:9e:2d,0,0,,,0,0.0,0,0.0,0.0,,0.0
1785328043.519992,08:00:27:5a:87:bc,0,0,,,0,0.0,0,0.0,0.0,,0.0
1785328043.519992,08:00:27:8a:0d:75,0,0,,,0,0.0,0,0.0,0.0,,0.0
1785328043.519992,08:00:27:a5:9e:2d,0,0,,,0,0.0,0,0.0,0.0,,0.0
1785328048.519992,08:00:27:5a:87:bc,0,0,,,0,0.0,0,0.0,0.0,,0.0
1785328048.519992,08:00:27:8a:0d:75,0,0,,,0,0.0,0,0.0,0.0,,0.0
1785328048.519992,08:00:27:a5:9e:2d,0,0,,,0,0.0,0,0.0,0.0,,0.0
1785328053.519992,08:00:27:5a:87:bc,0,0,,,0,0.0,0,0.0,0.0,,0.0
1785328053.519992,08:00:27:8a:0d:75,0,0,,,0,0.0,0,0.0,0.0,,0.0
1785328053.519992,08:00:27:a5:9e:2d,0,0,,,0,0.0,0,0.0,0.0,,0.0
1785328058.519992,08:00:27:5a:87:bc,0,0,,,0,0.0,0,0.0,0.0,,0.0
1785328058.519992,08:00:27:8a:0d:75,0,0,,,0,0.0,0,0.0,0.0,,0.0
1785328058.519992,08:00:27:a5:9e:2d,0,0,,,0,0.0,0,0.0,0.0,,0.0
1785328063.519992,08:00:27:5a:87:bc,0,0,,,0,0.0,0,0.0,0.0,,0.0
1785328063.519992,08:00:27:8a:0d:75,0,0,,,0,0.0,0,0.0,0.0,,0.0
1785328063.519992,08:00:27:a5:9e:2d,0,0,,,0,0.0,0,0.0,0.0,,0.0
1785328068.519992,08:00:27:5a:87:bc,0,0,,,0,0.0,0,0.0,0.0,,0.0
1785328068.519992,08:00:27:8a:0d:75,0,0,,,0,0.0,0,0.0,0.0,,0.0
1785328068.519992,08:00:27:a5:9e:2d,0,0,,,0,0.0,0,0.0,0.0,,0.0
1785328073.519992,08:00:27:5a:87:bc,0,0,,,0,0.0,0,0.0,0.0,,0.0
1785328073.519992,08:00:27:8a:0d:75,0,0,,,0,0.0,0,0.0,0.0,,0.0
1785328073.519992,08:00:27:a5:9e:2d,0,0,,,0,0.0,0,0.0,0.0,,0.0
1785328078.519992,08:00:27:5a:87:bc,0,0,,,0,0.0,0,0.0,0.0,,0.0
1785328078.519992,08:00:27:8a:0d:75,0,0,,,0,0.0,0,0.0,0.0,,0.0
1785328078.519992,08:00:27:a5:9e:2d,0,0,,,0,0.0,0,0.0,0.0,,0.0
1785328083.519992,08:00:27:5a:87:bc,0,0,,,0,0.0,0,0.0,0.0,,0.0
1785328083.519992,08:00:27:8a:0d:75,0,0,,,0,0.0,0,0.0,0.0,,0.0
1785328083.519992,08:00:27:a5:9e:2d,0,0,,,0,0.0,0,0.0,0.0,,0.0
1785328088.519992,08:00:27:5a:87:bc,0,0,,,0,0.0,0,0.0,0.0,,0.0
1785328088.519992,08:00:27:8a:0d:75,0,0,,,0,0.0,0,0.0,0.0,,0.0
1785328088.519992,08:00:27:a5:9e:2d,0,0,,,0,0.0,0,0.0,0.0,,0.0
1785328093.519992,08:00:27:5a:87:bc,0,0,,,0,0.0,0,0.0,0.0,,0.0
1785328093.519992,08:00:27:8a:0d:75,0,0,,,0,0.0,0,0.0,0.0,,0.0
1785328093.519992,08:00:27:a5:9e:2d,0,0,,,0,0.0,0,0.0,0.0,,0.0
1785328098.519992,08:00:27:5a:87:bc,0,0,,,0,0.0,0,0.0,0.0,,0.0
1785328098.519992,08:00:27:8a:0d:75,0,0,,,0,0.0,0,0.0,0.0,,0.0
1785328098.519992,08:00:27:a5:9e:2d,0,0,,,0,0.0,0,0.0,0.0,,0.0
1785328103.519992,08:00:27:5a:87:bc,0,0,,,0,0.0,0,0.0,0.0,,0.0
1785328103.519992,08:00:27:8a:0d:75,0,0,,,0,0.0,0,0.0,0.0,,0.0
1785328103.519992,08:00:27:a5:9e:2d,0,0,,,0,0.0,0,0.0,0.0,,0.0
1785328108.519992,08:00:27:5a:87:bc,0,0,,,0,0.0,0,0.0,0.0,,0.0
1785328108.519992,08:00:27:8a:0d:75,0,0,,,0,0.0,0,0.0,0.0,,0.0
1785328108.519992,08:00:27:a5:9e:2d,0,0,,,0,0.0,0,0.0,0.0,,0.0
1785328113.519992,08:00:27:5a:87:bc,0,0,,,0,0.0,0,0.0,0.0,,0.0
1785328113.519992,08:00:27:8a:0d:75,0,0,,,0,0.0,0,0.0,0.0,,0.0
1785328113.519992,08:00:27:a5:9e:2d,0,0,,,0,0.0,0,0.0,0.0,,0.0
1785328118.519992,08:00:27:5a:87:bc,0,0,,,0,0.0,0,0.0,0.0,,0.0
1785328118.519992,08:00:27:8a:0d:75,0,0,,,0,0.0,0,0.0,0.0,,0.0
1785328118.519992,08:00:27:a5:9e:2d,0,0,,,0,0.0,0,0.0,0.0,,0.0
1785328123.519992,08:00:27:5a:87:bc,0,0,,,0,0.0,0,0.0,0.0,,0.0
1785328123.519992,08:00:27:8a:0d:75,0,0,,,0,0.0,0,0.0,0.0,,0.0
1785328123.519992,08:00:27:a5:9e:2d,0,0,,,0,0.0,0,0.0,0.0,,0.0
1785328128.519992,08:00:27:5a:87:bc,0,0,,,0,0.0,0,0.0,0.0,,0.0
1785328128.519992,08:00:27:8a:0d:75,0,0,,,0,0.0,0,0.0,0.0,,0.0
1785328128.519992,08:00:27:a5:9e:2d,0,0,,,0,0.0,0,0.0,0.0,,0.0
1785328133.519992,08:00:27:5a:87:bc,0,0,,,0,0.0,0,0.0,0.0,,0.0
1785328133.519992,08:00:27:8a:0d:75,0,0,,,0,0.0,0,0.0,0.0,,0.0
1785328133.519992,08:00:27:a5:9e:2d,0,0,,,0,0.0,0,0.0,0.0,,0.0
1785328138.519992,08:00:27:5a:87:bc,0,0,,,0,0.0,0,0.0,0.0,,0.0
1785328138.519992,08:00:27:8a:0d:75,0,0,,,0,0.0,0,0.0,0.0,,0.0
1785328138.519992,08:00:27:a5:9e:2d,0,0,,,0,0.0,0,0.0,0.0,,0.0
1785328143.519992,08:00:27:5a:87:bc,0,0,,,0,0.0,0,0.0,0.0,,0.0
1785328143.519992,08:00:27:8a:0d:75,0,0,,,0,0.0,0,0.0,0.0,,0.0
1785328143.519992,08:00:27:a5:9e:2d,0,0,,,0,0.0,0,0.0,0.0,,0.0
1785328148.519992,08:00:27:5a:87:bc,0,0,,,0,0.0,0,0.0,0.0,,0.0
1785328148.519992,08:00:27:8a:0d:75,0,0,,,0,0.0,0,0.0,0.0,,0.0
1785328148.519992,08:00:27:a5:9e:2d,0,0,,,0,0.0,0,0.0,0.0,,0.0
1785328153.519992,08:00:27:5a:87:bc,0,0,,,0,0.0,0,0.0,0.0,,0.0
1785328153.519992,08:00:27:8a:0d:75,0,0,,,0,0.0,0,0.0,0.0,,0.0
1785328153.519992,08:00:27:a5:9e:2d,0,0,,,0,0.0,0,0.0,0.0,,0.0
1785328158.519992,08:00:27:5a:87:bc,0,0,,,0,0.0,0,0.0,0.0,,0.0
1785328158.519992,08:00:27:8a:0d:75,0,0,,,0,0.0,0,0.0,0.0,,0.0
1785328158.519992,08:00:27:a5:9e:2d,0,0,,,0,0.0,0,0.0,0.0,,0.0
1785328163.519992,08:00:27:5a:87:bc,0,0,,,0,0.0,0,0.0,0.0,,0.0
1785328163.519992,08:00:27:8a:0d:75,0,0,,,0,0.0,0,0.0,0.0,,0.0
1785328163.519992,08:00:27:a5:9e:2d,0,0,,,0,0.0,0,0.0,0.0,,0.0
1785328168.519992,08:00:27:5a:87:bc,0,0,,,0,0.0,0,0.0,0.0,,0.0
1785328168.519992,08:00:27:8a:0d:75,0,0,,,0,0.0,0,0.0,0.0,,0.0
1785328168.519992,08:00:27:a5:9e:2d,0,0,,,0,0.0,0,0.0,0.0,,0.0
1785328173.519992,08:00:27:5a:87:bc,0,0,,,0,0.0,0,0.0,0.0,,0.0
1785328173.519992,08:00:27:8a:0d:75,0,0,,,0,0.0,0,0.0,0.0,,0.0
1785328173.519992,08:00:27:a5:9e:2d,0,0,,,0,0.0,0,0.0,0.0,,0.0
1785328178.519992,08:00:27:5a:87:bc,0,0,,,0,0.0,0,0.0,0.0,,0.0
1785328178.519992,08:00:27:8a:0d:75,0,0,,,0,0.0,0,0.0,0.0,,0.0
1785328178.519992,08:00:27:a5:9e:2d,0,0,,,0,0.0,0,0.0,0.0,,0.0
1785328183.519992,08:00:27:5a:87:bc,0,0,,,0,0.0,0,0.0,0.0,,0.0
1785328183.519992,08:00:27:8a:0d:75,0,0,,,0,0.0,0,0.0,0.0,,0.0
1785328183.519992,08:00:27:a5:9e:2d,0,0,,,0,0.0,0,0.0,0.0,,0.0
1785328188.519992,08:00:27:5a:87:bc,0,0,,,0,0.0,0,0.0,0.0,,0.0
1785328188.519992,08:00:27:8a:0d:75,0,0,,,0,0.0,0,0.0,0.0,,0.0
1785328188.519992,08:00:27:a5:9e:2d,0,0,,,0,0.0,0,0.0,0.0,,0.0
1785328193.519992,08:00:27:5a:87:bc,0,0,,,0,0.0,0,0.0,0.0,,0.0
1785328193.519992,08:00:27:8a:0d:75,0,0,,,0,0.0,0,0.0,0.0,,0.0
1785328193.519992,08:00:27:a5:9e:2d,0,0,,,0,0.0,0,0.0,0.0,,0.0
1785328198.519992,08:00:27:5a:87:bc,0,0,,,0,0.0,0,0.0,0.0,,0.0
1785328198.519992,08:00:27:8a:0d:75,0,0,,,0,0.0,0,0.0,0.0,,0.0
1785328198.519992,08:00:27:a5:9e:2d,0,0,,,0,0.0,0,0.0,0.0,,0.0
1785328203.519992,08:00:27:5a:87:bc,0,0,,,0,0.0,0,0.0,0.0,,0.0
1785328203.519992,08:00:27:8a:0d:75,0,0,,,0,0.0,0,0.0,0.0,,0.0
1785328203.519992,08:00:27:a5:9e:2d,0,0,,,0,0.0,0,0.0,0.0,,0.0
1785328208.519992,08:00:27:5a:87:bc,0,0,,,0,0.0,0,0.0,0.0,,0.0
1785328208.519992,08:00:27:8a:0d:75,0,0,,,0,0.0,0,0.0,0.0,,0.0
1785328208.519992,08:00:27:a5:9e:2d,0,0,,,0,0.0,0,0.0,0.0,,0.0
1785328213.519992,08:00:27:5a:87:bc,0,0,,,0,0.0,0,0.0,0.0,,0.0
1785328213.519992,08:00:27:8a:0d:75,0,0,,,0,0.0,0,0.0,0.0,,0.0
1785328213.519992,08:00:27:a5:9e:2d,0,0,,,0,0.0,0,0.0,0.0,,0.0
1785328218.519992,08:00:27:5a:87:bc,0,0,,,0,0.0,0,0.0,0.0,,0.0
1785328218.519992,08:00:27:8a:0d:75,0,0,,,0,0.0,0,0.0,0.0,,0.0
1785328218.519992,08:00:27:a5:9e:2d,0,0,,,0,0.0,0,0.0,0.0,,0.0
1785328223.519992,08:00:27:5a:87:bc,0,0,,,0,0.0,0,0.0,0.0,,0.0
1785328223.519992,08:00:27:8a:0d:75,0,0,,,0,0.0,0,0.0,0.0,,0.0
1785328223.519992,08:00:27:a5:9e:2d,0,0,,,0,0.0,0,0.0,0.0,,0.0
1785328228.519992,08:00:27:5a:87:bc,0,0,,,0,0.0,0,0.0,0.0,,0.0
1785328228.519992,08:00:27:8a:0d:75,0,0,,,0,0.0,0,0.0,0.0,,0.0
1785328228.519992,08:00:27:a5:9e:2d,0,0,,,0,0.0,0,0.0,0.0,,0.0
1785328233.519992,08:00:27:5a:87:bc,0,0,,,0,0.0,0,0.0,0.0,,0.0
1785328233.519992,08:00:27:8a:0d:75,0,0,,,0,0.0,0,0.0,0.0,,0.0
1785328233.519992,08:00:27:a5:9e:2d,0,0,,,0,0.0,0,0.0,0.0,,0.0
1785328238.519992,08:00:27:5a:87:bc,0,0,,,0,0.0,0,0.0,0.0,,0.0
1785328238.519992,08:00:27:8a:0d:75,0,0,,,0,0.0,0,0.0,0.0,,0.0
1785328238.519992,08:00:27:a5:9e:2d,0,0,,,0,0.0,0,0.0,0.0,,0.0
1785328243.519992,08:00:27:5a:87:bc,0,0,,,0,0.0,0,0.0,0.0,,0.0
1785328243.519992,08:00:27:8a:0d:75,0,0,,,0,0.0,0,0.0,0.0,,0.0
1785328243.519992,08:00:27:a5:9e:2d,0,0,,,0,0.0,0,0.0,0.0,,0.0
1785328248.519992,08:00:27:5a:87:bc,0,0,,,0,0.0,0,0.0,0.0,,0.0
1785328248.519992,08:00:27:8a:0d:75,0,0,,,0,0.0,0,0.0,0.0,,0.0
1785328248.519992,08:00:27:a5:9e:2d,0,0,,,0,0.0,0,0.0,0.0,,0.0
1785328253.519992,08:00:27:5a:87:bc,0,0,,,0,0.0,0,0.0,0.0,,0.0
1785328253.519992,08:00:27:8a:0d:75,0,0,,,0,0.0,0,0.0,0.0,,0.0
1785328253.519992,08:00:27:a5:9e:2d,0,0,,,0,0.0,0,0.0,0.0,,0.0
1785328258.519992,08:00:27:5a:87:bc,0,0,,,0,0.0,0,0.0,0.0,,0.0
1785328258.519992,08:00:27:8a:0d:75,0,0,,,0,0.0,0,0.0,0.0,,0.0
1785328258.519992,08:00:27:a5:9e:2d,0,0,,,0,0.0,0,0.0,0.0,,0.0
1785328263.519992,08:00:27:5a:87:bc,0,0,,,0,0.0,0,0.0,0.0,,0.0
1785328263.519992,08:00:27:8a:0d:75,0,0,,,0,0.0,0,0.0,0.0,,0.0
1785328263.519992,08:00:27:a5:9e:2d,0,0,,,0,0.0,0,0.0,0.0,,0.0
1785328268.519992,08:00:27:5a:87:bc,0,0,,,0,0.0,0,0.0,0.0,,0.0
1785328268.519992,08:00:27:8a:0d:75,0,0,,,0,0.0,0,0.0,0.0,,0.0
1785328268.519992,08:00:27:a5:9e:2d,0,0,,,0,0.0,0,0.0,0.0,,0.0
1785328273.519992,08:00:27:5a:87:bc,0,0,,,0,0.0,0,0.0,0.0,,0.0
1785328273.519992,08:00:27:8a:0d:75,0,0,,,0,0.0,0,0.0,0.0,,0.0
1785328273.519992,08:00:27:a5:9e:2d,0,0,,,0,0.0,0,0.0,0.0,,0.0
1785328278.519992,08:00:27:5a:87:bc,0,0,,,0,0.0,0,0.0,0.0,,0.0
1785328278.519992,08:00:27:8a:0d:75,0,0,,,0,0.0,0,0.0,0.0,,0.0
1785328278.519992,08:00:27:a5:9e:2d,0,0,,,0,0.0,0,0.0,0.0,,0.0
1785328283.519992,08:00:27:5a:87:bc,0,0,,,0,0.0,0,0.0,0.0,,0.0
1785328283.519992,08:00:27:8a:0d:75,0,0,,,0,0.0,0,0.0,0.0,,0.0
1785328283.519992,08:00:27:a5:9e:2d,0,0,,,0,0.0,0,0.0,0.0,,0.0
1785328288.519992,08:00:27:5a:87:bc,0,0,,,0,0.0,0,0.0,0.0,,0.0
1785328288.519992,08:00:27:8a:0d:75,0,0,,,0,0.0,0,0.0,0.0,,0.0
1785328288.519992,08:00:27:a5:9e:2d,0,0,,,0,0.0,0,0.0,0.0,,0.0
1785328293.519992,08:00:27:5a:87:bc,0,0,,,0,0.0,0,0.0,0.0,,0.0
1785328293.519992,08:00:27:8a:0d:75,0,0,,,0,0.0,0,0.0,0.0,,0.0
1785328293.519992,08:00:27:a5:9e:2d,0,0,,,0,0.0,0,0.0,0.0,,0.0
1785328298.519992,08:00:27:5a:87:bc,0,0,,,0,0.0,0,0.0,0.0,,0.0
1785328298.519992,08:00:27:8a:0d:75,0,0,,,0,0.0,0,0.0,0.0,,0.0
1785328298.519992,08:00:27:a5:9e:2d,0,0,,,0,0.0,0,0.0,0.0,,0.0
1785328303.519992,08:00:27:5a:87:bc,0,0,,,0,0.0,0,0.0,0.0,,0.0
1785328303.519992,08:00:27:8a:0d:75,0,0,,,0,0.0,0,0.0,0.0,,0.0
1785328303.519992,08:00:27:a5:9e:2d,0,0,,,0,0.0,0,0.0,0.0,,0.0
1785328308.519992,08:00:27:5a:87:bc,0,0,,,0,0.0,0,0.0,0.0,,0.0
1785328308.519992,08:00:27:8a:0d:75,0,0,,,0,0.0,0,0.0,0.0,,0.0
1785328308.519992,08:00:27:a5:9e:2d,0,0,,,0,0.0,0,0.0,0.0,,0.0
1785328313.519992,08:00:27:5a:87:bc,0,0,,,0,0.0,0,0.0,0.0,,0.0
1785328313.519992,08:00:27:8a:0d:75,0,0,,,0,0.0,0,0.0,0.0,,0.0
1785328313.519992,08:00:27:a5:9e:2d,0,0,,,0,0.0,0,0.0,0.0,,0.0
1785328318.519992,08:00:27:5a:87:bc,0,0,,,0,0.0,0,0.0,0.0,,0.0
1785328318.519992,08:00:27:8a:0d:75,0,0,,,0,0.0,0,0.0,0.0,,0.0
1785328318.519992,08:00:27:a5:9e:2d,0,0,,,0,0.0,0,0.0,0.0,,0.0
1785328323.519992,08:00:27:5a:87:bc,0,0,,,0,0.0,0,0.0,0.0,,0.0
1785328323.519992,08:00:27:8a:0d:75,0,0,,,0,0.0,0,0.0,0.0,,0.0
1785328323.519992,08:00:27:a5:9e:2d,0,0,,,0,0.0,0,0.0,0.0,,0.0
1785328328.519992,08:00:27:5a:87:bc,0,0,,,0,0.0,0,0.0,0.0,,0.0
1785328328.519992,08:00:27:8a:0d:75,0,0,,,0,0.0,0,0.0,0.0,,0.0
1785328328.519992,08:00:27:a5:9e:2d,0,0,,,0,0.0,0,0.0,0.0,,0.0
1785328333.519992,08:00:27:5a:87:bc,0,0,,,0,0.0,0,0.0,0.0,,0.0
1785328333.519992,08:00:27:8a:0d:75,0,0,,,0,0.0,0,0.0,0.0,,0.0
1785328333.519992,08:00:27:a5:9e:2d,0,0,,,0,0.0,0,0.0,0.0,,0.0
1785328338.519992,08:00:27:5a:87:bc,0,0,,,0,0.0,0,0.0,0.0,,0.0
1785328338.519992,08:00:27:8a:0d:75,0,0,,,0,0.0,0,0.0,0.0,,0.0
1785328338.519992,08:00:27:a5:9e:2d,0,0,,,0,0.0,0,0.0,0.0,,0.0
1785328343.519992,08:00:27:5a:87:bc,0,0,,,0,0.0,0,0.0,0.0,,0.0
1785328343.519992,08:00:27:8a:0d:75,0,0,,,0,0.0,0,0.0,0.0,,0.0
1785328343.519992,08:00:27:a5:9e:2d,0,0,,,0,0.0,0,0.0,0.0,,0.0
1785328348.519992,08:00:27:5a:87:bc,0,0,,,0,0.0,0,0.0,0.0,,0.0
1785328348.519992,08:00:27:8a:0d:75,0,0,,,0,0.0,0,0.0,0.0,,0.0
1785328348.519992,08:00:27:a5:9e:2d,0,0,,,0,0.0,0,0.0,0.0,,0.0
1785328353.519992,08:00:27:5a:87:bc,0,0,,,0,0.0,0,0.0,0.0,,0.0
1785328353.519992,08:00:27:8a:0d:75,0,0,,,0,0.0,0,0.0,0.0,,0.0
1785328353.519992,08:00:27:a5:9e:2d,0,0,,,0,0.0,0,0.0,0.0,,0.0
1785328358.519992,08:00:27:5a:87:bc,0,0,,,0,0.0,0,0.0,0.0,,0.0
1785328358.519992,08:00:27:8a:0d:75,0,0,,,0,0.0,0,0.0,0.0,,0.0
1785328358.519992,08:00:27:a5:9e:2d,0,0,,,0,0.0,0,0.0,0.0,,0.0
1785328363.519992,08:00:27:5a:87:bc,0,0,,,0,0.0,0,0.0,0.0,,0.0
1785328363.519992,08:00:27:8a:0d:75,0,0,,,0,0.0,0,0.0,0.0,,0.0
1785328363.519992,08:00:27:a5:9e:2d,0,0,,,0,0.0,0,0.0,0.0,,0.0
1785328368.519992,08:00:27:5a:87:bc,0,0,,,0,0.0,0,0.0,0.0,,0.0
1785328368.519992,08:00:27:8a:0d:75,0,0,,,0,0.0,0,0.0,0.0,,0.0
1785328368.519992,08:00:27:a5:9e:2d,0,0,,,0,0.0,0,0.0,0.0,,0.0
1785328373.519992,08:00:27:5a:87:bc,0,0,,,0,0.0,0,0.0,0.0,,0.0
1785328373.519992,08:00:27:8a:0d:75,0,0,,,0,0.0,0,0.0,0.0,,0.0
1785328373.519992,08:00:27:a5:9e:2d,0,0,,,0,0.0,0,0.0,0.0,,0.0
1785328378.519992,08:00:27:5a:87:bc,0,0,,,0,0.0,0,0.0,0.0,,0.0
1785328378.519992,08:00:27:8a:0d:75,0,0,,,0,0.0,0,0.0,0.0,,0.0
1785328378.519992,08:00:27:a5:9e:2d,0,0,,,0,0.0,0,0.0,0.0,,0.0
1785328383.519992,08:00:27:5a:87:bc,0,0,,,0,0.0,0,0.0,0.0,,0.0
1785328383.519992,08:00:27:8a:0d:75,0,0,,,0,0.0,0,0.0,0.0,,0.0
1785328383.519992,08:00:27:a5:9e:2d,0,0,,,0,0.0,0,0.0,0.0,,0.0
1785328388.519992,08:00:27:5a:87:bc,0,0,,,0,0.0,0,0.0,0.0,,0.0
1785328388.519992,08:00:27:8a:0d:75,0,0,,,0,0.0,0,0.0,0.0,,0.0
1785328388.519992,08:00:27:a5:9e:2d,0,0,,,0,0.0,0,0.0,0.0,,0.0
1785328393.519992,08:00:27:5a:87:bc,0,0,,,0,0.0,0,0.0,0.0,,0.0
1785328393.519992,08:00:27:8a:0d:75,0,0,,,0,0.0,0,0.0,0.0,,0.0
1785328393.519992,08:00:27:a5:9e:2d,0,0,,,0,0.0,0,0.0,0.0,,0.0
1785328398.519992,08:00:27:5a:87:bc,0,0,,,0,0.0,0,0.0,0.0,,0.0
1785328398.519992,08:00:27:8a:0d:75,0,0,,,0,0.0,0,0.0,0.0,,0.0
1785328398.519992,08:00:27:a5:9e:2d,0,0,,,0,0.0,0,0.0,0.0,,0.0
1785328403.519992,08:00:27:5a:87:bc,0,0,,,0,0.0,0,0.0,0.0,,0.0
1785328403.519992,08:00:27:8a:0d:75,0,0,,,0,0.0,0,0.0,0.0,,0.0
1785328403.519992,08:00:27:a5:9e:2d,0,0,,,0,0.0,0,0.0,0.0,,0.0
1785328408.519992,08:00:27:5a:87:bc,0,0,,,0,0.0,0,0.0,0.0,,0.0
1785328408.519992,08:00:27:8a:0d:75,0,0,,,0,0.0,0,0.0,0.0,,0.0
1785328408.519992,08:00:27:a5:9e:2d,0,0,,,0,0.0,0,0.0,0.0,,0.0
1785328413.519992,08:00:27:5a:87:bc,0,0,,,0,0.0,0,0.0,0.0,,0.0
1785328413.519992,08:00:27:8a:0d:75,0,0,,,0,0.0,0,0.0,0.0,,0.0
1785328413.519992,08:00:27:a5:9e:2d,0,0,,,0,0.0,0,0.0,0.0,,0.0
1785328418.519992,08:00:27:5a:87:bc,0,0,,,0,0.0,0,0.0,0.0,,0.0
1785328418.519992,08:00:27:8a:0d:75,0,0,,,0,0.0,0,0.0,0.0,,0.0
1785328418.519992,08:00:27:a5:9e:2d,0,0,,,0,0.0,0,0.0,0.0,,0.0
1785328423.519992,08:00:27:5a:87:bc,0,0,,,0,0.0,0,0.0,0.0,,0.0
1785328423.519992,08:00:27:8a:0d:75,0,0,,,0,0.0,0,0.0,0.0,,0.0
1785328423.519992,08:00:27:a5:9e:2d,0,0,,,0,0.0,0,0.0,0.0,,0.0
1785328428.519992,08:00:27:5a:87:bc,0,0,,,0,0.0,0,0.0,0.0,,0.0
1785328428.519992,08:00:27:8a:0d:75,0,0,,,0,0.0,0,0.0,0.0,,0.0
1785328428.519992,08:00:27:a5:9e:2d,0,0,,,0,0.0,0,0.0,0.0,,0.0
1785328433.519992,08:00:27:5a:87:bc,0,0,,,0,0.0,0,0.0,0.0,,0.0
1785328433.519992,08:00:27:8a:0d:75,0,0,,,0,0.0,0,0.0,0.0,,0.0
1785328433.519992,08:00:27:a5:9e:2d,0,0,,,0,0.0,0,0.0,0.0,,0.0
1785328438.519992,08:00:27:5a:87:bc,0,0,,,0,0.0,0,0.0,0.0,,0.0
1785328438.519992,08:00:27:8a:0d:75,0,0,,,0,0.0,0,0.0,0.0,,0.0
1785328438.519992,08:00:27:a5:9e:2d,0,0,,,0,0.0,0,0.0,0.0,,0.0
1785328443.519992,08:00:27:5a:87:bc,0,0,,,0,0.0,0,0.0,0.0,,0.0
1785328443.519992,08:00:27:8a:0d:75,0,0,,,0,0.0,0,0.0,0.0,,0.0
1785328443.519992,08:00:27:a5:9e:2d,0,0,,,0,0.0,0,0.0,0.0,,0.0
1785328448.519992,08:00:27:5a:87:bc,0,0,,,0,0.0,0,0.0,0.0,,0.0
1785328448.519992,08:00:27:8a:0d:75,0,0,,,0,0.0,0,0.0,0.0,,0.0
1785328448.519992,08:00:27:a5:9e:2d,0,0,,,0,0.0,0,0.0,0.0,,0.0
1785328453.519992,08:00:27:5a:87:bc,0,0,,,0,0.0,0,0.0,0.0,,0.0
1785328453.519992,08:00:27:8a:0d:75,0,0,,,0,0.0,0,0.0,0.0,,0.0
1785328453.519992,08:00:27:a5:9e:2d,0,0,,,0,0.0,0,0.0,0.0,,0.0
1785328458.519992,08:00:27:5a:87:bc,0,0,,,0,0.0,0,0.0,0.0,,0.0
1785328458.519992,08:00:27:8a:0d:75,0,0,,,0,0.0,0,0.0,0.0,,0.0
1785328458.519992,08:00:27:a5:9e:2d,0,0,,,0,0.0,0,0.0,0.0,,0.0
1785328463.519992,08:00:27:5a:87:bc,0,0,,,0,0.0,0,0.0,0.0,,0.0
1785328463.519992,08:00:27:8a:0d:75,0,0,,,0,0.0,0,0.0,0.0,,0.0
1785328463.519992,08:00:27:a5:9e:2d,0,0,,,0,0.0,0,0.0,0.0,,0.0
1785328468.519992,08:00:27:5a:87:bc,0,0,,,0,0.0,0,0.0,0.0,,0.0
1785328468.519992,08:00:27:8a:0d:75,0,0,,,0,0.0,0,0.0,0.0,,0.0
1785328468.519992,08:00:27:a5:9e:2d,0,0,,,0,0.0,0,0.0,0.0,,0.0
1785328473.519992,08:00:27:5a:87:bc,0,0,,,0,0.0,0,0.0,0.0,,0.0
1785328473.519992,08:00:27:8a:0d:75,0,0,,,0,0.0,0,0.0,0.0,,0.0
1785328473.519992,08:00:27:a5:9e:2d,0,0,,,0,0.0,0,0.0,0.0,,0.0
1785328478.519992,08:00:27:5a:87:bc,0,0,,,0,0.0,0,0.0,0.0,,0.0
1785328478.519992,08:00:27:8a:0d:75,0,0,,,0,0.0,0,0.0,0.0,,0.0
1785328478.519992,08:00:27:a5:9e:2d,0,0,,,0,0.0,0,0.0,0.0,,0.0
1785328483.519992,08:00:27:5a:87:bc,0,0,,,0,0.0,0,0.0,0.0,,0.0
1785328483.519992,08:00:27:8a:0d:75,0,0,,,0,0.0,0,0.0,0.0,,0.0
1785328483.519992,08:00:27:a5:9e:2d,0,0,,,0,0.0,0,0.0,0.0,,0.0
1785328488.519992,08:00:27:5a:87:bc,0,0,,,0,0.0,0,0.0,0.0,,0.0
1785328488.519992,08:00:27:8a:0d:75,0,0,,,0,0.0,0,0.0,0.0,,0.0
1785328488.519992,08:00:27:a5:9e:2d,0,0,,,0,0.0,0,0.0,0.0,,0.0
1785328493.519992,08:00:27:5a:87:bc,0,0,,,0,0.0,0,0.0,0.0,,0.0
1785328493.519992,08:00:27:8a:0d:75,0,0,,,0,0.0,0,0.0,0.0,,0.0
1785328493.519992,08:00:27:a5:9e:2d,0,0,,,0,0.0,0,0.0,0.0,,0.0
1785328498.519992,08:00:27:5a:87:bc,0,0,,,0,0.0,0,0.0,0.0,,0.0
1785328498.519992,08:00:27:8a:0d:75,0,0,,,0,0.0,0,0.0,0.0,,0.0
1785328498.519992,08:00:27:a5:9e:2d,0,0,,,0,0.0,0,0.0,0.0,,0.0
1785328503.519992,08:00:27:5a:87:bc,0,0,,,0,0.0,0,0.0,0.0,,0.0
1785328503.519992,08:00:27:8a:0d:75,0,0,,,0,0.0,0,0.0,0.0,,0.0
1785328503.519992,08:00:27:a5:9e:2d,0,0,,,0,0.0,0,0.0,0.0,,0.0
1785328508.519992,08:00:27:5a:87:bc,0,0,,,0,0.0,0,0.0,0.0,,0.0
1785328508.519992,08:00:27:8a:0d:75,0,0,,,0,0.0,0,0.0,0.0,,0.0
1785328508.519992,08:00:27:a5:9e:2d,0,0,,,0,0.0,0,0.0,0.0,,0.0
1785328513.519992,08:00:27:5a:87:bc,0,0,,,0,0.0,0,0.0,0.0,,0.0
1785328513.519992,08:00:27:8a:0d:75,0,0,,,0,0.0,0,0.0,0.0,,0.0
1785328513.519992,08:00:27:a5:9e:2d,0,0,,,0,0.0,0,0.0,0.0,,0.0
1785328518.519992,08:00:27:5a:87:bc,0,0,,,0,0.0,0,0.0,0.0,,0.0
1785328518.519992,08:00:27:8a:0d:75,0,0,,,0,0.0,0,0.0,0.0,,0.0
1785328518.519992,08:00:27:a5:9e:2d,0,0,,,0,0.0,0,0.0,0.0,,0.0
1785328523.519992,08:00:27:5a:87:bc,0,0,,,0,0.0,0,0.0,0.0,,0.0
1785328523.519992,08:00:27:8a:0d:75,0,0,,,0,0.0,0,0.0,0.0,,0.0
1785328523.519992,08:00:27:a5:9e:2d,0,0,,,0,0.0,0,0.0,0.0,,0.0
1785328528.519992,08:00:27:5a:87:bc,0,0,,,0,0.0,0,0.0,0.0,,0.0
1785328528.519992,08:00:27:8a:0d:75,0,0,,,0,0.0,0,0.0,0.0,,0.0
1785328528.519992,08:00:27:a5:9e:2d,0,0,,,0,0.0,0,0.0,0.0,,0.0
1785328533.519992,08:00:27:5a:87:bc,0,0,,,0,0.0,0,0.0,0.0,,0.0
1785328533.519992,08:00:27:8a:0d:75,0,0,,,0,0.0,0,0.0,0.0,,0.0
1785328533.519992,08:00:27:a5:9e:2d,0,0,,,0,0.0,0,0.0,0.0,,0.0
1785328538.519992,08:00:27:5a:87:bc,0,0,,,0,0.0,0,0.0,0.0,,0.0
1785328538.519992,08:00:27:8a:0d:75,0,0,,,0,0.0,0,0.0,0.0,,0.0
1785328538.519992,08:00:27:a5:9e:2d,0,0,,,0,0.0,0,0.0,0.0,,0.0
1785328543.519992,08:00:27:5a:87:bc,0,0,,,0,0.0,0,0.0,0.0,,0.0
1785328543.519992,08:00:27:8a:0d:75,0,0,,,0,0.0,0,0.0,0.0,,0.0
1785328543.519992,08:00:27:a5:9e:2d,0,0,,,0,0.0,0,0.0,0.0,,0.0
1785328548.519992,08:00:27:5a:87:bc,0,0,,,0,0.0,0,0.0,0.0,,0.0
1785328548.519992,08:00:27:8a:0d:75,0,0,,,0,0.0,0,0.0,0.0,,0.0
1785328548.519992,08:00:27:a5:9e:2d,0,0,,,0,0.0,0,0.0,0.0,,0.0
1785328553.519992,08:00:27:5a:87:bc,0,0,,,0,0.0,0,0.0,0.0,,0.0
1785328553.519992,08:00:27:8a:0d:75,0,0,,,0,0.0,0,0.0,0.0,,0.0
1785328553.519992,08:00:27:a5:9e:2d,0,0,,,0,0.0,0,0.0,0.0,,0.0
1785328558.519992,08:00:27:5a:87:bc,0,0,,,0,0.0,0,0.0,0.0,,0.0
1785328558.519992,08:00:27:8a:0d:75,0,0,,,0,0.0,0,0.0,0.0,,0.0
1785328558.519992,08:00:27:a5:9e:2d,0,0,,,0,0.0,0,0.0,0.0,,0.0
1785328563.519992,08:00:27:5a:87:bc,0,0,,,0,0.0,0,0.0,0.0,,0.0
1785328563.519992,08:00:27:8a:0d:75,0,0,,,0,0.0,0,0.0,0.0,,0.0
1785328563.519992,08:00:27:a5:9e:2d,0,0,,,0,0.0,0,0.0,0.0,,0.0
1785328568.519992,08:00:27:5a:87:bc,0,0,,,0,0.0,0,0.0,0.0,,0.0
1785328568.519992,08:00:27:8a:0d:75,0,0,,,0,0.0,0,0.0,0.0,,0.0
1785328568.519992,08:00:27:a5:9e:2d,0,0,,,0,0.0,0,0.0,0.0,,0.0
1785328573.519992,08:00:27:5a:87:bc,0,0,,,0,0.0,0,0.0,0.0,,0.0
1785328573.519992,08:00:27:8a:0d:75,0,0,,,0,0.0,0,0.0,0.0,,0.0
1785328573.519992,08:00:27:a5:9e:2d,0,0,,,0,0.0,0,0.0,0.0,,0.0
1785328578.519992,08:00:27:5a:87:bc,0,0,,,0,0.0,0,0.0,0.0,,0.0
1785328578.519992,08:00:27:8a:0d:75,0,0,,,0,0.0,0,0.0,0.0,,0.0
1785328578.519992,08:00:27:a5:9e:2d,0,0,,,0,0.0,0,0.0,0.0,,0.0
1785328583.519992,08:00:27:5a:87:bc,0,0,,,0,0.0,0,0.0,0.0,,0.0
1785328583.519992,08:00:27:8a:0d:75,0,0,,,0,0.0,0,0.0,0.0,,0.0
1785328583.519992,08:00:27:a5:9e:2d,0,0,,,0,0.0,0,0.0,0.0,,0.0
1785328588.519992,08:00:27:5a:87:bc,0,0,,,0,0.0,0,0.0,0.0,,0.0
1785328588.519992,08:00:27:8a:0d:75,0,0,,,0,0.0,0,0.0,0.0,,0.0
1785328588.519992,08:00:27:a5:9e:2d,0,0,,,0,0.0,0,0.0,0.0,,0.0
1785328593.519992,08:00:27:5a:87:bc,0,0,,,0,0.0,0,0.0,0.0,,0.0
1785328593.519992,08:00:27:8a:0d:75,0,0,,,0,0.0,0,0.0,0.0,,0.0
1785328593.519992,08:00:27:a5:9e:2d,0,0,,,0,0.0,0,0.0,0.0,,0.0
1785328598.519992,08:00:27:5a:87:bc,0,0,,,0,0.0,0,0.0,0.0,,0.0
1785328598.519992,08:00:27:8a:0d:75,0,0,,,0,0.0,0,0.0,0.0,,0.0
1785328598.519992,08:00:27:a5:9e:2d,0,0,,,0,0.0,0,0.0,0.0,,0.0
1785328603.519992,08:00:27:5a:87:bc,0,0,,,0,0.0,0,0.0,0.0,,0.0
1785328603.519992,08:00:27:8a:0d:75,0,0,,,0,0.0,0,0.0,0.0,,0.0
1785328603.519992,08:00:27:a5:9e:2d,0,0,,,0,0.0,0,0.0,0.0,,0.0
1785328608.519992,08:00:27:5a:87:bc,0,0,,,0,0.0,0,0.0,0.0,,0.0
1785328608.519992,08:00:27:8a:0d:75,0,0,,,0,0.0,0,0.0,0.0,,0.0
1785328608.519992,08:00:27:a5:9e:2d,0,0,,,0,0.0,0,0.0,0.0,,0.0
1785328613.519992,08:00:27:5a:87:bc,0,0,,,0,0.0,0,0.0,0.0,,0.0
1785328613.519992,08:00:27:8a:0d:75,0,0,,,0,0.0,0,0.0,0.0,,0.0
1785328613.519992,08:00:27:a5:9e:2d,0,0,,,0,0.0,0,0.0,0.0,,0.0
1785328618.519992,08:00:27:5a:87:bc,0,0,,,0,0.0,0,0.0,0.0,,0.0
1785328618.519992,08:00:27:8a:0d:75,0,0,,,0,0.0,0,0.0,0.0,,0.0
1785328618.519992,08:00:27:a5:9e:2d,0,0,,,0,0.0,0,0.0,0.0,,0.0
1785328623.519992,08:00:27:5a:87:bc,0,0,,,0,0.0,0,0.0,0.0,,0.0
1785328623.519992,08:00:27:8a:0d:75,0,0,,,0,0.0,0,0.0,0.0,,0.0
1785328623.519992,08:00:27:a5:9e:2d,0,0,,,0,0.0,0,0.0,0.0,,0.0
1785328628.519992,08:00:27:5a:87:bc,0,0,,,0,0.0,0,0.0,0.0,,0.0
1785328628.519992,08:00:27:8a:0d:75,0,0,,,0,0.0,0,0.0,0.0,,0.0
1785328628.519992,08:00:27:a5:9e:2d,0,0,,,0,0.0,0,0.0,0.0,,0.0
1785328633.519992,08:00:27:5a:87:bc,0,0,,,0,0.0,0,0.0,0.0,,0.0
1785328633.519992,08:00:27:8a:0d:75,0,0,,,0,0.0,0,0.0,0.0,,0.0
1785328633.519992,08:00:27:a5:9e:2d,0,0,,,0,0.0,0,0.0,0.0,,0.0
1785328638.519992,08:00:27:5a:87:bc,0,0,,,0,0.0,0,0.0,0.0,,0.0
1785328638.519992,08:00:27:8a:0d:75,0,0,,,0,0.0,0,0.0,0.0,,0.0
1785328638.519992,08:00:27:a5:9e:2d,0,0,,,0,0.0,0,0.0,0.0,,0.0
1785328643.519992,08:00:27:5a:87:bc,0,0,,,0,0.0,0,0.0,0.0,,0.0
1785328643.519992,08:00:27:8a:0d:75,0,0,,,0,0.0,0,0.0,0.0,,0.0
1785328643.519992,08:00:27:a5:9e:2d,0,0,,,0,0.0,0,0.0,0.0,,0.0
1785328648.519992,08:00:27:5a:87:bc,0,0,,,0,0.0,0,0.0,0.0,,0.0
1785328648.519992,08:00:27:8a:0d:75,0,0,,,0,0.0,0,0.0,0.0,,0.0
1785328648.519992,08:00:27:a5:9e:2d,0,0,,,0,0.0,0,0.0,0.0,,0.0
1785328653.519992,08:00:27:5a:87:bc,0,0,,,0,0.0,0,0.0,0.0,,0.0
1785328653.519992,08:00:27:8a:0d:75,0,0,,,0,0.0,0,0.0,0.0,,0.0
1785328653.519992,08:00:27:a5:9e:2d,0,0,,,0,0.0,0,0.0,0.0,,0.0
1785328658.519992,08:00:27:5a:87:bc,0,0,,,0,0.0,0,0.0,0.0,,0.0
1785328658.519992,08:00:27:8a:0d:75,0,0,,,0,0.0,0,0.0,0.0,,0.0
1785328658.519992,08:00:27:a5:9e:2d,0,0,,,0,0.0,0,0.0,0.0,,0.0
1785328663.519992,08:00:27:5a:87:bc,0,0,,,0,0.0,0,0.0,0.0,,0.0
1785328663.519992,08:00:27:8a:0d:75,0,0,,,0,0.0,0,0.0,0.0,,0.0
1785328663.519992,08:00:27:a5:9e:2d,0,0,,,0,0.0,0,0.0,0.0,,0.0
1785328668.519992,08:00:27:5a:87:bc,0,0,,,0,0.0,0,0.0,0.0,,0.0
1785328668.519992,08:00:27:8a:0d:75,0,0,,,0,0.0,0,0.0,0.0,,0.0
1785328668.519992,08:00:27:a5:9e:2d,0,0,,,0,0.0,0,0.0,0.0,,0.0
1785328673.519992,08:00:27:5a:87:bc,0,0,,,0,0.0,0,0.0,0.0,,0.0
1785328673.519992,08:00:27:8a:0d:75,0,0,,,0,0.0,0,0.0,0.0,,0.0
1785328673.519992,08:00:27:a5:9e:2d,0,0,,,0,0.0,0,0.0,0.0,,0.0
1785328678.519992,08:00:27:5a:87:bc,0,0,,,0,0.0,0,0.0,0.0,,0.0
1785328678.519992,08:00:27:8a:0d:75,0,0,,,0,0.0,0,0.0,0.0,,0.0
1785328678.519992,08:00:27:a5:9e:2d,0,0,,,0,0.0,0,0.0,0.0,,0.0
1785328683.519992,08:00:27:5a:87:bc,0,0,,,0,0.0,0,0.0,0.0,,0.0
1785328683.519992,08:00:27:8a:0d:75,0,0,,,0,0.0,0,0.0,0.0,,0.0
1785328683.519992,08:00:27:a5:9e:2d,0,0,,,0,0.0,0,0.0,0.0,,0.0
1785328688.519992,08:00:27:5a:87:bc,0,0,,,0,0.0,0,0.0,0.0,,0.0
1785328688.519992,08:00:27:8a:0d:75,0,0,,,0,0.0,0,0.0,0.0,,0.0
1785328688.519992,08:00:27:a5:9e:2d,0,0,,,0,0.0,0,0.0,0.0,,0.0
1785328693.519992,08:00:27:5a:87:bc,0,0,,,0,0.0,0,0.0,0.0,,0.0
1785328693.519992,08:00:27:8a:0d:75,0,0,,,0,0.0,0,0.0,0.0,,0.0
1785328693.519992,08:00:27:a5:9e:2d,0,0,,,0,0.0,0,0.0,0.0,,0.0
1785328698.519992,08:00:27:5a:87:bc,0,0,,,0,0.0,0,0.0,0.0,,0.0
1785328698.519992,08:00:27:8a:0d:75,0,0,,,0,0.0,0,0.0,0.0,,0.0
1785328698.519992,08:00:27:a5:9e:2d,0,0,,,0,0.0,0,0.0,0.0,,0.0
1785328703.519992,08:00:27:5a:87:bc,0,0,,,0,0.0,0,0.0,0.0,,0.0
1785328703.519992,08:00:27:8a:0d:75,0,0,,,0,0.0,0,0.0,0.0,,0.0
1785328703.519992,08:00:27:a5:9e:2d,0,0,,,0,0.0,0,0.0,0.0,,0.0
1785328708.519992,08:00:27:5a:87:bc,0,0,,,0,0.0,0,0.0,0.0,,0.0
1785328708.519992,08:00:27:8a:0d:75,0,0,,,0,0.0,0,0.0,0.0,,0.0
1785328708.519992,08:00:27:a5:9e:2d,0,0,,,0,0.0,0,0.0,0.0,,0.0
1785328713.519992,08:00:27:5a:87:bc,0,0,,,0,0.0,0,0.0,0.0,,0.0
1785328713.519992,08:00:27:8a:0d:75,0,0,,,0,0.0,0,0.0,0.0,,0.0
1785328713.519992,08:00:27:a5:9e:2d,0,0,,,0,0.0,0,0.0,0.0,,0.0
1785328718.519992,08:00:27:5a:87:bc,0,0,,,0,0.0,0,0.0,0.0,,0.0
1785328718.519992,08:00:27:8a:0d:75,0,0,,,0,0.0,0,0.0,0.0,,0.0
1785328718.519992,08:00:27:a5:9e:2d,0,0,,,0,0.0,0,0.0,0.0,,0.0
1785328723.519992,08:00:27:5a:87:bc,0,0,,,0,0.0,0,0.0,0.0,,0.0
1785328723.519992,08:00:27:8a:0d:75,0,0,,,0,0.0,0,0.0,0.0,,0.0
1785328723.519992,08:00:27:a5:9e:2d,0,0,,,0,0.0,0,0.0,0.0,,0.0
1785328728.519992,08:00:27:5a:87:bc,0,0,,,0,0.0,0,0.0,0.0,,0.0
1785328728.519992,08:00:27:8a:0d:75,0,0,,,0,0.0,0,0.0,0.0,,0.0
1785328728.519992,08:00:27:a5:9e:2d,0,0,,,0,0.0,0,0.0,0.0,,0.0
1785328733.519992,08:00:27:5a:87:bc,0,0,,,0,0.0,0,0.0,0.0,,0.0
1785328733.519992,08:00:27:8a:0d:75,0,0,,,0,0.0,0,0.0,0.0,,0.0
1785328733.519992,08:00:27:a5:9e:2d,0,0,,,0,0.0,0,0.0,0.0,,0.0
1785328738.519992,08:00:27:5a:87:bc,0,0,,,0,0.0,0,0.0,0.0,,0.0
1785328738.519992,08:00:27:8a:0d:75,0,0,,,0,0.0,0,0.0,0.0,,0.0
1785328738.519992,08:00:27:a5:9e:2d,0,0,,,0,0.0,0,0.0,0.0,,0.0
1785328743.519992,08:00:27:5a:87:bc,0,0,,,0,0.0,0,0.0,0.0,,0.0
1785328743.519992,08:00:27:8a:0d:75,0,0,,,0,0.0,0,0.0,0.0,,0.0
1785328743.519992,08:00:27:a5:9e:2d,0,0,,,0,0.0,0,0.0,0.0,,0.0
1785328748.519992,08:00:27:5a:87:bc,0,0,,,0,0.0,0,0.0,0.0,,0.0
1785328748.519992,08:00:27:8a:0d:75,0,0,,,0,0.0,0,0.0,0.0,,0.0
1785328748.519992,08:00:27:a5:9e:2d,0,0,,,0,0.0,0,0.0,0.0,,0.0
1785328753.519992,08:00:27:5a:87:bc,0,0,,,0,0.0,0,0.0,0.0,,0.0
1785328753.519992,08:00:27:8a:0d:75,0,0,,,0,0.0,0,0.0,0.0,,0.0
1785328753.519992,08:00:27:a5:9e:2d,0,0,,,0,0.0,0,0.0,0.0,,0.0
1785328758.519992,08:00:27:5a:87:bc,0,0,,,0,0.0,0,0.0,0.0,,0.0
1785328758.519992,08:00:27:8a:0d:75,0,0,,,0,0.0,0,0.0,0.0,,0.0
1785328758.519992,08:00:27:a5:9e:2d,0,0,,,0,0.0,0,0.0,0.0,,0.0
1785328763.519992,08:00:27:5a:87:bc,0,0,,,0,0.0,0,0.0,0.0,,0.0
1785328763.519992,08:00:27:8a:0d:75,0,0,,,0,0.0,0,0.0,0.0,,0.0
1785328763.519992,08:00:27:a5:9e:2d,0,0,,,0,0.0,0,0.0,0.0,,0.0
1785328768.519992,08:00:27:5a:87:bc,0,0,,,0,0.0,0,0.0,0.0,,0.0
1785328768.519992,08:00:27:8a:0d:75,0,0,,,0,0.0,0,0.0,0.0,,0.0
1785328768.519992,08:00:27:a5:9e:2d,0,0,,,0,0.0,0,0.0,0.0,,0.0
1785328773.519992,08:00:27:5a:87:bc,0,0,,,0,0.0,0,0.0,0.0,,0.0
1785328773.519992,08:00:27:8a:0d:75,0,0,,,0,0.0,0,0.0,0.0,,0.0
1785328773.519992,08:00:27:a5:9e:2d,0,0,,,0,0.0,0,0.0,0.0,,0.0
1785328778.519992,08:00:27:5a:87:bc,0,0,,,0,0.0,0,0.0,0.0,,0.0
1785328778.519992,08:00:27:8a:0d:75,0,0,,,0,0.0,0,0.0,0.0,,0.0
1785328778.519992,08:00:27:a5:9e:2d,0,0,,,0,0.0,0,0.0,0.0,,0.0
1785328783.519992,08:00:27:5a:87:bc,0,0,,,0,0.0,0,0.0,0.0,,0.0
1785328783.519992,08:00:27:8a:0d:75,0,0,,,0,0.0,0,0.0,0.0,,0.0
1785328783.519992,08:00:27:a5:9e:2d,0,0,,,0,0.0,0,0.0,0.0,,0.0
1785328788.519992,08:00:27:5a:87:bc,0,0,,,0,0.0,0,0.0,0.0,,0.0
1785328788.519992,08:00:27:8a:0d:75,0,0,,,0,0.0,0,0.0,0.0,,0.0
1785328788.519992,08:00:27:a5:9e:2d,0,0,,,0,0.0,0,0.0,0.0,,0.0
1785328793.519992,08:00:27:5a:87:bc,0,0,,,0,0.0,0,0.0,0.0,,0.0
1785328793.519992,08:00:27:8a:0d:75,0,0,,,0,0.0,0,0.0,0.0,,0.0
1785328793.519992,08:00:27:a5:9e:2d,0,0,,,0,0.0,0,0.0,0.0,,0.0
1785328798.519992,08:00:27:5a:87:bc,0,0,,,0,0.0,0,0.0,0.0,,0.0
1785328798.519992,08:00:27:8a:0d:75,0,0,,,0,0.0,0,0.0,0.0,,0.0
1785328798.519992,08:00:27:a5:9e:2d,0,0,,,0,0.0,0,0.0,0.0,,0.0
1785328803.519992,08:00:27:5a:87:bc,0,0,,,0,0.0,0,0.0,0.0,,0.0
1785328803.519992,08:00:27:8a:0d:75,0,0,,,0,0.0,0,0.0,0.0,,0.0
1785328803.519992,08:00:27:a5:9e:2d,0,0,,,0,0.0,0,0.0,0.0,,0.0
1785328808.519992,08:00:27:5a:87:bc,0,0,,,0,0.0,0,0.0,0.0,,0.0
1785328808.519992,08:00:27:8a:0d:75,0,0,,,0,0.0,0,0.0,0.0,,0.0
1785328808.519992,08:00:27:a5:9e:2d,0,0,,,0,0.0,0,0.0,0.0,,0.0
1785328813.519992,08:00:27:5a:87:bc,0,0,,,0,0.0,0,0.0,0.0,,0.0
1785328813.519992,08:00:27:8a:0d:75,0,0,,,0,0.0,0,0.0,0.0,,0.0
1785328813.519992,08:00:27:a5:9e:2d,0,0,,,0,0.0,0,0.0,0.0,,0.0
1785328818.519992,08:00:27:5a:87:bc,0,0,,,0,0.0,0,0.0,0.0,,0.0
1785328818.519992,08:00:27:8a:0d:75,0,0,,,0,0.0,0,0.0,0.0,,0.0
1785328818.519992,08:00:27:a5:9e:2d,0,0,,,0,0.0,0,0.0,0.0,,0.0
1785328823.519992,08:00:27:5a:87:bc,0,0,,,0,0.0,0,0.0,0.0,,0.0
1785328823.519992,08:00:27:8a:0d:75,0,0,,,0,0.0,0,0.0,0.0,,0.0
1785328823.519992,08:00:27:a5:9e:2d,0,0,,,0,0.0,0,0.0,0.0,,0.0
1785328828.519992,08:00:27:5a:87:bc,0,0,,,0,0.0,0,0.0,0.0,,0.0
1785328828.519992,08:00:27:8a:0d:75,0,0,,,0,0.0,0,0.0,0.0,,0.0
1785328828.519992,08:00:27:a5:9e:2d,0,0,,,0,0.0,0,0.0,0.0,,0.0
1785328833.519992,08:00:27:5a:87:bc,0,0,,,0,0.0,0,0.0,0.0,,0.0
1785328833.519992,08:00:27:8a:0d:75,0,0,,,0,0.0,0,0.0,0.0,,0.0
1785328833.519992,08:00:27:a5:9e:2d,0,0,,,0,0.0,0,0.0,0.0,,0.0
1785328838.519992,08:00:27:5a:87:bc,0,0,,,0,0.0,0,0.0,0.0,,0.0
1785328838.519992,08:00:27:8a:0d:75,0,0,,,0,0.0,0,0.0,0.0,,0.0
1785328838.519992,08:00:27:a5:9e:2d,0,0,,,0,0.0,0,0.0,0.0,,0.0
1785328843.519992,08:00:27:5a:87:bc,0,0,,,0,0.0,0,0.0,0.0,,0.0
1785328843.519992,08:00:27:8a:0d:75,0,0,,,0,0.0,0,0.0,0.0,,0.0
1785328843.519992,08:00:27:a5:9e:2d,0,0,,,0,0.0,0,0.0,0.0,,0.0
1785328848.519992,08:00:27:5a:87:bc,0,0,,,0,0.0,0,0.0,0.0,,0.0
1785328848.519992,08:00:27:8a:0d:75,0,0,,,0,0.0,0,0.0,0.0,,0.0
1785328848.519992,08:00:27:a5:9e:2d,0,0,,,0,0.0,0,0.0,0.0,,0.0
1785328853.519992,08:00:27:5a:87:bc,0,0,,,0,0.0,0,0.0,0.0,,0.0
1785328853.519992,08:00:27:8a:0d:75,0,0,,,0,0.0,0,0.0,0.0,,0.0
1785328853.519992,08:00:27:a5:9e:2d,0,0,,,0,0.0,0,0.0,0.0,,0.0
1785328858.519992,08:00:27:5a:87:bc,0,0,,,0,0.0,0,0.0,0.0,,0.0
1785328858.519992,08:00:27:8a:0d:75,0,0,,,0,0.0,0,0.0,0.0,,0.0
1785328858.519992,08:00:27:a5:9e:2d,0,0,,,0,0.0,0,0.0,0.0,,0.0
1785328863.519992,08:00:27:5a:87:bc,0,0,,,0,0.0,0,0.0,0.0,,0.0
1785328863.519992,08:00:27:8a:0d:75,0,0,,,0,0.0,0,0.0,0.0,,0.0
1785328863.519992,08:00:27:a5:9e:2d,0,0,,,0,0.0,0,0.0,0.0,,0.0
1785328868.519992,08:00:27:5a:87:bc,0,0,,,0,0.0,0,0.0,0.0,,0.0
1785328868.519992,08:00:27:8a:0d:75,0,0,,,0,0.0,0,0.0,0.0,,0.0
1785328868.519992,08:00:27:a5:9e:2d,0,0,,,0,0.0,0,0.0,0.0,,0.0
1785328873.519992,08:00:27:5a:87:bc,0,0,,,0,0.0,0,0.0,0.0,,0.0
1785328873.519992,08:00:27:8a:0d:75,0,0,,,0,0.0,0,0.0,0.0,,0.0
1785328873.519992,08:00:27:a5:9e:2d,0,0,,,0,0.0,0,0.0,0.0,,0.0
1785328878.519992,08:00:27:5a:87:bc,0,0,,,0,0.0,0,0.0,0.0,,0.0
1785328878.519992,08:00:27:8a:0d:75,0,0,,,0,0.0,0,0.0,0.0,,0.0
1785328878.519992,08:00:27:a5:9e:2d,0,0,,,0,0.0,0,0.0,0.0,,0.0
1785328883.519992,08:00:27:5a:87:bc,0,0,,,0,0.0,0,0.0,0.0,,0.0
1785328883.519992,08:00:27:8a:0d:75,0,0,,,0,0.0,0,0.0,0.0,,0.0
1785328883.519992,08:00:27:a5:9e:2d,0,0,,,0,0.0,0,0.0,0.0,,0.0
1785328888.519992,08:00:27:5a:87:bc,0,0,,,0,0.0,0,0.0,0.0,,0.0
1785328888.519992,08:00:27:8a:0d:75,0,0,,,0,0.0,0,0.0,0.0,,0.0
1785328888.519992,08:00:27:a5:9e:2d,0,0,,,0,0.0,0,0.0,0.0,,0.0
1785328893.519992,08:00:27:5a:87:bc,0,0,,,0,0.0,0,0.0,0.0,,0.0
1785328893.519992,08:00:27:8a:0d:75,0,0,,,0,0.0,0,0.0,0.0,,0.0
1785328893.519992,08:00:27:a5:9e:2d,0,0,,,0,0.0,0,0.0,0.0,,0.0
1785328898.519992,08:00:27:5a:87:bc,0,0,,,0,0.0,0,0.0,0.0,,0.0
1785328898.519992,08:00:27:8a:0d:75,0,0,,,0,0.0,0,0.0,0.0,,0.0
1785328898.519992,08:00:27:a5:9e:2d,0,0,,,0,0.0,0,0.0,0.0,,0.0
1785328903.519992,08:00:27:5a:87:bc,0,0,,,0,0.0,0,0.0,0.0,,0.0
1785328903.519992,08:00:27:8a:0d:75,0,0,,,0,0.0,0,0.0,0.0,,0.0
1785328903.519992,08:00:27:a5:9e:2d,0,0,,,0,0.0,0,0.0,0.0,,0.0
1785328908.519992,08:00:27:5a:87:bc,0,0,,,0,0.0,0,0.0,0.0,,0.0
1785328908.519992,08:00:27:8a:0d:75,0,0,,,0,0.0,0,0.0,0.0,,0.0
1785328908.519992,08:00:27:a5:9e:2d,0,0,,,0,0.0,0,0.0,0.0,,0.0
1785328913.519992,08:00:27:5a:87:bc,0,0,,,0,0.0,0,0.0,0.0,,0.0
1785328913.519992,08:00:27:8a:0d:75,0,0,,,0,0.0,0,0.0,0.0,,0.0
1785328913.519992,08:00:27:a5:9e:2d,0,0,,,0,0.0,0,0.0,0.0,,0.0
1785328918.519992,08:00:27:5a:87:bc,0,0,,,0,0.0,0,0.0,0.0,,0.0
1785328918.519992,08:00:27:8a:0d:75,0,0,,,0,0.0,0,0.0,0.0,,0.0
1785328918.519992,08:00:27:a5:9e:2d,0,0,,,0,0.0,0,0.0,0.0,,0.0
1785328923.519992,08:00:27:5a:87:bc,0,0,,,0,0.0,0,0.0,0.0,,0.0
1785328923.519992,08:00:27:8a:0d:75,0,0,,,0,0.0,0,0.0,0.0,,0.0
1785328923.519992,08:00:27:a5:9e:2d,0,0,,,0,0.0,0,0.0,0.0,,0.0
1785328928.519992,08:00:27:5a:87:bc,0,0,,,0,0.0,0,0.0,0.0,,0.0
1785328928.519992,08:00:27:8a:0d:75,0,0,,,0,0.0,0,0.0,0.0,,0.0
1785328928.519992,08:00:27:a5:9e:2d,0,0,,,0,0.0,0,0.0,0.0,,0.0
1785328933.519992,08:00:27:5a:87:bc,0,0,,,0,0.0,0,0.0,0.0,,0.0
1785328933.519992,08:00:27:8a:0d:75,0,0,,,0,0.0,0,0.0,0.0,,0.0
1785328933.519992,08:00:27:a5:9e:2d,0,0,,,0,0.0,0,0.0,0.0,,0.0
1785328938.519992,08:00:27:5a:87:bc,0,0,,,0,0.0,0,0.0,0.0,,0.0
1785328938.519992,08:00:27:8a:0d:75,0,0,,,0,0.0,0,0.0,0.0,,0.0
1785328938.519992,08:00:27:a5:9e:2d,0,0,,,0,0.0,0,0.0,0.0,,0.0
1785328943.519992,08:00:27:5a:87:bc,0,0,,,0,0.0,0,0.0,0.0,,0.0
1785328943.519992,08:00:27:8a:0d:75,0,0,,,0,0.0,0,0.0,0.0,,0.0
1785328943.519992,08:00:27:a5:9e:2d,0,0,,,0,0.0,0,0.0,0.0,,0.0
1785328948.519992,08:00:27:5a:87:bc,0,0,,,0,0.0,0,0.0,0.0,,0.0
1785328948.519992,08:00:27:8a:0d:75,0,0,,,0,0.0,0,0.0,0.0,,0.0
1785328948.519992,08:00:27:a5:9e:2d,0,0,,,0,0.0,0,0.0,0.0,,0.0
1785328953.519992,08:00:27:5a:87:bc,0,0,,,0,0.0,0,0.0,0.0,,0.0
1785328953.519992,08:00:27:8a:0d:75,0,0,,,0,0.0,0,0.0,0.0,,0.0
1785328953.519992,08:00:27:a5:9e:2d,0,0,,,0,0.0,0,0.0,0.0,,0.0
1785328958.519992,08:00:27:5a:87:bc,0,0,,,0,0.0,0,0.0,0.0,,0.0
1785328958.519992,08:00:27:8a:0d:75,0,0,,,0,0.0,0,0.0,0.0,,0.0
1785328958.519992,08:00:27:a5:9e:2d,0,0,,,0,0.0,0,0.0,0.0,,0.0
1785328963.519992,08:00:27:5a:87:bc,0,0,,,0,0.0,0,0.0,0.0,,0.0
1785328963.519992,08:00:27:8a:0d:75,0,0,,,0,0.0,0,0.0,0.0,,0.0
1785328963.519992,08:00:27:a5:9e:2d,0,0,,,0,0.0,0,0.0,0.0,,0.0
1785328968.519992,08:00:27:5a:87:bc,0,0,,,0,0.0,0,0.0,0.0,,0.0
1785328968.519992,08:00:27:8a:0d:75,0,0,,,0,0.0,0,0.0,0.0,,0.0
1785328968.519992,08:00:27:a5:9e:2d,0,0,,,0,0.0,0,0.0,0.0,,0.0
1785328973.519992,08:00:27:5a:87:bc,0,0,,,0,0.0,0,0.0,0.0,,0.0
1785328973.519992,08:00:27:8a:0d:75,0,0,,,0,0.0,0,0.0,0.0,,0.0
1785328973.519992,08:00:27:a5:9e:2d,0,0,,,0,0.0,0,0.0,0.0,,0.0
1785328978.519992,08:00:27:5a:87:bc,0,0,,,0,0.0,0,0.0,0.0,,0.0
1785328978.519992,08:00:27:8a:0d:75,0,0,,,0,0.0,0,0.0,0.0,,0.0
1785328978.519992,08:00:27:a5:9e:2d,0,0,,,0,0.0,0,0.0,0.0,,0.0
1785328983.519992,08:00:27:5a:87:bc,0,0,,,0,0.0,0,0.0,0.0,,0.0
1785328983.519992,08:00:27:8a:0d:75,0,0,,,0,0.0,0,0.0,0.0,,0.0
1785328983.519992,08:00:27:a5:9e:2d,0,0,,,0,0.0,0,0.0,0.0,,0.0
1785328988.519992,08:00:27:5a:87:bc,0,0,,,0,0.0,0,0.0,0.0,,0.0
1785328988.519992,08:00:27:8a:0d:75,0,0,,,0,0.0,0,0.0,0.0,,0.0
1785328988.519992,08:00:27:a5:9e:2d,0,0,,,0,0.0,0,0.0,0.0,,0.0
1785328993.519992,08:00:27:5a:87:bc,0,0,,,0,0.0,0,0.0,0.0,,0.0
1785328993.519992,08:00:27:8a:0d:75,0,0,,,0,0.0,0,0.0,0.0,,0.0
1785328993.519992,08:00:27:a5:9e:2d,0,0,,,0,0.0,0,0.0,0.0,,0.0
1785328998.519992,08:00:27:5a:87:bc,0,0,,,0,0.0,0,0.0,0.0,,0.0
1785328998.519992,08:00:27:8a:0d:75,0,0,,,0,0.0,0,0.0,0.0,,0.0
1785328998.519992,08:00:27:a5:9e:2d,0,0,,,0,0.0,0,0.0,0.0,,0.0
1785329003.519992,08:00:27:5a:87:bc,0,0,,,0,0.0,0,0.0,0.0,,0.0
1785329003.519992,08:00:27:8a:0d:75,0,0,,,0,0.0,0,0.0,0.0,,0.0
1785329003.519992,08:00:27:a5:9e:2d,0,0,,,0,0.0,0,0.0,0.0,,0.0
1785329008.519992,08:00:27:5a:87:bc,0,0,,,0,0.0,0,0.0,0.0,,0.0
1785329008.519992,08:00:27:8a:0d:75,0,0,,,0,0.0,0,0.0,0.0,,0.0
1785329008.519992,08:00:27:a5:9e:2d,0,0,,,0,0.0,0,0.0,0.0,,0.0
1785329013.519992,08:00:27:5a:87:bc,0,0,,,0,0.0,0,0.0,0.0,,0.0
1785329013.519992,08:00:27:8a:0d:75,0,0,,,0,0.0,0,0.0,0.0,,0.0
1785329013.519992,08:00:27:a5:9e:2d,0,0,,,0,0.0,0,0.0,0.0,,0.0
1785329018.519992,08:00:27:5a:87:bc,0,0,,,0,0.0,0,0.0,0.0,,0.0
1785329018.519992,08:00:27:8a:0d:75,0,0,,,0,0.0,0,0.0,0.0,,0.0
1785329018.519992,08:00:27:a5:9e:2d,0,0,,,0,0.0,0,0.0,0.0,,0.0
1785329023.519992,08:00:27:5a:87:bc,0,0,,,0,0.0,0,0.0,0.0,,0.0
1785329023.519992,08:00:27:8a:0d:75,0,0,,,0,0.0,0,0.0,0.0,,0.0
1785329023.519992,08:00:27:a5:9e:2d,0,0,,,0,0.0,0,0.0,0.0,,0.0
1785329028.519992,08:00:27:5a:87:bc,0,0,,,0,0.0,0,0.0,0.0,,0.0
1785329028.519992,08:00:27:8a:0d:75,0,0,,,0,0.0,0,0.0,0.0,,0.0
1785329028.519992,08:00:27:a5:9e:2d,0,0,,,0,0.0,0,0.0,0.0,,0.0
1785329033.519992,08:00:27:5a:87:bc,0,0,,,0,0.0,0,0.0,0.0,,0.0
1785329033.519992,08:00:27:8a:0d:75,0,0,,,0,0.0,0,0.0,0.0,,0.0
1785329033.519992,08:00:27:a5:9e:2d,0,0,,,0,0.0,0,0.0,0.0,,0.0
1785329038.519992,08:00:27:5a:87:bc,0,0,,,0,0.0,0,0.0,0.0,,0.0
1785329038.519992,08:00:27:8a:0d:75,0,0,,,0,0.0,0,0.0,0.0,,0.0
1785329038.519992,08:00:27:a5:9e:2d,0,0,,,0,0.0,0,0.0,0.0,,0.0
1785329043.519992,08:00:27:5a:87:bc,0,0,,,0,0.0,0,0.0,0.0,,0.0
1785329043.519992,08:00:27:8a:0d:75,0,0,,,0,0.0,0,0.0,0.0,,0.0
1785329043.519992,08:00:27:a5:9e:2d,0,0,,,0,0.0,0,0.0,0.0,,0.0
1785329048.519992,08:00:27:5a:87:bc,0,0,,,0,0.0,0,0.0,0.0,,0.0
1785329048.519992,08:00:27:8a:0d:75,0,0,,,0,0.0,0,0.0,0.0,,0.0
1785329048.519992,08:00:27:a5:9e:2d,0,0,,,0,0.0,0,0.0,0.0,,0.0
1785329053.519992,08:00:27:5a:87:bc,0,0,,,0,0.0,0,0.0,0.0,,0.0
1785329053.519992,08:00:27:8a:0d:75,0,0,,,0,0.0,0,0.0,0.0,,0.0
1785329053.519992,08:00:27:a5:9e:2d,0,0,,,0,0.0,0,0.0,0.0,,0.0
1785329058.519992,08:00:27:5a:87:bc,0,0,,,0,0.0,0,0.0,0.0,,0.0
1785329058.519992,08:00:27:8a:0d:75,0,0,,,0,0.0,0,0.0,0.0,,0.0
1785329058.519992,08:00:27:a5:9e:2d,0,0,,,0,0.0,0,0.0,0.0,,0.0
1785329063.519992,08:00:27:5a:87:bc,0,0,,,0,0.0,0,0.0,0.0,,0.0
1785329063.519992,08:00:27:8a:0d:75,0,0,,,0,0.0,0,0.0,0.0,,0.0
1785329063.519992,08:00:27:a5:9e:2d,0,0,,,0,0.0,0,0.0,0.0,,0.0
1785329068.519992,08:00:27:5a:87:bc,0,0,,,0,0.0,0,0.0,0.0,,0.0
1785329068.519992,08:00:27:8a:0d:75,0,0,,,0,0.0,0,0.0,0.0,,0.0
1785329068.519992,08:00:27:a5:9e:2d,0,0,,,0,0.0,0,0.0,0.0,,0.0
1785329073.519992,08:00:27:5a:87:bc,0,0,,,0,0.0,0,0.0,0.0,,0.0
1785329073.519992,08:00:27:8a:0d:75,0,0,,,0,0.0,0,0.0,0.0,,0.0
1785329073.519992,08:00:27:a5:9e:2d,0,0,,,0,0.0,0,0.0,0.0,,0.0
1785329078.519992,08:00:27:5a:87:bc,0,0,,,0,0.0,0,0.0,0.0,,0.0
1785329078.519992,08:00:27:8a:0d:75,0,0,,,0,0.0,0,0.0,0.0,,0.0
1785329078.519992,08:00:27:a5:9e:2d,0,0,,,0,0.0,0,0.0,0.0,,0.0
1785329083.519992,08:00:27:5a:87:bc,0,0,,,0,0.0,0,0.0,0.0,,0.0
1785329083.519992,08:00:27:8a:0d:75,0,0,,,0,0.0,0,0.0,0.0,,0.0
1785329083.519992,08:00:27:a5:9e:2d,0,0,,,0,0.0,0,0.0,0.0,,0.0
1785329088.519992,08:00:27:5a:87:bc,0,0,,,0,0.0,0,0.0,0.0,,0.0
1785329088.519992,08:00:27:8a:0d:75,0,0,,,0,0.0,0,0.0,0.0,,0.0
1785329088.519992,08:00:27:a5:9e:2d,0,0,,,0,0.0,0,0.0,0.0,,0.0
1785329093.519992,08:00:27:5a:87:bc,0,0,,,0,0.0,0,0.0,0.0,,0.0
1785329093.519992,08:00:27:8a:0d:75,0,0,,,0,0.0,0,0.0,0.0,,0.0
1785329093.519992,08:00:27:a5:9e:2d,0,0,,,0,0.0,0,0.0,0.0,,0.0
1785329098.519992,08:00:27:5a:87:bc,0,0,,,0,0.0,0,0.0,0.0,,0.0
1785329098.519992,08:00:27:8a:0d:75,0,0,,,0,0.0,0,0.0,0.0,,0.0
1785329098.519992,08:00:27:a5:9e:2d,0,0,,,0,0.0,0,0.0,0.0,,0.0
1785329103.519992,08:00:27:5a:87:bc,0,0,,,0,0.0,0,0.0,0.0,,0.0
1785329103.519992,08:00:27:8a:0d:75,0,0,,,0,0.0,0,0.0,0.0,,0.0
1785329103.519992,08:00:27:a5:9e:2d,0,0,,,0,0.0,0,0.0,0.0,,0.0
1785329108.519992,08:00:27:5a:87:bc,0,0,,,0,0.0,0,0.0,0.0,,0.0
1785329108.519992,08:00:27:8a:0d:75,0,0,,,0,0.0,0,0.0,0.0,,0.0
1785329108.519992,08:00:27:a5:9e:2d,0,0,,,0,0.0,0,0.0,0.0,,0.0
1785329113.519992,08:00:27:5a:87:bc,0,0,,,0,0.0,0,0.0,0.0,,0.0
1785329113.519992,08:00:27:8a:0d:75,0,0,,,0,0.0,0,0.0,0.0,,0.0
1785329113.519992,08:00:27:a5:9e:2d,0,0,,,0,0.0,0,0.0,0.0,,0.0
1785329118.519992,08:00:27:5a:87:bc,0,0,,,0,0.0,0,0.0,0.0,,0.0
1785329118.519992,08:00:27:8a:0d:75,0,0,,,0,0.0,0,0.0,0.0,,0.0
1785329118.519992,08:00:27:a5:9e:2d,0,0,,,0,0.0,0,0.0,0.0,,0.0
1785329123.519992,08:00:27:5a:87:bc,0,0,,,0,0.0,0,0.0,0.0,,0.0
1785329123.519992,08:00:27:8a:0d:75,0,0,,,0,0.0,0,0.0,0.0,,0.0
1785329123.519992,08:00:27:a5:9e:2d,0,0,,,0,0.0,0,0.0,0.0,,0.0
1785329128.519992,08:00:27:5a:87:bc,0,0,,,0,0.0,0,0.0,0.0,,0.0
1785329128.519992,08:00:27:8a:0d:75,0,0,,,0,0.0,0,0.0,0.0,,0.0
1785329128.519992,08:00:27:a5:9e:2d,0,0,,,0,0.0,0,0.0,0.0,,0.0
1785329133.519992,08:00:27:5a:87:bc,0,0,,,0,0.0,0,0.0,0.0,,0.0
1785329133.519992,08:00:27:8a:0d:75,0,0,,,0,0.0,0,0.0,0.0,,0.0
1785329133.519992,08:00:27:a5:9e:2d,0,0,,,0,0.0,0,0.0,0.0,,0.0
1785329138.519992,08:00:27:5a:87:bc,0,0,,,0,0.0,0,0.0,0.0,,0.0
1785329138.519992,08:00:27:8a:0d:75,0,0,,,0,0.0,0,0.0,0.0,,0.0
1785329138.519992,08:00:27:a5:9e:2d,0,0,,,0,0.0,0,0.0,0.0,,0.0
1785329143.519992,08:00:27:5a:87:bc,0,0,,,0,0.0,0,0.0,0.0,,0.0
1785329143.519992,08:00:27:8a:0d:75,0,0,,,0,0.0,0,0.0,0.0,,0.0
1785329143.519992,08:00:27:a5:9e:2d,0,0,,,0,0.0,0,0.0,0.0,,0.0
1785329148.519992,08:00:27:5a:87:bc,0,0,,,0,0.0,0,0.0,0.0,,0.0
1785329148.519992,08:00:27:8a:0d:75,0,0,,,0,0.0,0,0.0,0.0,,0.0
1785329148.519992,08:00:27:a5:9e:2d,0,0,,,0,0.0,0,0.0,0.0,,0.0
1785329153.519992,08:00:27:5a:87:bc,0,0,,,0,0.0,0,0.0,0.0,,0.0
1785329153.519992,08:00:27:8a:0d:75,0,0,,,0,0.0,0,0.0,0.0,,0.0
1785329153.519992,08:00:27:a5:9e:2d,0,0,,,0,0.0,0,0.0,0.0,,0.0
1785329158.519992,08:00:27:5a:87:bc,0,0,,,0,0.0,0,0.0,0.0,,0.0
1785329158.519992,08:00:27:8a:0d:75,0,0,,,0,0.0,0,0.0,0.0,,0.0
1785329158.519992,08:00:27:a5:9e:2d,0,0,,,0,0.0,0,0.0,0.0,,0.0
1785329163.519992,08:00:27:5a:87:bc,0,0,,,0,0.0,0,0.0,0.0,,0.0
1785329163.519992,08:00:27:8a:0d:75,0,0,,,0,0.0,0,0.0,0.0,,0.0
1785329163.519992,08:00:27:a5:9e:2d,0,0,,,0,0.0,0,0.0,0.0,,0.0
1785329168.519992,08:00:27:5a:87:bc,0,0,,,0,0.0,0,0.0,0.0,,0.0
1785329168.519992,08:00:27:8a:0d:75,0,0,,,0,0.0,0,0.0,0.0,,0.0
1785329168.519992,08:00:27:a5:9e:2d,0,0,,,0,0.0,0,0.0,0.0,,0.0
1785329173.519992,08:00:27:5a:87:bc,0,0,,,0,0.0,0,0.0,0.0,,0.0
1785329173.519992,08:00:27:8a:0d:75,0,0,,,0,0.0,0,0.0,0.0,,0.0
1785329173.519992,08:00:27:a5:9e:2d,0,0,,,0,0.0,0,0.0,0.0,,0.0
1785329178.519992,08:00:27:5a:87:bc,0,0,,,0,0.0,0,0.0,0.0,,0.0
1785329178.519992,08:00:27:8a:0d:75,0,0,,,0,0.0,0,0.0,0.0,,0.0
1785329178.519992,08:00:27:a5:9e:2d,0,0,,,0,0.0,0,0.0,0.0,,0.0
1785329183.519992,08:00:27:5a:87:bc,0,0,,,0,0.0,0,0.0,0.0,,0.0
1785329183.519992,08:00:27:8a:0d:75,0,0,,,0,0.0,0,0.0,0.0,,0.0
1785329183.519992,08:00:27:a5:9e:2d,0,0,,,0,0.0,0,0.0,0.0,,0.0
1785329188.519992,08:00:27:5a:87:bc,0,0,,,0,0.0,0,0.0,0.0,,0.0
1785329188.519992,08:00:27:8a:0d:75,0,0,,,0,0.0,0,0.0,0.0,,0.0
1785329188.519992,08:00:27:a5:9e:2d,0,0,,,0,0.0,0,0.0,0.0,,0.0
1785329193.519992,08:00:27:5a:87:bc,0,0,,,0,0.0,0,0.0,0.0,,0.0
1785329193.519992,08:00:27:8a:0d:75,0,0,,,0,0.0,0,0.0,0.0,,0.0
1785329193.519992,08:00:27:a5:9e:2d,0,0,,,0,0.0,0,0.0,0.0,,0.0
1785329198.519992,08:00:27:5a:87:bc,0,0,,,0,0.0,0,0.0,0.0,,0.0
1785329198.519992,08:00:27:8a:0d:75,0,0,,,0,0.0,0,0.0,0.0,,0.0
1785329198.519992,08:00:27:a5:9e:2d,0,0,,,0,0.0,0,0.0,0.0,,0.0
1785329203.519992,08:00:27:5a:87:bc,0,0,,,0,0.0,0,0.0,0.0,,0.0
1785329203.519992,08:00:27:8a:0d:75,0,0,,,0,0.0,0,0.0,0.0,,0.0
1785329203.519992,08:00:27:a5:9e:2d,0,0,,,0,0.0,0,0.0,0.0,,0.0
1785329208.519992,08:00:27:5a:87:bc,0,0,,,0,0.0,0,0.0,0.0,,0.0
1785329208.519992,08:00:27:8a:0d:75,0,0,,,0,0.0,0,0.0,0.0,,0.0
1785329208.519992,08:00:27:a5:9e:2d,0,0,,,0,0.0,0,0.0,0.0,,0.0
1785329213.519992,08:00:27:5a:87:bc,0,0,,,0,0.0,0,0.0,0.0,,0.0
1785329213.519992,08:00:27:8a:0d:75,0,0,,,0,0.0,0,0.0,0.0,,0.0
1785329213.519992,08:00:27:a5:9e:2d,0,0,,,0,0.0,0,0.0,0.0,,0.0
1785329218.519992,08:00:27:5a:87:bc,0,0,,,0,0.0,0,0.0,0.0,,0.0
1785329218.519992,08:00:27:8a:0d:75,0,0,,,0,0.0,0,0.0,0.0,,0.0
1785329218.519992,08:00:27:a5:9e:2d,0,0,,,0,0.0,0,0.0,0.0,,0.0
1785329223.519992,08:00:27:5a:87:bc,0,0,,,0,0.0,0,0.0,0.0,,0.0
1785329223.519992,08:00:27:8a:0d:75,0,0,,,0,0.0,0,0.0,0.0,,0.0
1785329223.519992,08:00:27:a5:9e:2d,0,0,,,0,0.0,0,0.0,0.0,,0.0
1785329228.519992,08:00:27:5a:87:bc,0,0,,,0,0.0,0,0.0,0.0,,0.0
1785329228.519992,08:00:27:8a:0d:75,0,0,,,0,0.0,0,0.0,0.0,,0.0
1785329228.519992,08:00:27:a5:9e:2d,0,0,,,0,0.0,0,0.0,0.0,,0.0
1785329233.519992,08:00:27:5a:87:bc,0,0,,,0,0.0,0,0.0,0.0,,0.0
1785329233.519992,08:00:27:8a:0d:75,0,0,,,0,0.0,0,0.0,0.0,,0.0
1785329233.519992,08:00:27:a5:9e:2d,0,0,,,0,0.0,0,0.0,0.0,,0.0
1785329238.519992,08:00:27:5a:87:bc,0,0,,,0,0.0,0,0.0,0.0,,0.0
1785329238.519992,08:00:27:8a:0d:75,0,0,,,0,0.0,0,0.0,0.0,,0.0
1785329238.519992,08:00:27:a5:9e:2d,0,0,,,0,0.0,0,0.0,0.0,,0.0
1785329243.519992,08:00:27:5a:87:bc,0,0,,,0,0.0,0,0.0,0.0,,0.0
1785329243.519992,08:00:27:8a:0d:75,0,0,,,0,0.0,0,0.0,0.0,,0.0
1785329243.519992,08:00:27:a5:9e:2d,0,0,,,0,0.0,0,0.0,0.0,,0.0
1785329248.519992,08:00:27:5a:87:bc,0,0,,,0,0.0,0,0.0,0.0,,0.0
1785329248.519992,08:00:27:8a:0d:75,0,0,,,0,0.0,0,0.0,0.0,,0.0
1785329248.519992,08:00:27:a5:9e:2d,0,0,,,0,0.0,0,0.0,0.0,,0.0
1785329253.519992,08:00:27:5a:87:bc,0,0,,,0,0.0,0,0.0,0.0,,0.0
1785329253.519992,08:00:27:8a:0d:75,0,0,,,0,0.0,0,0.0,0.0,,0.0
1785329253.519992,08:00:27:a5:9e:2d,0,0,,,0,0.0,0,0.0,0.0,,0.0
1785329258.519992,08:00:27:5a:87:bc,0,0,,,0,0.0,0,0.0,0.0,,0.0
1785329258.519992,08:00:27:8a:0d:75,0,0,,,0,0.0,0,0.0,0.0,,0.0
1785329258.519992,08:00:27:a5:9e:2d,0,0,,,0,0.0,0,0.0,0.0,,0.0
1785329263.519992,08:00:27:5a:87:bc,0,0,,,0,0.0,0,0.0,0.0,,0.0
1785329263.519992,08:00:27:8a:0d:75,0,0,,,0,0.0,0,0.0,0.0,,0.0
1785329263.519992,08:00:27:a5:9e:2d,0,0,,,0,0.0,0,0.0,0.0,,0.0
1785329268.519992,08:00:27:5a:87:bc,0,0,,,0,0.0,0,0.0,0.0,,0.0
1785329268.519992,08:00:27:8a:0d:75,0,0,,,0,0.0,0,0.0,0.0,,0.0
1785329268.519992,08:00:27:a5:9e:2d,0,0,,,0,0.0,0,0.0,0.0,,0.0
1785329273.519992,08:00:27:5a:87:bc,0,0,,,0,0.0,0,0.0,0.0,,0.0
1785329273.519992,08:00:27:8a:0d:75,0,0,,,0,0.0,0,0.0,0.0,,0.0
1785329273.519992,08:00:27:a5:9e:2d,0,0,,,0,0.0,0,0.0,0.0,,0.0
1785329278.519992,08:00:27:5a:87:bc,0,0,,,0,0.0,0,0.0,0.0,,0.0
1785329278.519992,08:00:27:8a:0d:75,0,0,,,0,0.0,0,0.0,0.0,,0.0
1785329278.519992,08:00:27:a5:9e:2d,0,0,,,0,0.0,0,0.0,0.0,,0.0
1785329283.519992,08:00:27:5a:87:bc,0,0,,,0,0.0,0,0.0,0.0,,0.0
1785329283.519992,08:00:27:8a:0d:75,0,0,,,0,0.0,0,0.0,0.0,,0.0
1785329283.519992,08:00:27:a5:9e:2d,0,0,,,0,0.0,0,0.0,0.0,,0.0
1785329288.519992,08:00:27:5a:87:bc,0,0,,,0,0.0,0,0.0,0.0,,0.0
1785329288.519992,08:00:27:8a:0d:75,0,0,,,0,0.0,0,0.0,0.0,,0.0
1785329288.519992,08:00:27:a5:9e:2d,0,0,,,0,0.0,0,0.0,0.0,,0.0
1785329293.519992,08:00:27:5a:87:bc,0,0,,,0,0.0,0,0.0,0.0,,0.0
1785329293.519992,08:00:27:8a:0d:75,0,0,,,0,0.0,0,0.0,0.0,,0.0
1785329293.519992,08:00:27:a5:9e:2d,0,0,,,0,0.0,0,0.0,0.0,,0.0
1785329298.519992,08:00:27:5a:87:bc,0,0,,,0,0.0,0,0.0,0.0,,0.0
1785329298.519992,08:00:27:8a:0d:75,0,0,,,0,0.0,0,0.0,0.0,,0.0
1785329298.519992,08:00:27:a5:9e:2d,0,0,,,0,0.0,0,0.0,0.0,,0.0
1785329303.519992,08:00:27:5a:87:bc,0,0,,,0,0.0,0,0.0,0.0,,0.0
1785329303.519992,08:00:27:8a:0d:75,0,0,,,0,0.0,0,0.0,0.0,,0.0
1785329303.519992,08:00:27:a5:9e:2d,0,0,,,0,0.0,0,0.0,0.0,,0.0
1785329308.519992,08:00:27:5a:87:bc,0,0,,,0,0.0,0,0.0,0.0,,0.0
1785329308.519992,08:00:27:8a:0d:75,0,0,,,0,0.0,0,0.0,0.0,,0.0
1785329308.519992,08:00:27:a5:9e:2d,0,0,,,0,0.0,0,0.0,0.0,,0.0
1785329313.519992,08:00:27:5a:87:bc,0,0,,,0,0.0,0,0.0,0.0,,0.0
1785329313.519992,08:00:27:8a:0d:75,0,0,,,0,0.0,0,0.0,0.0,,0.0
1785329313.519992,08:00:27:a5:9e:2d,0,0,,,0,0.0,0,0.0,0.0,,0.0
1785329318.519992,08:00:27:5a:87:bc,0,0,,,0,0.0,0,0.0,0.0,,0.0
1785329318.519992,08:00:27:8a:0d:75,0,0,,,0,0.0,0,0.0,0.0,,0.0
1785329318.519992,08:00:27:a5:9e:2d,0,0,,,0,0.0,0,0.0,0.0,,0.0
1785329323.519992,08:00:27:5a:87:bc,0,0,,,0,0.0,0,0.0,0.0,,0.0
1785329323.519992,08:00:27:8a:0d:75,0,0,,,0,0.0,0,0.0,0.0,,0.0
1785329323.519992,08:00:27:a5:9e:2d,0,0,,,0,0.0,0,0.0,0.0,,0.0
1785329328.519992,08:00:27:5a:87:bc,0,0,,,0,0.0,0,0.0,0.0,,0.0
1785329328.519992,08:00:27:8a:0d:75,0,0,,,0,0.0,0,0.0,0.0,,0.0
1785329328.519992,08:00:27:a5:9e:2d,0,0,,,0,0.0,0,0.0,0.0,,0.0
1785329333.519992,08:00:27:5a:87:bc,0,0,,,0,0.0,0,0.0,0.0,,0.0
1785329333.519992,08:00:27:8a:0d:75,0,0,,,0,0.0,0,0.0,0.0,,0.0
1785329333.519992,08:00:27:a5:9e:2d,0,0,,,0,0.0,0,0.0,0.0,,0.0
1785329338.519992,08:00:27:5a:87:bc,0,0,,,0,0.0,0,0.0,0.0,,0.0
1785329338.519992,08:00:27:8a:0d:75,0,0,,,0,0.0,0,0.0,0.0,,0.0
1785329338.519992,08:00:27:a5:9e:2d,0,0,,,0,0.0,0,0.0,0.0,,0.0
1785329343.519992,08:00:27:5a:87:bc,0,0,,,0,0.0,0,0.0,0.0,,0.0
1785329343.519992,08:00:27:8a:0d:75,0,0,,,0,0.0,0,0.0,0.0,,0.0
1785329343.519992,08:00:27:a5:9e:2d,0,0,,,0,0.0,0,0.0,0.0,,0.0
1785329348.519992,08:00:27:5a:87:bc,0,0,,,0,0.0,0,0.0,0.0,,0.0
1785329348.519992,08:00:27:8a:0d:75,0,0,,,0,0.0,0,0.0,0.0,,0.0
1785329348.519992,08:00:27:a5:9e:2d,0,0,,,0,0.0,0,0.0,0.0,,0.0
1785329353.519992,08:00:27:5a:87:bc,0,0,,,0,0.0,0,0.0,0.0,,0.0
1785329353.519992,08:00:27:8a:0d:75,0,0,,,0,0.0,0,0.0,0.0,,0.0
1785329353.519992,08:00:27:a5:9e:2d,0,0,,,0,0.0,0,0.0,0.0,,0.0
1785329358.519992,08:00:27:5a:87:bc,0,0,,,0,0.0,0,0.0,0.0,,0.0
1785329358.519992,08:00:27:8a:0d:75,0,0,,,0,0.0,0,0.0,0.0,,0.0
1785329358.519992,08:00:27:a5:9e:2d,0,0,,,0,0.0,0,0.0,0.0,,0.0
1785329363.519992,08:00:27:5a:87:bc,0,0,,,0,0.0,0,0.0,0.0,,0.0
1785329363.519992,08:00:27:8a:0d:75,0,0,,,0,0.0,0,0.0,0.0,,0.0
1785329363.519992,08:00:27:a5:9e:2d,0,0,,,0,0.0,0,0.0,0.0,,0.0
1785329368.519992,08:00:27:5a:87:bc,0,0,,,0,0.0,0,0.0,0.0,,0.0
1785329368.519992,08:00:27:8a:0d:75,0,0,,,0,0.0,0,0.0,0.0,,0.0
1785329368.519992,08:00:27:a5:9e:2d,0,0,,,0,0.0,0,0.0,0.0,,0.0
1785329373.519992,08:00:27:5a:87:bc,0,0,,,0,0.0,0,0.0,0.0,,0.0
1785329373.519992,08:00:27:8a:0d:75,0,0,,,0,0.0,0,0.0,0.0,,0.0
1785329373.519992,08:00:27:a5:9e:2d,0,0,,,0,0.0,0,0.0,0.0,,0.0
1785329378.519992,08:00:27:5a:87:bc,0,0,,,0,0.0,0,0.0,0.0,,0.0
1785329378.519992,08:00:27:8a:0d:75,0,0,,,0,0.0,0,0.0,0.0,,0.0
1785329378.519992,08:00:27:a5:9e:2d,0,0,,,0,0.0,0,0.0,0.0,,0.0
1785329383.519992,08:00:27:5a:87:bc,0,0,,,0,0.0,0,0.0,0.0,,0.0
1785329383.519992,08:00:27:8a:0d:75,0,0,,,0,0.0,0,0.0,0.0,,0.0
1785329383.519992,08:00:27:a5:9e:2d,0,0,,,0,0.0,0,0.0,0.0,,0.0
1785329388.519992,08:00:27:5a:87:bc,0,0,,,0,0.0,0,0.0,0.0,,0.0
1785329388.519992,08:00:27:8a:0d:75,0,0,,,0,0.0,0,0.0,0.0,,0.0
1785329388.519992,08:00:27:a5:9e:2d,0,0,,,0,0.0,0,0.0,0.0,,0.0
1785329393.519992,08:00:27:5a:87:bc,0,0,,,0,0.0,0,0.0,0.0,,0.0
1785329393.519992,08:00:27:8a:0d:75,0,0,,,0,0.0,0,0.0,0.0,,0.0
1785329393.519992,08:00:27:a5:9e:2d,0,0,,,0,0.0,0,0.0,0.0,,0.0
1785329398.519992,08:00:27:5a:87:bc,0,0,,,0,0.0,0,0.0,0.0,,0.0
1785329398.519992,08:00:27:8a:0d:75,0,0,,,0,0.0,0,0.0,0.0,,0.0
1785329398.519992,08:00:27:a5:9e:2d,0,0,,,0,0.0,0,0.0,0.0,,0.0
1785329403.519992,08:00:27:5a:87:bc,0,0,,,0,0.0,0,0.0,0.0,,0.0
1785329403.519992,08:00:27:8a:0d:75,0,0,,,0,0.0,0,0.0,0.0,,0.0
1785329403.519992,08:00:27:a5:9e:2d,0,0,,,0,0.0,0,0.0,0.0,,0.0
1785329408.519992,08:00:27:5a:87:bc,0,0,,,0,0.0,0,0.0,0.0,,0.0
1785329408.519992,08:00:27:8a:0d:75,0,0,,,0,0.0,0,0.0,0.0,,0.0
1785329408.519992,08:00:27:a5:9e:2d,0,0,,,0,0.0,0,0.0,0.0,,0.0
1785329413.519992,08:00:27:5a:87:bc,0,0,,,0,0.0,0,0.0,0.0,,0.0
1785329413.519992,08:00:27:8a:0d:75,0,0,,,0,0.0,0,0.0,0.0,,0.0
1785329413.519992,08:00:27:a5:9e:2d,0,0,,,0,0.0,0,0.0,0.0,,0.0
1785329418.519992,08:00:27:5a:87:bc,0,0,,,0,0.0,0,0.0,0.0,,0.0
1785329418.519992,08:00:27:8a:0d:75,0,0,,,0,0.0,0,0.0,0.0,,0.0
1785329418.519992,08:00:27:a5:9e:2d,0,0,,,0,0.0,0,0.0,0.0,,0.0
1785329423.519992,08:00:27:5a:87:bc,0,0,,,0,0.0,0,0.0,0.0,,0.0
1785329423.519992,08:00:27:8a:0d:75,0,0,,,0,0.0,0,0.0,0.0,,0.0
1785329423.519992,08:00:27:a5:9e:2d,0,0,,,0,0.0,0,0.0,0.0,,0.0
1785329428.519992,08:00:27:5a:87:bc,0,0,,,0,0.0,0,0.0,0.0,,0.0
1785329428.519992,08:00:27:8a:0d:75,0,0,,,0,0.0,0,0.0,0.0,,0.0
1785329428.519992,08:00:27:a5:9e:2d,0,0,,,0,0.0,0,0.0,0.0,,0.0
1785329433.519992,08:00:27:5a:87:bc,0,0,,,0,0.0,0,0.0,0.0,,0.0
1785329433.519992,08:00:27:8a:0d:75,0,0,,,0,0.0,0,0.0,0.0,,0.0
1785329433.519992,08:00:27:a5:9e:2d,0,0,,,0,0.0,0,0.0,0.0,,0.0
1785329438.519992,08:00:27:5a:87:bc,0,0,,,0,0.0,0,0.0,0.0,,0.0
1785329438.519992,08:00:27:8a:0d:75,0,0,,,0,0.0,0,0.0,0.0,,0.0
1785329438.519992,08:00:27:a5:9e:2d,0,0,,,0,0.0,0,0.0,0.0,,0.0
1785329443.519992,08:00:27:5a:87:bc,0,0,,,0,0.0,0,0.0,0.0,,0.0
1785329443.519992,08:00:27:8a:0d:75,0,0,,,0,0.0,0,0.0,0.0,,0.0
1785329443.519992,08:00:27:a5:9e:2d,0,0,,,0,0.0,0,0.0,0.0,,0.0
1785329448.519992,08:00:27:5a:87:bc,0,0,,,0,0.0,0,0.0,0.0,,0.0
1785329448.519992,08:00:27:8a:0d:75,0,0,,,0,0.0,0,0.0,0.0,,0.0
1785329448.519992,08:00:27:a5:9e:2d,0,0,,,0,0.0,0,0.0,0.0,,0.0
1785329453.519992,08:00:27:5a:87:bc,0,0,,,0,0.0,0,0.0,0.0,,0.0
1785329453.519992,08:00:27:8a:0d:75,0,0,,,0,0.0,0,0.0,0.0,,0.0
1785329453.519992,08:00:27:a5:9e:2d,0,0,,,0,0.0,0,0.0,0.0,,0.0
1785329458.519992,08:00:27:5a:87:bc,0,0,,,0,0.0,0,0.0,0.0,,0.0
1785329458.519992,08:00:27:8a:0d:75,0,0,,,0,0.0,0,0.0,0.0,,0.0
1785329458.519992,08:00:27:a5:9e:2d,0,0,,,0,0.0,0,0.0,0.0,,0.0
1785329463.519992,08:00:27:5a:87:bc,0,0,,,0,0.0,0,0.0,0.0,,0.0
1785329463.519992,08:00:27:8a:0d:75,0,0,,,0,0.0,0,0.0,0.0,,0.0
1785329463.519992,08:00:27:a5:9e:2d,0,0,,,0,0.0,0,0.0,0.0,,0.0
1785329468.519992,08:00:27:5a:87:bc,0,0,,,0,0.0,0,0.0,0.0,,0.0
1785329468.519992,08:00:27:8a:0d:75,0,0,,,0,0.0,0,0.0,0.0,,0.0
1785329468.519992,08:00:27:a5:9e:2d,0,0,,,0,0.0,0,0.0,0.0,,0.0
1785329473.519992,08:00:27:5a:87:bc,0,0,,,0,0.0,0,0.0,0.0,,0.0
1785329473.519992,08:00:27:8a:0d:75,0,0,,,0,0.0,0,0.0,0.0,,0.0
1785329473.519992,08:00:27:a5:9e:2d,0,0,,,0,0.0,0,0.0,0.0,,0.0
1785329478.519992,08:00:27:5a:87:bc,0,0,,,0,0.0,0,0.0,0.0,,0.0
1785329478.519992,08:00:27:8a:0d:75,0,0,,,0,0.0,0,0.0,0.0,,0.0
1785329478.519992,08:00:27:a5:9e:2d,0,0,,,0,0.0,0,0.0,0.0,,0.0
1785329483.519992,08:00:27:5a:87:bc,0,0,,,0,0.0,0,0.0,0.0,,0.0
1785329483.519992,08:00:27:8a:0d:75,0,0,,,0,0.0,0,0.0,0.0,,0.0
1785329483.519992,08:00:27:a5:9e:2d,0,0,,,0,0.0,0,0.0,0.0,,0.0
1785329488.519992,08:00:27:5a:87:bc,0,0,,,0,0.0,0,0.0,0.0,,0.0
1785329488.519992,08:00:27:8a:0d:75,0,0,,,0,0.0,0,0.0,0.0,,0.0
1785329488.519992,08:00:27:a5:9e:2d,0,0,,,0,0.0,0,0.0,0.0,,0.0
1785329493.519992,08:00:27:5a:87:bc,0,0,,,0,0.0,0,0.0,0.0,,0.0
1785329493.519992,08:00:27:8a:0d:75,0,0,,,0,0.0,0,0.0,0.0,,0.0
1785329493.519992,08:00:27:a5:9e:2d,0,0,,,0,0.0,0,0.0,0.0,,0.0
1785329498.519992,08:00:27:5a:87:bc,0,0,,,0,0.0,0,0.0,0.0,,0.0
1785329498.519992,08:00:27:8a:0d:75,0,0,,,0,0.0,0,0.0,0.0,,0.0
1785329498.519992,08:00:27:a5:9e:2d,0,0,,,0,0.0,0,0.0,0.0,,0.0
1785329503.519992,08:00:27:5a:87:bc,0,0,,,0,0.0,0,0.0,0.0,,0.0
1785329503.519992,08:00:27:8a:0d:75,0,0,,,0,0.0,0,0.0,0.0,,0.0
1785329503.519992,08:00:27:a5:9e:2d,0,0,,,0,0.0,0,0.0,0.0,,0.0
1785329508.519992,08:00:27:5a:87:bc,0,0,,,0,0.0,0,0.0,0.0,,0.0
1785329508.519992,08:00:27:8a:0d:75,0,0,,,0,0.0,0,0.0,0.0,,0.0
1785329508.519992,08:00:27:a5:9e:2d,0,0,,,0,0.0,0,0.0,0.0,,0.0
1785329513.519992,08:00:27:5a:87:bc,0,0,,,0,0.0,0,0.0,0.0,,0.0
1785329513.519992,08:00:27:8a:0d:75,0,0,,,0,0.0,0,0.0,0.0,,0.0
1785329513.519992,08:00:27:a5:9e:2d,0,0,,,0,0.0,0,0.0,0.0,,0.0
1785329518.519992,08:00:27:5a:87:bc,0,0,,,0,0.0,0,0.0,0.0,,0.0
1785329518.519992,08:00:27:8a:0d:75,0,0,,,0,0.0,0,0.0,0.0,,0.0
1785329518.519992,08:00:27:a5:9e:2d,0,0,,,0,0.0,0,0.0,0.0,,0.0
1785329523.519992,08:00:27:5a:87:bc,0,0,,,0,0.0,0,0.0,0.0,,0.0
1785329523.519992,08:00:27:8a:0d:75,0,0,,,0,0.0,0,0.0,0.0,,0.0
1785329523.519992,08:00:27:a5:9e:2d,0,0,,,0,0.0,0,0.0,0.0,,0.0
1785329528.519992,08:00:27:5a:87:bc,0,0,,,0,0.0,0,0.0,0.0,,0.0
1785329528.519992,08:00:27:8a:0d:75,0,0,,,0,0.0,0,0.0,0.0,,0.0
1785329528.519992,08:00:27:a5:9e:2d,0,0,,,0,0.0,0,0.0,0.0,,0.0
1785329533.519992,08:00:27:5a:87:bc,0,0,,,0,0.0,0,0.0,0.0,,0.0
1785329533.519992,08:00:27:8a:0d:75,0,0,,,0,0.0,0,0.0,0.0,,0.0
1785329533.519992,08:00:27:a5:9e:2d,0,0,,,0,0.0,0,0.0,0.0,,0.0
1785329538.519992,08:00:27:5a:87:bc,0,0,,,0,0.0,0,0.0,0.0,,0.0
1785329538.519992,08:00:27:8a:0d:75,0,0,,,0,0.0,0,0.0,0.0,,0.0
1785329538.519992,08:00:27:a5:9e:2d,0,0,,,0,0.0,0,0.0,0.0,,0.0
1785329543.519992,08:00:27:5a:87:bc,0,0,,,0,0.0,0,0.0,0.0,,0.0
1785329543.519992,08:00:27:8a:0d:75,0,0,,,0,0.0,0,0.0,0.0,,0.0
1785329543.519992,08:00:27:a5:9e:2d,0,0,,,0,0.0,0,0.0,0.0,,0.0
1785329548.519992,08:00:27:5a:87:bc,0,0,,,0,0.0,0,0.0,0.0,,0.0
1785329548.519992,08:00:27:8a:0d:75,0,0,,,0,0.0,0,0.0,0.0,,0.0
1785329548.519992,08:00:27:a5:9e:2d,0,0,,,0,0.0,0,0.0,0.0,,0.0
1785329553.519992,08:00:27:5a:87:bc,0,0,,,0,0.0,0,0.0,0.0,,0.0
1785329553.519992,08:00:27:8a:0d:75,0,0,,,0,0.0,0,0.0,0.0,,0.0
1785329553.519992,08:00:27:a5:9e:2d,0,0,,,0,0.0,0,0.0,0.0,,0.0
1785329558.519992,08:00:27:5a:87:bc,0,0,,,0,0.0,0,0.0,0.0,,0.0
1785329558.519992,08:00:27:8a:0d:75,0,0,,,0,0.0,0,0.0,0.0,,0.0
1785329558.519992,08:00:27:a5:9e:2d,0,0,,,0,0.0,0,0.0,0.0,,0.0
1785329563.519992,08:00:27:5a:87:bc,0,0,,,0,0.0,0,0.0,0.0,,0.0
1785329563.519992,08:00:27:8a:0d:75,0,0,,,0,0.0,0,0.0,0.0,,0.0
1785329563.519992,08:00:27:a5:9e:2d,0,0,,,0,0.0,0,0.0,0.0,,0.0
1785329568.519992,08:00:27:5a:87:bc,0,0,,,0,0.0,0,0.0,0.0,,0.0
1785329568.519992,08:00:27:8a:0d:75,0,0,,,0,0.0,0,0.0,0.0,,0.0
1785329568.519992,08:00:27:a5:9e:2d,0,0,,,0,0.0,0,0.0,0.0,,0.0
1785329573.519992,08:00:27:5a:87:bc,0,0,,,0,0.0,0,0.0,0.0,,0.0
1785329573.519992,08:00:27:8a:0d:75,0,0,,,0,0.0,0,0.0,0.0,,0.0
1785329573.519992,08:00:27:a5:9e:2d,0,0,,,0,0.0,0,0.0,0.0,,0.0
1785329578.519992,08:00:27:5a:87:bc,0,0,,,0,0.0,0,0.0,0.0,,0.0
1785329578.519992,08:00:27:8a:0d:75,0,0,,,0,0.0,0,0.0,0.0,,0.0
1785329578.519992,08:00:27:a5:9e:2d,0,0,,,0,0.0,0,0.0,0.0,,0.0
1785329583.519992,08:00:27:5a:87:bc,0,0,,,0,0.0,0,0.0,0.0,,0.0
1785329583.519992,08:00:27:8a:0d:75,0,0,,,0,0.0,0,0.0,0.0,,0.0
1785329583.519992,08:00:27:a5:9e:2d,0,0,,,0,0.0,0,0.0,0.0,,0.0
1785329588.519992,08:00:27:5a:87:bc,0,0,,,0,0.0,0,0.0,0.0,,0.0
1785329588.519992,08:00:27:8a:0d:75,0,0,,,0,0.0,0,0.0,0.0,,0.0
1785329588.519992,08:00:27:a5:9e:2d,0,0,,,0,0.0,0,0.0,0.0,,0.0
1785329593.519992,08:00:27:5a:87:bc,0,0,,,0,0.0,0,0.0,0.0,,0.0
1785329593.519992,08:00:27:8a:0d:75,0,0,,,0,0.0,0,0.0,0.0,,0.0
1785329593.519992,08:00:27:a5:9e:2d,0,0,,,0,0.0,0,0.0,0.0,,0.0
1785329598.519992,08:00:27:5a:87:bc,0,0,,,0,0.0,0,0.0,0.0,,0.0
1785329598.519992,08:00:27:8a:0d:75,0,0,,,0,0.0,0,0.0,0.0,,0.0
1785329598.519992,08:00:27:a5:9e:2d,0,0,,,0,0.0,0,0.0,0.0,,0.0
1785329603.519992,08:00:27:5a:87:bc,0,0,,,0,0.0,0,0.0,0.0,,0.0
1785329603.519992,08:00:27:8a:0d:75,0,0,,,0,0.0,0,0.0,0.0,,0.0
1785329603.519992,08:00:27:a5:9e:2d,0,0,,,0,0.0,0,0.0,0.0,,0.0
1785329608.519992,08:00:27:5a:87:bc,0,0,,,0,0.0,0,0.0,0.0,,0.0
1785329608.519992,08:00:27:8a:0d:75,0,0,,,0,0.0,0,0.0,0.0,,0.0
1785329608.519992,08:00:27:a5:9e:2d,0,0,,,0,0.0,0,0.0,0.0,,0.0
1785329613.519992,08:00:27:5a:87:bc,0,0,,,0,0.0,0,0.0,0.0,,0.0
1785329613.519992,08:00:27:8a:0d:75,0,0,,,0,0.0,0,0.0,0.0,,0.0
1785329613.519992,08:00:27:a5:9e:2d,0,0,,,0,0.0,0,0.0,0.0,,0.0
1785329618.519992,08:00:27:5a:87:bc,0,0,,,0,0.0,0,0.0,0.0,,0.0
1785329618.519992,08:00:27:8a:0d:75,0,0,,,0,0.0,0,0.0,0.0,,0.0
1785329618.519992,08:00:27:a5:9e:2d,0,0,,,0,0.0,0,0.0,0.0,,0.0
1785329623.519992,08:00:27:5a:87:bc,0,0,,,0,0.0,0,0.0,0.0,,0.0
1785329623.519992,08:00:27:8a:0d:75,0,0,,,0,0.0,0,0.0,0.0,,0.0
1785329623.519992,08:00:27:a5:9e:2d,0,0,,,0,0.0,0,0.0,0.0,,0.0
1785329628.519992,08:00:27:5a:87:bc,0,0,,,0,0.0,0,0.0,0.0,,0.0
1785329628.519992,08:00:27:8a:0d:75,0,0,,,0,0.0,0,0.0,0.0,,0.0
1785329628.519992,08:00:27:a5:9e:2d,0,0,,,0,0.0,0,0.0,0.0,,0.0
1785329633.519992,08:00:27:5a:87:bc,0,0,,,0,0.0,0,0.0,0.0,,0.0
1785329633.519992,08:00:27:8a:0d:75,0,0,,,0,0.0,0,0.0,0.0,,0.0
1785329633.519992,08:00:27:a5:9e:2d,0,0,,,0,0.0,0,0.0,0.0,,0.0
1785329638.519992,08:00:27:5a:87:bc,0,0,,,0,0.0,0,0.0,0.0,,0.0
1785329638.519992,08:00:27:8a:0d:75,0,0,,,0,0.0,0,0.0,0.0,,0.0
1785329638.519992,08:00:27:a5:9e:2d,0,0,,,0,0.0,0,0.0,0.0,,0.0
1785329643.519992,08:00:27:5a:87:bc,0,0,,,0,0.0,0,0.0,0.0,,0.0
1785329643.519992,08:00:27:8a:0d:75,0,0,,,0,0.0,0,0.0,0.0,,0.0
1785329643.519992,08:00:27:a5:9e:2d,0,0,,,0,0.0,0,0.0,0.0,,0.0
1785329648.519992,08:00:27:5a:87:bc,0,0,,,0,0.0,0,0.0,0.0,,0.0
1785329648.519992,08:00:27:8a:0d:75,0,0,,,0,0.0,0,0.0,0.0,,0.0
1785329648.519992,08:00:27:a5:9e:2d,0,0,,,0,0.0,0,0.0,0.0,,0.0
1785329653.519992,08:00:27:5a:87:bc,0,0,,,0,0.0,0,0.0,0.0,,0.0
1785329653.519992,08:00:27:8a:0d:75,0,0,,,0,0.0,0,0.0,0.0,,0.0
1785329653.519992,08:00:27:a5:9e:2d,0,0,,,0,0.0,0,0.0,0.0,,0.0
1785329658.519992,08:00:27:5a:87:bc,0,0,,,0,0.0,0,0.0,0.0,,0.0
1785329658.519992,08:00:27:8a:0d:75,0,0,,,0,0.0,0,0.0,0.0,,0.0
1785329658.519992,08:00:27:a5:9e:2d,0,0,,,0,0.0,0,0.0,0.0,,0.0
1785329663.519992,08:00:27:5a:87:bc,0,0,,,0,0.0,0,0.0,0.0,,0.0
1785329663.519992,08:00:27:8a:0d:75,0,0,,,0,0.0,0,0.0,0.0,,0.0
1785329663.519992,08:00:27:a5:9e:2d,0,0,,,0,0.0,0,0.0,0.0,,0.0
1785329668.519992,08:00:27:5a:87:bc,0,0,,,0,0.0,0,0.0,0.0,,0.0
1785329668.519992,08:00:27:8a:0d:75,0,0,,,0,0.0,0,0.0,0.0,,0.0
1785329668.519992,08:00:27:a5:9e:2d,0,0,,,0,0.0,0,0.0,0.0,,0.0
1785329673.519992,08:00:27:5a:87:bc,0,0,,,0,0.0,0,0.0,0.0,,0.0
1785329673.519992,08:00:27:8a:0d:75,0,0,,,0,0.0,0,0.0,0.0,,0.0
1785329673.519992,08:00:27:a5:9e:2d,0,0,,,0,0.0,0,0.0,0.0,,0.0
1785329678.519992,08:00:27:5a:87:bc,0,0,,,0,0.0,0,0.0,0.0,,0.0
1785329678.519992,08:00:27:8a:0d:75,0,0,,,0,0.0,0,0.0,0.0,,0.0
1785329678.519992,08:00:27:a5:9e:2d,0,0,,,0,0.0,0,0.0,0.0,,0.0
1785329683.519992,08:00:27:5a:87:bc,0,0,,,0,0.0,0,0.0,0.0,,0.0
1785329683.519992,08:00:27:8a:0d:75,0,0,,,0,0.0,0,0.0,0.0,,0.0
1785329683.519992,08:00:27:a5:9e:2d,0,0,,,0,0.0,0,0.0,0.0,,0.0
1785329688.519992,08:00:27:5a:87:bc,0,0,,,0,0.0,0,0.0,0.0,,0.0
1785329688.519992,08:00:27:8a:0d:75,0,0,,,0,0.0,0,0.0,0.0,,0.0
1785329688.519992,08:00:27:a5:9e:2d,0,0,,,0,0.0,0,0.0,0.0,,0.0
1785329693.519992,08:00:27:5a:87:bc,0,0,,,0,0.0,0,0.0,0.0,,0.0
1785329693.519992,08:00:27:8a:0d:75,0,0,,,0,0.0,0,0.0,0.0,,0.0
1785329693.519992,08:00:27:a5:9e:2d,0,0,,,0,0.0,0,0.0,0.0,,0.0
1785329698.519992,08:00:27:5a:87:bc,0,0,,,0,0.0,0,0.0,0.0,,0.0
1785329698.519992,08:00:27:8a:0d:75,0,0,,,0,0.0,0,0.0,0.0,,0.0
1785329698.519992,08:00:27:a5:9e:2d,0,0,,,0,0.0,0,0.0,0.0,,0.0
1785329703.519992,08:00:27:5a:87:bc,0,0,,,0,0.0,0,0.0,0.0,,0.0
1785329703.519992,08:00:27:8a:0d:75,0,0,,,0,0.0,0,0.0,0.0,,0.0
1785329703.519992,08:00:27:a5:9e:2d,0,0,,,0,0.0,0,0.0,0.0,,0.0
1785329708.519992,08:00:27:5a:87:bc,0,0,,,0,0.0,0,0.0,0.0,,0.0
1785329708.519992,08:00:27:8a:0d:75,0,0,,,0,0.0,0,0.0,0.0,,0.0
1785329708.519992,08:00:27:a5:9e:2d,0,0,,,0,0.0,0,0.0,0.0,,0.0
1785329713.519992,08:00:27:5a:87:bc,0,0,,,0,0.0,0,0.0,0.0,,0.0
1785329713.519992,08:00:27:8a:0d:75,0,0,,,0,0.0,0,0.0,0.0,,0.0
1785329713.519992,08:00:27:a5:9e:2d,0,0,,,0,0.0,0,0.0,0.0,,0.0
1785329718.519992,08:00:27:5a:87:bc,0,0,,,0,0.0,0,0.0,0.0,,0.0
1785329718.519992,08:00:27:8a:0d:75,0,0,,,0,0.0,0,0.0,0.0,,0.0
1785329718.519992,08:00:27:a5:9e:2d,0,0,,,0,0.0,0,0.0,0.0,,0.0
1785329723.519992,08:00:27:5a:87:bc,0,0,,,0,0.0,0,0.0,0.0,,0.0
1785329723.519992,08:00:27:8a:0d:75,0,0,,,0,0.0,0,0.0,0.0,,0.0
1785329723.519992,08:00:27:a5:9e:2d,0,0,,,0,0.0,0,0.0,0.0,,0.0
1785329728.519992,08:00:27:5a:87:bc,0,0,,,0,0.0,0,0.0,0.0,,0.0
1785329728.519992,08:00:27:8a:0d:75,0,0,,,0,0.0,0,0.0,0.0,,0.0
1785329728.519992,08:00:27:a5:9e:2d,0,0,,,0,0.0,0,0.0,0.0,,0.0
1785329733.519992,08:00:27:5a:87:bc,0,0,,,0,0.0,0,0.0,0.0,,0.0
1785329733.519992,08:00:27:8a:0d:75,0,0,,,0,0.0,0,0.0,0.0,,0.0
1785329733.519992,08:00:27:a5:9e:2d,0,0,,,0,0.0,0,0.0,0.0,,0.0
1785329738.519992,08:00:27:5a:87:bc,0,0,,,0,0.0,0,0.0,0.0,,0.0
1785329738.519992,08:00:27:8a:0d:75,0,0,,,0,0.0,0,0.0,0.0,,0.0
1785329738.519992,08:00:27:a5:9e:2d,0,0,,,0,0.0,0,0.0,0.0,,0.0
1785329743.519992,08:00:27:5a:87:bc,0,0,,,0,0.0,0,0.0,0.0,,0.0
1785329743.519992,08:00:27:8a:0d:75,0,0,,,0,0.0,0,0.0,0.0,,0.0
1785329743.519992,08:00:27:a5:9e:2d,0,0,,,0,0.0,0,0.0,0.0,,0.0
1785329748.519992,08:00:27:5a:87:bc,0,0,,,0,0.0,0,0.0,0.0,,0.0
1785329748.519992,08:00:27:8a:0d:75,0,0,,,0,0.0,0,0.0,0.0,,0.0
1785329748.519992,08:00:27:a5:9e:2d,0,0,,,0,0.0,0,0.0,0.0,,0.0
1785329753.519992,08:00:27:5a:87:bc,0,0,,,0,0.0,0,0.0,0.0,,0.0
1785329753.519992,08:00:27:8a:0d:75,0,0,,,0,0.0,0,0.0,0.0,,0.0
1785329753.519992,08:00:27:a5:9e:2d,0,0,,,0,0.0,0,0.0,0.0,,0.0
1785329758.519992,08:00:27:5a:87:bc,0,0,,,0,0.0,0,0.0,0.0,,0.0
1785329758.519992,08:00:27:8a:0d:75,0,0,,,0,0.0,0,0.0,0.0,,0.0
1785329758.519992,08:00:27:a5:9e:2d,0,0,,,0,0.0,0,0.0,0.0,,0.0
1785329763.519992,08:00:27:5a:87:bc,0,0,,,0,0.0,0,0.0,0.0,,0.0
1785329763.519992,08:00:27:8a:0d:75,0,0,,,0,0.0,0,0.0,0.0,,0.0
1785329763.519992,08:00:27:a5:9e:2d,0,0,,,0,0.0,0,0.0,0.0,,0.0
1785329768.519992,08:00:27:5a:87:bc,0,0,,,0,0.0,0,0.0,0.0,,0.0
1785329768.519992,08:00:27:8a:0d:75,0,0,,,0,0.0,0,0.0,0.0,,0.0
1785329768.519992,08:00:27:a5:9e:2d,0,0,,,0,0.0,0,0.0,0.0,,0.0
1785329773.519992,08:00:27:5a:87:bc,0,0,,,0,0.0,0,0.0,0.0,,0.0
1785329773.519992,08:00:27:8a:0d:75,0,0,,,0,0.0,0,0.0,0.0,,0.0
1785329773.519992,08:00:27:a5:9e:2d,0,0,,,0,0.0,0,0.0,0.0,,0.0
1785329778.519992,08:00:27:5a:87:bc,0,0,,,0,0.0,0,0.0,0.0,,0.0
1785329778.519992,08:00:27:8a:0d:75,0,0,,,0,0.0,0,0.0,0.0,,0.0
1785329778.519992,08:00:27:a5:9e:2d,0,0,,,0,0.0,0,0.0,0.0,,0.0
1785329783.519992,08:00:27:5a:87:bc,0,0,,,0,0.0,0,0.0,0.0,,0.0
1785329783.519992,08:00:27:8a:0d:75,0,0,,,0,0.0,0,0.0,0.0,,0.0
1785329783.519992,08:00:27:a5:9e:2d,0,0,,,0,0.0,0,0.0,0.0,,0.0
1785329788.519992,08:00:27:5a:87:bc,0,0,,,0,0.0,0,0.0,0.0,,0.0
1785329788.519992,08:00:27:8a:0d:75,0,0,,,0,0.0,0,0.0,0.0,,0.0
1785329788.519992,08:00:27:a5:9e:2d,0,0,,,0,0.0,0,0.0,0.0,,0.0
1785329793.519992,08:00:27:5a:87:bc,0,0,,,0,0.0,0,0.0,0.0,,0.0
1785329793.519992,08:00:27:8a:0d:75,0,0,,,0,0.0,0,0.0,0.0,,0.0
1785329793.519992,08:00:27:a5:9e:2d,0,0,,,0,0.0,0,0.0,0.0,,0.0
1785329798.519992,08:00:27:5a:87:bc,0,0,,,0,0.0,0,0.0,0.0,,0.0
1785329798.519992,08:00:27:8a:0d:75,0,0,,,0,0.0,0,0.0,0.0,,0.0
1785329798.519992,08:00:27:a5:9e:2d,0,0,,,0,0.0,0,0.0,0.0,,0.0
1785329803.519992,08:00:27:5a:87:bc,0,0,,,0,0.0,0,0.0,0.0,,0.0
1785329803.519992,08:00:27:8a:0d:75,0,0,,,0,0.0,0,0.0,0.0,,0.0
1785329803.519992,08:00:27:a5:9e:2d,0,0,,,0,0.0,0,0.0,0.0,,0.0
1785329808.519992,08:00:27:5a:87:bc,0,0,,,0,0.0,0,0.0,0.0,,0.0
1785329808.519992,08:00:27:8a:0d:75,0,0,,,0,0.0,0,0.0,0.0,,0.0
1785329808.519992,08:00:27:a5:9e:2d,0,0,,,0,0.0,0,0.0,0.0,,0.0
1785329813.519992,08:00:27:5a:87:bc,0,0,,,0,0.0,0,0.0,0.0,,0.0
1785329813.519992,08:00:27:8a:0d:75,0,0,,,0,0.0,0,0.0,0.0,,0.0
1785329813.519992,08:00:27:a5:9e:2d,0,0,,,0,0.0,0,0.0,0.0,,0.0
1785329818.519992,08:00:27:5a:87:bc,0,0,,,0,0.0,0,0.0,0.0,,0.0
1785329818.519992,08:00:27:8a:0d:75,0,0,,,0,0.0,0,0.0,0.0,,0.0
1785329818.519992,08:00:27:a5:9e:2d,0,0,,,0,0.0,0,0.0,0.0,,0.0
1785329823.519992,08:00:27:5a:87:bc,0,0,,,0,0.0,0,0.0,0.0,,0.0
1785329823.519992,08:00:27:8a:0d:75,0,0,,,0,0.0,0,0.0,0.0,,0.0
1785329823.519992,08:00:27:a5:9e:2d,0,0,,,0,0.0,0,0.0,0.0,,0.0
1785329828.519992,08:00:27:5a:87:bc,0,0,,,0,0.0,0,0.0,0.0,,0.0
1785329828.519992,08:00:27:8a:0d:75,0,0,,,0,0.0,0,0.0,0.0,,0.0
1785329828.519992,08:00:27:a5:9e:2d,0,0,,,0,0.0,0,0.0,0.0,,0.0
1785329833.519992,08:00:27:5a:87:bc,0,0,,,0,0.0,0,0.0,0.0,,0.0
1785329833.519992,08:00:27:8a:0d:75,0,0,,,0,0.0,0,0.0,0.0,,0.0
1785329833.519992,08:00:27:a5:9e:2d,0,0,,,0,0.0,0,0.0,0.0,,0.0
1785329838.519992,08:00:27:5a:87:bc,0,0,,,0,0.0,0,0.0,0.0,,0.0
1785329838.519992,08:00:27:8a:0d:75,0,0,,,0,0.0,0,0.0,0.0,,0.0
1785329838.519992,08:00:27:a5:9e:2d,0,0,,,0,0.0,0,0.0,0.0,,0.0
1785329843.519992,08:00:27:5a:87:bc,0,0,,,0,0.0,0,0.0,0.0,,0.0
1785329843.519992,08:00:27:8a:0d:75,0,0,,,0,0.0,0,0.0,0.0,,0.0
1785329843.519992,08:00:27:a5:9e:2d,0,0,,,0,0.0,0,0.0,0.0,,0.0
1785329848.519992,08:00:27:5a:87:bc,0,0,,,0,0.0,0,0.0,0.0,,0.0
1785329848.519992,08:00:27:8a:0d:75,0,0,,,0,0.0,0,0.0,0.0,,0.0
1785329848.519992,08:00:27:a5:9e:2d,0,0,,,0,0.0,0,0.0,0.0,,0.0
1785329853.519992,08:00:27:5a:87:bc,0,0,,,0,0.0,0,0.0,0.0,,0.0
1785329853.519992,08:00:27:8a:0d:75,0,0,,,0,0.0,0,0.0,0.0,,0.0
1785329853.519992,08:00:27:a5:9e:2d,0,0,,,0,0.0,0,0.0,0.0,,0.0
1785329858.519992,08:00:27:5a:87:bc,0,0,,,0,0.0,0,0.0,0.0,,0.0
1785329858.519992,08:00:27:8a:0d:75,0,0,,,0,0.0,0,0.0,0.0,,0.0
1785329858.519992,08:00:27:a5:9e:2d,0,0,,,0,0.0,0,0.0,0.0,,0.0
1785329863.519992,08:00:27:5a:87:bc,0,0,,,0,0.0,0,0.0,0.0,,0.0
1785329863.519992,08:00:27:8a:0d:75,0,0,,,0,0.0,0,0.0,0.0,,0.0
1785329863.519992,08:00:27:a5:9e:2d,0,0,,,0,0.0,0,0.0,0.0,,0.0
1785329868.519992,08:00:27:5a:87:bc,0,0,,,0,0.0,0,0.0,0.0,,0.0
1785329868.519992,08:00:27:8a:0d:75,0,0,,,0,0.0,0,0.0,0.0,,0.0
1785329868.519992,08:00:27:a5:9e:2d,0,0,,,0,0.0,0,0.0,0.0,,0.0
1785329873.519992,08:00:27:5a:87:bc,0,0,,,0,0.0,0,0.0,0.0,,0.0
1785329873.519992,08:00:27:8a:0d:75,0,0,,,0,0.0,0,0.0,0.0,,0.0
1785329873.519992,08:00:27:a5:9e:2d,0,0,,,0,0.0,0,0.0,0.0,,0.0
1785329878.519992,08:00:27:5a:87:bc,0,0,,,0,0.0,0,0.0,0.0,,0.0
1785329878.519992,08:00:27:8a:0d:75,0,0,,,0,0.0,0,0.0,0.0,,0.0
1785329878.519992,08:00:27:a5:9e:2d,0,0,,,0,0.0,0,0.0,0.0,,0.0
1785329883.519992,08:00:27:5a:87:bc,0,0,,,0,0.0,0,0.0,0.0,,0.0
1785329883.519992,08:00:27:8a:0d:75,0,0,,,0,0.0,0,0.0,0.0,,0.0
1785329883.519992,08:00:27:a5:9e:2d,0,0,,,0,0.0,0,0.0,0.0,,0.0
1785329888.519992,08:00:27:5a:87:bc,0,0,,,0,0.0,0,0.0,0.0,,0.0
1785329888.519992,08:00:27:8a:0d:75,0,0,,,0,0.0,0,0.0,0.0,,0.0
1785329888.519992,08:00:27:a5:9e:2d,0,0,,,0,0.0,0,0.0,0.0,,0.0
1785329893.519992,08:00:27:5a:87:bc,0,0,,,0,0.0,0,0.0,0.0,,0.0
1785329893.519992,08:00:27:8a:0d:75,0,0,,,0,0.0,0,0.0,0.0,,0.0
1785329893.519992,08:00:27:a5:9e:2d,0,0,,,0,0.0,0,0.0,0.0,,0.0
1785329898.519992,08:00:27:5a:87:bc,0,0,,,0,0.0,0,0.0,0.0,,0.0
1785329898.519992,08:00:27:8a:0d:75,0,0,,,0,0.0,0,0.0,0.0,,0.0
1785329898.519992,08:00:27:a5:9e:2d,0,0,,,0,0.0,0,0.0,0.0,,0.0
1785329903.519992,08:00:27:5a:87:bc,0,0,,,0,0.0,0,0.0,0.0,,0.0
1785329903.519992,08:00:27:8a:0d:75,0,0,,,0,0.0,0,0.0,0.0,,0.0
1785329903.519992,08:00:27:a5:9e:2d,0,0,,,0,0.0,0,0.0,0.0,,0.0
1785329908.519992,08:00:27:5a:87:bc,0,0,,,0,0.0,0,0.0,0.0,,0.0
1785329908.519992,08:00:27:8a:0d:75,0,0,,,0,0.0,0,0.0,0.0,,0.0
1785329908.519992,08:00:27:a5:9e:2d,0,0,,,0,0.0,0,0.0,0.0,,0.0
1785329913.519992,08:00:27:5a:87:bc,0,0,,,0,0.0,0,0.0,0.0,,0.0
1785329913.519992,08:00:27:8a:0d:75,0,0,,,0,0.0,0,0.0,0.0,,0.0
1785329913.519992,08:00:27:a5:9e:2d,0,0,,,0,0.0,0,0.0,0.0,,0.0
1785329918.519992,08:00:27:5a:87:bc,0,0,,,0,0.0,0,0.0,0.0,,0.0
1785329918.519992,08:00:27:8a:0d:75,0,0,,,0,0.0,0,0.0,0.0,,0.0
1785329918.519992,08:00:27:a5:9e:2d,0,0,,,0,0.0,0,0.0,0.0,,0.0
1785329923.519992,08:00:27:5a:87:bc,0,0,,,0,0.0,0,0.0,0.0,,0.0
1785329923.519992,08:00:27:8a:0d:75,0,0,,,0,0.0,0,0.0,0.0,,0.0
1785329923.519992,08:00:27:a5:9e:2d,0,0,,,0,0.0,0,0.0,0.0,,0.0
1785329928.519992,08:00:27:5a:87:bc,0,0,,,0,0.0,0,0.0,0.0,,0.0
1785329928.519992,08:00:27:8a:0d:75,0,0,,,0,0.0,0,0.0,0.0,,0.0
1785329928.519992,08:00:27:a5:9e:2d,0,0,,,0,0.0,0,0.0,0.0,,0.0
1785329933.519992,08:00:27:5a:87:bc,0,0,,,0,0.0,0,0.0,0.0,,0.0
1785329933.519992,08:00:27:8a:0d:75,0,0,,,0,0.0,0,0.0,0.0,,0.0
1785329933.519992,08:00:27:a5:9e:2d,0,0,,,0,0.0,0,0.0,0.0,,0.0
1785329938.519992,08:00:27:5a:87:bc,0,0,,,0,0.0,0,0.0,0.0,,0.0
1785329938.519992,08:00:27:8a:0d:75,0,0,,,0,0.0,0,0.0,0.0,,0.0
1785329938.519992,08:00:27:a5:9e:2d,0,0,,,0,0.0,0,0.0,0.0,,0.0
1785329943.519992,08:00:27:5a:87:bc,0,0,,,0,0.0,0,0.0,0.0,,0.0
1785329943.519992,08:00:27:8a:0d:75,0,0,,,0,0.0,0,0.0,0.0,,0.0
1785329943.519992,08:00:27:a5:9e:2d,0,0,,,0,0.0,0,0.0,0.0,,0.0
1785329948.519992,08:00:27:5a:87:bc,0,0,,,0,0.0,0,0.0,0.0,,0.0
1785329948.519992,08:00:27:8a:0d:75,0,0,,,0,0.0,0,0.0,0.0,,0.0
1785329948.519992,08:00:27:a5:9e:2d,0,0,,,0,0.0,0,0.0,0.0,,0.0
1785329953.519992,08:00:27:5a:87:bc,0,0,,,0,0.0,0,0.0,0.0,,0.0
1785329953.519992,08:00:27:8a:0d:75,0,0,,,0,0.0,0,0.0,0.0,,0.0
1785329953.519992,08:00:27:a5:9e:2d,0,0,,,0,0.0,0,0.0,0.0,,0.0
1785329958.519992,08:00:27:5a:87:bc,0,0,,,0,0.0,0,0.0,0.0,,0.0
1785329958.519992,08:00:27:8a:0d:75,0,0,,,0,0.0,0,0.0,0.0,,0.0
1785329958.519992,08:00:27:a5:9e:2d,0,0,,,0,0.0,0,0.0,0.0,,0.0
1785329963.519992,08:00:27:5a:87:bc,0,0,,,0,0.0,0,0.0,0.0,,0.0
1785329963.519992,08:00:27:8a:0d:75,0,0,,,0,0.0,0,0.0,0.0,,0.0
1785329963.519992,08:00:27:a5:9e:2d,0,0,,,0,0.0,0,0.0,0.0,,0.0
1785329968.519992,08:00:27:5a:87:bc,0,0,,,0,0.0,0,0.0,0.0,,0.0
1785329968.519992,08:00:27:8a:0d:75,0,0,,,0,0.0,0,0.0,0.0,,0.0
1785329968.519992,08:00:27:a5:9e:2d,0,0,,,0,0.0,0,0.0,0.0,,0.0
1785329973.519992,08:00:27:5a:87:bc,0,0,,,0,0.0,0,0.0,0.0,,0.0
1785329973.519992,08:00:27:8a:0d:75,0,0,,,0,0.0,0,0.0,0.0,,0.0
1785329973.519992,08:00:27:a5:9e:2d,0,0,,,0,0.0,0,0.0,0.0,,0.0
1785329978.519992,08:00:27:5a:87:bc,0,0,,,0,0.0,0,0.0,0.0,,0.0
1785329978.519992,08:00:27:8a:0d:75,0,0,,,0,0.0,0,0.0,0.0,,0.0
1785329978.519992,08:00:27:a5:9e:2d,0,0,,,0,0.0,0,0.0,0.0,,0.0
1785329983.519992,08:00:27:5a:87:bc,0,0,,,0,0.0,0,0.0,0.0,,0.0
1785329983.519992,08:00:27:8a:0d:75,0,0,,,0,0.0,0,0.0,0.0,,0.0
1785329983.519992,08:00:27:a5:9e:2d,0,0,,,0,0.0,0,0.0,0.0,,0.0
1785329988.519992,08:00:27:5a:87:bc,0,0,,,0,0.0,0,0.0,0.0,,0.0
1785329988.519992,08:00:27:8a:0d:75,0,0,,,0,0.0,0,0.0,0.0,,0.0
1785329988.519992,08:00:27:a5:9e:2d,0,0,,,0,0.0,0,0.0,0.0,,0.0
1785329993.519992,08:00:27:5a:87:bc,0,0,,,0,0.0,0,0.0,0.0,,0.0
1785329993.519992,08:00:27:8a:0d:75,0,0,,,0,0.0,0,0.0,0.0,,0.0
1785329993.519992,08:00:27:a5:9e:2d,0,0,,,0,0.0,0,0.0,0.0,,0.0
1785329998.519992,08:00:27:5a:87:bc,0,0,,,0,0.0,0,0.0,0.0,,0.0
1785329998.519992,08:00:27:8a:0d:75,0,0,,,0,0.0,0,0.0,0.0,,0.0
1785329998.519992,08:00:27:a5:9e:2d,0,0,,,0,0.0,0,0.0,0.0,,0.0
1785330003.519992,08:00:27:5a:87:bc,0,0,,,0,0.0,0,0.0,0.0,,0.0
1785330003.519992,08:00:27:8a:0d:75,0,0,,,0,0.0,0,0.0,0.0,,0.0
1785330003.519992,08:00:27:a5:9e:2d,0,0,,,0,0.0,0,0.0,0.0,,0.0
1785330008.519992,08:00:27:5a:87:bc,0,0,,,0,0.0,0,0.0,0.0,,0.0
1785330008.519992,08:00:27:8a:0d:75,0,0,,,0,0.0,0,0.0,0.0,,0.0
1785330008.519992,08:00:27:a5:9e:2d,0,0,,,0,0.0,0,0.0,0.0,,0.0
1785330013.519992,08:00:27:5a:87:bc,0,0,,,0,0.0,0,0.0,0.0,,0.0
1785330013.519992,08:00:27:8a:0d:75,0,0,,,0,0.0,0,0.0,0.0,,0.0
1785330013.519992,08:00:27:a5:9e:2d,0,0,,,0,0.0,0,0.0,0.0,,0.0
1785330018.519992,08:00:27:5a:87:bc,0,0,,,0,0.0,0,0.0,0.0,,0.0
1785330018.519992,08:00:27:8a:0d:75,0,0,,,0,0.0,0,0.0,0.0,,0.0
1785330018.519992,08:00:27:a5:9e:2d,0,0,,,0,0.0,0,0.0,0.0,,0.0
1785330023.519992,08:00:27:5a:87:bc,0,0,,,0,0.0,0,0.0,0.0,,0.0
1785330023.519992,08:00:27:8a:0d:75,0,0,,,0,0.0,0,0.0,0.0,,0.0
1785330023.519992,08:00:27:a5:9e:2d,0,0,,,0,0.0,0,0.0,0.0,,0.0
1785330028.519992,08:00:27:5a:87:bc,0,0,,,0,0.0,0,0.0,0.0,,0.0
1785330028.519992,08:00:27:8a:0d:75,0,0,,,0,0.0,0,0.0,0.0,,0.0
1785330028.519992,08:00:27:a5:9e:2d,0,0,,,0,0.0,0,0.0,0.0,,0.0
1785330033.519992,08:00:27:5a:87:bc,0,0,,,0,0.0,0,0.0,0.0,,0.0
1785330033.519992,08:00:27:8a:0d:75,0,0,,,0,0.0,0,0.0,0.0,,0.0
1785330033.519992,08:00:27:a5:9e:2d,0,0,,,0,0.0,0,0.0,0.0,,0.0
1785330038.519992,08:00:27:5a:87:bc,0,0,,,0,0.0,0,0.0,0.0,,0.0
1785330038.519992,08:00:27:8a:0d:75,0,0,,,0,0.0,0,0.0,0.0,,0.0
1785330038.519992,08:00:27:a5:9e:2d,0,0,,,0,0.0,0,0.0,0.0,,0.0
1785330043.519992,08:00:27:5a:87:bc,0,0,,,0,0.0,0,0.0,0.0,,0.0
1785330043.519992,08:00:27:8a:0d:75,0,0,,,0,0.0,0,0.0,0.0,,0.0
1785330043.519992,08:00:27:a5:9e:2d,0,0,,,0,0.0,0,0.0,0.0,,0.0
1785330048.519992,08:00:27:5a:87:bc,0,0,,,0,0.0,0,0.0,0.0,,0.0
1785330048.519992,08:00:27:8a:0d:75,0,0,,,0,0.0,0,0.0,0.0,,0.0
1785330048.519992,08:00:27:a5:9e:2d,0,0,,,0,0.0,0,0.0,0.0,,0.0
1785330053.519992,08:00:27:5a:87:bc,0,0,,,0,0.0,0,0.0,0.0,,0.0
1785330053.519992,08:00:27:8a:0d:75,0,0,,,0,0.0,0,0.0,0.0,,0.0
1785330053.519992,08:00:27:a5:9e:2d,0,0,,,0,0.0,0,0.0,0.0,,0.0
1785330058.519992,08:00:27:5a:87:bc,0,0,,,0,0.0,0,0.0,0.0,,0.0
1785330058.519992,08:00:27:8a:0d:75,0,0,,,0,0.0,0,0.0,0.0,,0.0
1785330058.519992,08:00:27:a5:9e:2d,0,0,,,0,0.0,0,0.0,0.0,,0.0
1785330063.519992,08:00:27:5a:87:bc,0,0,,,0,0.0,0,0.0,0.0,,0.0
1785330063.519992,08:00:27:8a:0d:75,0,0,,,0,0.0,0,0.0,0.0,,0.0
1785330063.519992,08:00:27:a5:9e:2d,0,0,,,0,0.0,0,0.0,0.0,,0.0
1785330068.519992,08:00:27:5a:87:bc,0,0,,,0,0.0,0,0.0,0.0,,0.0
1785330068.519992,08:00:27:8a:0d:75,0,0,,,0,0.0,0,0.0,0.0,,0.0
1785330068.519992,08:00:27:a5:9e:2d,0,0,,,0,0.0,0,0.0,0.0,,0.0
1785330073.519992,08:00:27:5a:87:bc,0,0,,,0,0.0,0,0.0,0.0,,0.0
1785330073.519992,08:00:27:8a:0d:75,0,0,,,0,0.0,0,0.0,0.0,,0.0
1785330073.519992,08:00:27:a5:9e:2d,0,0,,,0,0.0,0,0.0,0.0,,0.0
1785330078.519992,08:00:27:5a:87:bc,0,0,,,0,0.0,0,0.0,0.0,,0.0
1785330078.519992,08:00:27:8a:0d:75,0,0,,,0,0.0,0,0.0,0.0,,0.0
1785330078.519992,08:00:27:a5:9e:2d,0,0,,,0,0.0,0,0.0,0.0,,0.0
1785330083.519992,08:00:27:5a:87:bc,0,0,,,0,0.0,0,0.0,0.0,,0.0
1785330083.519992,08:00:27:8a:0d:75,0,0,,,0,0.0,0,0.0,0.0,,0.0
1785330083.519992,08:00:27:a5:9e:2d,0,0,,,0,0.0,0,0.0,0.0,,0.0
1785330088.519992,08:00:27:5a:87:bc,0,0,,,0,0.0,0,0.0,0.0,,0.0
1785330088.519992,08:00:27:8a:0d:75,0,0,,,0,0.0,0,0.0,0.0,,0.0
1785330088.519992,08:00:27:a5:9e:2d,0,0,,,0,0.0,0,0.0,0.0,,0.0
1785330093.519992,08:00:27:5a:87:bc,0,0,,,0,0.0,0,0.0,0.0,,0.0
1785330093.519992,08:00:27:8a:0d:75,0,0,,,0,0.0,0,0.0,0.0,,0.0
1785330093.519992,08:00:27:a5:9e:2d,0,0,,,0,0.0,0,0.0,0.0,,0.0
1785330098.519992,08:00:27:5a:87:bc,0,0,,,0,0.0,0,0.0,0.0,,0.0
1785330098.519992,08:00:27:8a:0d:75,0,0,,,0,0.0,0,0.0,0.0,,0.0
1785330098.519992,08:00:27:a5:9e:2d,0,0,,,0,0.0,0,0.0,0.0,,0.0
1785330103.519992,08:00:27:5a:87:bc,0,0,,,0,0.0,0,0.0,0.0,,0.0
1785330103.519992,08:00:27:8a:0d:75,0,0,,,0,0.0,0,0.0,0.0,,0.0
1785330103.519992,08:00:27:a5:9e:2d,0,0,,,0,0.0,0,0.0,0.0,,0.0
1785330108.519992,08:00:27:5a:87:bc,0,0,,,0,0.0,0,0.0,0.0,,0.0
1785330108.519992,08:00:27:8a:0d:75,0,0,,,0,0.0,0,0.0,0.0,,0.0
1785330108.519992,08:00:27:a5:9e:2d,0,0,,,0,0.0,0,0.0,0.0,,0.0
1785330113.519992,08:00:27:5a:87:bc,0,0,,,0,0.0,0,0.0,0.0,,0.0
1785330113.519992,08:00:27:8a:0d:75,0,0,,,0,0.0,0,0.0,0.0,,0.0
1785330113.519992,08:00:27:a5:9e:2d,0,0,,,0,0.0,0,0.0,0.0,,0.0
1785330118.519992,08:00:27:5a:87:bc,0,0,,,0,0.0,0,0.0,0.0,,0.0
1785330118.519992,08:00:27:8a:0d:75,0,0,,,0,0.0,0,0.0,0.0,,0.0
1785330118.519992,08:00:27:a5:9e:2d,0,0,,,0,0.0,0,0.0,0.0,,0.0
1785330123.519992,08:00:27:5a:87:bc,0,0,,,0,0.0,0,0.0,0.0,,0.0
1785330123.519992,08:00:27:8a:0d:75,0,0,,,0,0.0,0,0.0,0.0,,0.0
1785330123.519992,08:00:27:a5:9e:2d,0,0,,,0,0.0,0,0.0,0.0,,0.0
1785330128.519992,08:00:27:5a:87:bc,0,0,,,0,0.0,0,0.0,0.0,,0.0
1785330128.519992,08:00:27:8a:0d:75,0,0,,,0,0.0,0,0.0,0.0,,0.0
1785330128.519992,08:00:27:a5:9e:2d,0,0,,,0,0.0,0,0.0,0.0,,0.0
1785330133.519992,08:00:27:5a:87:bc,0,0,,,0,0.0,0,0.0,0.0,,0.0
1785330133.519992,08:00:27:8a:0d:75,0,0,,,0,0.0,0,0.0,0.0,,0.0
1785330133.519992,08:00:27:a5:9e:2d,0,0,,,0,0.0,0,0.0,0.0,,0.0
1785330138.519992,08:00:27:5a:87:bc,0,0,,,0,0.0,0,0.0,0.0,,0.0
1785330138.519992,08:00:27:8a:0d:75,0,0,,,0,0.0,0,0.0,0.0,,0.0
1785330138.519992,08:00:27:a5:9e:2d,0,0,,,0,0.0,0,0.0,0.0,,0.0
1785330143.519992,08:00:27:5a:87:bc,0,0,,,0,0.0,0,0.0,0.0,,0.0
1785330143.519992,08:00:27:8a:0d:75,0,0,,,0,0.0,0,0.0,0.0,,0.0
1785330143.519992,08:00:27:a5:9e:2d,0,0,,,0,0.0,0,0.0,0.0,,0.0
1785330148.519992,08:00:27:5a:87:bc,0,0,,,0,0.0,0,0.0,0.0,,0.0
1785330148.519992,08:00:27:8a:0d:75,0,0,,,0,0.0,0,0.0,0.0,,0.0
1785330148.519992,08:00:27:a5:9e:2d,0,0,,,0,0.0,0,0.0,0.0,,0.0
1785330153.519992,08:00:27:5a:87:bc,0,0,,,0,0.0,0,0.0,0.0,,0.0
1785330153.519992,08:00:27:8a:0d:75,0,0,,,0,0.0,0,0.0,0.0,,0.0
1785330153.519992,08:00:27:a5:9e:2d,0,0,,,0,0.0,0,0.0,0.0,,0.0
1785330158.519992,08:00:27:5a:87:bc,0,0,,,0,0.0,0,0.0,0.0,,0.0
1785330158.519992,08:00:27:8a:0d:75,0,0,,,0,0.0,0,0.0,0.0,,0.0
1785330158.519992,08:00:27:a5:9e:2d,0,0,,,0,0.0,0,0.0,0.0,,0.0
1785330163.519992,08:00:27:5a:87:bc,0,0,,,0,0.0,0,0.0,0.0,,0.0
1785330163.519992,08:00:27:8a:0d:75,0,0,,,0,0.0,0,0.0,0.0,,0.0
1785330163.519992,08:00:27:a5:9e:2d,0,0,,,0,0.0,0,0.0,0.0,,0.0
1785330168.519992,08:00:27:5a:87:bc,0,0,,,0,0.0,0,0.0,0.0,,0.0
1785330168.519992,08:00:27:8a:0d:75,0,0,,,0,0.0,0,0.0,0.0,,0.0
1785330168.519992,08:00:27:a5:9e:2d,0,0,,,0,0.0,0,0.0,0.0,,0.0
1785330173.519992,08:00:27:5a:87:bc,0,0,,,0,0.0,0,0.0,0.0,,0.0
1785330173.519992,08:00:27:8a:0d:75,0,0,,,0,0.0,0,0.0,0.0,,0.0
1785330173.519992,08:00:27:a5:9e:2d,0,0,,,0,0.0,0,0.0,0.0,,0.0
1785330178.519992,08:00:27:5a:87:bc,0,0,,,0,0.0,0,0.0,0.0,,0.0
1785330178.519992,08:00:27:8a:0d:75,0,0,,,0,0.0,0,0.0,0.0,,0.0
1785330178.519992,08:00:27:a5:9e:2d,0,0,,,0,0.0,0,0.0,0.0,,0.0
1785330183.519992,08:00:27:5a:87:bc,0,0,,,0,0.0,0,0.0,0.0,,0.0
1785330183.519992,08:00:27:8a:0d:75,0,0,,,0,0.0,0,0.0,0.0,,0.0
1785330183.519992,08:00:27:a5:9e:2d,0,0,,,0,0.0,0,0.0,0.0,,0.0
1785330188.519992,08:00:27:5a:87:bc,0,0,,,0,0.0,0,0.0,0.0,,0.0
1785330188.519992,08:00:27:8a:0d:75,0,0,,,0,0.0,0,0.0,0.0,,0.0
1785330188.519992,08:00:27:a5:9e:2d,0,0,,,0,0.0,0,0.0,0.0,,0.0
1785330193.519992,08:00:27:5a:87:bc,0,0,,,0,0.0,0,0.0,0.0,,0.0
1785330193.519992,08:00:27:8a:0d:75,0,0,,,0,0.0,0,0.0,0.0,,0.0
1785330193.519992,08:00:27:a5:9e:2d,0,0,,,0,0.0,0,0.0,0.0,,0.0
1785330198.519992,08:00:27:5a:87:bc,0,0,,,0,0.0,0,0.0,0.0,,0.0
1785330198.519992,08:00:27:8a:0d:75,0,0,,,0,0.0,0,0.0,0.0,,0.0
1785330198.519992,08:00:27:a5:9e:2d,0,0,,,0,0.0,0,0.0,0.0,,0.0
1785330203.519992,08:00:27:5a:87:bc,0,0,,,0,0.0,0,0.0,0.0,,0.0
1785330203.519992,08:00:27:8a:0d:75,0,0,,,0,0.0,0,0.0,0.0,,0.0
1785330203.519992,08:00:27:a5:9e:2d,0,0,,,0,0.0,0,0.0,0.0,,0.0
1785330208.519992,08:00:27:5a:87:bc,0,0,,,0,0.0,0,0.0,0.0,,0.0
1785330208.519992,08:00:27:8a:0d:75,0,0,,,0,0.0,0,0.0,0.0,,0.0
1785330208.519992,08:00:27:a5:9e:2d,0,0,,,0,0.0,0,0.0,0.0,,0.0
1785330213.519992,08:00:27:5a:87:bc,0,0,,,0,0.0,0,0.0,0.0,,0.0
1785330213.519992,08:00:27:8a:0d:75,0,0,,,0,0.0,0,0.0,0.0,,0.0
1785330213.519992,08:00:27:a5:9e:2d,0,0,,,0,0.0,0,0.0,0.0,,0.0
1785330218.519992,08:00:27:5a:87:bc,0,0,,,0,0.0,0,0.0,0.0,,0.0
1785330218.519992,08:00:27:8a:0d:75,0,0,,,0,0.0,0,0.0,0.0,,0.0
1785330218.519992,08:00:27:a5:9e:2d,0,0,,,0,0.0,0,0.0,0.0,,0.0
1785330223.519992,08:00:27:5a:87:bc,0,0,,,0,0.0,0,0.0,0.0,,0.0
1785330223.519992,08:00:27:8a:0d:75,0,0,,,0,0.0,0,0.0,0.0,,0.0
1785330223.519992,08:00:27:a5:9e:2d,0,0,,,0,0.0,0,0.0,0.0,,0.0
1785330228.519992,08:00:27:5a:87:bc,0,0,,,0,0.0,0,0.0,0.0,,0.0
1785330228.519992,08:00:27:8a:0d:75,0,0,,,0,0.0,0,0.0,0.0,,0.0
1785330228.519992,08:00:27:a5:9e:2d,0,0,,,0,0.0,0,0.0,0.0,,0.0
1785330233.519992,08:00:27:5a:87:bc,0,0,,,0,0.0,0,0.0,0.0,,0.0
1785330233.519992,08:00:27:8a:0d:75,0,0,,,0,0.0,0,0.0,0.0,,0.0
1785330233.519992,08:00:27:a5:9e:2d,0,0,,,0,0.0,0,0.0,0.0,,0.0
1785330238.519992,08:00:27:5a:87:bc,0,0,,,0,0.0,0,0.0,0.0,,0.0
1785330238.519992,08:00:27:8a:0d:75,0,0,,,0,0.0,0,0.0,0.0,,0.0
1785330238.519992,08:00:27:a5:9e:2d,0,0,,,0,0.0,0,0.0,0.0,,0.0
1785330243.519992,08:00:27:5a:87:bc,0,0,,,0,0.0,0,0.0,0.0,,0.0
1785330243.519992,08:00:27:8a:0d:75,0,0,,,0,0.0,0,0.0,0.0,,0.0
1785330243.519992,08:00:27:a5:9e:2d,0,0,,,0,0.0,0,0.0,0.0,,0.0
1785330248.519992,08:00:27:5a:87:bc,0,0,,,0,0.0,0,0.0,0.0,,0.0
1785330248.519992,08:00:27:8a:0d:75,0,0,,,0,0.0,0,0.0,0.0,,0.0
1785330248.519992,08:00:27:a5:9e:2d,0,0,,,0,0.0,0,0.0,0.0,,0.0
1785330253.519992,08:00:27:5a:87:bc,0,0,,,0,0.0,0,0.0,0.0,,0.0
1785330253.519992,08:00:27:8a:0d:75,0,0,,,0,0.0,0,0.0,0.0,,0.0
1785330253.519992,08:00:27:a5:9e:2d,0,0,,,0,0.0,0,0.0,0.0,,0.0
1785330258.519992,08:00:27:5a:87:bc,0,0,,,0,0.0,0,0.0,0.0,,0.0
1785330258.519992,08:00:27:8a:0d:75,0,0,,,0,0.0,0,0.0,0.0,,0.0
1785330258.519992,08:00:27:a5:9e:2d,0,0,,,0,0.0,0,0.0,0.0,,0.0
1785330263.519992,08:00:27:5a:87:bc,0,0,,,0,0.0,0,0.0,0.0,,0.0
1785330263.519992,08:00:27:8a:0d:75,0,0,,,0,0.0,0,0.0,0.0,,0.0
1785330263.519992,08:00:27:a5:9e:2d,0,0,,,0,0.0,0,0.0,0.0,,0.0
1785330268.519992,08:00:27:5a:87:bc,0,0,,,0,0.0,0,0.0,0.0,,0.0
1785330268.519992,08:00:27:8a:0d:75,0,0,,,0,0.0,0,0.0,0.0,,0.0
1785330268.519992,08:00:27:a5:9e:2d,0,0,,,0,0.0,0,0.0,0.0,,0.0
1785330273.519992,08:00:27:5a:87:bc,0,0,,,0,0.0,0,0.0,0.0,,0.0
1785330273.519992,08:00:27:8a:0d:75,0,0,,,0,0.0,0,0.0,0.0,,0.0
1785330273.519992,08:00:27:a5:9e:2d,0,0,,,0,0.0,0,0.0,0.0,,0.0
1785330278.519992,08:00:27:5a:87:bc,0,0,,,0,0.0,0,0.0,0.0,,0.0
1785330278.519992,08:00:27:8a:0d:75,0,0,,,0,0.0,0,0.0,0.0,,0.0
1785330278.519992,08:00:27:a5:9e:2d,0,0,,,0,0.0,0,0.0,0.0,,0.0
1785330283.519992,08:00:27:5a:87:bc,0,0,,,0,0.0,0,0.0,0.0,,0.0
1785330283.519992,08:00:27:8a:0d:75,0,0,,,0,0.0,0,0.0,0.0,,0.0
1785330283.519992,08:00:27:a5:9e:2d,0,0,,,0,0.0,0,0.0,0.0,,0.0
1785330288.519992,08:00:27:5a:87:bc,0,0,,,0,0.0,0,0.0,0.0,,0.0
1785330288.519992,08:00:27:8a:0d:75,0,0,,,0,0.0,0,0.0,0.0,,0.0
1785330288.519992,08:00:27:a5:9e:2d,0,0,,,0,0.0,0,0.0,0.0,,0.0
1785330293.519992,08:00:27:5a:87:bc,0,0,,,0,0.0,0,0.0,0.0,,0.0
1785330293.519992,08:00:27:8a:0d:75,0,0,,,0,0.0,0,0.0,0.0,,0.0
1785330293.519992,08:00:27:a5:9e:2d,0,0,,,0,0.0,0,0.0,0.0,,0.0
1785330298.519992,08:00:27:5a:87:bc,0,0,,,0,0.0,0,0.0,0.0,,0.0
1785330298.519992,08:00:27:8a:0d:75,0,0,,,0,0.0,0,0.0,0.0,,0.0
1785330298.519992,08:00:27:a5:9e:2d,0,0,,,0,0.0,0,0.0,0.0,,0.0
1785330303.519992,08:00:27:5a:87:bc,0,0,,,0,0.0,0,0.0,0.0,,0.0
1785330303.519992,08:00:27:8a:0d:75,0,0,,,0,0.0,0,0.0,0.0,,0.0
1785330303.519992,08:00:27:a5:9e:2d,0,0,,,0,0.0,0,0.0,0.0,,0.0
1785330308.519992,08:00:27:5a:87:bc,0,0,,,0,0.0,0,0.0,0.0,,0.0
1785330308.519992,08:00:27:8a:0d:75,0,0,,,0,0.0,0,0.0,0.0,,0.0
1785330308.519992,08:00:27:a5:9e:2d,0,0,,,0,0.0,0,0.0,0.0,,0.0
1785330313.519992,08:00:27:5a:87:bc,0,0,,,0,0.0,0,0.0,0.0,,0.0
1785330313.519992,08:00:27:8a:0d:75,0,0,,,0,0.0,0,0.0,0.0,,0.0
1785330313.519992,08:00:27:a5:9e:2d,0,0,,,0,0.0,0,0.0,0.0,,0.0
1785330318.519992,08:00:27:5a:87:bc,0,0,,,0,0.0,0,0.0,0.0,,0.0
1785330318.519992,08:00:27:8a:0d:75,0,0,,,0,0.0,0,0.0,0.0,,0.0
1785330318.519992,08:00:27:a5:9e:2d,0,0,,,0,0.0,0,0.0,0.0,,0.0
1785330323.519992,08:00:27:5a:87:bc,0,0,,,0,0.0,0,0.0,0.0,,0.0
1785330323.519992,08:00:27:8a:0d:75,0,0,,,0,0.0,0,0.0,0.0,,0.0
1785330323.519992,08:00:27:a5:9e:2d,0,0,,,0,0.0,0,0.0,0.0,,0.0
1785330328.519992,08:00:27:5a:87:bc,0,0,,,0,0.0,0,0.0,0.0,,0.0
1785330328.519992,08:00:27:8a:0d:75,5,452,0.7592667937278748,0.3610499260229533,1,0.2,0,0.0,0.0,,1.0
1785330328.519992,08:00:27:a5:9e:2d,5,452,0.7593207359313965,0.36092368970235716,0,0.0,1,0.2,0.0,0.0001277327537536621,1.0
1785330333.519992,08:00:27:5a:87:bc,0,0,,,0,0.0,0,0.0,0.0,,0.0
1785330333.519992,08:00:27:8a:0d:75,5,490,1.0151302814483643,0.008624179700702402,0,0.0,0,0.0,0.0,,1.0
1785330333.519992,08:00:27:a5:9e:2d,5,490,1.015103042125702,0.008647965058275815,0,0.0,0,0.0,0.0,0.0001366138458251953,1.0
1785330338.519992,08:00:27:5a:87:bc,0,0,,,0,0.0,0,0.0,0.0,,0.0
1785330338.519992,08:00:27:8a:0d:75,6,560,0.8113765716552734,0.3127433680559095,0,0.0,0,0.0,0.16666666666666666,,1.1428571428571428
1785330338.519992,08:00:27:a5:9e:2d,5,490,1.0142430067062378,0.008042933860706333,0,0.0,0,0.0,0.0,8.640289306640624e-05,1.0
1785330343.519992,08:00:27:5a:87:bc,0,0,,,0,0.0,0,0.0,0.0,,0.0
1785330343.519992,08:00:27:8a:0d:75,5,490,1.011408507823944,0.007200158880122478,0,0.0,0,0.0,0.0,,1.0
1785330343.519992,08:00:27:a5:9e:2d,5,490,1.0149660110473633,0.008364620771975683,0,0.0,0,0.0,0.0,0.002965974807739258,1.0
1785330348.519992,08:00:27:5a:87:bc,0,0,,,0,0.0,0,0.0,0.0,,0.0
1785330348.519992,08:00:27:8a:0d:75,5,490,1.016216516494751,0.009413121670177585,0,0.0,0,0.0,0.0,,1.0
1785330348.519992,08:00:27:a5:9e:2d,5,490,1.0151517391204834,0.008302079934234286,0,0.0,0,0.0,0.0,0.0009767532348632813,1.0
1785330353.519992,08:00:27:5a:87:bc,0,0,,,0,0.0,0,0.0,0.0,,0.0
1785330353.519992,08:00:27:8a:0d:75,5,490,1.013987958431244,0.007777159536839486,0,0.0,0,0.0,0.0,,1.0
1785330353.519992,08:00:27:a5:9e:2d,5,490,1.0139602422714233,0.007775278230758221,0,0.0,0,0.0,0.0,8.616447448730468e-05,1.0
1785330358.519992,08:00:27:5a:87:bc,0,0,,,0,0.0,0,0.0,0.0,,0.0
1785330358.519992,08:00:27:8a:0d:75,6,550,0.812005615234375,0.3769409713586322,1,0.2,0,0.0,0.0,,1.0
1785330358.519992,08:00:27:a5:9e:2d,6,550,0.8120196342468262,0.37678358069086404,0,0.0,1,0.2,0.0,0.00014858245849609376,1.0
1785330363.519992,08:00:27:5a:87:bc,0,0,,,0,0.0,0,0.0,0.0,,0.0
1785330363.519992,08:00:27:8a:0d:75,6,550,0.8128694057464599,0.3382400493251922,0,0.0,1,0.2,0.0,,1.0
1785330363.519992,08:00:27:a5:9e:2d,6,550,0.8128647804260254,0.33820607562442606,1,0.2,0,0.0,0.0,0.00010409355163574219,1.0
1785330368.519992,08:00:27:5a:87:bc,0,0,,,0,0.0,0,0.0,0.0,,0.0
1785330368.519992,08:00:27:8a:0d:75,5,490,1.015965759754181,0.008723944053928135,0,0.0,0,0.0,0.0,,1.0
1785330368.519992,08:00:27:a5:9e:2d,5,490,1.0159757733345032,0.008739508318241433,0,0.0,0,0.0,0.0,9.469985961914062e-05,1.0
1785330373.519992,08:00:27:5a:87:bc,0,0,,,0,0.0,0,0.0,0.0,,0.0
1785330373.519992,08:00:27:8a:0d:75,5,490,1.0467707514762878,0.055934224235311955,0,0.0,0,0.0,0.0,,1.0
1785330373.519992,08:00:27:a5:9e:2d,5,490,1.0160334706306458,0.006381912675034476,0,0.0,0,0.0,0.0,0.024707221984863283,1.0
1785330378.519992,08:00:27:5a:87:bc,0,0,,,0,0.0,0,0.0,0.0,,0.0
1785330378.519992,08:00:27:8a:0d:75,5,490,1.0171284675598145,0.009579426289172386,0,0.0,0,0.0,0.0,,1.0
1785330378.519992,08:00:27:a5:9e:2d,5,490,1.0171589851379395,0.009560498981314601,0,0.0,0,0.0,0.0,4.1437149047851565e-05,1.0
1785330383.519992,08:00:27:5a:87:bc,0,0,,,0,0.0,0,0.0,0.0,,0.0
1785330383.519992,08:00:27:8a:0d:75,5,452,0.7600135207176208,0.436433141348549,1,0.2,0,0.0,0.0,,1.0
1785330383.519992,08:00:27:a5:9e:2d,5,452,0.7600192427635193,0.436541519007372,0,0.0,1,0.2,0.0,0.0016597509384155273,1.0
1785330388.519992,08:00:27:5a:87:bc,0,0,,,0,0.0,0,0.0,0.0,,0.0
1785330388.519992,08:00:27:8a:0d:75,5,490,1.0159775018692017,0.008412037963015505,0,0.0,0,0.0,0.0,,1.0
1785330388.519992,08:00:27:a5:9e:2d,5,490,1.0159922242164612,0.00849136549101975,0,0.0,0,0.0,0.0,7.963180541992188e-05,1.0
1785330393.519992,08:00:27:5a:87:bc,0,0,,,0,0.0,0,0.0,0.0,,0.0
1785330393.519992,08:00:27:8a:0d:75,5,490,1.0160334706306458,0.010055880751004779,0,0.0,0,0.0,0.0,,1.0
1785330393.519992,08:00:27:a5:9e:2d,5,490,1.0160292983055115,0.010064684770779814,0,0.0,0,0.0,0.0,8.301734924316406e-05,1.0
1785330398.519992,08:00:27:5a:87:bc,0,0,,,0,0.0,0,0.0,0.0,,0.0
1785330398.519992,08:00:27:8a:0d:75,5,490,1.016090750694275,0.008610928049803264,0,0.0,0,0.0,0.0,,1.0
1785330398.519992,08:00:27:a5:9e:2d,5,490,1.016090750694275,0.008577730668718121,0,0.0,0,0.0,0.0,3.5190582275390624e-05,1.0
1785330403.519992,08:00:27:5a:87:bc,0,0,,,0,0.0,0,0.0,0.0,,0.0
1785330403.519992,08:00:27:8a:0d:75,6,550,0.8448303699493408,0.34270520936114196,0,0.0,1,0.2,0.0,,1.0
1785330403.519992,08:00:27:a5:9e:2d,6,550,0.8448328018188477,0.34263935067064055,1,0.2,0,0.0,0.0,0.0001709461212158203,1.0
1785330408.519992,08:00:27:5a:87:bc,0,0,,,0,0.0,0,0.0,0.0,,0.0
1785330408.519992,08:00:27:8a:0d:75,5,490,1.013561725616455,0.00750506869934499,0,0.0,0,0.0,0.0,,1.0
1785330408.519992,08:00:27:a5:9e:2d,5,490,1.0160567164421082,0.008873667300560712,0,0.0,0,0.0,0.0,0.0022146224975585936,1.0
1785330413.519992,08:00:27:5a:87:bc,0,0,,,0,0.0,0,0.0,0.0,,0.0
1785330413.519992,08:00:27:8a:0d:75,6,550,0.8063199996948243,0.32174133017742323,1,0.2,0,0.0,0.0,,1.0
1785330413.519992,08:00:27:a5:9e:2d,6,550,0.8063338279724122,0.3219668778541883,0,0.0,1,0.2,0.0,0.0007197380065917969,1.0
1785330418.519992,08:00:27:5a:87:bc,0,0,,,0,0.0,0,0.0,0.0,,0.0
1785330418.519992,08:00:27:8a:0d:75,0,0,,,0,0.0,0,0.0,0.0,,0.0
1785330418.519992,08:00:27:a5:9e:2d,0,0,,,0,0.0,0,0.0,0.0,,0.0
1785330423.519992,08:00:27:5a:87:bc,0,0,,,0,0.0,0,0.0,0.0,,0.0
1785330423.519992,08:00:27:8a:0d:75,0,0,,,0,0.0,0,0.0,0.0,,0.0
1785330423.519992,08:00:27:a5:9e:2d,0,0,,,0,0.0,0,0.0,0.0,,0.0
1785330428.519992,08:00:27:5a:87:bc,0,0,,,0,0.0,0,0.0,0.0,,0.0
1785330428.519992,08:00:27:8a:0d:75,0,0,,,0,0.0,0,0.0,0.0,,0.0
1785330428.519992,08:00:27:a5:9e:2d,0,0,,,0,0.0,0,0.0,0.0,,0.0
1785330433.519992,08:00:27:5a:87:bc,0,0,,,0,0.0,0,0.0,0.0,,0.0
1785330433.519992,08:00:27:8a:0d:75,0,0,,,0,0.0,0,0.0,0.0,,0.0
1785330433.519992,08:00:27:a5:9e:2d,0,0,,,0,0.0,0,0.0,0.0,,0.0
1785330438.519992,08:00:27:5a:87:bc,0,0,,,0,0.0,0,0.0,0.0,,0.0
1785330438.519992,08:00:27:8a:0d:75,0,0,,,0,0.0,0,0.0,0.0,,0.0
1785330438.519992,08:00:27:a5:9e:2d,0,0,,,0,0.0,0,0.0,0.0,,0.0
1785330443.519992,08:00:27:5a:87:bc,0,0,,,0,0.0,0,0.0,0.0,,0.0
1785330443.519992,08:00:27:8a:0d:75,0,0,,,0,0.0,0,0.0,0.0,,0.0
1785330443.519992,08:00:27:a5:9e:2d,0,0,,,0,0.0,0,0.0,0.0,,0.0
1785330448.519992,08:00:27:5a:87:bc,22,1210,0.10146414665948778,0.08219994535133159,13,2.6,3,0.6,0.8636363636363636,,10.0
1785330448.519992,08:00:27:8a:0d:75,4,392,1.0155146916707356,0.009059096309245574,0,0.0,0,0.0,0.0,,1.0
1785330448.519992,08:00:27:a5:9e:2d,4,392,1.0155239899953206,0.00905022331562729,0,0.0,0,0.0,0.0,7.456541061401367e-05,0.6853146853146853
1785330453.519992,08:00:27:5a:87:bc,57,2768,0.0863288938999176,0.04602574762218627,44,8.8,9,1.8,0.8070175438596491,,9.226666666666667
1785330453.519992,08:00:27:8a:0d:75,8,740,0.5830647264208112,0.4778855228577767,0,0.0,1,0.2,0.125,,0.9002433090024331
1785330453.519992,08:00:27:a5:9e:2d,6,610,0.8163020133972168,0.29586254940750645,0,0.0,0,0.0,0.0,9.655952453613281e-05,0.691609977324263
1785330458.519992,08:00:27:5a:87:bc,63,2938,0.07948496649342199,0.04115479893215925,51,10.2,10,2.0,0.8253968253968254,,48.96666666666667
1785330458.519992,08:00:27:8a:0d:75,5,490,1.0189632773399353,0.009175121327687705,0,0.0,0,0.0,0.0,,0.620253164556962
1785330458.519992,08:00:27:a5:9e:2d,6,550,0.8151804447174072,0.29061972484057597,0,0.0,1,0.2,0.0,9.622573852539063e-05,0.6610576923076923
1785330463.519992,08:00:27:5a:87:bc,59,2658,0.0827582416863277,0.041814589954105426,49,9.8,10,2.0,0.8305084745762712,,10.0
1785330463.519992,08:00:27:8a:0d:75,5,490,1.0190057754516602,0.008750025795422302,0,0.0,0,0.0,0.0,,0.620253164556962
1785330463.519992,08:00:27:a5:9e:2d,5,490,1.0189857482910156,0.008782780998802269,0,0.0,0,0.0,0.0,0.0001461505889892578,0.620253164556962
1785330468.519992,08:00:27:5a:87:bc,62,2896,0.08036400060184666,0.03889861499940156,50,10.0,10,2.0,0.8387096774193549,,10.0
1785330468.519992,08:00:27:8a:0d:75,5,490,1.018620252609253,0.009104319557686893,0,0.0,0,0.0,0.0,,0.620253164556962
1785330468.519992,08:00:27:a5:9e:2d,5,490,1.0186577439308167,0.009114297140719287,0,0.0,0,0.0,0.0,0.0002736091613769531,0.620253164556962
1785330473.519992,08:00:27:5a:87:bc,59,2658,0.08366691655126111,0.039691662498883395,49,9.8,10,2.0,0.8305084745762712,,10.0
1785330473.519992,08:00:27:8a:0d:75,6,550,0.8151132106781006,0.3784990727889151,1,0.2,0,0.0,0.0,,0.6470588235294118
1785330473.519992,08:00:27:a5:9e:2d,6,550,0.8151412010192871,0.3783558764488751,0,0.0,1,0.2,0.0,0.00016183853149414061,0.6470588235294118
1785330478.519992,08:00:27:5a:87:bc,62,2896,0.08047980558676798,0.04034480748110911,50,10.0,10,2.0,0.8387096774193549,,10.0
1785330478.519992,08:00:27:8a:0d:75,5,490,1.0184232592582703,0.00858902593088282,0,0.0,0,0.0,0.0,,0.620253164556962
1785330478.519992,08:00:27:a5:9e:2d,5,490,1.0201070308685303,0.008821104574594663,0,0.0,0,0.0,0.0,0.0014592647552490235,0.620253164556962
1785330483.519992,08:00:27:5a:87:bc,59,2658,0.08434924174999368,0.036492733271649105,49,9.8,10,2.0,0.8305084745762712,,10.0
1785330483.519992,08:00:27:8a:0d:75,5,490,1.017964780330658,0.008482732010184265,0,0.0,0,0.0,0.0,,0.620253164556962
1785330483.519992,08:00:27:a5:9e:2d,5,490,1.017965018749237,0.008455594608400703,0,0.0,0,0.0,0.0,0.00011801719665527344,0.620253164556962
1785330488.519992,08:00:27:5a:87:bc,60,2700,0.08397401793528411,0.039038830384903696,50,10.0,10,2.0,0.8333333333333334,,10.0
1785330488.519992,08:00:27:8a:0d:75,6,550,0.8282063961029053,0.38215238420897535,0,0.0,1,0.2,0.0,,0.6470588235294118
1785330488.519992,08:00:27:a5:9e:2d,6,550,0.8282375812530518,0.38212502184060954,1,0.2,0,0.0,0.0,0.00014739036560058595,0.6470588235294118
1785330493.519992,08:00:27:5a:87:bc,59,2658,0.08439620609941154,0.03625956809112372,49,9.8,10,2.0,0.8305084745762712,,10.0
1785330493.519992,08:00:27:8a:0d:75,5,490,1.0187620520591736,0.008966160012168356,0,0.0,0,0.0,0.0,,0.620253164556962
1785330493.519992,08:00:27:a5:9e:2d,5,490,1.0187687277793884,0.008993503448107603,0,0.0,0,0.0,0.0,0.00011339187622070313,0.620253164556962
1785330498.519992,08:00:27:5a:87:bc,62,2896,0.08130178686048163,0.04113591046171389,50,10.0,10,2.0,0.8387096774193549,,10.0
1785330498.519992,08:00:27:8a:0d:75,5,452,0.7690257430076599,0.4208014380962095,1,0.2,0,0.0,0.0,,0.601063829787234
1785330498.519992,08:00:27:a5:9e:2d,5,452,0.7690337300300598,0.4209628343757004,0,0.0,1,0.2,0.0,0.00010627508163452148,0.601063829787234
1785330503.519992,08:00:27:5a:87:bc,59,2658,0.08464755272043162,0.03856396065528362,49,9.8,10,2.0,0.8305084745762712,,10.0
1785330503.519992,08:00:27:8a:0d:75,5,490,1.020235002040863,0.006406924455660275,0,0.0,0,0.0,0.0,,0.620253164556962
1785330503.519992,08:00:27:a5:9e:2d,5,490,1.0202385187149048,0.006399110151541504,0,0.0,0,0.0,0.0,0.00012974739074707032,0.620253164556962
1785330508.519992,08:00:27:5a:87:bc,60,2700,0.0840454222792286,0.03733344379292716,50,10.0,10,2.0,0.8333333333333334,,10.0
1785330508.519992,08:00:27:8a:0d:75,5,490,1.0224804878234863,0.006126822873182428,0,0.0,0,0.0,0.0,,0.620253164556962
1785330508.519992,08:00:27:a5:9e:2d,5,490,1.021140456199646,0.005025664359564769,0,0.0,0,0.0,0.0,0.001216888427734375,0.620253164556962
1785330513.519992,08:00:27:5a:87:bc,56,2478,0.0884773080999201,0.03327466301393534,49,9.8,7,1.4,0.875,,10.0
1785330513.519992,08:00:27:8a:0d:75,6,550,0.8165977954864502,0.36201803754187406,0,0.0,1,0.2,0.0,,0.7534246575342466
1785330513.519992,08:00:27:a5:9e:2d,6,550,0.8165919780731201,0.36199397729384963,1,0.2,0,0.0,0.0,0.00012764930725097656,0.6962025316455697
1785330518.519992,08:00:27:5a:87:bc,55,2400,0.09245124128129747,0.03036413640841683,50,10.0,5,1.0,0.9090909090909091,,10.0
1785330518.519992,08:00:27:8a:0d:75,5,490,1.021184265613556,0.004923330191459318,0,0.0,0,0.0,0.0,,1.0
1785330518.519992,08:00:27:a5:9e:2d,5,490,1.0211294889450073,0.004952223781722859,0,0.0,0,0.0,0.0,0.00015740394592285157,0.620253164556962
1785330523.519992,08:00:27:5a:87:bc,54,2408,0.09300536029743699,0.03442574436456855,48,9.6,5,1.0,0.9074074074074074,,10.0
1785330523.519992,08:00:27:8a:0d:75,5,490,1.020994246006012,0.006693143608934428,0,0.0,0,0.0,0.0,,1.0
1785330523.519992,08:00:27:a5:9e:2d,5,490,1.021029531955719,0.005427034488658881,0,0.0,0,0.0,0.0,0.0011856555938720703,0.620253164556962
1785330528.519992,08:00:27:5a:87:bc,16,864,0.2638741334279378,0.2129892782497884,8,1.6,4,0.8,0.75,,10.0
1785330528.519992,08:00:27:8a:0d:75,6,550,0.8167932033538818,0.3360303969730363,1,0.2,0,0.0,0.0,,1.0
1785330528.519992,08:00:27:a5:9e:2d,6,550,0.8167759895324707,0.3358807378231883,0,0.0,1,0.2,0.0,0.00010061264038085938,0.6962025316455697
1785330533.519992,08:00:27:5a:87:bc,0,0,,,0,0.0,0,0.0,0.0,,0.0
1785330533.519992,08:00:27:8a:0d:75,5,490,1.0203577876091003,0.006489137080020949,0,0.0,0,0.0,0.0,,1.0
1785330533.519992,08:00:27:a5:9e:2d,5,490,1.0203567743301392,0.006527842711631063,0,0.0,0,0.0,0.0,9.660720825195312e-05,1.0
1785330538.519992,08:00:27:5a:87:bc,0,0,,,0,0.0,0,0.0,0.0,,0.0
1785330538.519992,08:00:27:8a:0d:75,0,0,,,0,0.0,0,0.0,0.0,,0.0
1785330538.519992,08:00:27:a5:9e:2d,0,0,,,0,0.0,0,0.0,0.0,,0.0
1785330543.519992,08:00:27:5a:87:bc,0,0,,,0,0.0,0,0.0,0.0,,0.0
1785330543.519992,08:00:27:8a:0d:75,0,0,,,0,0.0,0,0.0,0.0,,0.0
1785330543.519992,08:00:27:a5:9e:2d,0,0,,,0,0.0,0,0.0,0.0,,0.0
1785330548.519992,08:00:27:5a:87:bc,0,0,,,0,0.0,0,0.0,0.0,,0.0
1785330548.519992,08:00:27:8a:0d:75,0,0,,,0,0.0,0,0.0,0.0,,0.0
1785330548.519992,08:00:27:a5:9e:2d,0,0,,,0,0.0,0,0.0,0.0,,0.0
1785330553.519992,08:00:27:5a:87:bc,0,0,,,0,0.0,0,0.0,0.0,,0.0
1785330553.519992,08:00:27:8a:0d:75,0,0,,,0,0.0,0,0.0,0.0,,0.0
1785330553.519992,08:00:27:a5:9e:2d,0,0,,,0,0.0,0,0.0,0.0,,0.0
1785330558.519992,08:00:27:5a:87:bc,0,0,,,0,0.0,0,0.0,0.0,,0.0
1785330558.519992,08:00:27:8a:0d:75,0,0,,,0,0.0,0,0.0,0.0,,0.0
1785330558.519992,08:00:27:a5:9e:2d,0,0,,,0,0.0,0,0.0,0.0,,0.0
1785330563.519992,08:00:27:5a:87:bc,0,0,,,0,0.0,0,0.0,0.0,,0.0
1785330563.519992,08:00:27:8a:0d:75,0,0,,,0,0.0,0,0.0,0.0,,0.0
1785330563.519992,08:00:27:a5:9e:2d,0,0,,,0,0.0,0,0.0,0.0,,0.0
1785330568.519992,08:00:27:5a:87:bc,13,834,0.17271792888641357,0.3031507777233062,3,0.6,4,0.8,0.38461538461538464,0.0006237626075744629,2.2180851063829787
1785330568.519992,08:00:27:8a:0d:75,8,632,0.4433198315756662,0.39114855419685934,0,0.0,3,0.6,0.0,,0.9905956112852664
1785330568.519992,08:00:27:a5:9e:2d,7,572,0.5168830156326294,0.3704396669059745,1,0.2,1,0.2,0.0,0.0001133282979329427,0.896551724137931
1785330573.519992,08:00:27:5a:87:bc,16,1232,0.26734765370686847,0.37215007415260415,0,0.0,6,1.2,0.0,0.0011964797973632812,1.2571428571428571
1785330573.519992,08:00:27:8a:0d:75,5,490,1.002059280872345,0.002349225329420352,0,0.0,0,0.0,0.0,,0.7954545454545454
1785330573.519992,08:00:27:a5:9e:2d,5,490,1.002321720123291,0.0020880270051586917,0,0.0,0,0.0,0.0,,0.7954545454545454
1785330578.519992,08:00:27:5a:87:bc,10,980,0.44588057200113934,0.49631179489042376,0,0.0,0,0.0,0.0,0.0011275529861450196,1.0
1785330578.519992,08:00:27:8a:0d:75,5,490,1.0028517246246338,0.002134274347886229,0,0.0,0,0.0,0.0,,1.0
1785330578.519992,08:00:27:a5:9e:2d,5,490,1.002693772315979,0.002215734701550789,0,0.0,0,0.0,0.0,,1.0
1785330583.519992,08:00:27:5a:87:bc,10,980,0.44565921359592015,0.49618369094397413,0,0.0,0,0.0,0.0,0.001090836524963379,1.0
1785330583.519992,08:00:27:8a:0d:75,5,490,1.002464771270752,0.0014976487789625133,0,0.0,0,0.0,0.0,,1.0
1785330583.519992,08:00:27:a5:9e:2d,5,490,1.0020959973335266,0.0019886025427875422,0,0.0,0,0.0,0.0,,1.0
1785330588.519992,08:00:27:5a:87:bc,10,980,0.44566411442226833,0.49617058472840103,0,0.0,0,0.0,0.0,0.0010747671127319335,1.0
1785330588.519992,08:00:27:8a:0d:75,5,490,1.0022119879722595,0.002700316382708825,0,0.0,0,0.0,0.0,,1.0
1785330588.519992,08:00:27:a5:9e:2d,5,490,1.002145767211914,0.002862349088605028,0,0.0,0,0.0,0.0,,1.0
1785330593.519992,08:00:27:5a:87:bc,10,980,0.4459418985578749,0.4959436549231363,0,0.0,0,0.0,0.0,0.001317596435546875,1.0
1785330593.519992,08:00:27:8a:0d:75,5,490,1.002356469631195,0.0025125676343085773,0,0.0,0,0.0,0.0,,1.0
1785330593.519992,08:00:27:a5:9e:2d,5,490,1.0024244785308838,0.002011262003701511,0,0.0,0,0.0,0.0,,1.0
1785330598.519992,08:00:27:5a:87:bc,11,1022,0.4010322093963623,0.4769122501900355,0,0.0,1,0.2,0.0,0.001174592971801758,0.9826923076923076
1785330598.519992,08:00:27:8a:0d:75,5,490,1.0021012425422668,0.001836119582756531,0,0.0,0,0.0,0.0,,1.0
1785330598.519992,08:00:27:a5:9e:2d,6,550,0.8017037868499756,0.3698004975312054,1,0.2,0,0.0,0.0,,1.0338345864661653
1785330603.519992,08:00:27:5a:87:bc,13,1106,0.3340025742848714,0.428516154418491,0,0.0,3,0.6,0.0,0.0011363267898559571,1.0634615384615385
1785330603.519992,08:00:27:8a:0d:75,6,550,0.8011879920959473,0.3657662562531966,1,0.2,0,0.0,0.0,,0.9581881533101045
1785330603.519992,08:00:27:a5:9e:2d,5,490,1.0014097094535828,0.002333345034266129,0,0.0,0,0.0,0.0,,0.9210526315789473
1785330608.519992,08:00:27:5a:87:bc,10,980,0.44522009955512154,0.4955535970563198,0,0.0,0,0.0,0.0,0.0011295795440673829,1.0
1785330608.519992,08:00:27:8a:0d:75,5,490,1.0012304782867432,0.0015950953016192807,0,0.0,0,0.0,0.0,,1.0
1785330608.519992,08:00:27:a5:9e:2d,5,490,1.001584768295288,0.0022114934631202224,0,0.0,0,0.0,0.0,,1.0
1785330613.519992,08:00:27:5a:87:bc,12,1064,0.3644579974087802,0.46350159942924885,2,0.4,0,0.0,0.0,0.0011435508728027343,0.9672727272727273
1785330613.519992,08:00:27:8a:0d:75,6,550,0.8014088153839112,0.3527863406720409,0,0.0,1,0.2,0.0,,1.0338345864661653
1785330613.519992,08:00:27:a5:9e:2d,6,550,0.8013535976409912,0.3533434855608602,0,0.0,1,0.2,0.0,,1.0338345864661653
1785330618.519992,08:00:27:5a:87:bc,10,980,0.44551534122890896,0.49564902748405515,0,0.0,0,0.0,0.0,0.0012340307235717773,1.0
1785330618.519992,08:00:27:8a:0d:75,5,490,1.0019007921218872,0.0030491937985273037,0,0.0,0,0.0,0.0,,1.0
1785330618.519992,08:00:27:a5:9e:2d,5,490,1.0017282962799072,0.001997899247506239,0,0.0,0,0.0,0.0,,1.0
1785330623.519992,08:00:27:5a:87:bc,10,980,0.4452981154123942,0.49506357514829347,0,0.0,0,0.0,0.0,0.0013860702514648438,1.0
1785330623.519992,08:00:27:8a:0d:75,5,490,1.0017357468605042,0.002132315588644321,0,0.0,0,0.0,0.0,,1.0
1785330623.519992,08:00:27:a5:9e:2d,5,490,1.0016915202140808,0.0017529625332581063,0,0.0,0,0.0,0.0,,1.0
1785330628.519992,08:00:27:5a:87:bc,11,1022,0.40090529918670653,0.4553012941790402,0,0.0,1,0.2,0.0,0.0012361764907836913,0.9826923076923076
1785330628.519992,08:00:27:8a:0d:75,5,490,1.0017352104187012,0.002119643365254191,0,0.0,0,0.0,0.0,,1.0
1785330628.519992,08:00:27:a5:9e:2d,6,550,0.8014820098876954,0.31080478816549456,1,0.2,0,0.0,0.0,,1.0338345864661653
1785330633.519992,08:00:27:5a:87:bc,13,1106,0.33411649862925213,0.40512286407263254,0,0.0,3,0.6,0.0,0.0013186216354370117,1.0634615384615385
1785330633.519992,08:00:27:8a:0d:75,6,550,0.8014626026153564,0.3078187371355683,1,0.2,0,0.0,0.0,,0.9581881533101045
1785330633.519992,08:00:27:a5:9e:2d,5,490,1.0018985271453857,0.0021057288917658303,0,0.0,0,0.0,0.0,,0.9210526315789473
1785330638.519992,08:00:27:5a:87:bc,10,980,0.4454916583167182,0.49577670047112354,0,0.0,0,0.0,0.0,0.0011562108993530273,1.0
1785330638.519992,08:00:27:8a:0d:75,5,490,1.0018550157546997,0.002869927147606476,0,0.0,0,0.0,0.0,,1.0
1785330638.519992,08:00:27:a5:9e:2d,5,490,1.001804769039154,0.002242679376665822,0,0.0,0,0.0,0.0,,1.0
1785330643.519992,08:00:27:5a:87:bc,10,980,0.4453745683034261,0.4959190628115666,0,0.0,0,0.0,0.0,0.0010537385940551757,1.0
1785330643.519992,08:00:27:8a:0d:75,5,490,1.0018974542617798,0.002732884985253567,0,0.0,0,0.0,0.0,,1.0
1785330643.519992,08:00:27:a5:9e:2d,5,490,1.0019862651824951,0.0021551118138422904,0,0.0,0,0.0,0.0,,1.0
1785330648.519992,08:00:27:5a:87:bc,12,840,0.41634336384859955,0.47138899892156866,0,0.0,6,1.2,0.0,0.0011997620264689128,1.4285714285714286
1785330648.519992,08:00:27:8a:0d:75,5,490,1.0038610100746155,0.0038809205241815635,0,0.0,0,0.0,0.0,,0.7954545454545454
1785330648.519992,08:00:27:a5:9e:2d,5,490,1.0042965412139893,0.003554837664489079,0,0.0,0,0.0,0.0,0.00019156932830810547,0.7954545454545454
1785330653.519992,08:00:27:5a:87:bc,4,344,0.21661766370137533,0.1839485549139807,2,0.4541483865068369,0,0.0,0.5,,2.8666666666666667
1785330653.519992,08:00:27:8a:0d:75,6,550,0.8119684219360351,0.3064531984704103,0,0.0,1,0.22707419325341846,0.0,,1.0338345864661653
1785330653.519992,08:00:27:a5:9e:2d,6,550,0.8119547843933106,0.3064213644960871,0,0.0,1,0.22707419325341846,0.0,0.00011796951293945313,1.0338345864661653
