window_start,device_mac,pkt_count,byte_count,mean_iat,std_iat,arp_req_count,arp_req_rate,arp_reply_count,arp_reply_rate,broadcast_ratio,avg_response_latency,send_recv_ratio
1785313143.519992,08:00:27:5a:87:bc,10,532,0.11566098531087239,0.317276027358346,4,0.4,2,0.2,0.4,0.0004959702491760254,1.2201834862385321
1785313143.519992,08:00:27:8a:0d:75,15,1280,0.6949600662503924,0.4558763917737988,1,0.1,3,0.3,0.0,,1.0289389067524115
1785313143.519992,08:00:27:a5:9e:2d,15,1280,0.6950322730200631,0.45704381129681404,1,0.1,3,0.3,0.0,0.00013944837782118056,1.0289389067524115
1785313153.519992,08:00:27:5a:87:bc,8,336,0.43307341848100933,0.5000020184867902,0,0.0,8,0.8,0.0,,10.0
1785313153.519992,08:00:27:8a:0d:75,0,0,,,0,0.0,0,0.0,0.0,,0.0
1785313153.519992,08:00:27:a5:9e:2d,0,0,,,0,0.0,0,0.0,0.0,,0.0
1785313163.519992,08:00:27:5a:87:bc,2,84,3.0040740966796875e-05,0.0,0,0.0,2,0.2,0.0,,10.0
1785313163.519992,08:00:27:8a:0d:75,0,0,,,0,0.0,0,0.0,0.0,,0.0
1785313163.519992,08:00:27:a5:9e:2d,0,0,,,0,0.0,0,0.0,0.0,,0.0
1785313173.519992,08:00:27:5a:87:bc,2,84,4.696846008300781e-05,0.0,0,0.0,2,0.2,0.0,,10.0
1785313173.519992,08:00:27:8a:0d:75,0,0,,,0,0.0,0,0.0,0.0,,0.0
1785313173.519992,08:00:27:a5:9e:2d,0,0,,,0,0.0,0,0.0,0.0,,0.0
1785313183.519992,08:00:27:5a:87:bc,4,280,0.4127630392710368,0.5831629793248357,0,0.0,2,0.2,0.0,0.0004900693893432617,1.4285714285714286
1785313183.519992,08:00:27:8a:0d:75,1,98,,,0,0.0,0,0.0,0.0,,0.7
1785313183.519992,08:00:27:a5:9e:2d,1,98,,,0,0.0,0,0.0,0.0,,0.7
1785313193.519992,08:00:27:5a:87:bc,6,476,1.1959434032440186,1.9269663235837509,0,0.0,2,0.2,0.0,0.000996410846710205,1.2142857142857142
1785313193.519992,08:00:27:8a:0d:75,2,196,1.005798101425171,0.0,0,0.0,0,0.0,0.0,,0.8235294117647058
1785313193.519992,08:00:27:a5:9e:2d,2,196,1.0066308975219727,0.0,0,0.0,0,0.0,0.0,,0.8235294117647058
1785313203.519992,08:00:27:5a:87:bc,24,2128,0.3918547837630562,0.4728571363314024,2,0.2,2,0.2,0.0,0.0006729960441589355,1.023076923076923
1785313203.519992,08:00:27:8a:0d:75,11,1040,0.901095700263977,0.24025434948854119,0,0.0,1,0.1,0.0,,0.9774436090225563
1785313203.519992,08:00:27:a5:9e:2d,11,1040,0.9011357069015503,0.24088294161665746,0,0.0,1,0.1,0.0,,0.9774436090225563
1785313213.519992,08:00:27:5a:87:bc,18,1652,0.4122345868278952,0.4881459468527375,0,0.0,2,0.2,0.0,0.0008327662944793701,1.0535714285714286
1785313213.519992,08:00:27:8a:0d:75,8,784,1.0010807173592704,0.00031778201665805846,0,0.0,0,0.0,0.0,,0.9491525423728814
1785313213.519992,08:00:27:a5:9e:2d,8,784,1.001002413885934,0.0014738682396565567,0,0.0,0,0.0,0.0,,0.9491525423728814
1785313223.519992,08:00:27:5a:87:bc,18,1652,0.412385295419132,0.46653090457951135,0,0.0,2,0.2,0.0,0.0008385926485061646,1.0535714285714286
1785313223.519992,08:00:27:8a:0d:75,8,784,1.0013174329485213,0.0003339326719821129,0,0.0,0,0.0,0.0,,0.9491525423728814
1785313223.519992,08:00:27:a5:9e:2d,8,784,1.0013418538229806,0.0011844065922467307,0,0.0,0,0.0,0.0,,0.9491525423728814
1785313233.519992,08:00:27:5a:87:bc,24,2016,0.4118756522303042,0.46196721790200734,0,0.0,6,0.6,0.0,0.0008160273234049479,1.1428571428571428
1785313233.519992,08:00:27:8a:0d:75,10,980,1.001169549094306,0.0005178456186332756,0,0.0,0,0.0,0.0,0.00024700164794921875,0.8860759493670886
1785313233.519992,08:00:27:a5:9e:2d,10,980,1.0010553201039631,0.0011503026791255767,0,0.0,0,0.0,0.0,,0.8860759493670886
1785313243.519992,08:00:27:5a:87:bc,2,84,4.100799560546875e-05,0.0,0,0.0,2,0.2,0.0,,10.0
1785313243.519992,08:00:27:8a:0d:75,2,196,1.0240509510040283,0.0,0,0.0,0,0.0,0.0,0.0002319812774658203,0.8235294117647058
1785313243.519992,08:00:27:a5:9e:2d,2,196,1.024151086807251,0.0,0,0.0,0,0.0,0.0,,0.8235294117647058
1785313253.519992,08:00:27:5a:87:bc,0,0,,,0,0.0,0,0.0,0.0,,0.0
1785313253.519992,08:00:27:8a:0d:75,0,0,,,0,0.0,0,0.0,0.0,,0.0
1785313253.519992,08:00:27:a5:9e:2d,0,0,,,0,0.0,0,0.0,0.0,,0.0
1785313263.519992,08:00:27:5a:87:bc,0,0,,,0,0.0,0,0.0,0.0,,0.0
1785313263.519992,08:00:27:8a:0d:75,6,588,1.0200334072113038,0.007114435784892902,0,0.0,0,0.0,0.0,0.00021227200826009115,1.0
1785313263.519992,08:00:27:a5:9e:2d,6,588,1.0200119972229005,0.007173414447031769,0,0.0,0,0.0,0.0,,1.0
1785313273.519992,08:00:27:5a:87:bc,0,0,,,0,0.0,0,0.0,0.0,,0.0
1785313273.519992,08:00:27:8a:0d:75,12,1138,0.8373881903561678,0.30847113868286224,0,0.0,1,0.1,0.0,0.00017864704132080077,1.0
1785313273.519992,08:00:27:a5:9e:2d,12,1138,0.837390271100131,0.30848369448187124,1,0.1,0,0.0,0.0,9.894371032714844e-05,1.0
1785313283.519992,08:00:27:5a:87:bc,0,0,,,0,0.0,0,0.0,0.0,,0.0
1785313283.519992,08:00:27:8a:0d:75,5,452,2.0230162739753723,1.7313855242220044,1,0.1,0,0.0,0.0,0.00011050701141357422,1.0
1785313283.519992,08:00:27:a5:9e:2d,5,452,2.023004472255707,1.7313992298465997,0,0.0,1,0.1,0.0,,1.0
1785313293.519992,08:00:27:5a:87:bc,0,0,,,0,0.0,0,0.0,0.0,,0.0
1785313293.519992,08:00:27:8a:0d:75,1,98,,,0,0.0,0,0.0,0.0,,1.0
1785313293.519992,08:00:27:a5:9e:2d,1,98,,,0,0.0,0,0.0,0.0,9.584426879882812e-05,1.0
1785313303.519992,08:00:27:5a:87:bc,0,0,,,0,0.0,0,0.0,0.0,,0.0
1785313303.519992,08:00:27:8a:0d:75,0,0,,,0,0.0,0,0.0,0.0,,0.0
1785313303.519992,08:00:27:a5:9e:2d,0,0,,,0,0.0,0,0.0,0.0,,0.0
1785313313.519992,08:00:27:5a:87:bc,84,4148,0.00947732523263219,0.0033471208447305684,71,7.1,2,0.2,0.9523809523809523,,17.283333333333335
1785313313.519992,08:00:27:8a:0d:75,1,120,,,0,0.0,0,0.0,0.0,,0.7894736842105263
1785313313.519992,08:00:27:a5:9e:2d,1,120,,,0,0.0,0,0.0,0.0,,0.7894736842105263
1785313323.519992,08:00:27:5a:87:bc,1233,52562,0.008112547072497282,0.04042118688309407,1205,120.5,20,2.0,0.9805352798053528,,146.00555555555556
1785313323.519992,08:00:27:8a:0d:75,2,180,2.555187940597534,0.0,0,0.0,1,0.1,0.0,,0.2452316076294278
1785313323.519992,08:00:27:a5:9e:2d,2,180,2.546325206756592,0.0,0,0.0,1,0.1,0.0,,0.2452316076294278
1785313333.519992,08:00:27:5a:87:bc,1021,43608,0.009349263649360806,0.04990390510324013,994,99.4,20,2.0,0.9784524975514202,,181.7
1785313333.519992,08:00:27:8a:0d:75,1,120,,,0,0.0,0,0.0,0.0,,0.17341040462427745
1785313333.519992,08:00:27:a5:9e:2d,1,120,,,0,0.0,0,0.0,0.0,,0.17341040462427745
1785313343.519992,08:00:27:5a:87:bc,783,33612,0.011520134213635378,0.062034125500268336,756,75.6,20,2.0,0.9719029374201787,,140.05
1785313343.519992,08:00:27:8a:0d:75,10,926,0.7962139977349175,0.4172255037120828,1,0.1,1,0.1,0.0,0.00014226777212960378,0.6181575433911882
1785313343.519992,08:00:27:a5:9e:2d,10,926,0.7973495589362251,0.41784552099479144,1,0.1,1,0.1,0.0,,0.6181575433911882
1785313353.519992,08:00:27:5a:87:bc,1022,43638,0.00954603728538162,0.05277997667263948,995,99.5,20,2.0,0.9765166340508806,,90.9125
1785313353.519992,08:00:27:8a:0d:75,12,1220,0.7802403623407538,0.29677436648031064,0,0.0,0,0.0,0.0,0.00016721089680989584,0.691609977324263
1785313353.519992,08:00:27:a5:9e:2d,12,1220,0.7811936248432506,0.29732462282723837,0,0.0,0,0.0,0.0,0.00012803077697753906,0.691609977324263
1785313363.519992,08:00:27:5a:87:bc,1230,52332,0.008132454047269021,0.046205431990156184,1204,120.4,20,2.0,0.9821138211382113,,218.05
1785313363.519992,08:00:27:8a:0d:75,5,512,1.501527488231659,0.8282143521341779,0,0.0,0,0.0,0.0,0.00011718273162841797,0.47232472324723246
1785313363.519992,08:00:27:a5:9e:2d,5,512,1.49886953830719,0.8236326722932266,0,0.0,0,0.0,0.0,,0.47232472324723246
1785313373.519992,08:00:27:5a:87:bc,854,36594,0.010849910771860746,0.05816852198530513,827,82.7,20,2.0,0.9718969555035128,,101.65
1785313373.519992,08:00:27:8a:0d:75,2,180,2.7230470180511475,0.0,0,0.0,1,0.1,0.0,,0.2452316076294278
1785313373.519992,08:00:27:a5:9e:2d,2,180,2.709994077682495,0.0,0,0.0,1,0.1,0.0,,0.2452316076294278
1785313383.519992,08:00:27:5a:87:bc,838,35806,0.01160111336155462,0.06816653963595205,813,81.3,20,2.0,0.9713603818615751,,74.59583333333333
1785313383.519992,08:00:27:8a:0d:75,10,986,0.8688493304782443,0.2778918557287393,0,0.0,1,0.1,0.0,,0.6444444444444445
1785313383.519992,08:00:27:a5:9e:2d,10,986,0.8688031037648519,0.28086515388618144,1,0.1,0,0.0,0.0,0.00017499923706054688,0.6444444444444445
1785313393.519992,08:00:27:5a:87:bc,1216,51772,0.008210035410437565,0.048000438588045466,1188,118.8,22,2.2,0.9802631578947368,,215.71666666666667
1785313393.519992,08:00:27:8a:0d:75,5,474,1.80852472782135,1.9472591839482234,1,0.1,0,0.0,0.0,,0.42857142857142855
1785313393.519992,08:00:27:a5:9e:2d,5,474,1.8059634566307068,1.949717207996516,0,0.0,1,0.1,0.0,0.00016570091247558594,0.42857142857142855
1785313403.519992,08:00:27:5a:87:bc,240,10196,0.0066956825336153035,0.012517989229711457,235,23.5,0,0.0,1.0,,10.0
1785313403.519992,08:00:27:8a:0d:75,0,0,,,0,0.0,0,0.0,0.0,,0.0
1785313403.519992,08:00:27:a5:9e:2d,0,0,,,0,0.0,0,0.0,0.0,,0.0
1785313413.519992,08:00:27:5a:87:bc,0,0,,,0,0.0,0,0.0,0.0,,0.0
1785313413.519992,08:00:27:8a:0d:75,0,0,,,0,0.0,0,0.0,0.0,,0.0
1785313413.519992,08:00:27:a5:9e:2d,0,0,,,0,0.0,0,0.0,0.0,,0.0
1785313423.519992,08:00:27:5a:87:bc,0,0,,,0,0.0,0,0.0,0.0,,0.0
1785313423.519992,08:00:27:8a:0d:75,0,0,,,0,0.0,0,0.0,0.0,,0.0
1785313423.519992,08:00:27:a5:9e:2d,0,0,,,0,0.0,0,0.0,0.0,,0.0
1785313433.519992,08:00:27:5a:87:bc,0,0,,,0,0.0,0,0.0,0.0,,0.0
1785313433.519992,08:00:27:8a:0d:75,0,0,,,0,0.0,0,0.0,0.0,,0.0
1785313433.519992,08:00:27:a5:9e:2d,0,0,,,0,0.0,0,0.0,0.0,,0.0
1785313443.519992,08:00:27:5a:87:bc,0,0,,,0,0.0,0,0.0,0.0,,0.0
1785313443.519992,08:00:27:8a:0d:75,0,0,,,0,0.0,0,0.0,0.0,,0.0
1785313443.519992,08:00:27:a5:9e:2d,0,0,,,0,0.0,0,0.0,0.0,,0.0
1785313453.519992,08:00:27:5a:87:bc,0,0,,,0,0.0,0,0.0,0.0,,0.0
1785313453.519992,08:00:27:8a:0d:75,0,0,,,0,0.0,0,0.0,0.0,,0.0
1785313453.519992,08:00:27:a5:9e:2d,0,0,,,0,0.0,0,0.0,0.0,,0.0
1785313463.519992,08:00:27:5a:87:bc,0,0,,,0,0.0,0,0.0,0.0,,0.0
1785313463.519992,08:00:27:8a:0d:75,0,0,,,0,0.0,0,0.0,0.0,,0.0
1785313463.519992,08:00:27:a5:9e:2d,0,0,,,0,0.0,0,0.0,0.0,,0.0
1785313473.519992,08:00:27:5a:87:bc,0,0,,,0,0.0,0,0.0,0.0,,0.0
1785313473.519992,08:00:27:8a:0d:75,0,0,,,0,0.0,0,0.0,0.0,,0.0
1785313473.519992,08:00:27:a5:9e:2d,0,0,,,0,0.0,0,0.0,0.0,,0.0
1785313483.519992,08:00:27:5a:87:bc,0,0,,,0,0.0,0,0.0,0.0,,0.0
1785313483.519992,08:00:27:8a:0d:75,0,0,,,0,0.0,0,0.0,0.0,,0.0
1785313483.519992,08:00:27:a5:9e:2d,0,0,,,0,0.0,0,0.0,0.0,,0.0
1785313493.519992,08:00:27:5a:87:bc,0,0,,,0,0.0,0,0.0,0.0,,0.0
1785313493.519992,08:00:27:8a:0d:75,0,0,,,0,0.0,0,0.0,0.0,,0.0
1785313493.519992,08:00:27:a5:9e:2d,0,0,,,0,0.0,0,0.0,0.0,,0.0
1785313503.519992,08:00:27:5a:87:bc,0,0,,,0,0.0,0,0.0,0.0,,0.0
1785313503.519992,08:00:27:8a:0d:75,0,0,,,0,0.0,0,0.0,0.0,,0.0
1785313503.519992,08:00:27:a5:9e:2d,0,0,,,0,0.0,0,0.0,0.0,,0.0
1785313513.519992,08:00:27:5a:87:bc,0,0,,,0,0.0,0,0.0,0.0,,0.0
1785313513.519992,08:00:27:8a:0d:75,0,0,,,0,0.0,0,0.0,0.0,,0.0
1785313513.519992,08:00:27:a5:9e:2d,0,0,,,0,0.0,0,0.0,0.0,,0.0
1785313523.519992,08:00:27:5a:87:bc,0,0,,,0,0.0,0,0.0,0.0,,0.0
1785313523.519992,08:00:27:8a:0d:75,0,0,,,0,0.0,0,0.0,0.0,,0.0
1785313523.519992,08:00:27:a5:9e:2d,0,0,,,0,0.0,0,0.0,0.0,,0.0
1785313533.519992,08:00:27:5a:87:bc,0,0,,,0,0.0,0,0.0,0.0,,0.0
1785313533.519992,08:00:27:8a:0d:75,0,0,,,0,0.0,0,0.0,0.0,,0.0
1785313533.519992,08:00:27:a5:9e:2d,0,0,,,0,0.0,0,0.0,0.0,,0.0
1785313543.519992,08:00:27:5a:87:bc,0,0,,,0,0.0,0,0.0,0.0,,0.0
1785313543.519992,08:00:27:8a:0d:75,0,0,,,0,0.0,0,0.0,0.0,,0.0
1785313543.519992,08:00:27:a5:9e:2d,0,0,,,0,0.0,0,0.0,0.0,,0.0
1785313553.519992,08:00:27:5a:87:bc,0,0,,,0,0.0,0,0.0,0.0,,0.0
1785313553.519992,08:00:27:8a:0d:75,0,0,,,0,0.0,0,0.0,0.0,,0.0
1785313553.519992,08:00:27:a5:9e:2d,0,0,,,0,0.0,0,0.0,0.0,,0.0
1785313563.519992,08:00:27:5a:87:bc,0,0,,,0,0.0,0,0.0,0.0,,0.0
1785313563.519992,08:00:27:8a:0d:75,0,0,,,0,0.0,0,0.0,0.0,,0.0
1785313563.519992,08:00:27:a5:9e:2d,0,0,,,0,0.0,0,0.0,0.0,,0.0
1785313573.519992,08:00:27:5a:87:bc,0,0,,,0,0.0,0,0.0,0.0,,0.0
1785313573.519992,08:00:27:8a:0d:75,0,0,,,0,0.0,0,0.0,0.0,,0.0
1785313573.519992,08:00:27:a5:9e:2d,0,0,,,0,0.0,0,0.0,0.0,,0.0
1785313583.519992,08:00:27:5a:87:bc,0,0,,,0,0.0,0,0.0,0.0,,0.0
1785313583.519992,08:00:27:8a:0d:75,0,0,,,0,0.0,0,0.0,0.0,,0.0
1785313583.519992,08:00:27:a5:9e:2d,0,0,,,0,0.0,0,0.0,0.0,,0.0
1785313593.519992,08:00:27:5a:87:bc,0,0,,,0,0.0,0,0.0,0.0,,0.0
1785313593.519992,08:00:27:8a:0d:75,0,0,,,0,0.0,0,0.0,0.0,,0.0
1785313593.519992,08:00:27:a5:9e:2d,0,0,,,0,0.0,0,0.0,0.0,,0.0
1785313603.519992,08:00:27:5a:87:bc,0,0,,,0,0.0,0,0.0,0.0,,0.0
1785313603.519992,08:00:27:8a:0d:75,0,0,,,0,0.0,0,0.0,0.0,,0.0
1785313603.519992,08:00:27:a5:9e:2d,0,0,,,0,0.0,0,0.0,0.0,,0.0
1785313613.519992,08:00:27:5a:87:bc,0,0,,,0,0.0,0,0.0,0.0,,0.0
1785313613.519992,08:00:27:8a:0d:75,0,0,,,0,0.0,0,0.0,0.0,,0.0
1785313613.519992,08:00:27:a5:9e:2d,0,0,,,0,0.0,0,0.0,0.0,,0.0
1785313623.519992,08:00:27:5a:87:bc,0,0,,,0,0.0,0,0.0,0.0,,0.0
1785313623.519992,08:00:27:8a:0d:75,0,0,,,0,0.0,0,0.0,0.0,,0.0
1785313623.519992,08:00:27:a5:9e:2d,0,0,,,0,0.0,0,0.0,0.0,,0.0
1785313633.519992,08:00:27:5a:87:bc,0,0,,,0,0.0,0,0.0,0.0,,0.0
1785313633.519992,08:00:27:8a:0d:75,0,0,,,0,0.0,0,0.0,0.0,,0.0
1785313633.519992,08:00:27:a5:9e:2d,0,0,,,0,0.0,0,0.0,0.0,,0.0
1785313643.519992,08:00:27:5a:87:bc,0,0,,,0,0.0,0,0.0,0.0,,0.0
1785313643.519992,08:00:27:8a:0d:75,0,0,,,0,0.0,0,0.0,0.0,,0.0
1785313643.519992,08:00:27:a5:9e:2d,0,0,,,0,0.0,0,0.0,0.0,,0.0
1785313653.519992,08:00:27:5a:87:bc,0,0,,,0,0.0,0,0.0,0.0,,0.0
1785313653.519992,08:00:27:8a:0d:75,0,0,,,0,0.0,0,0.0,0.0,,0.0
1785313653.519992,08:00:27:a5:9e:2d,0,0,,,0,0.0,0,0.0,0.0,,0.0
1785313663.519992,08:00:27:5a:87:bc,0,0,,,0,0.0,0,0.0,0.0,,0.0
1785313663.519992,08:00:27:8a:0d:75,0,0,,,0,0.0,0,0.0,0.0,,0.0
1785313663.519992,08:00:27:a5:9e:2d,0,0,,,0,0.0,0,0.0,0.0,,0.0
1785313673.519992,08:00:27:5a:87:bc,0,0,,,0,0.0,0,0.0,0.0,,0.0
1785313673.519992,08:00:27:8a:0d:75,0,0,,,0,0.0,0,0.0,0.0,,0.0
1785313673.519992,08:00:27:a5:9e:2d,0,0,,,0,0.0,0,0.0,0.0,,0.0
1785313683.519992,08:00:27:5a:87:bc,0,0,,,0,0.0,0,0.0,0.0,,0.0
1785313683.519992,08:00:27:8a:0d:75,0,0,,,0,0.0,0,0.0,0.0,,0.0
1785313683.519992,08:00:27:a5:9e:2d,0,0,,,0,0.0,0,0.0,0.0,,0.0
1785313693.519992,08:00:27:5a:87:bc,0,0,,,0,0.0,0,0.0,0.0,,0.0
1785313693.519992,08:00:27:8a:0d:75,0,0,,,0,0.0,0,0.0,0.0,,0.0
1785313693.519992,08:00:27:a5:9e:2d,0,0,,,0,0.0,0,0.0,0.0,,0.0
1785313703.519992,08:00:27:5a:87:bc,0,0,,,0,0.0,0,0.0,0.0,,0.0
1785313703.519992,08:00:27:8a:0d:75,0,0,,,0,0.0,0,0.0,0.0,,0.0
1785313703.519992,08:00:27:a5:9e:2d,0,0,,,0,0.0,0,0.0,0.0,,0.0
1785313713.519992,08:00:27:5a:87:bc,0,0,,,0,0.0,0,0.0,0.0,,0.0
1785313713.519992,08:00:27:8a:0d:75,0,0,,,0,0.0,0,0.0,0.0,,0.0
1785313713.519992,08:00:27:a5:9e:2d,0,0,,,0,0.0,0,0.0,0.0,,0.0
1785313723.519992,08:00:27:5a:87:bc,0,0,,,0,0.0,0,0.0,0.0,,0.0
1785313723.519992,08:00:27:8a:0d:75,0,0,,,0,0.0,0,0.0,0.0,,0.0
1785313723.519992,08:00:27:a5:9e:2d,0,0,,,0,0.0,0,0.0,0.0,,0.0
1785313733.519992,08:00:27:5a:87:bc,0,0,,,0,0.0,0,0.0,0.0,,0.0
1785313733.519992,08:00:27:8a:0d:75,0,0,,,0,0.0,0,0.0,0.0,,0.0
1785313733.519992,08:00:27:a5:9e:2d,0,0,,,0,0.0,0,0.0,0.0,,0.0
1785313743.519992,08:00:27:5a:87:bc,0,0,,,0,0.0,0,0.0,0.0,,0.0
1785313743.519992,08:00:27:8a:0d:75,0,0,,,0,0.0,0,0.0,0.0,,0.0
1785313743.519992,08:00:27:a5:9e:2d,0,0,,,0,0.0,0,0.0,0.0,,0.0
1785313753.519992,08:00:27:5a:87:bc,0,0,,,0,0.0,0,0.0,0.0,,0.0
1785313753.519992,08:00:27:8a:0d:75,0,0,,,0,0.0,0,0.0,0.0,,0.0
1785313753.519992,08:00:27:a5:9e:2d,0,0,,,0,0.0,0,0.0,0.0,,0.0
1785313763.519992,08:00:27:5a:87:bc,0,0,,,0,0.0,0,0.0,0.0,,0.0
1785313763.519992,08:00:27:8a:0d:75,0,0,,,0,0.0,0,0.0,0.0,,0.0
1785313763.519992,08:00:27:a5:9e:2d,0,0,,,0,0.0,0,0.0,0.0,,0.0
1785313773.519992,08:00:27:5a:87:bc,0,0,,,0,0.0,0,0.0,0.0,,0.0
1785313773.519992,08:00:27:8a:0d:75,0,0,,,0,0.0,0,0.0,0.0,,0.0
1785313773.519992,08:00:27:a5:9e:2d,0,0,,,0,0.0,0,0.0,0.0,,0.0
1785313783.519992,08:00:27:5a:87:bc,0,0,,,0,0.0,0,0.0,0.0,,0.0
1785313783.519992,08:00:27:8a:0d:75,0,0,,,0,0.0,0,0.0,0.0,,0.0
1785313783.519992,08:00:27:a5:9e:2d,0,0,,,0,0.0,0,0.0,0.0,,0.0
1785313793.519992,08:00:27:5a:87:bc,0,0,,,0,0.0,0,0.0,0.0,,0.0
1785313793.519992,08:00:27:8a:0d:75,0,0,,,0,0.0,0,0.0,0.0,,0.0
1785313793.519992,08:00:27:a5:9e:2d,0,0,,,0,0.0,0,0.0,0.0,,0.0
1785313803.519992,08:00:27:5a:87:bc,0,0,,,0,0.0,0,0.0,0.0,,0.0
1785313803.519992,08:00:27:8a:0d:75,0,0,,,0,0.0,0,0.0,0.0,,0.0
1785313803.519992,08:00:27:a5:9e:2d,0,0,,,0,0.0,0,0.0,0.0,,0.0
1785313813.519992,08:00:27:5a:87:bc,0,0,,,0,0.0,0,0.0,0.0,,0.0
1785313813.519992,08:00:27:8a:0d:75,0,0,,,0,0.0,0,0.0,0.0,,0.0
1785313813.519992,08:00:27:a5:9e:2d,0,0,,,0,0.0,0,0.0,0.0,,0.0
1785313823.519992,08:00:27:5a:87:bc,0,0,,,0,0.0,0,0.0,0.0,,0.0
1785313823.519992,08:00:27:8a:0d:75,0,0,,,0,0.0,0,0.0,0.0,,0.0
1785313823.519992,08:00:27:a5:9e:2d,0,0,,,0,0.0,0,0.0,0.0,,0.0
1785313833.519992,08:00:27:5a:87:bc,0,0,,,0,0.0,0,0.0,0.0,,0.0
1785313833.519992,08:00:27:8a:0d:75,0,0,,,0,0.0,0,0.0,0.0,,0.0
1785313833.519992,08:00:27:a5:9e:2d,0,0,,,0,0.0,0,0.0,0.0,,0.0
1785313843.519992,08:00:27:5a:87:bc,0,0,,,0,0.0,0,0.0,0.0,,0.0
1785313843.519992,08:00:27:8a:0d:75,0,0,,,0,0.0,0,0.0,0.0,,0.0
1785313843.519992,08:00:27:a5:9e:2d,0,0,,,0,0.0,0,0.0,0.0,,0.0
1785313853.519992,08:00:27:5a:87:bc,0,0,,,0,0.0,0,0.0,0.0,,0.0
1785313853.519992,08:00:27:8a:0d:75,0,0,,,0,0.0,0,0.0,0.0,,0.0
1785313853.519992,08:00:27:a5:9e:2d,0,0,,,0,0.0,0,0.0,0.0,,0.0
1785313863.519992,08:00:27:5a:87:bc,0,0,,,0,0.0,0,0.0,0.0,,0.0
1785313863.519992,08:00:27:8a:0d:75,0,0,,,0,0.0,0,0.0,0.0,,0.0
1785313863.519992,08:00:27:a5:9e:2d,0,0,,,0,0.0,0,0.0,0.0,,0.0
1785313873.519992,08:00:27:5a:87:bc,0,0,,,0,0.0,0,0.0,0.0,,0.0
1785313873.519992,08:00:27:8a:0d:75,0,0,,,0,0.0,0,0.0,0.0,,0.0
1785313873.519992,08:00:27:a5:9e:2d,0,0,,,0,0.0,0,0.0,0.0,,0.0
1785313883.519992,08:00:27:5a:87:bc,0,0,,,0,0.0,0,0.0,0.0,,0.0
1785313883.519992,08:00:27:8a:0d:75,0,0,,,0,0.0,0,0.0,0.0,,0.0
1785313883.519992,08:00:27:a5:9e:2d,0,0,,,0,0.0,0,0.0,0.0,,0.0
1785313893.519992,08:00:27:5a:87:bc,0,0,,,0,0.0,0,0.0,0.0,,0.0
1785313893.519992,08:00:27:8a:0d:75,0,0,,,0,0.0,0,0.0,0.0,,0.0
1785313893.519992,08:00:27:a5:9e:2d,0,0,,,0,0.0,0,0.0,0.0,,0.0
1785313903.519992,08:00:27:5a:87:bc,0,0,,,0,0.0,0,0.0,0.0,,0.0
1785313903.519992,08:00:27:8a:0d:75,0,0,,,0,0.0,0,0.0,0.0,,0.0
1785313903.519992,08:00:27:a5:9e:2d,0,0,,,0,0.0,0,0.0,0.0,,0.0
1785313913.519992,08:00:27:5a:87:bc,0,0,,,0,0.0,0,0.0,0.0,,0.0
1785313913.519992,08:00:27:8a:0d:75,0,0,,,0,0.0,0,0.0,0.0,,0.0
1785313913.519992,08:00:27:a5:9e:2d,0,0,,,0,0.0,0,0.0,0.0,,0.0
1785313923.519992,08:00:27:5a:87:bc,0,0,,,0,0.0,0,0.0,0.0,,0.0
1785313923.519992,08:00:27:8a:0d:75,0,0,,,0,0.0,0,0.0,0.0,,0.0
1785313923.519992,08:00:27:a5:9e:2d,0,0,,,0,0.0,0,0.0,0.0,,0.0
1785313933.519992,08:00:27:5a:87:bc,0,0,,,0,0.0,0,0.0,0.0,,0.0
1785313933.519992,08:00:27:8a:0d:75,0,0,,,0,0.0,0,0.0,0.0,,0.0
1785313933.519992,08:00:27:a5:9e:2d,0,0,,,0,0.0,0,0.0,0.0,,0.0
1785313943.519992,08:00:27:5a:87:bc,0,0,,,0,0.0,0,0.0,0.0,,0.0
1785313943.519992,08:00:27:8a:0d:75,0,0,,,0,0.0,0,0.0,0.0,,0.0
1785313943.519992,08:00:27:a5:9e:2d,0,0,,,0,0.0,0,0.0,0.0,,0.0
1785313953.519992,08:00:27:5a:87:bc,0,0,,,0,0.0,0,0.0,0.0,,0.0
1785313953.519992,08:00:27:8a:0d:75,0,0,,,0,0.0,0,0.0,0.0,,0.0
1785313953.519992,08:00:27:a5:9e:2d,0,0,,,0,0.0,0,0.0,0.0,,0.0
1785313963.519992,08:00:27:5a:87:bc,0,0,,,0,0.0,0,0.0,0.0,,0.0
1785313963.519992,08:00:27:8a:0d:75,0,0,,,0,0.0,0,0.0,0.0,,0.0
1785313963.519992,08:00:27:a5:9e:2d,0,0,,,0,0.0,0,0.0,0.0,,0.0
1785313973.519992,08:00:27:5a:87:bc,0,0,,,0,0.0,0,0.0,0.0,,0.0
1785313973.519992,08:00:27:8a:0d:75,0,0,,,0,0.0,0,0.0,0.0,,0.0
1785313973.519992,08:00:27:a5:9e:2d,0,0,,,0,0.0,0,0.0,0.0,,0.0
1785313983.519992,08:00:27:5a:87:bc,0,0,,,0,0.0,0,0.0,0.0,,0.0
1785313983.519992,08:00:27:8a:0d:75,0,0,,,0,0.0,0,0.0,0.0,,0.0
1785313983.519992,08:00:27:a5:9e:2d,0,0,,,0,0.0,0,0.0,0.0,,0.0
1785313993.519992,08:00:27:5a:87:bc,0,0,,,0,0.0,0,0.0,0.0,,0.0
1785313993.519992,08:00:27:8a:0d:75,0,0,,,0,0.0,0,0.0,0.0,,0.0
1785313993.519992,08:00:27:a5:9e:2d,0,0,,,0,0.0,0,0.0,0.0,,0.0
1785314003.519992,08:00:27:5a:87:bc,0,0,,,0,0.0,0,0.0,0.0,,0.0
1785314003.519992,08:00:27:8a:0d:75,0,0,,,0,0.0,0,0.0,0.0,,0.0
1785314003.519992,08:00:27:a5:9e:2d,0,0,,,0,0.0,0,0.0,0.0,,0.0
1785314013.519992,08:00:27:5a:87:bc,0,0,,,0,0.0,0,0.0,0.0,,0.0
1785314013.519992,08:00:27:8a:0d:75,0,0,,,0,0.0,0,0.0,0.0,,0.0
1785314013.519992,08:00:27:a5:9e:2d,0,0,,,0,0.0,0,0.0,0.0,,0.0
1785314023.519992,08:00:27:5a:87:bc,0,0,,,0,0.0,0,0.0,0.0,,0.0
1785314023.519992,08:00:27:8a:0d:75,0,0,,,0,0.0,0,0.0,0.0,,0.0
1785314023.519992,08:00:27:a5:9e:2d,0,0,,,0,0.0,0,0.0,0.0,,0.0
1785314033.519992,08:00:27:5a:87:bc,0,0,,,0,0.0,0,0.0,0.0,,0.0
1785314033.519992,08:00:27:8a:0d:75,0,0,,,0,0.0,0,0.0,0.0,,0.0
1785314033.519992,08:00:27:a5:9e:2d,0,0,,,0,0.0,0,0.0,0.0,,0.0
1785314043.519992,08:00:27:5a:87:bc,0,0,,,0,0.0,0,0.0,0.0,,0.0
1785314043.519992,08:00:27:8a:0d:75,0,0,,,0,0.0,0,0.0,0.0,,0.0
1785314043.519992,08:00:27:a5:9e:2d,0,0,,,0,0.0,0,0.0,0.0,,0.0
1785314053.519992,08:00:27:5a:87:bc,0,0,,,0,0.0,0,0.0,0.0,,0.0
1785314053.519992,08:00:27:8a:0d:75,0,0,,,0,0.0,0,0.0,0.0,,0.0
1785314053.519992,08:00:27:a5:9e:2d,0,0,,,0,0.0,0,0.0,0.0,,0.0
1785314063.519992,08:00:27:5a:87:bc,0,0,,,0,0.0,0,0.0,0.0,,0.0
1785314063.519992,08:00:27:8a:0d:75,0,0,,,0,0.0,0,0.0,0.0,,0.0
1785314063.519992,08:00:27:a5:9e:2d,0,0,,,0,0.0,0,0.0,0.0,,0.0
1785314073.519992,08:00:27:5a:87:bc,0,0,,,0,0.0,0,0.0,0.0,,0.0
1785314073.519992,08:00:27:8a:0d:75,0,0,,,0,0.0,0,0.0,0.0,,0.0
1785314073.519992,08:00:27:a5:9e:2d,0,0,,,0,0.0,0,0.0,0.0,,0.0
1785314083.519992,08:00:27:5a:87:bc,0,0,,,0,0.0,0,0.0,0.0,,0.0
1785314083.519992,08:00:27:8a:0d:75,0,0,,,0,0.0,0,0.0,0.0,,0.0
1785314083.519992,08:00:27:a5:9e:2d,0,0,,,0,0.0,0,0.0,0.0,,0.0
1785314093.519992,08:00:27:5a:87:bc,0,0,,,0,0.0,0,0.0,0.0,,0.0
1785314093.519992,08:00:27:8a:0d:75,8,708,0.7454207965305873,0.41773686458850073,1,0.1,1,0.1,0.0,,1.0
1785314093.519992,08:00:27:a5:9e:2d,8,708,0.7454588753836495,0.4176918492314845,1,0.1,1,0.1,0.0,9.767214457194011e-05,1.0
1785314103.519992,08:00:27:5a:87:bc,0,0,,,0,0.0,0,0.0,0.0,,0.0
1785314103.519992,08:00:27:8a:0d:75,10,980,1.0206108623080783,0.008113444273389808,0,0.0,0,0.0,0.0,,1.0
1785314103.519992,08:00:27:a5:9e:2d,10,980,1.020609113905165,0.008084075074720039,0,0.0,0,0.0,0.0,0.000147247314453125,1.0
1785314113.519992,08:00:27:5a:87:bc,0,0,,,0,0.0,0,0.0,0.0,,0.0
1785314113.519992,08:00:27:8a:0d:75,10,980,1.0376658174726698,0.045257920446147265,0,0.0,0,0.0,0.0,,1.0
1785314113.519992,08:00:27:a5:9e:2d,10,980,1.0376748773786757,0.0452759739605023,0,0.0,0,0.0,0.0,0.00011665821075439453,1.0
1785314123.519992,08:00:27:5a:87:bc,0,0,,,0,0.0,0,0.0,0.0,,0.0
1785314123.519992,08:00:27:8a:0d:75,4,392,1.0249440670013428,0.001955500998189573,0,0.0,0,0.0,0.0,,1.0
1785314123.519992,08:00:27:a5:9e:2d,4,392,1.0248740514119465,0.0018843207364365787,0,0.0,0,0.0,0.0,0.00015693902969360352,1.0
1785314133.519992,08:00:27:5a:87:bc,0,0,,,0,0.0,0,0.0,0.0,,0.0
1785314133.519992,08:00:27:8a:0d:75,0,0,,,0,0.0,0,0.0,0.0,,0.0
1785314133.519992,08:00:27:a5:9e:2d,0,0,,,0,0.0,0,0.0,0.0,,0.0
1785314143.519992,08:00:27:5a:87:bc,0,0,,,0,0.0,0,0.0,0.0,,0.0
1785314143.519992,08:00:27:8a:0d:75,0,0,,,0,0.0,0,0.0,0.0,,0.0
1785314143.519992,08:00:27:a5:9e:2d,0,0,,,0,0.0,0,0.0,0.0,,0.0
1785314153.519992,08:00:27:5a:87:bc,0,0,,,0,0.0,0,0.0,0.0,,0.0
1785314153.519992,08:00:27:8a:0d:75,0,0,,,0,0.0,0,0.0,0.0,,0.0
1785314153.519992,08:00:27:a5:9e:2d,0,0,,,0,0.0,0,0.0,0.0,,0.0
1785314163.519992,08:00:27:5a:87:bc,0,0,,,0,0.0,0,0.0,0.0,,0.0
1785314163.519992,08:00:27:8a:0d:75,0,0,,,0,0.0,0,0.0,0.0,,0.0
1785314163.519992,08:00:27:a5:9e:2d,0,0,,,0,0.0,0,0.0,0.0,,0.0
1785314173.519992,08:00:27:5a:87:bc,0,0,,,0,0.0,0,0.0,0.0,,0.0
1785314173.519992,08:00:27:8a:0d:75,0,0,,,0,0.0,0,0.0,0.0,,0.0
1785314173.519992,08:00:27:a5:9e:2d,0,0,,,0,0.0,0,0.0,0.0,,0.0
1785314183.519992,08:00:27:5a:87:bc,0,0,,,0,0.0,0,0.0,0.0,,0.0
1785314183.519992,08:00:27:8a:0d:75,0,0,,,0,0.0,0,0.0,0.0,,0.0
1785314183.519992,08:00:27:a5:9e:2d,0,0,,,0,0.0,0,0.0,0.0,,0.0
1785314193.519992,08:00:27:5a:87:bc,0,0,,,0,0.0,0,0.0,0.0,,0.0
1785314193.519992,08:00:27:8a:0d:75,0,0,,,0,0.0,0,0.0,0.0,,0.0
1785314193.519992,08:00:27:a5:9e:2d,0,0,,,0,0.0,0,0.0,0.0,,0.0
1785314203.519992,08:00:27:5a:87:bc,0,0,,,0,0.0,0,0.0,0.0,,0.0
1785314203.519992,08:00:27:8a:0d:75,0,0,,,0,0.0,0,0.0,0.0,,0.0
1785314203.519992,08:00:27:a5:9e:2d,0,0,,,0,0.0,0,0.0,0.0,,0.0
1785314213.519992,08:00:27:5a:87:bc,0,0,,,0,0.0,0,0.0,0.0,,0.0
1785314213.519992,08:00:27:8a:0d:75,0,0,,,0,0.0,0,0.0,0.0,,0.0
1785314213.519992,08:00:27:a5:9e:2d,0,0,,,0,0.0,0,0.0,0.0,,0.0
1785314223.519992,08:00:27:5a:87:bc,0,0,,,0,0.0,0,0.0,0.0,,0.0
1785314223.519992,08:00:27:8a:0d:75,0,0,,,0,0.0,0,0.0,0.0,,0.0
1785314223.519992,08:00:27:a5:9e:2d,0,0,,,0,0.0,0,0.0,0.0,,0.0
1785314233.519992,08:00:27:5a:87:bc,0,0,,,0,0.0,0,0.0,0.0,,0.0
1785314233.519992,08:00:27:8a:0d:75,0,0,,,0,0.0,0,0.0,0.0,,0.0
1785314233.519992,08:00:27:a5:9e:2d,0,0,,,0,0.0,0,0.0,0.0,,0.0
1785314243.519992,08:00:27:5a:87:bc,0,0,,,0,0.0,0,0.0,0.0,,0.0
1785314243.519992,08:00:27:8a:0d:75,0,0,,,0,0.0,0,0.0,0.0,,0.0
1785314243.519992,08:00:27:a5:9e:2d,0,0,,,0,0.0,0,0.0,0.0,,0.0
1785314253.519992,08:00:27:5a:87:bc,0,0,,,0,0.0,0,0.0,0.0,,0.0
1785314253.519992,08:00:27:8a:0d:75,0,0,,,0,0.0,0,0.0,0.0,,0.0
1785314253.519992,08:00:27:a5:9e:2d,0,0,,,0,0.0,0,0.0,0.0,,0.0
1785314263.519992,08:00:27:5a:87:bc,0,0,,,0,0.0,0,0.0,0.0,,0.0
1785314263.519992,08:00:27:8a:0d:75,0,0,,,0,0.0,0,0.0,0.0,,0.0
1785314263.519992,08:00:27:a5:9e:2d,0,0,,,0,0.0,0,0.0,0.0,,0.0
1785314273.519992,08:00:27:5a:87:bc,0,0,,,0,0.0,0,0.0,0.0,,0.0
1785314273.519992,08:00:27:8a:0d:75,0,0,,,0,0.0,0,0.0,0.0,,0.0
1785314273.519992,08:00:27:a5:9e:2d,0,0,,,0,0.0,0,0.0,0.0,,0.0
1785314283.519992,08:00:27:5a:87:bc,0,0,,,0,0.0,0,0.0,0.0,,0.0
1785314283.519992,08:00:27:8a:0d:75,0,0,,,0,0.0,0,0.0,0.0,,0.0
1785314283.519992,08:00:27:a5:9e:2d,0,0,,,0,0.0,0,0.0,0.0,,0.0
1785314293.519992,08:00:27:5a:87:bc,0,0,,,0,0.0,0,0.0,0.0,,0.0
1785314293.519992,08:00:27:8a:0d:75,0,0,,,0,0.0,0,0.0,0.0,,0.0
1785314293.519992,08:00:27:a5:9e:2d,0,0,,,0,0.0,0,0.0,0.0,,0.0
1785314303.519992,08:00:27:5a:87:bc,0,0,,,0,0.0,0,0.0,0.0,,0.0
1785314303.519992,08:00:27:8a:0d:75,0,0,,,0,0.0,0,0.0,0.0,,0.0
1785314303.519992,08:00:27:a5:9e:2d,0,0,,,0,0.0,0,0.0,0.0,,0.0
1785314313.519992,08:00:27:5a:87:bc,0,0,,,0,0.0,0,0.0,0.0,,0.0
1785314313.519992,08:00:27:8a:0d:75,0,0,,,0,0.0,0,0.0,0.0,,0.0
1785314313.519992,08:00:27:a5:9e:2d,0,0,,,0,0.0,0,0.0,0.0,,0.0
1785314323.519992,08:00:27:5a:87:bc,0,0,,,0,0.0,0,0.0,0.0,,0.0
1785314323.519992,08:00:27:8a:0d:75,0,0,,,0,0.0,0,0.0,0.0,,0.0
1785314323.519992,08:00:27:a5:9e:2d,0,0,,,0,0.0,0,0.0,0.0,,0.0
1785314333.519992,08:00:27:5a:87:bc,0,0,,,0,0.0,0,0.0,0.0,,0.0
1785314333.519992,08:00:27:8a:0d:75,0,0,,,0,0.0,0,0.0,0.0,,0.0
1785314333.519992,08:00:27:a5:9e:2d,0,0,,,0,0.0,0,0.0,0.0,,0.0
1785314343.519992,08:00:27:5a:87:bc,0,0,,,0,0.0,0,0.0,0.0,,0.0
1785314343.519992,08:00:27:8a:0d:75,0,0,,,0,0.0,0,0.0,0.0,,0.0
1785314343.519992,08:00:27:a5:9e:2d,0,0,,,0,0.0,0,0.0,0.0,,0.0
1785314353.519992,08:00:27:5a:87:bc,0,0,,,0,0.0,0,0.0,0.0,,0.0
1785314353.519992,08:00:27:8a:0d:75,0,0,,,0,0.0,0,0.0,0.0,,0.0
1785314353.519992,08:00:27:a5:9e:2d,0,0,,,0,0.0,0,0.0,0.0,,0.0
1785314363.519992,08:00:27:5a:87:bc,0,0,,,0,0.0,0,0.0,0.0,,0.0
1785314363.519992,08:00:27:8a:0d:75,0,0,,,0,0.0,0,0.0,0.0,,0.0
1785314363.519992,08:00:27:a5:9e:2d,0,0,,,0,0.0,0,0.0,0.0,,0.0
1785314373.519992,08:00:27:5a:87:bc,0,0,,,0,0.0,0,0.0,0.0,,0.0
1785314373.519992,08:00:27:8a:0d:75,0,0,,,0,0.0,0,0.0,0.0,,0.0
1785314373.519992,08:00:27:a5:9e:2d,0,0,,,0,0.0,0,0.0,0.0,,0.0
1785314383.519992,08:00:27:5a:87:bc,0,0,,,0,0.0,0,0.0,0.0,,0.0
1785314383.519992,08:00:27:8a:0d:75,0,0,,,0,0.0,0,0.0,0.0,,0.0
1785314383.519992,08:00:27:a5:9e:2d,0,0,,,0,0.0,0,0.0,0.0,,0.0
1785314393.519992,08:00:27:5a:87:bc,0,0,,,0,0.0,0,0.0,0.0,,0.0
1785314393.519992,08:00:27:8a:0d:75,0,0,,,0,0.0,0,0.0,0.0,,0.0
1785314393.519992,08:00:27:a5:9e:2d,0,0,,,0,0.0,0,0.0,0.0,,0.0
1785314403.519992,08:00:27:5a:87:bc,0,0,,,0,0.0,0,0.0,0.0,,0.0
1785314403.519992,08:00:27:8a:0d:75,0,0,,,0,0.0,0,0.0,0.0,,0.0
1785314403.519992,08:00:27:a5:9e:2d,0,0,,,0,0.0,0,0.0,0.0,,0.0
1785314413.519992,08:00:27:5a:87:bc,0,0,,,0,0.0,0,0.0,0.0,,0.0
1785314413.519992,08:00:27:8a:0d:75,0,0,,,0,0.0,0,0.0,0.0,,0.0
1785314413.519992,08:00:27:a5:9e:2d,0,0,,,0,0.0,0,0.0,0.0,,0.0
1785314423.519992,08:00:27:5a:87:bc,0,0,,,0,0.0,0,0.0,0.0,,0.0
1785314423.519992,08:00:27:8a:0d:75,0,0,,,0,0.0,0,0.0,0.0,,0.0
1785314423.519992,08:00:27:a5:9e:2d,0,0,,,0,0.0,0,0.0,0.0,,0.0
1785314433.519992,08:00:27:5a:87:bc,0,0,,,0,0.0,0,0.0,0.0,,0.0
1785314433.519992,08:00:27:8a:0d:75,0,0,,,0,0.0,0,0.0,0.0,,0.0
1785314433.519992,08:00:27:a5:9e:2d,0,0,,,0,0.0,0,0.0,0.0,,0.0
1785314443.519992,08:00:27:5a:87:bc,0,0,,,0,0.0,0,0.0,0.0,,0.0
1785314443.519992,08:00:27:8a:0d:75,0,0,,,0,0.0,0,0.0,0.0,,0.0
1785314443.519992,08:00:27:a5:9e:2d,0,0,,,0,0.0,0,0.0,0.0,,0.0
1785314453.519992,08:00:27:5a:87:bc,0,0,,,0,0.0,0,0.0,0.0,,0.0
1785314453.519992,08:00:27:8a:0d:75,0,0,,,0,0.0,0,0.0,0.0,,0.0
1785314453.519992,08:00:27:a5:9e:2d,0,0,,,0,0.0,0,0.0,0.0,,0.0
1785314463.519992,08:00:27:5a:87:bc,0,0,,,0,0.0,0,0.0,0.0,,0.0
1785314463.519992,08:00:27:8a:0d:75,0,0,,,0,0.0,0,0.0,0.0,,0.0
1785314463.519992,08:00:27:a5:9e:2d,0,0,,,0,0.0,0,0.0,0.0,,0.0
1785314473.519992,08:00:27:5a:87:bc,0,0,,,0,0.0,0,0.0,0.0,,0.0
1785314473.519992,08:00:27:8a:0d:75,0,0,,,0,0.0,0,0.0,0.0,,0.0
1785314473.519992,08:00:27:a5:9e:2d,0,0,,,0,0.0,0,0.0,0.0,,0.0
1785314483.519992,08:00:27:5a:87:bc,0,0,,,0,0.0,0,0.0,0.0,,0.0
1785314483.519992,08:00:27:8a:0d:75,0,0,,,0,0.0,0,0.0,0.0,,0.0
1785314483.519992,08:00:27:a5:9e:2d,0,0,,,0,0.0,0,0.0,0.0,,0.0
1785314493.519992,08:00:27:5a:87:bc,0,0,,,0,0.0,0,0.0,0.0,,0.0
1785314493.519992,08:00:27:8a:0d:75,0,0,,,0,0.0,0,0.0,0.0,,0.0
1785314493.519992,08:00:27:a5:9e:2d,0,0,,,0,0.0,0,0.0,0.0,,0.0
1785314503.519992,08:00:27:5a:87:bc,0,0,,,0,0.0,0,0.0,0.0,,0.0
1785314503.519992,08:00:27:8a:0d:75,0,0,,,0,0.0,0,0.0,0.0,,0.0
1785314503.519992,08:00:27:a5:9e:2d,0,0,,,0,0.0,0,0.0,0.0,,0.0
1785314513.519992,08:00:27:5a:87:bc,0,0,,,0,0.0,0,0.0,0.0,,0.0
1785314513.519992,08:00:27:8a:0d:75,0,0,,,0,0.0,0,0.0,0.0,,0.0
1785314513.519992,08:00:27:a5:9e:2d,0,0,,,0,0.0,0,0.0,0.0,,0.0
1785314523.519992,08:00:27:5a:87:bc,0,0,,,0,0.0,0,0.0,0.0,,0.0
1785314523.519992,08:00:27:8a:0d:75,0,0,,,0,0.0,0,0.0,0.0,,0.0
1785314523.519992,08:00:27:a5:9e:2d,0,0,,,0,0.0,0,0.0,0.0,,0.0
1785314533.519992,08:00:27:5a:87:bc,0,0,,,0,0.0,0,0.0,0.0,,0.0
1785314533.519992,08:00:27:8a:0d:75,0,0,,,0,0.0,0,0.0,0.0,,0.0
1785314533.519992,08:00:27:a5:9e:2d,0,0,,,0,0.0,0,0.0,0.0,,0.0
1785314543.519992,08:00:27:5a:87:bc,0,0,,,0,0.0,0,0.0,0.0,,0.0
1785314543.519992,08:00:27:8a:0d:75,0,0,,,0,0.0,0,0.0,0.0,,0.0
1785314543.519992,08:00:27:a5:9e:2d,0,0,,,0,0.0,0,0.0,0.0,,0.0
1785314553.519992,08:00:27:5a:87:bc,0,0,,,0,0.0,0,0.0,0.0,,0.0
1785314553.519992,08:00:27:8a:0d:75,0,0,,,0,0.0,0,0.0,0.0,,0.0
1785314553.519992,08:00:27:a5:9e:2d,0,0,,,0,0.0,0,0.0,0.0,,0.0
1785314563.519992,08:00:27:5a:87:bc,0,0,,,0,0.0,0,0.0,0.0,,0.0
1785314563.519992,08:00:27:8a:0d:75,0,0,,,0,0.0,0,0.0,0.0,,0.0
1785314563.519992,08:00:27:a5:9e:2d,0,0,,,0,0.0,0,0.0,0.0,,0.0
1785314573.519992,08:00:27:5a:87:bc,0,0,,,0,0.0,0,0.0,0.0,,0.0
1785314573.519992,08:00:27:8a:0d:75,0,0,,,0,0.0,0,0.0,0.0,,0.0
1785314573.519992,08:00:27:a5:9e:2d,0,0,,,0,0.0,0,0.0,0.0,,0.0
1785314583.519992,08:00:27:5a:87:bc,0,0,,,0,0.0,0,0.0,0.0,,0.0
1785314583.519992,08:00:27:8a:0d:75,0,0,,,0,0.0,0,0.0,0.0,,0.0
1785314583.519992,08:00:27:a5:9e:2d,0,0,,,0,0.0,0,0.0,0.0,,0.0
1785314593.519992,08:00:27:5a:87:bc,0,0,,,0,0.0,0,0.0,0.0,,0.0
1785314593.519992,08:00:27:8a:0d:75,0,0,,,0,0.0,0,0.0,0.0,,0.0
1785314593.519992,08:00:27:a5:9e:2d,0,0,,,0,0.0,0,0.0,0.0,,0.0
1785314603.519992,08:00:27:5a:87:bc,0,0,,,0,0.0,0,0.0,0.0,,0.0
1785314603.519992,08:00:27:8a:0d:75,0,0,,,0,0.0,0,0.0,0.0,,0.0
1785314603.519992,08:00:27:a5:9e:2d,0,0,,,0,0.0,0,0.0,0.0,,0.0
1785314613.519992,08:00:27:5a:87:bc,0,0,,,0,0.0,0,0.0,0.0,,0.0
1785314613.519992,08:00:27:8a:0d:75,0,0,,,0,0.0,0,0.0,0.0,,0.0
1785314613.519992,08:00:27:a5:9e:2d,0,0,,,0,0.0,0,0.0,0.0,,0.0
1785314623.519992,08:00:27:5a:87:bc,0,0,,,0,0.0,0,0.0,0.0,,0.0
1785314623.519992,08:00:27:8a:0d:75,0,0,,,0,0.0,0,0.0,0.0,,0.0
1785314623.519992,08:00:27:a5:9e:2d,0,0,,,0,0.0,0,0.0,0.0,,0.0
1785314633.519992,08:00:27:5a:87:bc,0,0,,,0,0.0,0,0.0,0.0,,0.0
1785314633.519992,08:00:27:8a:0d:75,0,0,,,0,0.0,0,0.0,0.0,,0.0
1785314633.519992,08:00:27:a5:9e:2d,0,0,,,0,0.0,0,0.0,0.0,,0.0
1785314643.519992,08:00:27:5a:87:bc,0,0,,,0,0.0,0,0.0,0.0,,0.0
1785314643.519992,08:00:27:8a:0d:75,0,0,,,0,0.0,0,0.0,0.0,,0.0
1785314643.519992,08:00:27:a5:9e:2d,0,0,,,0,0.0,0,0.0,0.0,,0.0
1785314653.519992,08:00:27:5a:87:bc,0,0,,,0,0.0,0,0.0,0.0,,0.0
1785314653.519992,08:00:27:8a:0d:75,0,0,,,0,0.0,0,0.0,0.0,,0.0
1785314653.519992,08:00:27:a5:9e:2d,0,0,,,0,0.0,0,0.0,0.0,,0.0
1785314663.519992,08:00:27:5a:87:bc,0,0,,,0,0.0,0,0.0,0.0,,0.0
1785314663.519992,08:00:27:8a:0d:75,0,0,,,0,0.0,0,0.0,0.0,,0.0
1785314663.519992,08:00:27:a5:9e:2d,0,0,,,0,0.0,0,0.0,0.0,,0.0
1785314673.519992,08:00:27:5a:87:bc,0,0,,,0,0.0,0,0.0,0.0,,0.0
1785314673.519992,08:00:27:8a:0d:75,0,0,,,0,0.0,0,0.0,0.0,,0.0
1785314673.519992,08:00:27:a5:9e:2d,0,0,,,0,0.0,0,0.0,0.0,,0.0
1785314683.519992,08:00:27:5a:87:bc,0,0,,,0,0.0,0,0.0,0.0,,0.0
1785314683.519992,08:00:27:8a:0d:75,0,0,,,0,0.0,0,0.0,0.0,,0.0
1785314683.519992,08:00:27:a5:9e:2d,0,0,,,0,0.0,0,0.0,0.0,,0.0
1785314693.519992,08:00:27:5a:87:bc,0,0,,,0,0.0,0,0.0,0.0,,0.0
1785314693.519992,08:00:27:8a:0d:75,0,0,,,0,0.0,0,0.0,0.0,,0.0
1785314693.519992,08:00:27:a5:9e:2d,0,0,,,0,0.0,0,0.0,0.0,,0.0
1785314703.519992,08:00:27:5a:87:bc,0,0,,,0,0.0,0,0.0,0.0,,0.0
1785314703.519992,08:00:27:8a:0d:75,0,0,,,0,0.0,0,0.0,0.0,,0.0
1785314703.519992,08:00:27:a5:9e:2d,0,0,,,0,0.0,0,0.0,0.0,,0.0
1785314713.519992,08:00:27:5a:87:bc,0,0,,,0,0.0,0,0.0,0.0,,0.0
1785314713.519992,08:00:27:8a:0d:75,0,0,,,0,0.0,0,0.0,0.0,,0.0
1785314713.519992,08:00:27:a5:9e:2d,0,0,,,0,0.0,0,0.0,0.0,,0.0
1785314723.519992,08:00:27:5a:87:bc,0,0,,,0,0.0,0,0.0,0.0,,0.0
1785314723.519992,08:00:27:8a:0d:75,0,0,,,0,0.0,0,0.0,0.0,,0.0
1785314723.519992,08:00:27:a5:9e:2d,0,0,,,0,0.0,0,0.0,0.0,,0.0
1785314733.519992,08:00:27:5a:87:bc,0,0,,,0,0.0,0,0.0,0.0,,0.0
1785314733.519992,08:00:27:8a:0d:75,0,0,,,0,0.0,0,0.0,0.0,,0.0
1785314733.519992,08:00:27:a5:9e:2d,0,0,,,0,0.0,0,0.0,0.0,,0.0
1785314743.519992,08:00:27:5a:87:bc,0,0,,,0,0.0,0,0.0,0.0,,0.0
1785314743.519992,08:00:27:8a:0d:75,0,0,,,0,0.0,0,0.0,0.0,,0.0
1785314743.519992,08:00:27:a5:9e:2d,0,0,,,0,0.0,0,0.0,0.0,,0.0
1785314753.519992,08:00:27:5a:87:bc,0,0,,,0,0.0,0,0.0,0.0,,0.0
1785314753.519992,08:00:27:8a:0d:75,0,0,,,0,0.0,0,0.0,0.0,,0.0
1785314753.519992,08:00:27:a5:9e:2d,0,0,,,0,0.0,0,0.0,0.0,,0.0
1785314763.519992,08:00:27:5a:87:bc,0,0,,,0,0.0,0,0.0,0.0,,0.0
1785314763.519992,08:00:27:8a:0d:75,0,0,,,0,0.0,0,0.0,0.0,,0.0
1785314763.519992,08:00:27:a5:9e:2d,0,0,,,0,0.0,0,0.0,0.0,,0.0
1785314773.519992,08:00:27:5a:87:bc,0,0,,,0,0.0,0,0.0,0.0,,0.0
1785314773.519992,08:00:27:8a:0d:75,0,0,,,0,0.0,0,0.0,0.0,,0.0
1785314773.519992,08:00:27:a5:9e:2d,0,0,,,0,0.0,0,0.0,0.0,,0.0
1785314783.519992,08:00:27:5a:87:bc,0,0,,,0,0.0,0,0.0,0.0,,0.0
1785314783.519992,08:00:27:8a:0d:75,0,0,,,0,0.0,0,0.0,0.0,,0.0
1785314783.519992,08:00:27:a5:9e:2d,0,0,,,0,0.0,0,0.0,0.0,,0.0
1785314793.519992,08:00:27:5a:87:bc,0,0,,,0,0.0,0,0.0,0.0,,0.0
1785314793.519992,08:00:27:8a:0d:75,0,0,,,0,0.0,0,0.0,0.0,,0.0
1785314793.519992,08:00:27:a5:9e:2d,0,0,,,0,0.0,0,0.0,0.0,,0.0
1785314803.519992,08:00:27:5a:87:bc,0,0,,,0,0.0,0,0.0,0.0,,0.0
1785314803.519992,08:00:27:8a:0d:75,0,0,,,0,0.0,0,0.0,0.0,,0.0
1785314803.519992,08:00:27:a5:9e:2d,0,0,,,0,0.0,0,0.0,0.0,,0.0
1785314813.519992,08:00:27:5a:87:bc,0,0,,,0,0.0,0,0.0,0.0,,0.0
1785314813.519992,08:00:27:8a:0d:75,0,0,,,0,0.0,0,0.0,0.0,,0.0
1785314813.519992,08:00:27:a5:9e:2d,0,0,,,0,0.0,0,0.0,0.0,,0.0
1785314823.519992,08:00:27:5a:87:bc,0,0,,,0,0.0,0,0.0,0.0,,0.0
1785314823.519992,08:00:27:8a:0d:75,0,0,,,0,0.0,0,0.0,0.0,,0.0
1785314823.519992,08:00:27:a5:9e:2d,0,0,,,0,0.0,0,0.0,0.0,,0.0
1785314833.519992,08:00:27:5a:87:bc,0,0,,,0,0.0,0,0.0,0.0,,0.0
1785314833.519992,08:00:27:8a:0d:75,0,0,,,0,0.0,0,0.0,0.0,,0.0
1785314833.519992,08:00:27:a5:9e:2d,0,0,,,0,0.0,0,0.0,0.0,,0.0
1785314843.519992,08:00:27:5a:87:bc,0,0,,,0,0.0,0,0.0,0.0,,0.0
1785314843.519992,08:00:27:8a:0d:75,0,0,,,0,0.0,0,0.0,0.0,,0.0
1785314843.519992,08:00:27:a5:9e:2d,0,0,,,0,0.0,0,0.0,0.0,,0.0
1785314853.519992,08:00:27:5a:87:bc,0,0,,,0,0.0,0,0.0,0.0,,0.0
1785314853.519992,08:00:27:8a:0d:75,0,0,,,0,0.0,0,0.0,0.0,,0.0
1785314853.519992,08:00:27:a5:9e:2d,0,0,,,0,0.0,0,0.0,0.0,,0.0
1785314863.519992,08:00:27:5a:87:bc,0,0,,,0,0.0,0,0.0,0.0,,0.0
1785314863.519992,08:00:27:8a:0d:75,0,0,,,0,0.0,0,0.0,0.0,,0.0
1785314863.519992,08:00:27:a5:9e:2d,0,0,,,0,0.0,0,0.0,0.0,,0.0
1785314873.519992,08:00:27:5a:87:bc,0,0,,,0,0.0,0,0.0,0.0,,0.0
1785314873.519992,08:00:27:8a:0d:75,0,0,,,0,0.0,0,0.0,0.0,,0.0
1785314873.519992,08:00:27:a5:9e:2d,0,0,,,0,0.0,0,0.0,0.0,,0.0
1785314883.519992,08:00:27:5a:87:bc,0,0,,,0,0.0,0,0.0,0.0,,0.0
1785314883.519992,08:00:27:8a:0d:75,0,0,,,0,0.0,0,0.0,0.0,,0.0
1785314883.519992,08:00:27:a5:9e:2d,0,0,,,0,0.0,0,0.0,0.0,,0.0
1785314893.519992,08:00:27:5a:87:bc,0,0,,,0,0.0,0,0.0,0.0,,0.0
1785314893.519992,08:00:27:8a:0d:75,0,0,,,0,0.0,0,0.0,0.0,,0.0
1785314893.519992,08:00:27:a5:9e:2d,0,0,,,0,0.0,0,0.0,0.0,,0.0
1785314903.519992,08:00:27:5a:87:bc,0,0,,,0,0.0,0,0.0,0.0,,0.0
1785314903.519992,08:00:27:8a:0d:75,0,0,,,0,0.0,0,0.0,0.0,,0.0
1785314903.519992,08:00:27:a5:9e:2d,0,0,,,0,0.0,0,0.0,0.0,,0.0
1785314913.519992,08:00:27:5a:87:bc,0,0,,,0,0.0,0,0.0,0.0,,0.0
1785314913.519992,08:00:27:8a:0d:75,0,0,,,0,0.0,0,0.0,0.0,,0.0
1785314913.519992,08:00:27:a5:9e:2d,0,0,,,0,0.0,0,0.0,0.0,,0.0
1785314923.519992,08:00:27:5a:87:bc,0,0,,,0,0.0,0,0.0,0.0,,0.0
1785314923.519992,08:00:27:8a:0d:75,0,0,,,0,0.0,0,0.0,0.0,,0.0
1785314923.519992,08:00:27:a5:9e:2d,0,0,,,0,0.0,0,0.0,0.0,,0.0
1785314933.519992,08:00:27:5a:87:bc,0,0,,,0,0.0,0,0.0,0.0,,0.0
1785314933.519992,08:00:27:8a:0d:75,0,0,,,0,0.0,0,0.0,0.0,,0.0
1785314933.519992,08:00:27:a5:9e:2d,0,0,,,0,0.0,0,0.0,0.0,,0.0
1785314943.519992,08:00:27:5a:87:bc,0,0,,,0,0.0,0,0.0,0.0,,0.0
1785314943.519992,08:00:27:8a:0d:75,0,0,,,0,0.0,0,0.0,0.0,,0.0
1785314943.519992,08:00:27:a5:9e:2d,0,0,,,0,0.0,0,0.0,0.0,,0.0
1785314953.519992,08:00:27:5a:87:bc,0,0,,,0,0.0,0,0.0,0.0,,0.0
1785314953.519992,08:00:27:8a:0d:75,0,0,,,0,0.0,0,0.0,0.0,,0.0
1785314953.519992,08:00:27:a5:9e:2d,0,0,,,0,0.0,0,0.0,0.0,,0.0
1785314963.519992,08:00:27:5a:87:bc,0,0,,,0,0.0,0,0.0,0.0,,0.0
1785314963.519992,08:00:27:8a:0d:75,0,0,,,0,0.0,0,0.0,0.0,,0.0
1785314963.519992,08:00:27:a5:9e:2d,0,0,,,0,0.0,0,0.0,0.0,,0.0
1785314973.519992,08:00:27:5a:87:bc,0,0,,,0,0.0,0,0.0,0.0,,0.0
1785314973.519992,08:00:27:8a:0d:75,0,0,,,0,0.0,0,0.0,0.0,,0.0
1785314973.519992,08:00:27:a5:9e:2d,0,0,,,0,0.0,0,0.0,0.0,,0.0
1785314983.519992,08:00:27:5a:87:bc,0,0,,,0,0.0,0,0.0,0.0,,0.0
1785314983.519992,08:00:27:8a:0d:75,0,0,,,0,0.0,0,0.0,0.0,,0.0
1785314983.519992,08:00:27:a5:9e:2d,0,0,,,0,0.0,0,0.0,0.0,,0.0
1785314993.519992,08:00:27:5a:87:bc,0,0,,,0,0.0,0,0.0,0.0,,0.0
1785314993.519992,08:00:27:8a:0d:75,0,0,,,0,0.0,0,0.0,0.0,,0.0
1785314993.519992,08:00:27:a5:9e:2d,0,0,,,0,0.0,0,0.0,0.0,,0.0
1785315003.519992,08:00:27:5a:87:bc,0,0,,,0,0.0,0,0.0,0.0,,0.0
1785315003.519992,08:00:27:8a:0d:75,0,0,,,0,0.0,0,0.0,0.0,,0.0
1785315003.519992,08:00:27:a5:9e:2d,0,0,,,0,0.0,0,0.0,0.0,,0.0
1785315013.519992,08:00:27:5a:87:bc,0,0,,,0,0.0,0,0.0,0.0,,0.0
1785315013.519992,08:00:27:8a:0d:75,0,0,,,0,0.0,0,0.0,0.0,,0.0
1785315013.519992,08:00:27:a5:9e:2d,0,0,,,0,0.0,0,0.0,0.0,,0.0
1785315023.519992,08:00:27:5a:87:bc,0,0,,,0,0.0,0,0.0,0.0,,0.0
1785315023.519992,08:00:27:8a:0d:75,0,0,,,0,0.0,0,0.0,0.0,,0.0
1785315023.519992,08:00:27:a5:9e:2d,0,0,,,0,0.0,0,0.0,0.0,,0.0
1785315033.519992,08:00:27:5a:87:bc,0,0,,,0,0.0,0,0.0,0.0,,0.0
1785315033.519992,08:00:27:8a:0d:75,0,0,,,0,0.0,0,0.0,0.0,,0.0
1785315033.519992,08:00:27:a5:9e:2d,0,0,,,0,0.0,0,0.0,0.0,,0.0
1785315043.519992,08:00:27:5a:87:bc,0,0,,,0,0.0,0,0.0,0.0,,0.0
1785315043.519992,08:00:27:8a:0d:75,0,0,,,0,0.0,0,0.0,0.0,,0.0
1785315043.519992,08:00:27:a5:9e:2d,0,0,,,0,0.0,0,0.0,0.0,,0.0
1785315053.519992,08:00:27:5a:87:bc,0,0,,,0,0.0,0,0.0,0.0,,0.0
1785315053.519992,08:00:27:8a:0d:75,0,0,,,0,0.0,0,0.0,0.0,,0.0
1785315053.519992,08:00:27:a5:9e:2d,0,0,,,0,0.0,0,0.0,0.0,,0.0
1785315063.519992,08:00:27:5a:87:bc,0,0,,,0,0.0,0,0.0,0.0,,0.0
1785315063.519992,08:00:27:8a:0d:75,0,0,,,0,0.0,0,0.0,0.0,,0.0
1785315063.519992,08:00:27:a5:9e:2d,0,0,,,0,0.0,0,0.0,0.0,,0.0
1785315073.519992,08:00:27:5a:87:bc,0,0,,,0,0.0,0,0.0,0.0,,0.0
1785315073.519992,08:00:27:8a:0d:75,0,0,,,0,0.0,0,0.0,0.0,,0.0
1785315073.519992,08:00:27:a5:9e:2d,0,0,,,0,0.0,0,0.0,0.0,,0.0
1785315083.519992,08:00:27:5a:87:bc,0,0,,,0,0.0,0,0.0,0.0,,0.0
1785315083.519992,08:00:27:8a:0d:75,0,0,,,0,0.0,0,0.0,0.0,,0.0
1785315083.519992,08:00:27:a5:9e:2d,0,0,,,0,0.0,0,0.0,0.0,,0.0
1785315093.519992,08:00:27:5a:87:bc,0,0,,,0,0.0,0,0.0,0.0,,0.0
1785315093.519992,08:00:27:8a:0d:75,0,0,,,0,0.0,0,0.0,0.0,,0.0
1785315093.519992,08:00:27:a5:9e:2d,0,0,,,0,0.0,0,0.0,0.0,,0.0
1785315103.519992,08:00:27:5a:87:bc,0,0,,,0,0.0,0,0.0,0.0,,0.0
1785315103.519992,08:00:27:8a:0d:75,0,0,,,0,0.0,0,0.0,0.0,,0.0
1785315103.519992,08:00:27:a5:9e:2d,0,0,,,0,0.0,0,0.0,0.0,,0.0
1785315113.519992,08:00:27:5a:87:bc,0,0,,,0,0.0,0,0.0,0.0,,0.0
1785315113.519992,08:00:27:8a:0d:75,0,0,,,0,0.0,0,0.0,0.0,,0.0
1785315113.519992,08:00:27:a5:9e:2d,0,0,,,0,0.0,0,0.0,0.0,,0.0
1785315123.519992,08:00:27:5a:87:bc,0,0,,,0,0.0,0,0.0,0.0,,0.0
1785315123.519992,08:00:27:8a:0d:75,0,0,,,0,0.0,0,0.0,0.0,,0.0
1785315123.519992,08:00:27:a5:9e:2d,0,0,,,0,0.0,0,0.0,0.0,,0.0
1785315133.519992,08:00:27:5a:87:bc,0,0,,,0,0.0,0,0.0,0.0,,0.0
1785315133.519992,08:00:27:8a:0d:75,0,0,,,0,0.0,0,0.0,0.0,,0.0
1785315133.519992,08:00:27:a5:9e:2d,0,0,,,0,0.0,0,0.0,0.0,,0.0
1785315143.519992,08:00:27:5a:87:bc,0,0,,,0,0.0,0,0.0,0.0,,0.0
1785315143.519992,08:00:27:8a:0d:75,0,0,,,0,0.0,0,0.0,0.0,,0.0
1785315143.519992,08:00:27:a5:9e:2d,0,0,,,0,0.0,0,0.0,0.0,,0.0
1785315153.519992,08:00:27:5a:87:bc,0,0,,,0,0.0,0,0.0,0.0,,0.0
1785315153.519992,08:00:27:8a:0d:75,0,0,,,0,0.0,0,0.0,0.0,,0.0
1785315153.519992,08:00:27:a5:9e:2d,0,0,,,0,0.0,0,0.0,0.0,,0.0
1785315163.519992,08:00:27:5a:87:bc,0,0,,,0,0.0,0,0.0,0.0,,0.0
1785315163.519992,08:00:27:8a:0d:75,0,0,,,0,0.0,0,0.0,0.0,,0.0
1785315163.519992,08:00:27:a5:9e:2d,0,0,,,0,0.0,0,0.0,0.0,,0.0
1785315173.519992,08:00:27:5a:87:bc,0,0,,,0,0.0,0,0.0,0.0,,0.0
1785315173.519992,08:00:27:8a:0d:75,0,0,,,0,0.0,0,0.0,0.0,,0.0
1785315173.519992,08:00:27:a5:9e:2d,0,0,,,0,0.0,0,0.0,0.0,,0.0
1785315183.519992,08:00:27:5a:87:bc,0,0,,,0,0.0,0,0.0,0.0,,0.0
1785315183.519992,08:00:27:8a:0d:75,0,0,,,0,0.0,0,0.0,0.0,,0.0
1785315183.519992,08:00:27:a5:9e:2d,0,0,,,0,0.0,0,0.0,0.0,,0.0
1785315193.519992,08:00:27:5a:87:bc,0,0,,,0,0.0,0,0.0,0.0,,0.0
1785315193.519992,08:00:27:8a:0d:75,0,0,,,0,0.0,0,0.0,0.0,,0.0
1785315193.519992,08:00:27:a5:9e:2d,0,0,,,0,0.0,0,0.0,0.0,,0.0
1785315203.519992,08:00:27:5a:87:bc,0,0,,,0,0.0,0,0.0,0.0,,0.0
1785315203.519992,08:00:27:8a:0d:75,0,0,,,0,0.0,0,0.0,0.0,,0.0
1785315203.519992,08:00:27:a5:9e:2d,0,0,,,0,0.0,0,0.0,0.0,,0.0
1785315213.519992,08:00:27:5a:87:bc,0,0,,,0,0.0,0,0.0,0.0,,0.0
1785315213.519992,08:00:27:8a:0d:75,0,0,,,0,0.0,0,0.0,0.0,,0.0
1785315213.519992,08:00:27:a5:9e:2d,0,0,,,0,0.0,0,0.0,0.0,,0.0
1785315223.519992,08:00:27:5a:87:bc,0,0,,,0,0.0,0,0.0,0.0,,0.0
1785315223.519992,08:00:27:8a:0d:75,0,0,,,0,0.0,0,0.0,0.0,,0.0
1785315223.519992,08:00:27:a5:9e:2d,0,0,,,0,0.0,0,0.0,0.0,,0.0
1785315233.519992,08:00:27:5a:87:bc,0,0,,,0,0.0,0,0.0,0.0,,0.0
1785315233.519992,08:00:27:8a:0d:75,0,0,,,0,0.0,0,0.0,0.0,,0.0
1785315233.519992,08:00:27:a5:9e:2d,0,0,,,0,0.0,0,0.0,0.0,,0.0
1785315243.519992,08:00:27:5a:87:bc,0,0,,,0,0.0,0,0.0,0.0,,0.0
1785315243.519992,08:00:27:8a:0d:75,0,0,,,0,0.0,0,0.0,0.0,,0.0
1785315243.519992,08:00:27:a5:9e:2d,0,0,,,0,0.0,0,0.0,0.0,,0.0
1785315253.519992,08:00:27:5a:87:bc,0,0,,,0,0.0,0,0.0,0.0,,0.0
1785315253.519992,08:00:27:8a:0d:75,0,0,,,0,0.0,0,0.0,0.0,,0.0
1785315253.519992,08:00:27:a5:9e:2d,0,0,,,0,0.0,0,0.0,0.0,,0.0
1785315263.519992,08:00:27:5a:87:bc,0,0,,,0,0.0,0,0.0,0.0,,0.0
1785315263.519992,08:00:27:8a:0d:75,0,0,,,0,0.0,0,0.0,0.0,,0.0
1785315263.519992,08:00:27:a5:9e:2d,0,0,,,0,0.0,0,0.0,0.0,,0.0
1785315273.519992,08:00:27:5a:87:bc,0,0,,,0,0.0,0,0.0,0.0,,0.0
1785315273.519992,08:00:27:8a:0d:75,0,0,,,0,0.0,0,0.0,0.0,,0.0
1785315273.519992,08:00:27:a5:9e:2d,0,0,,,0,0.0,0,0.0,0.0,,0.0
1785315283.519992,08:00:27:5a:87:bc,0,0,,,0,0.0,0,0.0,0.0,,0.0
1785315283.519992,08:00:27:8a:0d:75,0,0,,,0,0.0,0,0.0,0.0,,0.0
1785315283.519992,08:00:27:a5:9e:2d,0,0,,,0,0.0,0,0.0,0.0,,0.0
1785315293.519992,08:00:27:5a:87:bc,0,0,,,0,0.0,0,0.0,0.0,,0.0
1785315293.519992,08:00:27:8a:0d:75,0,0,,,0,0.0,0,0.0,0.0,,0.0
1785315293.519992,08:00:27:a5:9e:2d,0,0,,,0,0.0,0,0.0,0.0,,0.0
1785315303.519992,08:00:27:5a:87:bc,0,0,,,0,0.0,0,0.0,0.0,,0.0
1785315303.519992,08:00:27:8a:0d:75,0,0,,,0,0.0,0,0.0,0.0,,0.0
1785315303.519992,08:00:27:a5:9e:2d,0,0,,,0,0.0,0,0.0,0.0,,0.0
1785315313.519992,08:00:27:5a:87:bc,0,0,,,0,0.0,0,0.0,0.0,,0.0
1785315313.519992,08:00:27:8a:0d:75,0,0,,,0,0.0,0,0.0,0.0,,0.0
1785315313.519992,08:00:27:a5:9e:2d,0,0,,,0,0.0,0,0.0,0.0,,0.0
1785315323.519992,08:00:27:5a:87:bc,0,0,,,0,0.0,0,0.0,0.0,,0.0
1785315323.519992,08:00:27:8a:0d:75,0,0,,,0,0.0,0,0.0,0.0,,0.0
1785315323.519992,08:00:27:a5:9e:2d,0,0,,,0,0.0,0,0.0,0.0,,0.0
1785315333.519992,08:00:27:5a:87:bc,0,0,,,0,0.0,0,0.0,0.0,,0.0
1785315333.519992,08:00:27:8a:0d:75,0,0,,,0,0.0,0,0.0,0.0,,0.0
1785315333.519992,08:00:27:a5:9e:2d,0,0,,,0,0.0,0,0.0,0.0,,0.0
1785315343.519992,08:00:27:5a:87:bc,0,0,,,0,0.0,0,0.0,0.0,,0.0
1785315343.519992,08:00:27:8a:0d:75,0,0,,,0,0.0,0,0.0,0.0,,0.0
1785315343.519992,08:00:27:a5:9e:2d,0,0,,,0,0.0,0,0.0,0.0,,0.0
1785315353.519992,08:00:27:5a:87:bc,0,0,,,0,0.0,0,0.0,0.0,,0.0
1785315353.519992,08:00:27:8a:0d:75,0,0,,,0,0.0,0,0.0,0.0,,0.0
1785315353.519992,08:00:27:a5:9e:2d,0,0,,,0,0.0,0,0.0,0.0,,0.0
1785315363.519992,08:00:27:5a:87:bc,0,0,,,0,0.0,0,0.0,0.0,,0.0
1785315363.519992,08:00:27:8a:0d:75,0,0,,,0,0.0,0,0.0,0.0,,0.0
1785315363.519992,08:00:27:a5:9e:2d,0,0,,,0,0.0,0,0.0,0.0,,0.0
1785315373.519992,08:00:27:5a:87:bc,0,0,,,0,0.0,0,0.0,0.0,,0.0
1785315373.519992,08:00:27:8a:0d:75,0,0,,,0,0.0,0,0.0,0.0,,0.0
1785315373.519992,08:00:27:a5:9e:2d,0,0,,,0,0.0,0,0.0,0.0,,0.0
1785315383.519992,08:00:27:5a:87:bc,0,0,,,0,0.0,0,0.0,0.0,,0.0
1785315383.519992,08:00:27:8a:0d:75,0,0,,,0,0.0,0,0.0,0.0,,0.0
1785315383.519992,08:00:27:a5:9e:2d,0,0,,,0,0.0,0,0.0,0.0,,0.0
1785315393.519992,08:00:27:5a:87:bc,0,0,,,0,0.0,0,0.0,0.0,,0.0
1785315393.519992,08:00:27:8a:0d:75,0,0,,,0,0.0,0,0.0,0.0,,0.0
1785315393.519992,08:00:27:a5:9e:2d,0,0,,,0,0.0,0,0.0,0.0,,0.0
1785315403.519992,08:00:27:5a:87:bc,0,0,,,0,0.0,0,0.0,0.0,,0.0
1785315403.519992,08:00:27:8a:0d:75,0,0,,,0,0.0,0,0.0,0.0,,0.0
1785315403.519992,08:00:27:a5:9e:2d,0,0,,,0,0.0,0,0.0,0.0,,0.0
1785315413.519992,08:00:27:5a:87:bc,0,0,,,0,0.0,0,0.0,0.0,,0.0
1785315413.519992,08:00:27:8a:0d:75,0,0,,,0,0.0,0,0.0,0.0,,0.0
1785315413.519992,08:00:27:a5:9e:2d,0,0,,,0,0.0,0,0.0,0.0,,0.0
1785315423.519992,08:00:27:5a:87:bc,0,0,,,0,0.0,0,0.0,0.0,,0.0
1785315423.519992,08:00:27:8a:0d:75,0,0,,,0,0.0,0,0.0,0.0,,0.0
1785315423.519992,08:00:27:a5:9e:2d,0,0,,,0,0.0,0,0.0,0.0,,0.0
1785315433.519992,08:00:27:5a:87:bc,0,0,,,0,0.0,0,0.0,0.0,,0.0
1785315433.519992,08:00:27:8a:0d:75,0,0,,,0,0.0,0,0.0,0.0,,0.0
1785315433.519992,08:00:27:a5:9e:2d,0,0,,,0,0.0,0,0.0,0.0,,0.0
1785315443.519992,08:00:27:5a:87:bc,0,0,,,0,0.0,0,0.0,0.0,,0.0
1785315443.519992,08:00:27:8a:0d:75,0,0,,,0,0.0,0,0.0,0.0,,0.0
1785315443.519992,08:00:27:a5:9e:2d,0,0,,,0,0.0,0,0.0,0.0,,0.0
1785315453.519992,08:00:27:5a:87:bc,0,0,,,0,0.0,0,0.0,0.0,,0.0
1785315453.519992,08:00:27:8a:0d:75,0,0,,,0,0.0,0,0.0,0.0,,0.0
1785315453.519992,08:00:27:a5:9e:2d,0,0,,,0,0.0,0,0.0,0.0,,0.0
1785315463.519992,08:00:27:5a:87:bc,0,0,,,0,0.0,0,0.0,0.0,,0.0
1785315463.519992,08:00:27:8a:0d:75,0,0,,,0,0.0,0,0.0,0.0,,0.0
1785315463.519992,08:00:27:a5:9e:2d,0,0,,,0,0.0,0,0.0,0.0,,0.0
1785315473.519992,08:00:27:5a:87:bc,0,0,,,0,0.0,0,0.0,0.0,,0.0
1785315473.519992,08:00:27:8a:0d:75,0,0,,,0,0.0,0,0.0,0.0,,0.0
1785315473.519992,08:00:27:a5:9e:2d,0,0,,,0,0.0,0,0.0,0.0,,0.0
1785315483.519992,08:00:27:5a:87:bc,0,0,,,0,0.0,0,0.0,0.0,,0.0
1785315483.519992,08:00:27:8a:0d:75,0,0,,,0,0.0,0,0.0,0.0,,0.0
1785315483.519992,08:00:27:a5:9e:2d,0,0,,,0,0.0,0,0.0,0.0,,0.0
1785315493.519992,08:00:27:5a:87:bc,0,0,,,0,0.0,0,0.0,0.0,,0.0
1785315493.519992,08:00:27:8a:0d:75,0,0,,,0,0.0,0,0.0,0.0,,0.0
1785315493.519992,08:00:27:a5:9e:2d,0,0,,,0,0.0,0,0.0,0.0,,0.0
1785315503.519992,08:00:27:5a:87:bc,0,0,,,0,0.0,0,0.0,0.0,,0.0
1785315503.519992,08:00:27:8a:0d:75,0,0,,,0,0.0,0,0.0,0.0,,0.0
1785315503.519992,08:00:27:a5:9e:2d,0,0,,,0,0.0,0,0.0,0.0,,0.0
1785315513.519992,08:00:27:5a:87:bc,0,0,,,0,0.0,0,0.0,0.0,,0.0
1785315513.519992,08:00:27:8a:0d:75,0,0,,,0,0.0,0,0.0,0.0,,0.0
1785315513.519992,08:00:27:a5:9e:2d,0,0,,,0,0.0,0,0.0,0.0,,0.0
1785315523.519992,08:00:27:5a:87:bc,0,0,,,0,0.0,0,0.0,0.0,,0.0
1785315523.519992,08:00:27:8a:0d:75,0,0,,,0,0.0,0,0.0,0.0,,0.0
1785315523.519992,08:00:27:a5:9e:2d,0,0,,,0,0.0,0,0.0,0.0,,0.0
1785315533.519992,08:00:27:5a:87:bc,0,0,,,0,0.0,0,0.0,0.0,,0.0
1785315533.519992,08:00:27:8a:0d:75,0,0,,,0,0.0,0,0.0,0.0,,0.0
1785315533.519992,08:00:27:a5:9e:2d,0,0,,,0,0.0,0,0.0,0.0,,0.0
1785315543.519992,08:00:27:5a:87:bc,0,0,,,0,0.0,0,0.0,0.0,,0.0
1785315543.519992,08:00:27:8a:0d:75,0,0,,,0,0.0,0,0.0,0.0,,0.0
1785315543.519992,08:00:27:a5:9e:2d,0,0,,,0,0.0,0,0.0,0.0,,0.0
1785315553.519992,08:00:27:5a:87:bc,0,0,,,0,0.0,0,0.0,0.0,,0.0
1785315553.519992,08:00:27:8a:0d:75,0,0,,,0,0.0,0,0.0,0.0,,0.0
1785315553.519992,08:00:27:a5:9e:2d,0,0,,,0,0.0,0,0.0,0.0,,0.0
1785315563.519992,08:00:27:5a:87:bc,0,0,,,0,0.0,0,0.0,0.0,,0.0
1785315563.519992,08:00:27:8a:0d:75,0,0,,,0,0.0,0,0.0,0.0,,0.0
1785315563.519992,08:00:27:a5:9e:2d,0,0,,,0,0.0,0,0.0,0.0,,0.0
1785315573.519992,08:00:27:5a:87:bc,0,0,,,0,0.0,0,0.0,0.0,,0.0
1785315573.519992,08:00:27:8a:0d:75,0,0,,,0,0.0,0,0.0,0.0,,0.0
1785315573.519992,08:00:27:a5:9e:2d,0,0,,,0,0.0,0,0.0,0.0,,0.0
1785315583.519992,08:00:27:5a:87:bc,0,0,,,0,0.0,0,0.0,0.0,,0.0
1785315583.519992,08:00:27:8a:0d:75,0,0,,,0,0.0,0,0.0,0.0,,0.0
1785315583.519992,08:00:27:a5:9e:2d,0,0,,,0,0.0,0,0.0,0.0,,0.0
1785315593.519992,08:00:27:5a:87:bc,0,0,,,0,0.0,0,0.0,0.0,,0.0
1785315593.519992,08:00:27:8a:0d:75,0,0,,,0,0.0,0,0.0,0.0,,0.0
1785315593.519992,08:00:27:a5:9e:2d,0,0,,,0,0.0,0,0.0,0.0,,0.0
1785315603.519992,08:00:27:5a:87:bc,0,0,,,0,0.0,0,0.0,0.0,,0.0
1785315603.519992,08:00:27:8a:0d:75,0,0,,,0,0.0,0,0.0,0.0,,0.0
1785315603.519992,08:00:27:a5:9e:2d,0,0,,,0,0.0,0,0.0,0.0,,0.0
1785315613.519992,08:00:27:5a:87:bc,0,0,,,0,0.0,0,0.0,0.0,,0.0
1785315613.519992,08:00:27:8a:0d:75,0,0,,,0,0.0,0,0.0,0.0,,0.0
1785315613.519992,08:00:27:a5:9e:2d,0,0,,,0,0.0,0,0.0,0.0,,0.0
1785315623.519992,08:00:27:5a:87:bc,0,0,,,0,0.0,0,0.0,0.0,,0.0
1785315623.519992,08:00:27:8a:0d:75,0,0,,,0,0.0,0,0.0,0.0,,0.0
1785315623.519992,08:00:27:a5:9e:2d,0,0,,,0,0.0,0,0.0,0.0,,0.0
1785315633.519992,08:00:27:5a:87:bc,0,0,,,0,0.0,0,0.0,0.0,,0.0
1785315633.519992,08:00:27:8a:0d:75,0,0,,,0,0.0,0,0.0,0.0,,0.0
1785315633.519992,08:00:27:a5:9e:2d,0,0,,,0,0.0,0,0.0,0.0,,0.0
1785315643.519992,08:00:27:5a:87:bc,0,0,,,0,0.0,0,0.0,0.0,,0.0
1785315643.519992,08:00:27:8a:0d:75,0,0,,,0,0.0,0,0.0,0.0,,0.0
1785315643.519992,08:00:27:a5:9e:2d,0,0,,,0,0.0,0,0.0,0.0,,0.0
1785315653.519992,08:00:27:5a:87:bc,0,0,,,0,0.0,0,0.0,0.0,,0.0
1785315653.519992,08:00:27:8a:0d:75,0,0,,,0,0.0,0,0.0,0.0,,0.0
1785315653.519992,08:00:27:a5:9e:2d,0,0,,,0,0.0,0,0.0,0.0,,0.0
1785315663.519992,08:00:27:5a:87:bc,0,0,,,0,0.0,0,0.0,0.0,,0.0
1785315663.519992,08:00:27:8a:0d:75,0,0,,,0,0.0,0,0.0,0.0,,0.0
1785315663.519992,08:00:27:a5:9e:2d,0,0,,,0,0.0,0,0.0,0.0,,0.0
1785315673.519992,08:00:27:5a:87:bc,0,0,,,0,0.0,0,0.0,0.0,,0.0
1785315673.519992,08:00:27:8a:0d:75,0,0,,,0,0.0,0,0.0,0.0,,0.0
1785315673.519992,08:00:27:a5:9e:2d,0,0,,,0,0.0,0,0.0,0.0,,0.0
1785315683.519992,08:00:27:5a:87:bc,0,0,,,0,0.0,0,0.0,0.0,,0.0
1785315683.519992,08:00:27:8a:0d:75,0,0,,,0,0.0,0,0.0,0.0,,0.0
1785315683.519992,08:00:27:a5:9e:2d,0,0,,,0,0.0,0,0.0,0.0,,0.0
1785315693.519992,08:00:27:5a:87:bc,0,0,,,0,0.0,0,0.0,0.0,,0.0
1785315693.519992,08:00:27:8a:0d:75,0,0,,,0,0.0,0,0.0,0.0,,0.0
1785315693.519992,08:00:27:a5:9e:2d,0,0,,,0,0.0,0,0.0,0.0,,0.0
1785315703.519992,08:00:27:5a:87:bc,0,0,,,0,0.0,0,0.0,0.0,,0.0
1785315703.519992,08:00:27:8a:0d:75,0,0,,,0,0.0,0,0.0,0.0,,0.0
1785315703.519992,08:00:27:a5:9e:2d,0,0,,,0,0.0,0,0.0,0.0,,0.0
1785315713.519992,08:00:27:5a:87:bc,0,0,,,0,0.0,0,0.0,0.0,,0.0
1785315713.519992,08:00:27:8a:0d:75,0,0,,,0,0.0,0,0.0,0.0,,0.0
1785315713.519992,08:00:27:a5:9e:2d,0,0,,,0,0.0,0,0.0,0.0,,0.0
1785315723.519992,08:00:27:5a:87:bc,0,0,,,0,0.0,0,0.0,0.0,,0.0
1785315723.519992,08:00:27:8a:0d:75,0,0,,,0,0.0,0,0.0,0.0,,0.0
1785315723.519992,08:00:27:a5:9e:2d,0,0,,,0,0.0,0,0.0,0.0,,0.0
1785315733.519992,08:00:27:5a:87:bc,0,0,,,0,0.0,0,0.0,0.0,,0.0
1785315733.519992,08:00:27:8a:0d:75,0,0,,,0,0.0,0,0.0,0.0,,0.0
1785315733.519992,08:00:27:a5:9e:2d,0,0,,,0,0.0,0,0.0,0.0,,0.0
1785315743.519992,08:00:27:5a:87:bc,0,0,,,0,0.0,0,0.0,0.0,,0.0
1785315743.519992,08:00:27:8a:0d:75,0,0,,,0,0.0,0,0.0,0.0,,0.0
1785315743.519992,08:00:27:a5:9e:2d,0,0,,,0,0.0,0,0.0,0.0,,0.0
1785315753.519992,08:00:27:5a:87:bc,0,0,,,0,0.0,0,0.0,0.0,,0.0
1785315753.519992,08:00:27:8a:0d:75,0,0,,,0,0.0,0,0.0,0.0,,0.0
1785315753.519992,08:00:27:a5:9e:2d,0,0,,,0,0.0,0,0.0,0.0,,0.0
1785315763.519992,08:00:27:5a:87:bc,0,0,,,0,0.0,0,0.0,0.0,,0.0
1785315763.519992,08:00:27:8a:0d:75,0,0,,,0,0.0,0,0.0,0.0,,0.0
1785315763.519992,08:00:27:a5:9e:2d,0,0,,,0,0.0,0,0.0,0.0,,0.0
1785315773.519992,08:00:27:5a:87:bc,0,0,,,0,0.0,0,0.0,0.0,,0.0
1785315773.519992,08:00:27:8a:0d:75,0,0,,,0,0.0,0,0.0,0.0,,0.0
1785315773.519992,08:00:27:a5:9e:2d,0,0,,,0,0.0,0,0.0,0.0,,0.0
1785315783.519992,08:00:27:5a:87:bc,0,0,,,0,0.0,0,0.0,0.0,,0.0
1785315783.519992,08:00:27:8a:0d:75,0,0,,,0,0.0,0,0.0,0.0,,0.0
1785315783.519992,08:00:27:a5:9e:2d,0,0,,,0,0.0,0,0.0,0.0,,0.0
1785315793.519992,08:00:27:5a:87:bc,0,0,,,0,0.0,0,0.0,0.0,,0.0
1785315793.519992,08:00:27:8a:0d:75,0,0,,,0,0.0,0,0.0,0.0,,0.0
1785315793.519992,08:00:27:a5:9e:2d,0,0,,,0,0.0,0,0.0,0.0,,0.0
1785315803.519992,08:00:27:5a:87:bc,0,0,,,0,0.0,0,0.0,0.0,,0.0
1785315803.519992,08:00:27:8a:0d:75,0,0,,,0,0.0,0,0.0,0.0,,0.0
1785315803.519992,08:00:27:a5:9e:2d,0,0,,,0,0.0,0,0.0,0.0,,0.0
1785315813.519992,08:00:27:5a:87:bc,0,0,,,0,0.0,0,0.0,0.0,,0.0
1785315813.519992,08:00:27:8a:0d:75,0,0,,,0,0.0,0,0.0,0.0,,0.0
1785315813.519992,08:00:27:a5:9e:2d,0,0,,,0,0.0,0,0.0,0.0,,0.0
1785315823.519992,08:00:27:5a:87:bc,0,0,,,0,0.0,0,0.0,0.0,,0.0
1785315823.519992,08:00:27:8a:0d:75,0,0,,,0,0.0,0,0.0,0.0,,0.0
1785315823.519992,08:00:27:a5:9e:2d,0,0,,,0,0.0,0,0.0,0.0,,0.0
1785315833.519992,08:00:27:5a:87:bc,0,0,,,0,0.0,0,0.0,0.0,,0.0
1785315833.519992,08:00:27:8a:0d:75,0,0,,,0,0.0,0,0.0,0.0,,0.0
1785315833.519992,08:00:27:a5:9e:2d,0,0,,,0,0.0,0,0.0,0.0,,0.0
1785315843.519992,08:00:27:5a:87:bc,0,0,,,0,0.0,0,0.0,0.0,,0.0
1785315843.519992,08:00:27:8a:0d:75,0,0,,,0,0.0,0,0.0,0.0,,0.0
1785315843.519992,08:00:27:a5:9e:2d,0,0,,,0,0.0,0,0.0,0.0,,0.0
1785315853.519992,08:00:27:5a:87:bc,0,0,,,0,0.0,0,0.0,0.0,,0.0
1785315853.519992,08:00:27:8a:0d:75,0,0,,,0,0.0,0,0.0,0.0,,0.0
1785315853.519992,08:00:27:a5:9e:2d,0,0,,,0,0.0,0,0.0,0.0,,0.0
1785315863.519992,08:00:27:5a:87:bc,0,0,,,0,0.0,0,0.0,0.0,,0.0
1785315863.519992,08:00:27:8a:0d:75,0,0,,,0,0.0,0,0.0,0.0,,0.0
1785315863.519992,08:00:27:a5:9e:2d,0,0,,,0,0.0,0,0.0,0.0,,0.0
1785315873.519992,08:00:27:5a:87:bc,0,0,,,0,0.0,0,0.0,0.0,,0.0
1785315873.519992,08:00:27:8a:0d:75,0,0,,,0,0.0,0,0.0,0.0,,0.0
1785315873.519992,08:00:27:a5:9e:2d,0,0,,,0,0.0,0,0.0,0.0,,0.0
1785315883.519992,08:00:27:5a:87:bc,0,0,,,0,0.0,0,0.0,0.0,,0.0
1785315883.519992,08:00:27:8a:0d:75,0,0,,,0,0.0,0,0.0,0.0,,0.0
1785315883.519992,08:00:27:a5:9e:2d,0,0,,,0,0.0,0,0.0,0.0,,0.0
1785315893.519992,08:00:27:5a:87:bc,0,0,,,0,0.0,0,0.0,0.0,,0.0
1785315893.519992,08:00:27:8a:0d:75,0,0,,,0,0.0,0,0.0,0.0,,0.0
1785315893.519992,08:00:27:a5:9e:2d,0,0,,,0,0.0,0,0.0,0.0,,0.0
1785315903.519992,08:00:27:5a:87:bc,0,0,,,0,0.0,0,0.0,0.0,,0.0
1785315903.519992,08:00:27:8a:0d:75,0,0,,,0,0.0,0,0.0,0.0,,0.0
1785315903.519992,08:00:27:a5:9e:2d,0,0,,,0,0.0,0,0.0,0.0,,0.0
1785315913.519992,08:00:27:5a:87:bc,0,0,,,0,0.0,0,0.0,0.0,,0.0
1785315913.519992,08:00:27:8a:0d:75,0,0,,,0,0.0,0,0.0,0.0,,0.0
1785315913.519992,08:00:27:a5:9e:2d,0,0,,,0,0.0,0,0.0,0.0,,0.0
1785315923.519992,08:00:27:5a:87:bc,0,0,,,0,0.0,0,0.0,0.0,,0.0
1785315923.519992,08:00:27:8a:0d:75,0,0,,,0,0.0,0,0.0,0.0,,0.0
1785315923.519992,08:00:27:a5:9e:2d,0,0,,,0,0.0,0,0.0,0.0,,0.0
1785315933.519992,08:00:27:5a:87:bc,0,0,,,0,0.0,0,0.0,0.0,,0.0
1785315933.519992,08:00:27:8a:0d:75,0,0,,,0,0.0,0,0.0,0.0,,0.0
1785315933.519992,08:00:27:a5:9e:2d,0,0,,,0,0.0,0,0.0,0.0,,0.0
1785315943.519992,08:00:27:5a:87:bc,0,0,,,0,0.0,0,0.0,0.0,,0.0
1785315943.519992,08:00:27:8a:0d:75,0,0,,,0,0.0,0,0.0,0.0,,0.0
1785315943.519992,08:00:27:a5:9e:2d,0,0,,,0,0.0,0,0.0,0.0,,0.0
1785315953.519992,08:00:27:5a:87:bc,0,0,,,0,0.0,0,0.0,0.0,,0.0
1785315953.519992,08:00:27:8a:0d:75,0,0,,,0,0.0,0,0.0,0.0,,0.0
1785315953.519992,08:00:27:a5:9e:2d,0,0,,,0,0.0,0,0.0,0.0,,0.0
1785315963.519992,08:00:27:5a:87:bc,0,0,,,0,0.0,0,0.0,0.0,,0.0
1785315963.519992,08:00:27:8a:0d:75,0,0,,,0,0.0,0,0.0,0.0,,0.0
1785315963.519992,08:00:27:a5:9e:2d,0,0,,,0,0.0,0,0.0,0.0,,0.0
1785315973.519992,08:00:27:5a:87:bc,0,0,,,0,0.0,0,0.0,0.0,,0.0
1785315973.519992,08:00:27:8a:0d:75,0,0,,,0,0.0,0,0.0,0.0,,0.0
1785315973.519992,08:00:27:a5:9e:2d,0,0,,,0,0.0,0,0.0,0.0,,0.0
1785315983.519992,08:00:27:5a:87:bc,0,0,,,0,0.0,0,0.0,0.0,,0.0
1785315983.519992,08:00:27:8a:0d:75,0,0,,,0,0.0,0,0.0,0.0,,0.0
1785315983.519992,08:00:27:a5:9e:2d,0,0,,,0,0.0,0,0.0,0.0,,0.0
1785315993.519992,08:00:27:5a:87:bc,0,0,,,0,0.0,0,0.0,0.0,,0.0
1785315993.519992,08:00:27:8a:0d:75,0,0,,,0,0.0,0,0.0,0.0,,0.0
1785315993.519992,08:00:27:a5:9e:2d,0,0,,,0,0.0,0,0.0,0.0,,0.0
1785316003.519992,08:00:27:5a:87:bc,0,0,,,0,0.0,0,0.0,0.0,,0.0
1785316003.519992,08:00:27:8a:0d:75,0,0,,,0,0.0,0,0.0,0.0,,0.0
1785316003.519992,08:00:27:a5:9e:2d,0,0,,,0,0.0,0,0.0,0.0,,0.0
1785316013.519992,08:00:27:5a:87:bc,0,0,,,0,0.0,0,0.0,0.0,,0.0
1785316013.519992,08:00:27:8a:0d:75,0,0,,,0,0.0,0,0.0,0.0,,0.0
1785316013.519992,08:00:27:a5:9e:2d,0,0,,,0,0.0,0,0.0,0.0,,0.0
1785316023.519992,08:00:27:5a:87:bc,0,0,,,0,0.0,0,0.0,0.0,,0.0
1785316023.519992,08:00:27:8a:0d:75,0,0,,,0,0.0,0,0.0,0.0,,0.0
1785316023.519992,08:00:27:a5:9e:2d,0,0,,,0,0.0,0,0.0,0.0,,0.0
1785316033.519992,08:00:27:5a:87:bc,0,0,,,0,0.0,0,0.0,0.0,,0.0
1785316033.519992,08:00:27:8a:0d:75,0,0,,,0,0.0,0,0.0,0.0,,0.0
1785316033.519992,08:00:27:a5:9e:2d,0,0,,,0,0.0,0,0.0,0.0,,0.0
1785316043.519992,08:00:27:5a:87:bc,0,0,,,0,0.0,0,0.0,0.0,,0.0
1785316043.519992,08:00:27:8a:0d:75,0,0,,,0,0.0,0,0.0,0.0,,0.0
1785316043.519992,08:00:27:a5:9e:2d,0,0,,,0,0.0,0,0.0,0.0,,0.0
1785316053.519992,08:00:27:5a:87:bc,0,0,,,0,0.0,0,0.0,0.0,,0.0
1785316053.519992,08:00:27:8a:0d:75,0,0,,,0,0.0,0,0.0,0.0,,0.0
1785316053.519992,08:00:27:a5:9e:2d,0,0,,,0,0.0,0,0.0,0.0,,0.0
1785316063.519992,08:00:27:5a:87:bc,0,0,,,0,0.0,0,0.0,0.0,,0.0
1785316063.519992,08:00:27:8a:0d:75,0,0,,,0,0.0,0,0.0,0.0,,0.0
1785316063.519992,08:00:27:a5:9e:2d,0,0,,,0,0.0,0,0.0,0.0,,0.0
1785316073.519992,08:00:27:5a:87:bc,0,0,,,0,0.0,0,0.0,0.0,,0.0
1785316073.519992,08:00:27:8a:0d:75,0,0,,,0,0.0,0,0.0,0.0,,0.0
1785316073.519992,08:00:27:a5:9e:2d,0,0,,,0,0.0,0,0.0,0.0,,0.0
1785316083.519992,08:00:27:5a:87:bc,0,0,,,0,0.0,0,0.0,0.0,,0.0
1785316083.519992,08:00:27:8a:0d:75,0,0,,,0,0.0,0,0.0,0.0,,0.0
1785316083.519992,08:00:27:a5:9e:2d,0,0,,,0,0.0,0,0.0,0.0,,0.0
1785316093.519992,08:00:27:5a:87:bc,0,0,,,0,0.0,0,0.0,0.0,,0.0
1785316093.519992,08:00:27:8a:0d:75,0,0,,,0,0.0,0,0.0,0.0,,0.0
1785316093.519992,08:00:27:a5:9e:2d,0,0,,,0,0.0,0,0.0,0.0,,0.0
1785316103.519992,08:00:27:5a:87:bc,0,0,,,0,0.0,0,0.0,0.0,,0.0
1785316103.519992,08:00:27:8a:0d:75,0,0,,,0,0.0,0,0.0,0.0,,0.0
1785316103.519992,08:00:27:a5:9e:2d,0,0,,,0,0.0,0,0.0,0.0,,0.0
1785316113.519992,08:00:27:5a:87:bc,0,0,,,0,0.0,0,0.0,0.0,,0.0
1785316113.519992,08:00:27:8a:0d:75,0,0,,,0,0.0,0,0.0,0.0,,0.0
1785316113.519992,08:00:27:a5:9e:2d,0,0,,,0,0.0,0,0.0,0.0,,0.0
1785316123.519992,08:00:27:5a:87:bc,0,0,,,0,0.0,0,0.0,0.0,,0.0
1785316123.519992,08:00:27:8a:0d:75,0,0,,,0,0.0,0,0.0,0.0,,0.0
1785316123.519992,08:00:27:a5:9e:2d,0,0,,,0,0.0,0,0.0,0.0,,0.0
1785316133.519992,08:00:27:5a:87:bc,0,0,,,0,0.0,0,0.0,0.0,,0.0
1785316133.519992,08:00:27:8a:0d:75,0,0,,,0,0.0,0,0.0,0.0,,0.0
1785316133.519992,08:00:27:a5:9e:2d,0,0,,,0,0.0,0,0.0,0.0,,0.0
1785316143.519992,08:00:27:5a:87:bc,0,0,,,0,0.0,0,0.0,0.0,,0.0
1785316143.519992,08:00:27:8a:0d:75,0,0,,,0,0.0,0,0.0,0.0,,0.0
1785316143.519992,08:00:27:a5:9e:2d,0,0,,,0,0.0,0,0.0,0.0,,0.0
1785316153.519992,08:00:27:5a:87:bc,0,0,,,0,0.0,0,0.0,0.0,,0.0
1785316153.519992,08:00:27:8a:0d:75,0,0,,,0,0.0,0,0.0,0.0,,0.0
1785316153.519992,08:00:27:a5:9e:2d,0,0,,,0,0.0,0,0.0,0.0,,0.0
1785316163.519992,08:00:27:5a:87:bc,0,0,,,0,0.0,0,0.0,0.0,,0.0
1785316163.519992,08:00:27:8a:0d:75,0,0,,,0,0.0,0,0.0,0.0,,0.0
1785316163.519992,08:00:27:a5:9e:2d,0,0,,,0,0.0,0,0.0,0.0,,0.0
1785316173.519992,08:00:27:5a:87:bc,0,0,,,0,0.0,0,0.0,0.0,,0.0
1785316173.519992,08:00:27:8a:0d:75,0,0,,,0,0.0,0,0.0,0.0,,0.0
1785316173.519992,08:00:27:a5:9e:2d,0,0,,,0,0.0,0,0.0,0.0,,0.0
1785316183.519992,08:00:27:5a:87:bc,0,0,,,0,0.0,0,0.0,0.0,,0.0
1785316183.519992,08:00:27:8a:0d:75,0,0,,,0,0.0,0,0.0,0.0,,0.0
1785316183.519992,08:00:27:a5:9e:2d,0,0,,,0,0.0,0,0.0,0.0,,0.0
1785316193.519992,08:00:27:5a:87:bc,0,0,,,0,0.0,0,0.0,0.0,,0.0
1785316193.519992,08:00:27:8a:0d:75,0,0,,,0,0.0,0,0.0,0.0,,0.0
1785316193.519992,08:00:27:a5:9e:2d,0,0,,,0,0.0,0,0.0,0.0,,0.0
1785316203.519992,08:00:27:5a:87:bc,0,0,,,0,0.0,0,0.0,0.0,,0.0
1785316203.519992,08:00:27:8a:0d:75,0,0,,,0,0.0,0,0.0,0.0,,0.0
1785316203.519992,08:00:27:a5:9e:2d,0,0,,,0,0.0,0,0.0,0.0,,0.0
1785316213.519992,08:00:27:5a:87:bc,0,0,,,0,0.0,0,0.0,0.0,,0.0
1785316213.519992,08:00:27:8a:0d:75,0,0,,,0,0.0,0,0.0,0.0,,0.0
1785316213.519992,08:00:27:a5:9e:2d,0,0,,,0,0.0,0,0.0,0.0,,0.0
1785316223.519992,08:00:27:5a:87:bc,0,0,,,0,0.0,0,0.0,0.0,,0.0
1785316223.519992,08:00:27:8a:0d:75,0,0,,,0,0.0,0,0.0,0.0,,0.0
1785316223.519992,08:00:27:a5:9e:2d,0,0,,,0,0.0,0,0.0,0.0,,0.0
1785316233.519992,08:00:27:5a:87:bc,0,0,,,0,0.0,0,0.0,0.0,,0.0
1785316233.519992,08:00:27:8a:0d:75,0,0,,,0,0.0,0,0.0,0.0,,0.0
1785316233.519992,08:00:27:a5:9e:2d,0,0,,,0,0.0,0,0.0,0.0,,0.0
1785316243.519992,08:00:27:5a:87:bc,0,0,,,0,0.0,0,0.0,0.0,,0.0
1785316243.519992,08:00:27:8a:0d:75,0,0,,,0,0.0,0,0.0,0.0,,0.0
1785316243.519992,08:00:27:a5:9e:2d,0,0,,,0,0.0,0,0.0,0.0,,0.0
1785316253.519992,08:00:27:5a:87:bc,0,0,,,0,0.0,0,0.0,0.0,,0.0
1785316253.519992,08:00:27:8a:0d:75,0,0,,,0,0.0,0,0.0,0.0,,0.0
1785316253.519992,08:00:27:a5:9e:2d,0,0,,,0,0.0,0,0.0,0.0,,0.0
1785316263.519992,08:00:27:5a:87:bc,0,0,,,0,0.0,0,0.0,0.0,,0.0
1785316263.519992,08:00:27:8a:0d:75,0,0,,,0,0.0,0,0.0,0.0,,0.0
1785316263.519992,08:00:27:a5:9e:2d,0,0,,,0,0.0,0,0.0,0.0,,0.0
1785316273.519992,08:00:27:5a:87:bc,0,0,,,0,0.0,0,0.0,0.0,,0.0
1785316273.519992,08:00:27:8a:0d:75,0,0,,,0,0.0,0,0.0,0.0,,0.0
1785316273.519992,08:00:27:a5:9e:2d,0,0,,,0,0.0,0,0.0,0.0,,0.0
1785316283.519992,08:00:27:5a:87:bc,0,0,,,0,0.0,0,0.0,0.0,,0.0
1785316283.519992,08:00:27:8a:0d:75,0,0,,,0,0.0,0,0.0,0.0,,0.0
1785316283.519992,08:00:27:a5:9e:2d,0,0,,,0,0.0,0,0.0,0.0,,0.0
1785316293.519992,08:00:27:5a:87:bc,0,0,,,0,0.0,0,0.0,0.0,,0.0
1785316293.519992,08:00:27:8a:0d:75,0,0,,,0,0.0,0,0.0,0.0,,0.0
1785316293.519992,08:00:27:a5:9e:2d,0,0,,,0,0.0,0,0.0,0.0,,0.0
1785316303.519992,08:00:27:5a:87:bc,0,0,,,0,0.0,0,0.0,0.0,,0.0
1785316303.519992,08:00:27:8a:0d:75,0,0,,,0,0.0,0,0.0,0.0,,0.0
1785316303.519992,08:00:27:a5:9e:2d,0,0,,,0,0.0,0,0.0,0.0,,0.0
1785316313.519992,08:00:27:5a:87:bc,0,0,,,0,0.0,0,0.0,0.0,,0.0
1785316313.519992,08:00:27:8a:0d:75,0,0,,,0,0.0,0,0.0,0.0,,0.0
1785316313.519992,08:00:27:a5:9e:2d,0,0,,,0,0.0,0,0.0,0.0,,0.0
1785316323.519992,08:00:27:5a:87:bc,0,0,,,0,0.0,0,0.0,0.0,,0.0
1785316323.519992,08:00:27:8a:0d:75,0,0,,,0,0.0,0,0.0,0.0,,0.0
1785316323.519992,08:00:27:a5:9e:2d,0,0,,,0,0.0,0,0.0,0.0,,0.0
1785316333.519992,08:00:27:5a:87:bc,0,0,,,0,0.0,0,0.0,0.0,,0.0
1785316333.519992,08:00:27:8a:0d:75,0,0,,,0,0.0,0,0.0,0.0,,0.0
1785316333.519992,08:00:27:a5:9e:2d,0,0,,,0,0.0,0,0.0,0.0,,0.0
1785316343.519992,08:00:27:5a:87:bc,0,0,,,0,0.0,0,0.0,0.0,,0.0
1785316343.519992,08:00:27:8a:0d:75,0,0,,,0,0.0,0,0.0,0.0,,0.0
1785316343.519992,08:00:27:a5:9e:2d,0,0,,,0,0.0,0,0.0,0.0,,0.0
1785316353.519992,08:00:27:5a:87:bc,0,0,,,0,0.0,0,0.0,0.0,,0.0
1785316353.519992,08:00:27:8a:0d:75,0,0,,,0,0.0,0,0.0,0.0,,0.0
1785316353.519992,08:00:27:a5:9e:2d,0,0,,,0,0.0,0,0.0,0.0,,0.0
1785316363.519992,08:00:27:5a:87:bc,0,0,,,0,0.0,0,0.0,0.0,,0.0
1785316363.519992,08:00:27:8a:0d:75,0,0,,,0,0.0,0,0.0,0.0,,0.0
1785316363.519992,08:00:27:a5:9e:2d,0,0,,,0,0.0,0,0.0,0.0,,0.0
1785316373.519992,08:00:27:5a:87:bc,0,0,,,0,0.0,0,0.0,0.0,,0.0
1785316373.519992,08:00:27:8a:0d:75,0,0,,,0,0.0,0,0.0,0.0,,0.0
1785316373.519992,08:00:27:a5:9e:2d,0,0,,,0,0.0,0,0.0,0.0,,0.0
1785316383.519992,08:00:27:5a:87:bc,0,0,,,0,0.0,0,0.0,0.0,,0.0
1785316383.519992,08:00:27:8a:0d:75,0,0,,,0,0.0,0,0.0,0.0,,0.0
1785316383.519992,08:00:27:a5:9e:2d,0,0,,,0,0.0,0,0.0,0.0,,0.0
1785316393.519992,08:00:27:5a:87:bc,0,0,,,0,0.0,0,0.0,0.0,,0.0
1785316393.519992,08:00:27:8a:0d:75,0,0,,,0,0.0,0,0.0,0.0,,0.0
1785316393.519992,08:00:27:a5:9e:2d,0,0,,,0,0.0,0,0.0,0.0,,0.0
1785316403.519992,08:00:27:5a:87:bc,0,0,,,0,0.0,0,0.0,0.0,,0.0
1785316403.519992,08:00:27:8a:0d:75,0,0,,,0,0.0,0,0.0,0.0,,0.0
1785316403.519992,08:00:27:a5:9e:2d,0,0,,,0,0.0,0,0.0,0.0,,0.0
1785316413.519992,08:00:27:5a:87:bc,0,0,,,0,0.0,0,0.0,0.0,,0.0
1785316413.519992,08:00:27:8a:0d:75,0,0,,,0,0.0,0,0.0,0.0,,0.0
1785316413.519992,08:00:27:a5:9e:2d,0,0,,,0,0.0,0,0.0,0.0,,0.0
1785316423.519992,08:00:27:5a:87:bc,0,0,,,0,0.0,0,0.0,0.0,,0.0
1785316423.519992,08:00:27:8a:0d:75,0,0,,,0,0.0,0,0.0,0.0,,0.0
1785316423.519992,08:00:27:a5:9e:2d,0,0,,,0,0.0,0,0.0,0.0,,0.0
1785316433.519992,08:00:27:5a:87:bc,0,0,,,0,0.0,0,0.0,0.0,,0.0
1785316433.519992,08:00:27:8a:0d:75,0,0,,,0,0.0,0,0.0,0.0,,0.0
1785316433.519992,08:00:27:a5:9e:2d,0,0,,,0,0.0,0,0.0,0.0,,0.0
1785316443.519992,08:00:27:5a:87:bc,0,0,,,0,0.0,0,0.0,0.0,,0.0
1785316443.519992,08:00:27:8a:0d:75,0,0,,,0,0.0,0,0.0,0.0,,0.0
1785316443.519992,08:00:27:a5:9e:2d,0,0,,,0,0.0,0,0.0,0.0,,0.0
1785316453.519992,08:00:27:5a:87:bc,0,0,,,0,0.0,0,0.0,0.0,,0.0
1785316453.519992,08:00:27:8a:0d:75,0,0,,,0,0.0,0,0.0,0.0,,0.0
1785316453.519992,08:00:27:a5:9e:2d,0,0,,,0,0.0,0,0.0,0.0,,0.0
1785316463.519992,08:00:27:5a:87:bc,0,0,,,0,0.0,0,0.0,0.0,,0.0
1785316463.519992,08:00:27:8a:0d:75,0,0,,,0,0.0,0,0.0,0.0,,0.0
1785316463.519992,08:00:27:a5:9e:2d,0,0,,,0,0.0,0,0.0,0.0,,0.0
1785316473.519992,08:00:27:5a:87:bc,0,0,,,0,0.0,0,0.0,0.0,,0.0
1785316473.519992,08:00:27:8a:0d:75,0,0,,,0,0.0,0,0.0,0.0,,0.0
1785316473.519992,08:00:27:a5:9e:2d,0,0,,,0,0.0,0,0.0,0.0,,0.0
1785316483.519992,08:00:27:5a:87:bc,0,0,,,0,0.0,0,0.0,0.0,,0.0
1785316483.519992,08:00:27:8a:0d:75,0,0,,,0,0.0,0,0.0,0.0,,0.0
1785316483.519992,08:00:27:a5:9e:2d,0,0,,,0,0.0,0,0.0,0.0,,0.0
1785316493.519992,08:00:27:5a:87:bc,0,0,,,0,0.0,0,0.0,0.0,,0.0
1785316493.519992,08:00:27:8a:0d:75,0,0,,,0,0.0,0,0.0,0.0,,0.0
1785316493.519992,08:00:27:a5:9e:2d,0,0,,,0,0.0,0,0.0,0.0,,0.0
1785316503.519992,08:00:27:5a:87:bc,0,0,,,0,0.0,0,0.0,0.0,,0.0
1785316503.519992,08:00:27:8a:0d:75,0,0,,,0,0.0,0,0.0,0.0,,0.0
1785316503.519992,08:00:27:a5:9e:2d,0,0,,,0,0.0,0,0.0,0.0,,0.0
1785316513.519992,08:00:27:5a:87:bc,0,0,,,0,0.0,0,0.0,0.0,,0.0
1785316513.519992,08:00:27:8a:0d:75,0,0,,,0,0.0,0,0.0,0.0,,0.0
1785316513.519992,08:00:27:a5:9e:2d,0,0,,,0,0.0,0,0.0,0.0,,0.0
1785316523.519992,08:00:27:5a:87:bc,0,0,,,0,0.0,0,0.0,0.0,,0.0
1785316523.519992,08:00:27:8a:0d:75,0,0,,,0,0.0,0,0.0,0.0,,0.0
1785316523.519992,08:00:27:a5:9e:2d,0,0,,,0,0.0,0,0.0,0.0,,0.0
1785316533.519992,08:00:27:5a:87:bc,0,0,,,0,0.0,0,0.0,0.0,,0.0
1785316533.519992,08:00:27:8a:0d:75,0,0,,,0,0.0,0,0.0,0.0,,0.0
1785316533.519992,08:00:27:a5:9e:2d,0,0,,,0,0.0,0,0.0,0.0,,0.0
1785316543.519992,08:00:27:5a:87:bc,0,0,,,0,0.0,0,0.0,0.0,,0.0
1785316543.519992,08:00:27:8a:0d:75,0,0,,,0,0.0,0,0.0,0.0,,0.0
1785316543.519992,08:00:27:a5:9e:2d,0,0,,,0,0.0,0,0.0,0.0,,0.0
1785316553.519992,08:00:27:5a:87:bc,0,0,,,0,0.0,0,0.0,0.0,,0.0
1785316553.519992,08:00:27:8a:0d:75,0,0,,,0,0.0,0,0.0,0.0,,0.0
1785316553.519992,08:00:27:a5:9e:2d,0,0,,,0,0.0,0,0.0,0.0,,0.0
1785316563.519992,08:00:27:5a:87:bc,0,0,,,0,0.0,0,0.0,0.0,,0.0
1785316563.519992,08:00:27:8a:0d:75,0,0,,,0,0.0,0,0.0,0.0,,0.0
1785316563.519992,08:00:27:a5:9e:2d,0,0,,,0,0.0,0,0.0,0.0,,0.0
1785316573.519992,08:00:27:5a:87:bc,0,0,,,0,0.0,0,0.0,0.0,,0.0
1785316573.519992,08:00:27:8a:0d:75,0,0,,,0,0.0,0,0.0,0.0,,0.0
1785316573.519992,08:00:27:a5:9e:2d,0,0,,,0,0.0,0,0.0,0.0,,0.0
1785316583.519992,08:00:27:5a:87:bc,0,0,,,0,0.0,0,0.0,0.0,,0.0
1785316583.519992,08:00:27:8a:0d:75,0,0,,,0,0.0,0,0.0,0.0,,0.0
1785316583.519992,08:00:27:a5:9e:2d,0,0,,,0,0.0,0,0.0,0.0,,0.0
1785316593.519992,08:00:27:5a:87:bc,0,0,,,0,0.0,0,0.0,0.0,,0.0
1785316593.519992,08:00:27:8a:0d:75,0,0,,,0,0.0,0,0.0,0.0,,0.0
1785316593.519992,08:00:27:a5:9e:2d,0,0,,,0,0.0,0,0.0,0.0,,0.0
1785316603.519992,08:00:27:5a:87:bc,0,0,,,0,0.0,0,0.0,0.0,,0.0
1785316603.519992,08:00:27:8a:0d:75,0,0,,,0,0.0,0,0.0,0.0,,0.0
1785316603.519992,08:00:27:a5:9e:2d,0,0,,,0,0.0,0,0.0,0.0,,0.0
1785316613.519992,08:00:27:5a:87:bc,0,0,,,0,0.0,0,0.0,0.0,,0.0
1785316613.519992,08:00:27:8a:0d:75,0,0,,,0,0.0,0,0.0,0.0,,0.0
1785316613.519992,08:00:27:a5:9e:2d,0,0,,,0,0.0,0,0.0,0.0,,0.0
1785316623.519992,08:00:27:5a:87:bc,0,0,,,0,0.0,0,0.0,0.0,,0.0
1785316623.519992,08:00:27:8a:0d:75,0,0,,,0,0.0,0,0.0,0.0,,0.0
1785316623.519992,08:00:27:a5:9e:2d,0,0,,,0,0.0,0,0.0,0.0,,0.0
1785316633.519992,08:00:27:5a:87:bc,0,0,,,0,0.0,0,0.0,0.0,,0.0
1785316633.519992,08:00:27:8a:0d:75,0,0,,,0,0.0,0,0.0,0.0,,0.0
1785316633.519992,08:00:27:a5:9e:2d,0,0,,,0,0.0,0,0.0,0.0,,0.0
1785316643.519992,08:00:27:5a:87:bc,0,0,,,0,0.0,0,0.0,0.0,,0.0
1785316643.519992,08:00:27:8a:0d:75,0,0,,,0,0.0,0,0.0,0.0,,0.0
1785316643.519992,08:00:27:a5:9e:2d,0,0,,,0,0.0,0,0.0,0.0,,0.0
1785316653.519992,08:00:27:5a:87:bc,0,0,,,0,0.0,0,0.0,0.0,,0.0
1785316653.519992,08:00:27:8a:0d:75,0,0,,,0,0.0,0,0.0,0.0,,0.0
1785316653.519992,08:00:27:a5:9e:2d,0,0,,,0,0.0,0,0.0,0.0,,0.0
1785316663.519992,08:00:27:5a:87:bc,0,0,,,0,0.0,0,0.0,0.0,,0.0
1785316663.519992,08:00:27:8a:0d:75,0,0,,,0,0.0,0,0.0,0.0,,0.0
1785316663.519992,08:00:27:a5:9e:2d,0,0,,,0,0.0,0,0.0,0.0,,0.0
1785316673.519992,08:00:27:5a:87:bc,0,0,,,0,0.0,0,0.0,0.0,,0.0
1785316673.519992,08:00:27:8a:0d:75,0,0,,,0,0.0,0,0.0,0.0,,0.0
1785316673.519992,08:00:27:a5:9e:2d,0,0,,,0,0.0,0,0.0,0.0,,0.0
1785316683.519992,08:00:27:5a:87:bc,0,0,,,0,0.0,0,0.0,0.0,,0.0
1785316683.519992,08:00:27:8a:0d:75,0,0,,,0,0.0,0,0.0,0.0,,0.0
1785316683.519992,08:00:27:a5:9e:2d,0,0,,,0,0.0,0,0.0,0.0,,0.0
1785316693.519992,08:00:27:5a:87:bc,0,0,,,0,0.0,0,0.0,0.0,,0.0
1785316693.519992,08:00:27:8a:0d:75,0,0,,,0,0.0,0,0.0,0.0,,0.0
1785316693.519992,08:00:27:a5:9e:2d,0,0,,,0,0.0,0,0.0,0.0,,0.0
1785316703.519992,08:00:27:5a:87:bc,0,0,,,0,0.0,0,0.0,0.0,,0.0
1785316703.519992,08:00:27:8a:0d:75,0,0,,,0,0.0,0,0.0,0.0,,0.0
1785316703.519992,08:00:27:a5:9e:2d,0,0,,,0,0.0,0,0.0,0.0,,0.0
1785316713.519992,08:00:27:5a:87:bc,0,0,,,0,0.0,0,0.0,0.0,,0.0
1785316713.519992,08:00:27:8a:0d:75,0,0,,,0,0.0,0,0.0,0.0,,0.0
1785316713.519992,08:00:27:a5:9e:2d,0,0,,,0,0.0,0,0.0,0.0,,0.0
1785316723.519992,08:00:27:5a:87:bc,0,0,,,0,0.0,0,0.0,0.0,,0.0
1785316723.519992,08:00:27:8a:0d:75,0,0,,,0,0.0,0,0.0,0.0,,0.0
1785316723.519992,08:00:27:a5:9e:2d,0,0,,,0,0.0,0,0.0,0.0,,0.0
1785316733.519992,08:00:27:5a:87:bc,0,0,,,0,0.0,0,0.0,0.0,,0.0
1785316733.519992,08:00:27:8a:0d:75,0,0,,,0,0.0,0,0.0,0.0,,0.0
1785316733.519992,08:00:27:a5:9e:2d,0,0,,,0,0.0,0,0.0,0.0,,0.0
1785316743.519992,08:00:27:5a:87:bc,0,0,,,0,0.0,0,0.0,0.0,,0.0
1785316743.519992,08:00:27:8a:0d:75,0,0,,,0,0.0,0,0.0,0.0,,0.0
1785316743.519992,08:00:27:a5:9e:2d,0,0,,,0,0.0,0,0.0,0.0,,0.0
1785316753.519992,08:00:27:5a:87:bc,0,0,,,0,0.0,0,0.0,0.0,,0.0
1785316753.519992,08:00:27:8a:0d:75,0,0,,,0,0.0,0,0.0,0.0,,0.0
1785316753.519992,08:00:27:a5:9e:2d,0,0,,,0,0.0,0,0.0,0.0,,0.0
1785316763.519992,08:00:27:5a:87:bc,0,0,,,0,0.0,0,0.0,0.0,,0.0
1785316763.519992,08:00:27:8a:0d:75,0,0,,,0,0.0,0,0.0,0.0,,0.0
1785316763.519992,08:00:27:a5:9e:2d,0,0,,,0,0.0,0,0.0,0.0,,0.0
1785316773.519992,08:00:27:5a:87:bc,0,0,,,0,0.0,0,0.0,0.0,,0.0
1785316773.519992,08:00:27:8a:0d:75,0,0,,,0,0.0,0,0.0,0.0,,0.0
1785316773.519992,08:00:27:a5:9e:2d,0,0,,,0,0.0,0,0.0,0.0,,0.0
1785316783.519992,08:00:27:5a:87:bc,0,0,,,0,0.0,0,0.0,0.0,,0.0
1785316783.519992,08:00:27:8a:0d:75,0,0,,,0,0.0,0,0.0,0.0,,0.0
1785316783.519992,08:00:27:a5:9e:2d,0,0,,,0,0.0,0,0.0,0.0,,0.0
1785316793.519992,08:00:27:5a:87:bc,0,0,,,0,0.0,0,0.0,0.0,,0.0
1785316793.519992,08:00:27:8a:0d:75,0,0,,,0,0.0,0,0.0,0.0,,0.0
1785316793.519992,08:00:27:a5:9e:2d,0,0,,,0,0.0,0,0.0,0.0,,0.0
1785316803.519992,08:00:27:5a:87:bc,0,0,,,0,0.0,0,0.0,0.0,,0.0
1785316803.519992,08:00:27:8a:0d:75,0,0,,,0,0.0,0,0.0,0.0,,0.0
1785316803.519992,08:00:27:a5:9e:2d,0,0,,,0,0.0,0,0.0,0.0,,0.0
1785316813.519992,08:00:27:5a:87:bc,0,0,,,0,0.0,0,0.0,0.0,,0.0
1785316813.519992,08:00:27:8a:0d:75,0,0,,,0,0.0,0,0.0,0.0,,0.0
1785316813.519992,08:00:27:a5:9e:2d,0,0,,,0,0.0,0,0.0,0.0,,0.0
1785316823.519992,08:00:27:5a:87:bc,0,0,,,0,0.0,0,0.0,0.0,,0.0
1785316823.519992,08:00:27:8a:0d:75,0,0,,,0,0.0,0,0.0,0.0,,0.0
1785316823.519992,08:00:27:a5:9e:2d,0,0,,,0,0.0,0,0.0,0.0,,0.0
1785316833.519992,08:00:27:5a:87:bc,0,0,,,0,0.0,0,0.0,0.0,,0.0
1785316833.519992,08:00:27:8a:0d:75,0,0,,,0,0.0,0,0.0,0.0,,0.0
1785316833.519992,08:00:27:a5:9e:2d,0,0,,,0,0.0,0,0.0,0.0,,0.0
1785316843.519992,08:00:27:5a:87:bc,0,0,,,0,0.0,0,0.0,0.0,,0.0
1785316843.519992,08:00:27:8a:0d:75,0,0,,,0,0.0,0,0.0,0.0,,0.0
1785316843.519992,08:00:27:a5:9e:2d,0,0,,,0,0.0,0,0.0,0.0,,0.0
1785316853.519992,08:00:27:5a:87:bc,0,0,,,0,0.0,0,0.0,0.0,,0.0
1785316853.519992,08:00:27:8a:0d:75,0,0,,,0,0.0,0,0.0,0.0,,0.0
1785316853.519992,08:00:27:a5:9e:2d,0,0,,,0,0.0,0,0.0,0.0,,0.0
1785316863.519992,08:00:27:5a:87:bc,0,0,,,0,0.0,0,0.0,0.0,,0.0
1785316863.519992,08:00:27:8a:0d:75,0,0,,,0,0.0,0,0.0,0.0,,0.0
1785316863.519992,08:00:27:a5:9e:2d,0,0,,,0,0.0,0,0.0,0.0,,0.0
1785316873.519992,08:00:27:5a:87:bc,0,0,,,0,0.0,0,0.0,0.0,,0.0
1785316873.519992,08:00:27:8a:0d:75,0,0,,,0,0.0,0,0.0,0.0,,0.0
1785316873.519992,08:00:27:a5:9e:2d,0,0,,,0,0.0,0,0.0,0.0,,0.0
1785316883.519992,08:00:27:5a:87:bc,0,0,,,0,0.0,0,0.0,0.0,,0.0
1785316883.519992,08:00:27:8a:0d:75,0,0,,,0,0.0,0,0.0,0.0,,0.0
1785316883.519992,08:00:27:a5:9e:2d,0,0,,,0,0.0,0,0.0,0.0,,0.0
1785316893.519992,08:00:27:5a:87:bc,0,0,,,0,0.0,0,0.0,0.0,,0.0
1785316893.519992,08:00:27:8a:0d:75,0,0,,,0,0.0,0,0.0,0.0,,0.0
1785316893.519992,08:00:27:a5:9e:2d,0,0,,,0,0.0,0,0.0,0.0,,0.0
1785316903.519992,08:00:27:5a:87:bc,0,0,,,0,0.0,0,0.0,0.0,,0.0
1785316903.519992,08:00:27:8a:0d:75,0,0,,,0,0.0,0,0.0,0.0,,0.0
1785316903.519992,08:00:27:a5:9e:2d,0,0,,,0,0.0,0,0.0,0.0,,0.0
1785316913.519992,08:00:27:5a:87:bc,0,0,,,0,0.0,0,0.0,0.0,,0.0
1785316913.519992,08:00:27:8a:0d:75,0,0,,,0,0.0,0,0.0,0.0,,0.0
1785316913.519992,08:00:27:a5:9e:2d,0,0,,,0,0.0,0,0.0,0.0,,0.0
1785316923.519992,08:00:27:5a:87:bc,0,0,,,0,0.0,0,0.0,0.0,,0.0
1785316923.519992,08:00:27:8a:0d:75,0,0,,,0,0.0,0,0.0,0.0,,0.0
1785316923.519992,08:00:27:a5:9e:2d,0,0,,,0,0.0,0,0.0,0.0,,0.0
1785316933.519992,08:00:27:5a:87:bc,0,0,,,0,0.0,0,0.0,0.0,,0.0
1785316933.519992,08:00:27:8a:0d:75,0,0,,,0,0.0,0,0.0,0.0,,0.0
1785316933.519992,08:00:27:a5:9e:2d,0,0,,,0,0.0,0,0.0,0.0,,0.0
1785316943.519992,08:00:27:5a:87:bc,0,0,,,0,0.0,0,0.0,0.0,,0.0
1785316943.519992,08:00:27:8a:0d:75,0,0,,,0,0.0,0,0.0,0.0,,0.0
1785316943.519992,08:00:27:a5:9e:2d,0,0,,,0,0.0,0,0.0,0.0,,0.0
1785316953.519992,08:00:27:5a:87:bc,0,0,,,0,0.0,0,0.0,0.0,,0.0
1785316953.519992,08:00:27:8a:0d:75,0,0,,,0,0.0,0,0.0,0.0,,0.0
1785316953.519992,08:00:27:a5:9e:2d,0,0,,,0,0.0,0,0.0,0.0,,0.0
1785316963.519992,08:00:27:5a:87:bc,0,0,,,0,0.0,0,0.0,0.0,,0.0
1785316963.519992,08:00:27:8a:0d:75,0,0,,,0,0.0,0,0.0,0.0,,0.0
1785316963.519992,08:00:27:a5:9e:2d,0,0,,,0,0.0,0,0.0,0.0,,0.0
1785316973.519992,08:00:27:5a:87:bc,0,0,,,0,0.0,0,0.0,0.0,,0.0
1785316973.519992,08:00:27:8a:0d:75,0,0,,,0,0.0,0,0.0,0.0,,0.0
1785316973.519992,08:00:27:a5:9e:2d,0,0,,,0,0.0,0,0.0,0.0,,0.0
1785316983.519992,08:00:27:5a:87:bc,0,0,,,0,0.0,0,0.0,0.0,,0.0
1785316983.519992,08:00:27:8a:0d:75,0,0,,,0,0.0,0,0.0,0.0,,0.0
1785316983.519992,08:00:27:a5:9e:2d,0,0,,,0,0.0,0,0.0,0.0,,0.0
1785316993.519992,08:00:27:5a:87:bc,0,0,,,0,0.0,0,0.0,0.0,,0.0
1785316993.519992,08:00:27:8a:0d:75,0,0,,,0,0.0,0,0.0,0.0,,0.0
1785316993.519992,08:00:27:a5:9e:2d,0,0,,,0,0.0,0,0.0,0.0,,0.0
1785317003.519992,08:00:27:5a:87:bc,0,0,,,0,0.0,0,0.0,0.0,,0.0
1785317003.519992,08:00:27:8a:0d:75,0,0,,,0,0.0,0,0.0,0.0,,0.0
1785317003.519992,08:00:27:a5:9e:2d,0,0,,,0,0.0,0,0.0,0.0,,0.0
1785317013.519992,08:00:27:5a:87:bc,0,0,,,0,0.0,0,0.0,0.0,,0.0
1785317013.519992,08:00:27:8a:0d:75,0,0,,,0,0.0,0,0.0,0.0,,0.0
1785317013.519992,08:00:27:a5:9e:2d,0,0,,,0,0.0,0,0.0,0.0,,0.0
1785317023.519992,08:00:27:5a:87:bc,0,0,,,0,0.0,0,0.0,0.0,,0.0
1785317023.519992,08:00:27:8a:0d:75,0,0,,,0,0.0,0,0.0,0.0,,0.0
1785317023.519992,08:00:27:a5:9e:2d,0,0,,,0,0.0,0,0.0,0.0,,0.0
1785317033.519992,08:00:27:5a:87:bc,0,0,,,0,0.0,0,0.0,0.0,,0.0
1785317033.519992,08:00:27:8a:0d:75,0,0,,,0,0.0,0,0.0,0.0,,0.0
1785317033.519992,08:00:27:a5:9e:2d,0,0,,,0,0.0,0,0.0,0.0,,0.0
1785317043.519992,08:00:27:5a:87:bc,0,0,,,0,0.0,0,0.0,0.0,,0.0
1785317043.519992,08:00:27:8a:0d:75,0,0,,,0,0.0,0,0.0,0.0,,0.0
1785317043.519992,08:00:27:a5:9e:2d,0,0,,,0,0.0,0,0.0,0.0,,0.0
1785317053.519992,08:00:27:5a:87:bc,0,0,,,0,0.0,0,0.0,0.0,,0.0
1785317053.519992,08:00:27:8a:0d:75,0,0,,,0,0.0,0,0.0,0.0,,0.0
1785317053.519992,08:00:27:a5:9e:2d,0,0,,,0,0.0,0,0.0,0.0,,0.0
1785317063.519992,08:00:27:5a:87:bc,0,0,,,0,0.0,0,0.0,0.0,,0.0
1785317063.519992,08:00:27:8a:0d:75,0,0,,,0,0.0,0,0.0,0.0,,0.0
1785317063.519992,08:00:27:a5:9e:2d,0,0,,,0,0.0,0,0.0,0.0,,0.0
1785317073.519992,08:00:27:5a:87:bc,0,0,,,0,0.0,0,0.0,0.0,,0.0
1785317073.519992,08:00:27:8a:0d:75,0,0,,,0,0.0,0,0.0,0.0,,0.0
1785317073.519992,08:00:27:a5:9e:2d,0,0,,,0,0.0,0,0.0,0.0,,0.0
1785317083.519992,08:00:27:5a:87:bc,0,0,,,0,0.0,0,0.0,0.0,,0.0
1785317083.519992,08:00:27:8a:0d:75,0,0,,,0,0.0,0,0.0,0.0,,0.0
1785317083.519992,08:00:27:a5:9e:2d,0,0,,,0,0.0,0,0.0,0.0,,0.0
1785317093.519992,08:00:27:5a:87:bc,0,0,,,0,0.0,0,0.0,0.0,,0.0
1785317093.519992,08:00:27:8a:0d:75,0,0,,,0,0.0,0,0.0,0.0,,0.0
1785317093.519992,08:00:27:a5:9e:2d,0,0,,,0,0.0,0,0.0,0.0,,0.0
1785317103.519992,08:00:27:5a:87:bc,0,0,,,0,0.0,0,0.0,0.0,,0.0
1785317103.519992,08:00:27:8a:0d:75,0,0,,,0,0.0,0,0.0,0.0,,0.0
1785317103.519992,08:00:27:a5:9e:2d,0,0,,,0,0.0,0,0.0,0.0,,0.0
1785317113.519992,08:00:27:5a:87:bc,0,0,,,0,0.0,0,0.0,0.0,,0.0
1785317113.519992,08:00:27:8a:0d:75,0,0,,,0,0.0,0,0.0,0.0,,0.0
1785317113.519992,08:00:27:a5:9e:2d,0,0,,,0,0.0,0,0.0,0.0,,0.0
1785317123.519992,08:00:27:5a:87:bc,0,0,,,0,0.0,0,0.0,0.0,,0.0
1785317123.519992,08:00:27:8a:0d:75,0,0,,,0,0.0,0,0.0,0.0,,0.0
1785317123.519992,08:00:27:a5:9e:2d,0,0,,,0,0.0,0,0.0,0.0,,0.0
1785317133.519992,08:00:27:5a:87:bc,0,0,,,0,0.0,0,0.0,0.0,,0.0
1785317133.519992,08:00:27:8a:0d:75,0,0,,,0,0.0,0,0.0,0.0,,0.0
1785317133.519992,08:00:27:a5:9e:2d,0,0,,,0,0.0,0,0.0,0.0,,0.0
1785317143.519992,08:00:27:5a:87:bc,0,0,,,0,0.0,0,0.0,0.0,,0.0
1785317143.519992,08:00:27:8a:0d:75,0,0,,,0,0.0,0,0.0,0.0,,0.0
1785317143.519992,08:00:27:a5:9e:2d,0,0,,,0,0.0,0,0.0,0.0,,0.0
1785317153.519992,08:00:27:5a:87:bc,0,0,,,0,0.0,0,0.0,0.0,,0.0
1785317153.519992,08:00:27:8a:0d:75,0,0,,,0,0.0,0,0.0,0.0,,0.0
1785317153.519992,08:00:27:a5:9e:2d,0,0,,,0,0.0,0,0.0,0.0,,0.0
1785317163.519992,08:00:27:5a:87:bc,0,0,,,0,0.0,0,0.0,0.0,,0.0
1785317163.519992,08:00:27:8a:0d:75,0,0,,,0,0.0,0,0.0,0.0,,0.0
1785317163.519992,08:00:27:a5:9e:2d,0,0,,,0,0.0,0,0.0,0.0,,0.0
1785317173.519992,08:00:27:5a:87:bc,0,0,,,0,0.0,0,0.0,0.0,,0.0
1785317173.519992,08:00:27:8a:0d:75,0,0,,,0,0.0,0,0.0,0.0,,0.0
1785317173.519992,08:00:27:a5:9e:2d,0,0,,,0,0.0,0,0.0,0.0,,0.0
1785317183.519992,08:00:27:5a:87:bc,0,0,,,0,0.0,0,0.0,0.0,,0.0
1785317183.519992,08:00:27:8a:0d:75,0,0,,,0,0.0,0,0.0,0.0,,0.0
1785317183.519992,08:00:27:a5:9e:2d,0,0,,,0,0.0,0,0.0,0.0,,0.0
1785317193.519992,08:00:27:5a:87:bc,0,0,,,0,0.0,0,0.0,0.0,,0.0
1785317193.519992,08:00:27:8a:0d:75,0,0,,,0,0.0,0,0.0,0.0,,0.0
1785317193.519992,08:00:27:a5:9e:2d,0,0,,,0,0.0,0,0.0,0.0,,0.0
1785317203.519992,08:00:27:5a:87:bc,0,0,,,0,0.0,0,0.0,0.0,,0.0
1785317203.519992,08:00:27:8a:0d:75,0,0,,,0,0.0,0,0.0,0.0,,0.0
1785317203.519992,08:00:27:a5:9e:2d,0,0,,,0,0.0,0,0.0,0.0,,0.0
1785317213.519992,08:00:27:5a:87:bc,0,0,,,0,0.0,0,0.0,0.0,,0.0
1785317213.519992,08:00:27:8a:0d:75,0,0,,,0,0.0,0,0.0,0.0,,0.0
1785317213.519992,08:00:27:a5:9e:2d,0,0,,,0,0.0,0,0.0,0.0,,0.0
1785317223.519992,08:00:27:5a:87:bc,0,0,,,0,0.0,0,0.0,0.0,,0.0
1785317223.519992,08:00:27:8a:0d:75,0,0,,,0,0.0,0,0.0,0.0,,0.0
1785317223.519992,08:00:27:a5:9e:2d,0,0,,,0,0.0,0,0.0,0.0,,0.0
1785317233.519992,08:00:27:5a:87:bc,0,0,,,0,0.0,0,0.0,0.0,,0.0
1785317233.519992,08:00:27:8a:0d:75,0,0,,,0,0.0,0,0.0,0.0,,0.0
1785317233.519992,08:00:27:a5:9e:2d,0,0,,,0,0.0,0,0.0,0.0,,0.0
1785317243.519992,08:00:27:5a:87:bc,0,0,,,0,0.0,0,0.0,0.0,,0.0
1785317243.519992,08:00:27:8a:0d:75,0,0,,,0,0.0,0,0.0,0.0,,0.0
1785317243.519992,08:00:27:a5:9e:2d,0,0,,,0,0.0,0,0.0,0.0,,0.0
1785317253.519992,08:00:27:5a:87:bc,0,0,,,0,0.0,0,0.0,0.0,,0.0
1785317253.519992,08:00:27:8a:0d:75,0,0,,,0,0.0,0,0.0,0.0,,0.0
1785317253.519992,08:00:27:a5:9e:2d,0,0,,,0,0.0,0,0.0,0.0,,0.0
1785317263.519992,08:00:27:5a:87:bc,0,0,,,0,0.0,0,0.0,0.0,,0.0
1785317263.519992,08:00:27:8a:0d:75,0,0,,,0,0.0,0,0.0,0.0,,0.0
1785317263.519992,08:00:27:a5:9e:2d,0,0,,,0,0.0,0,0.0,0.0,,0.0
1785317273.519992,08:00:27:5a:87:bc,0,0,,,0,0.0,0,0.0,0.0,,0.0
1785317273.519992,08:00:27:8a:0d:75,0,0,,,0,0.0,0,0.0,0.0,,0.0
1785317273.519992,08:00:27:a5:9e:2d,0,0,,,0,0.0,0,0.0,0.0,,0.0
1785317283.519992,08:00:27:5a:87:bc,0,0,,,0,0.0,0,0.0,0.0,,0.0
1785317283.519992,08:00:27:8a:0d:75,0,0,,,0,0.0,0,0.0,0.0,,0.0
1785317283.519992,08:00:27:a5:9e:2d,0,0,,,0,0.0,0,0.0,0.0,,0.0
1785317293.519992,08:00:27:5a:87:bc,0,0,,,0,0.0,0,0.0,0.0,,0.0
1785317293.519992,08:00:27:8a:0d:75,0,0,,,0,0.0,0,0.0,0.0,,0.0
1785317293.519992,08:00:27:a5:9e:2d,0,0,,,0,0.0,0,0.0,0.0,,0.0
1785317303.519992,08:00:27:5a:87:bc,0,0,,,0,0.0,0,0.0,0.0,,0.0
1785317303.519992,08:00:27:8a:0d:75,0,0,,,0,0.0,0,0.0,0.0,,0.0
1785317303.519992,08:00:27:a5:9e:2d,0,0,,,0,0.0,0,0.0,0.0,,0.0
1785317313.519992,08:00:27:5a:87:bc,0,0,,,0,0.0,0,0.0,0.0,,0.0
1785317313.519992,08:00:27:8a:0d:75,0,0,,,0,0.0,0,0.0,0.0,,0.0
1785317313.519992,08:00:27:a5:9e:2d,0,0,,,0,0.0,0,0.0,0.0,,0.0
1785317323.519992,08:00:27:5a:87:bc,0,0,,,0,0.0,0,0.0,0.0,,0.0
1785317323.519992,08:00:27:8a:0d:75,0,0,,,0,0.0,0,0.0,0.0,,0.0
1785317323.519992,08:00:27:a5:9e:2d,0,0,,,0,0.0,0,0.0,0.0,,0.0
1785317333.519992,08:00:27:5a:87:bc,0,0,,,0,0.0,0,0.0,0.0,,0.0
1785317333.519992,08:00:27:8a:0d:75,0,0,,,0,0.0,0,0.0,0.0,,0.0
1785317333.519992,08:00:27:a5:9e:2d,0,0,,,0,0.0,0,0.0,0.0,,0.0
1785317343.519992,08:00:27:5a:87:bc,0,0,,,0,0.0,0,0.0,0.0,,0.0
1785317343.519992,08:00:27:8a:0d:75,0,0,,,0,0.0,0,0.0,0.0,,0.0
1785317343.519992,08:00:27:a5:9e:2d,0,0,,,0,0.0,0,0.0,0.0,,0.0
1785317353.519992,08:00:27:5a:87:bc,0,0,,,0,0.0,0,0.0,0.0,,0.0
1785317353.519992,08:00:27:8a:0d:75,0,0,,,0,0.0,0,0.0,0.0,,0.0
1785317353.519992,08:00:27:a5:9e:2d,0,0,,,0,0.0,0,0.0,0.0,,0.0
1785317363.519992,08:00:27:5a:87:bc,0,0,,,0,0.0,0,0.0,0.0,,0.0
1785317363.519992,08:00:27:8a:0d:75,0,0,,,0,0.0,0,0.0,0.0,,0.0
1785317363.519992,08:00:27:a5:9e:2d,0,0,,,0,0.0,0,0.0,0.0,,0.0
1785317373.519992,08:00:27:5a:87:bc,0,0,,,0,0.0,0,0.0,0.0,,0.0
1785317373.519992,08:00:27:8a:0d:75,0,0,,,0,0.0,0,0.0,0.0,,0.0
1785317373.519992,08:00:27:a5:9e:2d,0,0,,,0,0.0,0,0.0,0.0,,0.0
1785317383.519992,08:00:27:5a:87:bc,0,0,,,0,0.0,0,0.0,0.0,,0.0
1785317383.519992,08:00:27:8a:0d:75,0,0,,,0,0.0,0,0.0,0.0,,0.0
1785317383.519992,08:00:27:a5:9e:2d,0,0,,,0,0.0,0,0.0,0.0,,0.0
1785317393.519992,08:00:27:5a:87:bc,0,0,,,0,0.0,0,0.0,0.0,,0.0
1785317393.519992,08:00:27:8a:0d:75,0,0,,,0,0.0,0,0.0,0.0,,0.0
1785317393.519992,08:00:27:a5:9e:2d,0,0,,,0,0.0,0,0.0,0.0,,0.0
1785317403.519992,08:00:27:5a:87:bc,0,0,,,0,0.0,0,0.0,0.0,,0.0
1785317403.519992,08:00:27:8a:0d:75,0,0,,,0,0.0,0,0.0,0.0,,0.0
1785317403.519992,08:00:27:a5:9e:2d,0,0,,,0,0.0,0,0.0,0.0,,0.0
1785317413.519992,08:00:27:5a:87:bc,0,0,,,0,0.0,0,0.0,0.0,,0.0
1785317413.519992,08:00:27:8a:0d:75,0,0,,,0,0.0,0,0.0,0.0,,0.0
1785317413.519992,08:00:27:a5:9e:2d,0,0,,,0,0.0,0,0.0,0.0,,0.0
1785317423.519992,08:00:27:5a:87:bc,0,0,,,0,0.0,0,0.0,0.0,,0.0
1785317423.519992,08:00:27:8a:0d:75,0,0,,,0,0.0,0,0.0,0.0,,0.0
1785317423.519992,08:00:27:a5:9e:2d,0,0,,,0,0.0,0,0.0,0.0,,0.0
1785317433.519992,08:00:27:5a:87:bc,0,0,,,0,0.0,0,0.0,0.0,,0.0
1785317433.519992,08:00:27:8a:0d:75,0,0,,,0,0.0,0,0.0,0.0,,0.0
1785317433.519992,08:00:27:a5:9e:2d,0,0,,,0,0.0,0,0.0,0.0,,0.0
1785317443.519992,08:00:27:5a:87:bc,0,0,,,0,0.0,0,0.0,0.0,,0.0
1785317443.519992,08:00:27:8a:0d:75,0,0,,,0,0.0,0,0.0,0.0,,0.0
1785317443.519992,08:00:27:a5:9e:2d,0,0,,,0,0.0,0,0.0,0.0,,0.0
1785317453.519992,08:00:27:5a:87:bc,0,0,,,0,0.0,0,0.0,0.0,,0.0
1785317453.519992,08:00:27:8a:0d:75,0,0,,,0,0.0,0,0.0,0.0,,0.0
1785317453.519992,08:00:27:a5:9e:2d,0,0,,,0,0.0,0,0.0,0.0,,0.0
1785317463.519992,08:00:27:5a:87:bc,0,0,,,0,0.0,0,0.0,0.0,,0.0
1785317463.519992,08:00:27:8a:0d:75,0,0,,,0,0.0,0,0.0,0.0,,0.0
1785317463.519992,08:00:27:a5:9e:2d,0,0,,,0,0.0,0,0.0,0.0,,0.0
1785317473.519992,08:00:27:5a:87:bc,0,0,,,0,0.0,0,0.0,0.0,,0.0
1785317473.519992,08:00:27:8a:0d:75,0,0,,,0,0.0,0,0.0,0.0,,0.0
1785317473.519992,08:00:27:a5:9e:2d,0,0,,,0,0.0,0,0.0,0.0,,0.0
1785317483.519992,08:00:27:5a:87:bc,0,0,,,0,0.0,0,0.0,0.0,,0.0
1785317483.519992,08:00:27:8a:0d:75,0,0,,,0,0.0,0,0.0,0.0,,0.0
1785317483.519992,08:00:27:a5:9e:2d,0,0,,,0,0.0,0,0.0,0.0,,0.0
1785317493.519992,08:00:27:5a:87:bc,0,0,,,0,0.0,0,0.0,0.0,,0.0
1785317493.519992,08:00:27:8a:0d:75,0,0,,,0,0.0,0,0.0,0.0,,0.0
1785317493.519992,08:00:27:a5:9e:2d,0,0,,,0,0.0,0,0.0,0.0,,0.0
1785317503.519992,08:00:27:5a:87:bc,0,0,,,0,0.0,0,0.0,0.0,,0.0
1785317503.519992,08:00:27:8a:0d:75,0,0,,,0,0.0,0,0.0,0.0,,0.0
1785317503.519992,08:00:27:a5:9e:2d,0,0,,,0,0.0,0,0.0,0.0,,0.0
1785317513.519992,08:00:27:5a:87:bc,0,0,,,0,0.0,0,0.0,0.0,,0.0
1785317513.519992,08:00:27:8a:0d:75,0,0,,,0,0.0,0,0.0,0.0,,0.0
1785317513.519992,08:00:27:a5:9e:2d,0,0,,,0,0.0,0,0.0,0.0,,0.0
1785317523.519992,08:00:27:5a:87:bc,0,0,,,0,0.0,0,0.0,0.0,,0.0
1785317523.519992,08:00:27:8a:0d:75,0,0,,,0,0.0,0,0.0,0.0,,0.0
1785317523.519992,08:00:27:a5:9e:2d,0,0,,,0,0.0,0,0.0,0.0,,0.0
1785317533.519992,08:00:27:5a:87:bc,0,0,,,0,0.0,0,0.0,0.0,,0.0
1785317533.519992,08:00:27:8a:0d:75,0,0,,,0,0.0,0,0.0,0.0,,0.0
1785317533.519992,08:00:27:a5:9e:2d,0,0,,,0,0.0,0,0.0,0.0,,0.0
1785317543.519992,08:00:27:5a:87:bc,0,0,,,0,0.0,0,0.0,0.0,,0.0
1785317543.519992,08:00:27:8a:0d:75,0,0,,,0,0.0,0,0.0,0.0,,0.0
1785317543.519992,08:00:27:a5:9e:2d,0,0,,,0,0.0,0,0.0,0.0,,0.0
1785317553.519992,08:00:27:5a:87:bc,0,0,,,0,0.0,0,0.0,0.0,,0.0
1785317553.519992,08:00:27:8a:0d:75,0,0,,,0,0.0,0,0.0,0.0,,0.0
1785317553.519992,08:00:27:a5:9e:2d,0,0,,,0,0.0,0,0.0,0.0,,0.0
1785317563.519992,08:00:27:5a:87:bc,0,0,,,0,0.0,0,0.0,0.0,,0.0
1785317563.519992,08:00:27:8a:0d:75,0,0,,,0,0.0,0,0.0,0.0,,0.0
1785317563.519992,08:00:27:a5:9e:2d,0,0,,,0,0.0,0,0.0,0.0,,0.0
1785317573.519992,08:00:27:5a:87:bc,0,0,,,0,0.0,0,0.0,0.0,,0.0
1785317573.519992,08:00:27:8a:0d:75,0,0,,,0,0.0,0,0.0,0.0,,0.0
1785317573.519992,08:00:27:a5:9e:2d,0,0,,,0,0.0,0,0.0,0.0,,0.0
1785317583.519992,08:00:27:5a:87:bc,0,0,,,0,0.0,0,0.0,0.0,,0.0
1785317583.519992,08:00:27:8a:0d:75,0,0,,,0,0.0,0,0.0,0.0,,0.0
1785317583.519992,08:00:27:a5:9e:2d,0,0,,,0,0.0,0,0.0,0.0,,0.0
1785317593.519992,08:00:27:5a:87:bc,0,0,,,0,0.0,0,0.0,0.0,,0.0
1785317593.519992,08:00:27:8a:0d:75,0,0,,,0,0.0,0,0.0,0.0,,0.0
1785317593.519992,08:00:27:a5:9e:2d,0,0,,,0,0.0,0,0.0,0.0,,0.0
1785317603.519992,08:00:27:5a:87:bc,0,0,,,0,0.0,0,0.0,0.0,,0.0
1785317603.519992,08:00:27:8a:0d:75,0,0,,,0,0.0,0,0.0,0.0,,0.0
1785317603.519992,08:00:27:a5:9e:2d,0,0,,,0,0.0,0,0.0,0.0,,0.0
1785317613.519992,08:00:27:5a:87:bc,0,0,,,0,0.0,0,0.0,0.0,,0.0
1785317613.519992,08:00:27:8a:0d:75,0,0,,,0,0.0,0,0.0,0.0,,0.0
1785317613.519992,08:00:27:a5:9e:2d,0,0,,,0,0.0,0,0.0,0.0,,0.0
1785317623.519992,08:00:27:5a:87:bc,0,0,,,0,0.0,0,0.0,0.0,,0.0
1785317623.519992,08:00:27:8a:0d:75,0,0,,,0,0.0,0,0.0,0.0,,0.0
1785317623.519992,08:00:27:a5:9e:2d,0,0,,,0,0.0,0,0.0,0.0,,0.0
1785317633.519992,08:00:27:5a:87:bc,0,0,,,0,0.0,0,0.0,0.0,,0.0
1785317633.519992,08:00:27:8a:0d:75,0,0,,,0,0.0,0,0.0,0.0,,0.0
1785317633.519992,08:00:27:a5:9e:2d,0,0,,,0,0.0,0,0.0,0.0,,0.0
1785317643.519992,08:00:27:5a:87:bc,0,0,,,0,0.0,0,0.0,0.0,,0.0
1785317643.519992,08:00:27:8a:0d:75,0,0,,,0,0.0,0,0.0,0.0,,0.0
1785317643.519992,08:00:27:a5:9e:2d,0,0,,,0,0.0,0,0.0,0.0,,0.0
1785317653.519992,08:00:27:5a:87:bc,0,0,,,0,0.0,0,0.0,0.0,,0.0
1785317653.519992,08:00:27:8a:0d:75,0,0,,,0,0.0,0,0.0,0.0,,0.0
1785317653.519992,08:00:27:a5:9e:2d,0,0,,,0,0.0,0,0.0,0.0,,0.0
1785317663.519992,08:00:27:5a:87:bc,0,0,,,0,0.0,0,0.0,0.0,,0.0
1785317663.519992,08:00:27:8a:0d:75,0,0,,,0,0.0,0,0.0,0.0,,0.0
1785317663.519992,08:00:27:a5:9e:2d,0,0,,,0,0.0,0,0.0,0.0,,0.0
1785317673.519992,08:00:27:5a:87:bc,0,0,,,0,0.0,0,0.0,0.0,,0.0
1785317673.519992,08:00:27:8a:0d:75,0,0,,,0,0.0,0,0.0,0.0,,0.0
1785317673.519992,08:00:27:a5:9e:2d,0,0,,,0,0.0,0,0.0,0.0,,0.0
1785317683.519992,08:00:27:5a:87:bc,0,0,,,0,0.0,0,0.0,0.0,,0.0
1785317683.519992,08:00:27:8a:0d:75,0,0,,,0,0.0,0,0.0,0.0,,0.0
1785317683.519992,08:00:27:a5:9e:2d,0,0,,,0,0.0,0,0.0,0.0,,0.0
1785317693.519992,08:00:27:5a:87:bc,0,0,,,0,0.0,0,0.0,0.0,,0.0
1785317693.519992,08:00:27:8a:0d:75,0,0,,,0,0.0,0,0.0,0.0,,0.0
1785317693.519992,08:00:27:a5:9e:2d,0,0,,,0,0.0,0,0.0,0.0,,0.0
1785317703.519992,08:00:27:5a:87:bc,0,0,,,0,0.0,0,0.0,0.0,,0.0
1785317703.519992,08:00:27:8a:0d:75,0,0,,,0,0.0,0,0.0,0.0,,0.0
1785317703.519992,08:00:27:a5:9e:2d,0,0,,,0,0.0,0,0.0,0.0,,0.0
1785317713.519992,08:00:27:5a:87:bc,0,0,,,0,0.0,0,0.0,0.0,,0.0
1785317713.519992,08:00:27:8a:0d:75,0,0,,,0,0.0,0,0.0,0.0,,0.0
1785317713.519992,08:00:27:a5:9e:2d,0,0,,,0,0.0,0,0.0,0.0,,0.0
1785317723.519992,08:00:27:5a:87:bc,0,0,,,0,0.0,0,0.0,0.0,,0.0
1785317723.519992,08:00:27:8a:0d:75,0,0,,,0,0.0,0,0.0,0.0,,0.0
1785317723.519992,08:00:27:a5:9e:2d,0,0,,,0,0.0,0,0.0,0.0,,0.0
1785317733.519992,08:00:27:5a:87:bc,0,0,,,0,0.0,0,0.0,0.0,,0.0
1785317733.519992,08:00:27:8a:0d:75,0,0,,,0,0.0,0,0.0,0.0,,0.0
1785317733.519992,08:00:27:a5:9e:2d,0,0,,,0,0.0,0,0.0,0.0,,0.0
1785317743.519992,08:00:27:5a:87:bc,0,0,,,0,0.0,0,0.0,0.0,,0.0
1785317743.519992,08:00:27:8a:0d:75,0,0,,,0,0.0,0,0.0,0.0,,0.0
1785317743.519992,08:00:27:a5:9e:2d,0,0,,,0,0.0,0,0.0,0.0,,0.0
1785317753.519992,08:00:27:5a:87:bc,0,0,,,0,0.0,0,0.0,0.0,,0.0
1785317753.519992,08:00:27:8a:0d:75,0,0,,,0,0.0,0,0.0,0.0,,0.0
1785317753.519992,08:00:27:a5:9e:2d,0,0,,,0,0.0,0,0.0,0.0,,0.0
1785317763.519992,08:00:27:5a:87:bc,0,0,,,0,0.0,0,0.0,0.0,,0.0
1785317763.519992,08:00:27:8a:0d:75,0,0,,,0,0.0,0,0.0,0.0,,0.0
1785317763.519992,08:00:27:a5:9e:2d,0,0,,,0,0.0,0,0.0,0.0,,0.0
1785317773.519992,08:00:27:5a:87:bc,0,0,,,0,0.0,0,0.0,0.0,,0.0
1785317773.519992,08:00:27:8a:0d:75,0,0,,,0,0.0,0,0.0,0.0,,0.0
1785317773.519992,08:00:27:a5:9e:2d,0,0,,,0,0.0,0,0.0,0.0,,0.0
1785317783.519992,08:00:27:5a:87:bc,0,0,,,0,0.0,0,0.0,0.0,,0.0
1785317783.519992,08:00:27:8a:0d:75,0,0,,,0,0.0,0,0.0,0.0,,0.0
1785317783.519992,08:00:27:a5:9e:2d,0,0,,,0,0.0,0,0.0,0.0,,0.0
1785317793.519992,08:00:27:5a:87:bc,0,0,,,0,0.0,0,0.0,0.0,,0.0
1785317793.519992,08:00:27:8a:0d:75,0,0,,,0,0.0,0,0.0,0.0,,0.0
1785317793.519992,08:00:27:a5:9e:2d,0,0,,,0,0.0,0,0.0,0.0,,0.0
1785317803.519992,08:00:27:5a:87:bc,0,0,,,0,0.0,0,0.0,0.0,,0.0
1785317803.519992,08:00:27:8a:0d:75,0,0,,,0,0.0,0,0.0,0.0,,0.0
1785317803.519992,08:00:27:a5:9e:2d,0,0,,,0,0.0,0,0.0,0.0,,0.0
1785317813.519992,08:00:27:5a:87:bc,0,0,,,0,0.0,0,0.0,0.0,,0.0
1785317813.519992,08:00:27:8a:0d:75,0,0,,,0,0.0,0,0.0,0.0,,0.0
1785317813.519992,08:00:27:a5:9e:2d,0,0,,,0,0.0,0,0.0,0.0,,0.0
1785317823.519992,08:00:27:5a:87:bc,0,0,,,0,0.0,0,0.0,0.0,,0.0
1785317823.519992,08:00:27:8a:0d:75,0,0,,,0,0.0,0,0.0,0.0,,0.0
1785317823.519992,08:00:27:a5:9e:2d,0,0,,,0,0.0,0,0.0,0.0,,0.0
1785317833.519992,08:00:27:5a:87:bc,0,0,,,0,0.0,0,0.0,0.0,,0.0
1785317833.519992,08:00:27:8a:0d:75,0,0,,,0,0.0,0,0.0,0.0,,0.0
1785317833.519992,08:00:27:a5:9e:2d,0,0,,,0,0.0,0,0.0,0.0,,0.0
1785317843.519992,08:00:27:5a:87:bc,0,0,,,0,0.0,0,0.0,0.0,,0.0
1785317843.519992,08:00:27:8a:0d:75,0,0,,,0,0.0,0,0.0,0.0,,0.0
1785317843.519992,08:00:27:a5:9e:2d,0,0,,,0,0.0,0,0.0,0.0,,0.0
1785317853.519992,08:00:27:5a:87:bc,0,0,,,0,0.0,0,0.0,0.0,,0.0
1785317853.519992,08:00:27:8a:0d:75,0,0,,,0,0.0,0,0.0,0.0,,0.0
1785317853.519992,08:00:27:a5:9e:2d,0,0,,,0,0.0,0,0.0,0.0,,0.0
1785317863.519992,08:00:27:5a:87:bc,0,0,,,0,0.0,0,0.0,0.0,,0.0
1785317863.519992,08:00:27:8a:0d:75,0,0,,,0,0.0,0,0.0,0.0,,0.0
1785317863.519992,08:00:27:a5:9e:2d,0,0,,,0,0.0,0,0.0,0.0,,0.0
1785317873.519992,08:00:27:5a:87:bc,0,0,,,0,0.0,0,0.0,0.0,,0.0
1785317873.519992,08:00:27:8a:0d:75,0,0,,,0,0.0,0,0.0,0.0,,0.0
1785317873.519992,08:00:27:a5:9e:2d,0,0,,,0,0.0,0,0.0,0.0,,0.0
1785317883.519992,08:00:27:5a:87:bc,0,0,,,0,0.0,0,0.0,0.0,,0.0
1785317883.519992,08:00:27:8a:0d:75,0,0,,,0,0.0,0,0.0,0.0,,0.0
1785317883.519992,08:00:27:a5:9e:2d,0,0,,,0,0.0,0,0.0,0.0,,0.0
1785317893.519992,08:00:27:5a:87:bc,0,0,,,0,0.0,0,0.0,0.0,,0.0
1785317893.519992,08:00:27:8a:0d:75,0,0,,,0,0.0,0,0.0,0.0,,0.0
1785317893.519992,08:00:27:a5:9e:2d,0,0,,,0,0.0,0,0.0,0.0,,0.0
1785317903.519992,08:00:27:5a:87:bc,0,0,,,0,0.0,0,0.0,0.0,,0.0
1785317903.519992,08:00:27:8a:0d:75,0,0,,,0,0.0,0,0.0,0.0,,0.0
1785317903.519992,08:00:27:a5:9e:2d,0,0,,,0,0.0,0,0.0,0.0,,0.0
1785317913.519992,08:00:27:5a:87:bc,0,0,,,0,0.0,0,0.0,0.0,,0.0
1785317913.519992,08:00:27:8a:0d:75,0,0,,,0,0.0,0,0.0,0.0,,0.0
1785317913.519992,08:00:27:a5:9e:2d,0,0,,,0,0.0,0,0.0,0.0,,0.0
1785317923.519992,08:00:27:5a:87:bc,0,0,,,0,0.0,0,0.0,0.0,,0.0
1785317923.519992,08:00:27:8a:0d:75,0,0,,,0,0.0,0,0.0,0.0,,0.0
1785317923.519992,08:00:27:a5:9e:2d,0,0,,,0,0.0,0,0.0,0.0,,0.0
1785317933.519992,08:00:27:5a:87:bc,0,0,,,0,0.0,0,0.0,0.0,,0.0
1785317933.519992,08:00:27:8a:0d:75,0,0,,,0,0.0,0,0.0,0.0,,0.0
1785317933.519992,08:00:27:a5:9e:2d,0,0,,,0,0.0,0,0.0,0.0,,0.0
1785317943.519992,08:00:27:5a:87:bc,0,0,,,0,0.0,0,0.0,0.0,,0.0
1785317943.519992,08:00:27:8a:0d:75,0,0,,,0,0.0,0,0.0,0.0,,0.0
1785317943.519992,08:00:27:a5:9e:2d,0,0,,,0,0.0,0,0.0,0.0,,0.0
1785317953.519992,08:00:27:5a:87:bc,0,0,,,0,0.0,0,0.0,0.0,,0.0
1785317953.519992,08:00:27:8a:0d:75,0,0,,,0,0.0,0,0.0,0.0,,0.0
1785317953.519992,08:00:27:a5:9e:2d,0,0,,,0,0.0,0,0.0,0.0,,0.0
1785317963.519992,08:00:27:5a:87:bc,0,0,,,0,0.0,0,0.0,0.0,,0.0
1785317963.519992,08:00:27:8a:0d:75,0,0,,,0,0.0,0,0.0,0.0,,0.0
1785317963.519992,08:00:27:a5:9e:2d,0,0,,,0,0.0,0,0.0,0.0,,0.0
1785317973.519992,08:00:27:5a:87:bc,0,0,,,0,0.0,0,0.0,0.0,,0.0
1785317973.519992,08:00:27:8a:0d:75,0,0,,,0,0.0,0,0.0,0.0,,0.0
1785317973.519992,08:00:27:a5:9e:2d,0,0,,,0,0.0,0,0.0,0.0,,0.0
1785317983.519992,08:00:27:5a:87:bc,0,0,,,0,0.0,0,0.0,0.0,,0.0
1785317983.519992,08:00:27:8a:0d:75,0,0,,,0,0.0,0,0.0,0.0,,0.0
1785317983.519992,08:00:27:a5:9e:2d,0,0,,,0,0.0,0,0.0,0.0,,0.0
1785317993.519992,08:00:27:5a:87:bc,0,0,,,0,0.0,0,0.0,0.0,,0.0
1785317993.519992,08:00:27:8a:0d:75,0,0,,,0,0.0,0,0.0,0.0,,0.0
1785317993.519992,08:00:27:a5:9e:2d,0,0,,,0,0.0,0,0.0,0.0,,0.0
1785318003.519992,08:00:27:5a:87:bc,0,0,,,0,0.0,0,0.0,0.0,,0.0
1785318003.519992,08:00:27:8a:0d:75,0,0,,,0,0.0,0,0.0,0.0,,0.0
1785318003.519992,08:00:27:a5:9e:2d,0,0,,,0,0.0,0,0.0,0.0,,0.0
1785318013.519992,08:00:27:5a:87:bc,0,0,,,0,0.0,0,0.0,0.0,,0.0
1785318013.519992,08:00:27:8a:0d:75,0,0,,,0,0.0,0,0.0,0.0,,0.0
1785318013.519992,08:00:27:a5:9e:2d,0,0,,,0,0.0,0,0.0,0.0,,0.0
1785318023.519992,08:00:27:5a:87:bc,0,0,,,0,0.0,0,0.0,0.0,,0.0
1785318023.519992,08:00:27:8a:0d:75,0,0,,,0,0.0,0,0.0,0.0,,0.0
1785318023.519992,08:00:27:a5:9e:2d,0,0,,,0,0.0,0,0.0,0.0,,0.0
1785318033.519992,08:00:27:5a:87:bc,0,0,,,0,0.0,0,0.0,0.0,,0.0
1785318033.519992,08:00:27:8a:0d:75,0,0,,,0,0.0,0,0.0,0.0,,0.0
1785318033.519992,08:00:27:a5:9e:2d,0,0,,,0,0.0,0,0.0,0.0,,0.0
1785318043.519992,08:00:27:5a:87:bc,0,0,,,0,0.0,0,0.0,0.0,,0.0
1785318043.519992,08:00:27:8a:0d:75,0,0,,,0,0.0,0,0.0,0.0,,0.0
1785318043.519992,08:00:27:a5:9e:2d,0,0,,,0,0.0,0,0.0,0.0,,0.0
1785318053.519992,08:00:27:5a:87:bc,0,0,,,0,0.0,0,0.0,0.0,,0.0
1785318053.519992,08:00:27:8a:0d:75,0,0,,,0,0.0,0,0.0,0.0,,0.0
1785318053.519992,08:00:27:a5:9e:2d,0,0,,,0,0.0,0,0.0,0.0,,0.0
1785318063.519992,08:00:27:5a:87:bc,0,0,,,0,0.0,0,0.0,0.0,,0.0
1785318063.519992,08:00:27:8a:0d:75,0,0,,,0,0.0,0,0.0,0.0,,0.0
1785318063.519992,08:00:27:a5:9e:2d,0,0,,,0,0.0,0,0.0,0.0,,0.0
1785318073.519992,08:00:27:5a:87:bc,0,0,,,0,0.0,0,0.0,0.0,,0.0
1785318073.519992,08:00:27:8a:0d:75,0,0,,,0,0.0,0,0.0,0.0,,0.0
1785318073.519992,08:00:27:a5:9e:2d,0,0,,,0,0.0,0,0.0,0.0,,0.0
1785318083.519992,08:00:27:5a:87:bc,0,0,,,0,0.0,0,0.0,0.0,,0.0
1785318083.519992,08:00:27:8a:0d:75,0,0,,,0,0.0,0,0.0,0.0,,0.0
1785318083.519992,08:00:27:a5:9e:2d,0,0,,,0,0.0,0,0.0,0.0,,0.0
1785318093.519992,08:00:27:5a:87:bc,0,0,,,0,0.0,0,0.0,0.0,,0.0
1785318093.519992,08:00:27:8a:0d:75,0,0,,,0,0.0,0,0.0,0.0,,0.0
1785318093.519992,08:00:27:a5:9e:2d,0,0,,,0,0.0,0,0.0,0.0,,0.0
1785318103.519992,08:00:27:5a:87:bc,0,0,,,0,0.0,0,0.0,0.0,,0.0
1785318103.519992,08:00:27:8a:0d:75,0,0,,,0,0.0,0,0.0,0.0,,0.0
1785318103.519992,08:00:27:a5:9e:2d,0,0,,,0,0.0,0,0.0,0.0,,0.0
1785318113.519992,08:00:27:5a:87:bc,0,0,,,0,0.0,0,0.0,0.0,,0.0
1785318113.519992,08:00:27:8a:0d:75,0,0,,,0,0.0,0,0.0,0.0,,0.0
1785318113.519992,08:00:27:a5:9e:2d,0,0,,,0,0.0,0,0.0,0.0,,0.0
1785318123.519992,08:00:27:5a:87:bc,0,0,,,0,0.0,0,0.0,0.0,,0.0
1785318123.519992,08:00:27:8a:0d:75,0,0,,,0,0.0,0,0.0,0.0,,0.0
1785318123.519992,08:00:27:a5:9e:2d,0,0,,,0,0.0,0,0.0,0.0,,0.0
1785318133.519992,08:00:27:5a:87:bc,0,0,,,0,0.0,0,0.0,0.0,,0.0
1785318133.519992,08:00:27:8a:0d:75,0,0,,,0,0.0,0,0.0,0.0,,0.0
1785318133.519992,08:00:27:a5:9e:2d,0,0,,,0,0.0,0,0.0,0.0,,0.0
1785318143.519992,08:00:27:5a:87:bc,0,0,,,0,0.0,0,0.0,0.0,,0.0
1785318143.519992,08:00:27:8a:0d:75,0,0,,,0,0.0,0,0.0,0.0,,0.0
1785318143.519992,08:00:27:a5:9e:2d,0,0,,,0,0.0,0,0.0,0.0,,0.0
1785318153.519992,08:00:27:5a:87:bc,0,0,,,0,0.0,0,0.0,0.0,,0.0
1785318153.519992,08:00:27:8a:0d:75,0,0,,,0,0.0,0,0.0,0.0,,0.0
1785318153.519992,08:00:27:a5:9e:2d,0,0,,,0,0.0,0,0.0,0.0,,0.0
1785318163.519992,08:00:27:5a:87:bc,0,0,,,0,0.0,0,0.0,0.0,,0.0
1785318163.519992,08:00:27:8a:0d:75,0,0,,,0,0.0,0,0.0,0.0,,0.0
1785318163.519992,08:00:27:a5:9e:2d,0,0,,,0,0.0,0,0.0,0.0,,0.0
1785318173.519992,08:00:27:5a:87:bc,0,0,,,0,0.0,0,0.0,0.0,,0.0
1785318173.519992,08:00:27:8a:0d:75,0,0,,,0,0.0,0,0.0,0.0,,0.0
1785318173.519992,08:00:27:a5:9e:2d,0,0,,,0,0.0,0,0.0,0.0,,0.0
1785318183.519992,08:00:27:5a:87:bc,0,0,,,0,0.0,0,0.0,0.0,,0.0
1785318183.519992,08:00:27:8a:0d:75,0,0,,,0,0.0,0,0.0,0.0,,0.0
1785318183.519992,08:00:27:a5:9e:2d,0,0,,,0,0.0,0,0.0,0.0,,0.0
1785318193.519992,08:00:27:5a:87:bc,0,0,,,0,0.0,0,0.0,0.0,,0.0
1785318193.519992,08:00:27:8a:0d:75,0,0,,,0,0.0,0,0.0,0.0,,0.0
1785318193.519992,08:00:27:a5:9e:2d,0,0,,,0,0.0,0,0.0,0.0,,0.0
1785318203.519992,08:00:27:5a:87:bc,0,0,,,0,0.0,0,0.0,0.0,,0.0
1785318203.519992,08:00:27:8a:0d:75,0,0,,,0,0.0,0,0.0,0.0,,0.0
1785318203.519992,08:00:27:a5:9e:2d,0,0,,,0,0.0,0,0.0,0.0,,0.0
1785318213.519992,08:00:27:5a:87:bc,0,0,,,0,0.0,0,0.0,0.0,,0.0
1785318213.519992,08:00:27:8a:0d:75,0,0,,,0,0.0,0,0.0,0.0,,0.0
1785318213.519992,08:00:27:a5:9e:2d,0,0,,,0,0.0,0,0.0,0.0,,0.0
1785318223.519992,08:00:27:5a:87:bc,0,0,,,0,0.0,0,0.0,0.0,,0.0
1785318223.519992,08:00:27:8a:0d:75,0,0,,,0,0.0,0,0.0,0.0,,0.0
1785318223.519992,08:00:27:a5:9e:2d,0,0,,,0,0.0,0,0.0,0.0,,0.0
1785318233.519992,08:00:27:5a:87:bc,0,0,,,0,0.0,0,0.0,0.0,,0.0
1785318233.519992,08:00:27:8a:0d:75,0,0,,,0,0.0,0,0.0,0.0,,0.0
1785318233.519992,08:00:27:a5:9e:2d,0,0,,,0,0.0,0,0.0,0.0,,0.0
1785318243.519992,08:00:27:5a:87:bc,0,0,,,0,0.0,0,0.0,0.0,,0.0
1785318243.519992,08:00:27:8a:0d:75,0,0,,,0,0.0,0,0.0,0.0,,0.0
1785318243.519992,08:00:27:a5:9e:2d,0,0,,,0,0.0,0,0.0,0.0,,0.0
1785318253.519992,08:00:27:5a:87:bc,0,0,,,0,0.0,0,0.0,0.0,,0.0
1785318253.519992,08:00:27:8a:0d:75,0,0,,,0,0.0,0,0.0,0.0,,0.0
1785318253.519992,08:00:27:a5:9e:2d,0,0,,,0,0.0,0,0.0,0.0,,0.0
1785318263.519992,08:00:27:5a:87:bc,0,0,,,0,0.0,0,0.0,0.0,,0.0
1785318263.519992,08:00:27:8a:0d:75,0,0,,,0,0.0,0,0.0,0.0,,0.0
1785318263.519992,08:00:27:a5:9e:2d,0,0,,,0,0.0,0,0.0,0.0,,0.0
1785318273.519992,08:00:27:5a:87:bc,0,0,,,0,0.0,0,0.0,0.0,,0.0
1785318273.519992,08:00:27:8a:0d:75,0,0,,,0,0.0,0,0.0,0.0,,0.0
1785318273.519992,08:00:27:a5:9e:2d,0,0,,,0,0.0,0,0.0,0.0,,0.0
1785318283.519992,08:00:27:5a:87:bc,0,0,,,0,0.0,0,0.0,0.0,,0.0
1785318283.519992,08:00:27:8a:0d:75,0,0,,,0,0.0,0,0.0,0.0,,0.0
1785318283.519992,08:00:27:a5:9e:2d,0,0,,,0,0.0,0,0.0,0.0,,0.0
1785318293.519992,08:00:27:5a:87:bc,0,0,,,0,0.0,0,0.0,0.0,,0.0
1785318293.519992,08:00:27:8a:0d:75,0,0,,,0,0.0,0,0.0,0.0,,0.0
1785318293.519992,08:00:27:a5:9e:2d,0,0,,,0,0.0,0,0.0,0.0,,0.0
1785318303.519992,08:00:27:5a:87:bc,0,0,,,0,0.0,0,0.0,0.0,,0.0
1785318303.519992,08:00:27:8a:0d:75,0,0,,,0,0.0,0,0.0,0.0,,0.0
1785318303.519992,08:00:27:a5:9e:2d,0,0,,,0,0.0,0,0.0,0.0,,0.0
1785318313.519992,08:00:27:5a:87:bc,0,0,,,0,0.0,0,0.0,0.0,,0.0
1785318313.519992,08:00:27:8a:0d:75,0,0,,,0,0.0,0,0.0,0.0,,0.0
1785318313.519992,08:00:27:a5:9e:2d,0,0,,,0,0.0,0,0.0,0.0,,0.0
1785318323.519992,08:00:27:5a:87:bc,0,0,,,0,0.0,0,0.0,0.0,,0.0
1785318323.519992,08:00:27:8a:0d:75,0,0,,,0,0.0,0,0.0,0.0,,0.0
1785318323.519992,08:00:27:a5:9e:2d,0,0,,,0,0.0,0,0.0,0.0,,0.0
1785318333.519992,08:00:27:5a:87:bc,0,0,,,0,0.0,0,0.0,0.0,,0.0
1785318333.519992,08:00:27:8a:0d:75,0,0,,,0,0.0,0,0.0,0.0,,0.0
1785318333.519992,08:00:27:a5:9e:2d,0,0,,,0,0.0,0,0.0,0.0,,0.0
1785318343.519992,08:00:27:5a:87:bc,0,0,,,0,0.0,0,0.0,0.0,,0.0
1785318343.519992,08:00:27:8a:0d:75,0,0,,,0,0.0,0,0.0,0.0,,0.0
1785318343.519992,08:00:27:a5:9e:2d,0,0,,,0,0.0,0,0.0,0.0,,0.0
1785318353.519992,08:00:27:5a:87:bc,0,0,,,0,0.0,0,0.0,0.0,,0.0
1785318353.519992,08:00:27:8a:0d:75,0,0,,,0,0.0,0,0.0,0.0,,0.0
1785318353.519992,08:00:27:a5:9e:2d,0,0,,,0,0.0,0,0.0,0.0,,0.0
1785318363.519992,08:00:27:5a:87:bc,0,0,,,0,0.0,0,0.0,0.0,,0.0
1785318363.519992,08:00:27:8a:0d:75,0,0,,,0,0.0,0,0.0,0.0,,0.0
1785318363.519992,08:00:27:a5:9e:2d,0,0,,,0,0.0,0,0.0,0.0,,0.0
1785318373.519992,08:00:27:5a:87:bc,0,0,,,0,0.0,0,0.0,0.0,,0.0
1785318373.519992,08:00:27:8a:0d:75,0,0,,,0,0.0,0,0.0,0.0,,0.0
1785318373.519992,08:00:27:a5:9e:2d,0,0,,,0,0.0,0,0.0,0.0,,0.0
1785318383.519992,08:00:27:5a:87:bc,0,0,,,0,0.0,0,0.0,0.0,,0.0
1785318383.519992,08:00:27:8a:0d:75,0,0,,,0,0.0,0,0.0,0.0,,0.0
1785318383.519992,08:00:27:a5:9e:2d,0,0,,,0,0.0,0,0.0,0.0,,0.0
1785318393.519992,08:00:27:5a:87:bc,0,0,,,0,0.0,0,0.0,0.0,,0.0
1785318393.519992,08:00:27:8a:0d:75,0,0,,,0,0.0,0,0.0,0.0,,0.0
1785318393.519992,08:00:27:a5:9e:2d,0,0,,,0,0.0,0,0.0,0.0,,0.0
1785318403.519992,08:00:27:5a:87:bc,0,0,,,0,0.0,0,0.0,0.0,,0.0
1785318403.519992,08:00:27:8a:0d:75,0,0,,,0,0.0,0,0.0,0.0,,0.0
1785318403.519992,08:00:27:a5:9e:2d,0,0,,,0,0.0,0,0.0,0.0,,0.0
1785318413.519992,08:00:27:5a:87:bc,0,0,,,0,0.0,0,0.0,0.0,,0.0
1785318413.519992,08:00:27:8a:0d:75,0,0,,,0,0.0,0,0.0,0.0,,0.0
1785318413.519992,08:00:27:a5:9e:2d,0,0,,,0,0.0,0,0.0,0.0,,0.0
1785318423.519992,08:00:27:5a:87:bc,0,0,,,0,0.0,0,0.0,0.0,,0.0
1785318423.519992,08:00:27:8a:0d:75,0,0,,,0,0.0,0,0.0,0.0,,0.0
1785318423.519992,08:00:27:a5:9e:2d,0,0,,,0,0.0,0,0.0,0.0,,0.0
1785318433.519992,08:00:27:5a:87:bc,0,0,,,0,0.0,0,0.0,0.0,,0.0
1785318433.519992,08:00:27:8a:0d:75,0,0,,,0,0.0,0,0.0,0.0,,0.0
1785318433.519992,08:00:27:a5:9e:2d,0,0,,,0,0.0,0,0.0,0.0,,0.0
1785318443.519992,08:00:27:5a:87:bc,0,0,,,0,0.0,0,0.0,0.0,,0.0
1785318443.519992,08:00:27:8a:0d:75,0,0,,,0,0.0,0,0.0,0.0,,0.0
1785318443.519992,08:00:27:a5:9e:2d,0,0,,,0,0.0,0,0.0,0.0,,0.0
1785318453.519992,08:00:27:5a:87:bc,0,0,,,0,0.0,0,0.0,0.0,,0.0
1785318453.519992,08:00:27:8a:0d:75,0,0,,,0,0.0,0,0.0,0.0,,0.0
1785318453.519992,08:00:27:a5:9e:2d,0,0,,,0,0.0,0,0.0,0.0,,0.0
1785318463.519992,08:00:27:5a:87:bc,0,0,,,0,0.0,0,0.0,0.0,,0.0
1785318463.519992,08:00:27:8a:0d:75,0,0,,,0,0.0,0,0.0,0.0,,0.0
1785318463.519992,08:00:27:a5:9e:2d,0,0,,,0,0.0,0,0.0,0.0,,0.0
1785318473.519992,08:00:27:5a:87:bc,0,0,,,0,0.0,0,0.0,0.0,,0.0
1785318473.519992,08:00:27:8a:0d:75,0,0,,,0,0.0,0,0.0,0.0,,0.0
1785318473.519992,08:00:27:a5:9e:2d,0,0,,,0,0.0,0,0.0,0.0,,0.0
1785318483.519992,08:00:27:5a:87:bc,0,0,,,0,0.0,0,0.0,0.0,,0.0
1785318483.519992,08:00:27:8a:0d:75,0,0,,,0,0.0,0,0.0,0.0,,0.0
1785318483.519992,08:00:27:a5:9e:2d,0,0,,,0,0.0,0,0.0,0.0,,0.0
1785318493.519992,08:00:27:5a:87:bc,0,0,,,0,0.0,0,0.0,0.0,,0.0
1785318493.519992,08:00:27:8a:0d:75,0,0,,,0,0.0,0,0.0,0.0,,0.0
1785318493.519992,08:00:27:a5:9e:2d,0,0,,,0,0.0,0,0.0,0.0,,0.0
1785318503.519992,08:00:27:5a:87:bc,0,0,,,0,0.0,0,0.0,0.0,,0.0
1785318503.519992,08:00:27:8a:0d:75,0,0,,,0,0.0,0,0.0,0.0,,0.0
1785318503.519992,08:00:27:a5:9e:2d,0,0,,,0,0.0,0,0.0,0.0,,0.0
1785318513.519992,08:00:27:5a:87:bc,0,0,,,0,0.0,0,0.0,0.0,,0.0
1785318513.519992,08:00:27:8a:0d:75,0,0,,,0,0.0,0,0.0,0.0,,0.0
1785318513.519992,08:00:27:a5:9e:2d,0,0,,,0,0.0,0,0.0,0.0,,0.0
1785318523.519992,08:00:27:5a:87:bc,0,0,,,0,0.0,0,0.0,0.0,,0.0
1785318523.519992,08:00:27:8a:0d:75,0,0,,,0,0.0,0,0.0,0.0,,0.0
1785318523.519992,08:00:27:a5:9e:2d,0,0,,,0,0.0,0,0.0,0.0,,0.0
1785318533.519992,08:00:27:5a:87:bc,0,0,,,0,0.0,0,0.0,0.0,,0.0
1785318533.519992,08:00:27:8a:0d:75,0,0,,,0,0.0,0,0.0,0.0,,0.0
1785318533.519992,08:00:27:a5:9e:2d,0,0,,,0,0.0,0,0.0,0.0,,0.0
1785318543.519992,08:00:27:5a:87:bc,0,0,,,0,0.0,0,0.0,0.0,,0.0
1785318543.519992,08:00:27:8a:0d:75,0,0,,,0,0.0,0,0.0,0.0,,0.0
1785318543.519992,08:00:27:a5:9e:2d,0,0,,,0,0.0,0,0.0,0.0,,0.0
1785318553.519992,08:00:27:5a:87:bc,0,0,,,0,0.0,0,0.0,0.0,,0.0
1785318553.519992,08:00:27:8a:0d:75,0,0,,,0,0.0,0,0.0,0.0,,0.0
1785318553.519992,08:00:27:a5:9e:2d,0,0,,,0,0.0,0,0.0,0.0,,0.0
1785318563.519992,08:00:27:5a:87:bc,0,0,,,0,0.0,0,0.0,0.0,,0.0
1785318563.519992,08:00:27:8a:0d:75,0,0,,,0,0.0,0,0.0,0.0,,0.0
1785318563.519992,08:00:27:a5:9e:2d,0,0,,,0,0.0,0,0.0,0.0,,0.0
1785318573.519992,08:00:27:5a:87:bc,0,0,,,0,0.0,0,0.0,0.0,,0.0
1785318573.519992,08:00:27:8a:0d:75,0,0,,,0,0.0,0,0.0,0.0,,0.0
1785318573.519992,08:00:27:a5:9e:2d,0,0,,,0,0.0,0,0.0,0.0,,0.0
1785318583.519992,08:00:27:5a:87:bc,0,0,,,0,0.0,0,0.0,0.0,,0.0
1785318583.519992,08:00:27:8a:0d:75,0,0,,,0,0.0,0,0.0,0.0,,0.0
1785318583.519992,08:00:27:a5:9e:2d,0,0,,,0,0.0,0,0.0,0.0,,0.0
1785318593.519992,08:00:27:5a:87:bc,0,0,,,0,0.0,0,0.0,0.0,,0.0
1785318593.519992,08:00:27:8a:0d:75,0,0,,,0,0.0,0,0.0,0.0,,0.0
1785318593.519992,08:00:27:a5:9e:2d,0,0,,,0,0.0,0,0.0,0.0,,0.0
1785318603.519992,08:00:27:5a:87:bc,0,0,,,0,0.0,0,0.0,0.0,,0.0
1785318603.519992,08:00:27:8a:0d:75,0,0,,,0,0.0,0,0.0,0.0,,0.0
1785318603.519992,08:00:27:a5:9e:2d,0,0,,,0,0.0,0,0.0,0.0,,0.0
1785318613.519992,08:00:27:5a:87:bc,0,0,,,0,0.0,0,0.0,0.0,,0.0
1785318613.519992,08:00:27:8a:0d:75,0,0,,,0,0.0,0,0.0,0.0,,0.0
1785318613.519992,08:00:27:a5:9e:2d,0,0,,,0,0.0,0,0.0,0.0,,0.0
1785318623.519992,08:00:27:5a:87:bc,0,0,,,0,0.0,0,0.0,0.0,,0.0
1785318623.519992,08:00:27:8a:0d:75,0,0,,,0,0.0,0,0.0,0.0,,0.0
1785318623.519992,08:00:27:a5:9e:2d,0,0,,,0,0.0,0,0.0,0.0,,0.0
1785318633.519992,08:00:27:5a:87:bc,0,0,,,0,0.0,0,0.0,0.0,,0.0
1785318633.519992,08:00:27:8a:0d:75,0,0,,,0,0.0,0,0.0,0.0,,0.0
1785318633.519992,08:00:27:a5:9e:2d,0,0,,,0,0.0,0,0.0,0.0,,0.0
1785318643.519992,08:00:27:5a:87:bc,0,0,,,0,0.0,0,0.0,0.0,,0.0
1785318643.519992,08:00:27:8a:0d:75,0,0,,,0,0.0,0,0.0,0.0,,0.0
1785318643.519992,08:00:27:a5:9e:2d,0,0,,,0,0.0,0,0.0,0.0,,0.0
1785318653.519992,08:00:27:5a:87:bc,0,0,,,0,0.0,0,0.0,0.0,,0.0
1785318653.519992,08:00:27:8a:0d:75,0,0,,,0,0.0,0,0.0,0.0,,0.0
1785318653.519992,08:00:27:a5:9e:2d,0,0,,,0,0.0,0,0.0,0.0,,0.0
1785318663.519992,08:00:27:5a:87:bc,0,0,,,0,0.0,0,0.0,0.0,,0.0
1785318663.519992,08:00:27:8a:0d:75,0,0,,,0,0.0,0,0.0,0.0,,0.0
1785318663.519992,08:00:27:a5:9e:2d,0,0,,,0,0.0,0,0.0,0.0,,0.0
1785318673.519992,08:00:27:5a:87:bc,0,0,,,0,0.0,0,0.0,0.0,,0.0
1785318673.519992,08:00:27:8a:0d:75,0,0,,,0,0.0,0,0.0,0.0,,0.0
1785318673.519992,08:00:27:a5:9e:2d,0,0,,,0,0.0,0,0.0,0.0,,0.0
1785318683.519992,08:00:27:5a:87:bc,0,0,,,0,0.0,0,0.0,0.0,,0.0
1785318683.519992,08:00:27:8a:0d:75,0,0,,,0,0.0,0,0.0,0.0,,0.0
1785318683.519992,08:00:27:a5:9e:2d,0,0,,,0,0.0,0,0.0,0.0,,0.0
1785318693.519992,08:00:27:5a:87:bc,0,0,,,0,0.0,0,0.0,0.0,,0.0
1785318693.519992,08:00:27:8a:0d:75,0,0,,,0,0.0,0,0.0,0.0,,0.0
1785318693.519992,08:00:27:a5:9e:2d,0,0,,,0,0.0,0,0.0,0.0,,0.0
1785318703.519992,08:00:27:5a:87:bc,0,0,,,0,0.0,0,0.0,0.0,,0.0
1785318703.519992,08:00:27:8a:0d:75,0,0,,,0,0.0,0,0.0,0.0,,0.0
1785318703.519992,08:00:27:a5:9e:2d,0,0,,,0,0.0,0,0.0,0.0,,0.0
1785318713.519992,08:00:27:5a:87:bc,0,0,,,0,0.0,0,0.0,0.0,,0.0
1785318713.519992,08:00:27:8a:0d:75,0,0,,,0,0.0,0,0.0,0.0,,0.0
1785318713.519992,08:00:27:a5:9e:2d,0,0,,,0,0.0,0,0.0,0.0,,0.0
1785318723.519992,08:00:27:5a:87:bc,0,0,,,0,0.0,0,0.0,0.0,,0.0
1785318723.519992,08:00:27:8a:0d:75,0,0,,,0,0.0,0,0.0,0.0,,0.0
1785318723.519992,08:00:27:a5:9e:2d,0,0,,,0,0.0,0,0.0,0.0,,0.0
1785318733.519992,08:00:27:5a:87:bc,0,0,,,0,0.0,0,0.0,0.0,,0.0
1785318733.519992,08:00:27:8a:0d:75,0,0,,,0,0.0,0,0.0,0.0,,0.0
1785318733.519992,08:00:27:a5:9e:2d,0,0,,,0,0.0,0,0.0,0.0,,0.0
1785318743.519992,08:00:27:5a:87:bc,0,0,,,0,0.0,0,0.0,0.0,,0.0
1785318743.519992,08:00:27:8a:0d:75,0,0,,,0,0.0,0,0.0,0.0,,0.0
1785318743.519992,08:00:27:a5:9e:2d,0,0,,,0,0.0,0,0.0,0.0,,0.0
1785318753.519992,08:00:27:5a:87:bc,0,0,,,0,0.0,0,0.0,0.0,,0.0
1785318753.519992,08:00:27:8a:0d:75,0,0,,,0,0.0,0,0.0,0.0,,0.0
1785318753.519992,08:00:27:a5:9e:2d,0,0,,,0,0.0,0,0.0,0.0,,0.0
1785318763.519992,08:00:27:5a:87:bc,0,0,,,0,0.0,0,0.0,0.0,,0.0
1785318763.519992,08:00:27:8a:0d:75,0,0,,,0,0.0,0,0.0,0.0,,0.0
1785318763.519992,08:00:27:a5:9e:2d,0,0,,,0,0.0,0,0.0,0.0,,0.0
1785318773.519992,08:00:27:5a:87:bc,0,0,,,0,0.0,0,0.0,0.0,,0.0
1785318773.519992,08:00:27:8a:0d:75,0,0,,,0,0.0,0,0.0,0.0,,0.0
1785318773.519992,08:00:27:a5:9e:2d,0,0,,,0,0.0,0,0.0,0.0,,0.0
1785318783.519992,08:00:27:5a:87:bc,0,0,,,0,0.0,0,0.0,0.0,,0.0
1785318783.519992,08:00:27:8a:0d:75,0,0,,,0,0.0,0,0.0,0.0,,0.0
1785318783.519992,08:00:27:a5:9e:2d,0,0,,,0,0.0,0,0.0,0.0,,0.0
1785318793.519992,08:00:27:5a:87:bc,0,0,,,0,0.0,0,0.0,0.0,,0.0
1785318793.519992,08:00:27:8a:0d:75,0,0,,,0,0.0,0,0.0,0.0,,0.0
1785318793.519992,08:00:27:a5:9e:2d,0,0,,,0,0.0,0,0.0,0.0,,0.0
1785318803.519992,08:00:27:5a:87:bc,0,0,,,0,0.0,0,0.0,0.0,,0.0
1785318803.519992,08:00:27:8a:0d:75,0,0,,,0,0.0,0,0.0,0.0,,0.0
1785318803.519992,08:00:27:a5:9e:2d,0,0,,,0,0.0,0,0.0,0.0,,0.0
1785318813.519992,08:00:27:5a:87:bc,0,0,,,0,0.0,0,0.0,0.0,,0.0
1785318813.519992,08:00:27:8a:0d:75,0,0,,,0,0.0,0,0.0,0.0,,0.0
1785318813.519992,08:00:27:a5:9e:2d,0,0,,,0,0.0,0,0.0,0.0,,0.0
1785318823.519992,08:00:27:5a:87:bc,0,0,,,0,0.0,0,0.0,0.0,,0.0
1785318823.519992,08:00:27:8a:0d:75,0,0,,,0,0.0,0,0.0,0.0,,0.0
1785318823.519992,08:00:27:a5:9e:2d,0,0,,,0,0.0,0,0.0,0.0,,0.0
1785318833.519992,08:00:27:5a:87:bc,0,0,,,0,0.0,0,0.0,0.0,,0.0
1785318833.519992,08:00:27:8a:0d:75,0,0,,,0,0.0,0,0.0,0.0,,0.0
1785318833.519992,08:00:27:a5:9e:2d,0,0,,,0,0.0,0,0.0,0.0,,0.0
1785318843.519992,08:00:27:5a:87:bc,0,0,,,0,0.0,0,0.0,0.0,,0.0
1785318843.519992,08:00:27:8a:0d:75,0,0,,,0,0.0,0,0.0,0.0,,0.0
1785318843.519992,08:00:27:a5:9e:2d,0,0,,,0,0.0,0,0.0,0.0,,0.0
1785318853.519992,08:00:27:5a:87:bc,0,0,,,0,0.0,0,0.0,0.0,,0.0
1785318853.519992,08:00:27:8a:0d:75,0,0,,,0,0.0,0,0.0,0.0,,0.0
1785318853.519992,08:00:27:a5:9e:2d,0,0,,,0,0.0,0,0.0,0.0,,0.0
1785318863.519992,08:00:27:5a:87:bc,0,0,,,0,0.0,0,0.0,0.0,,0.0
1785318863.519992,08:00:27:8a:0d:75,0,0,,,0,0.0,0,0.0,0.0,,0.0
1785318863.519992,08:00:27:a5:9e:2d,0,0,,,0,0.0,0,0.0,0.0,,0.0
1785318873.519992,08:00:27:5a:87:bc,0,0,,,0,0.0,0,0.0,0.0,,0.0
1785318873.519992,08:00:27:8a:0d:75,0,0,,,0,0.0,0,0.0,0.0,,0.0
1785318873.519992,08:00:27:a5:9e:2d,0,0,,,0,0.0,0,0.0,0.0,,0.0
1785318883.519992,08:00:27:5a:87:bc,0,0,,,0,0.0,0,0.0,0.0,,0.0
1785318883.519992,08:00:27:8a:0d:75,0,0,,,0,0.0,0,0.0,0.0,,0.0
1785318883.519992,08:00:27:a5:9e:2d,0,0,,,0,0.0,0,0.0,0.0,,0.0
1785318893.519992,08:00:27:5a:87:bc,0,0,,,0,0.0,0,0.0,0.0,,0.0
1785318893.519992,08:00:27:8a:0d:75,0,0,,,0,0.0,0,0.0,0.0,,0.0
1785318893.519992,08:00:27:a5:9e:2d,0,0,,,0,0.0,0,0.0,0.0,,0.0
1785318903.519992,08:00:27:5a:87:bc,0,0,,,0,0.0,0,0.0,0.0,,0.0
1785318903.519992,08:00:27:8a:0d:75,0,0,,,0,0.0,0,0.0,0.0,,0.0
1785318903.519992,08:00:27:a5:9e:2d,0,0,,,0,0.0,0,0.0,0.0,,0.0
1785318913.519992,08:00:27:5a:87:bc,0,0,,,0,0.0,0,0.0,0.0,,0.0
1785318913.519992,08:00:27:8a:0d:75,0,0,,,0,0.0,0,0.0,0.0,,0.0
1785318913.519992,08:00:27:a5:9e:2d,0,0,,,0,0.0,0,0.0,0.0,,0.0
1785318923.519992,08:00:27:5a:87:bc,0,0,,,0,0.0,0,0.0,0.0,,0.0
1785318923.519992,08:00:27:8a:0d:75,0,0,,,0,0.0,0,0.0,0.0,,0.0
1785318923.519992,08:00:27:a5:9e:2d,0,0,,,0,0.0,0,0.0,0.0,,0.0
1785318933.519992,08:00:27:5a:87:bc,0,0,,,0,0.0,0,0.0,0.0,,0.0
1785318933.519992,08:00:27:8a:0d:75,0,0,,,0,0.0,0,0.0,0.0,,0.0
1785318933.519992,08:00:27:a5:9e:2d,0,0,,,0,0.0,0,0.0,0.0,,0.0
1785318943.519992,08:00:27:5a:87:bc,0,0,,,0,0.0,0,0.0,0.0,,0.0
1785318943.519992,08:00:27:8a:0d:75,0,0,,,0,0.0,0,0.0,0.0,,0.0
1785318943.519992,08:00:27:a5:9e:2d,0,0,,,0,0.0,0,0.0,0.0,,0.0
1785318953.519992,08:00:27:5a:87:bc,0,0,,,0,0.0,0,0.0,0.0,,0.0
1785318953.519992,08:00:27:8a:0d:75,0,0,,,0,0.0,0,0.0,0.0,,0.0
1785318953.519992,08:00:27:a5:9e:2d,0,0,,,0,0.0,0,0.0,0.0,,0.0
1785318963.519992,08:00:27:5a:87:bc,0,0,,,0,0.0,0,0.0,0.0,,0.0
1785318963.519992,08:00:27:8a:0d:75,0,0,,,0,0.0,0,0.0,0.0,,0.0
1785318963.519992,08:00:27:a5:9e:2d,0,0,,,0,0.0,0,0.0,0.0,,0.0
1785318973.519992,08:00:27:5a:87:bc,0,0,,,0,0.0,0,0.0,0.0,,0.0
1785318973.519992,08:00:27:8a:0d:75,0,0,,,0,0.0,0,0.0,0.0,,0.0
1785318973.519992,08:00:27:a5:9e:2d,0,0,,,0,0.0,0,0.0,0.0,,0.0
1785318983.519992,08:00:27:5a:87:bc,0,0,,,0,0.0,0,0.0,0.0,,0.0
1785318983.519992,08:00:27:8a:0d:75,0,0,,,0,0.0,0,0.0,0.0,,0.0
1785318983.519992,08:00:27:a5:9e:2d,0,0,,,0,0.0,0,0.0,0.0,,0.0
1785318993.519992,08:00:27:5a:87:bc,0,0,,,0,0.0,0,0.0,0.0,,0.0
1785318993.519992,08:00:27:8a:0d:75,0,0,,,0,0.0,0,0.0,0.0,,0.0
1785318993.519992,08:00:27:a5:9e:2d,0,0,,,0,0.0,0,0.0,0.0,,0.0
1785319003.519992,08:00:27:5a:87:bc,0,0,,,0,0.0,0,0.0,0.0,,0.0
1785319003.519992,08:00:27:8a:0d:75,0,0,,,0,0.0,0,0.0,0.0,,0.0
1785319003.519992,08:00:27:a5:9e:2d,0,0,,,0,0.0,0,0.0,0.0,,0.0
1785319013.519992,08:00:27:5a:87:bc,0,0,,,0,0.0,0,0.0,0.0,,0.0
1785319013.519992,08:00:27:8a:0d:75,0,0,,,0,0.0,0,0.0,0.0,,0.0
1785319013.519992,08:00:27:a5:9e:2d,0,0,,,0,0.0,0,0.0,0.0,,0.0
1785319023.519992,08:00:27:5a:87:bc,0,0,,,0,0.0,0,0.0,0.0,,0.0
1785319023.519992,08:00:27:8a:0d:75,0,0,,,0,0.0,0,0.0,0.0,,0.0
1785319023.519992,08:00:27:a5:9e:2d,0,0,,,0,0.0,0,0.0,0.0,,0.0
1785319033.519992,08:00:27:5a:87:bc,0,0,,,0,0.0,0,0.0,0.0,,0.0
1785319033.519992,08:00:27:8a:0d:75,0,0,,,0,0.0,0,0.0,0.0,,0.0
1785319033.519992,08:00:27:a5:9e:2d,0,0,,,0,0.0,0,0.0,0.0,,0.0
1785319043.519992,08:00:27:5a:87:bc,0,0,,,0,0.0,0,0.0,0.0,,0.0
1785319043.519992,08:00:27:8a:0d:75,0,0,,,0,0.0,0,0.0,0.0,,0.0
1785319043.519992,08:00:27:a5:9e:2d,0,0,,,0,0.0,0,0.0,0.0,,0.0
1785319053.519992,08:00:27:5a:87:bc,0,0,,,0,0.0,0,0.0,0.0,,0.0
1785319053.519992,08:00:27:8a:0d:75,0,0,,,0,0.0,0,0.0,0.0,,0.0
1785319053.519992,08:00:27:a5:9e:2d,0,0,,,0,0.0,0,0.0,0.0,,0.0
1785319063.519992,08:00:27:5a:87:bc,0,0,,,0,0.0,0,0.0,0.0,,0.0
1785319063.519992,08:00:27:8a:0d:75,0,0,,,0,0.0,0,0.0,0.0,,0.0
1785319063.519992,08:00:27:a5:9e:2d,0,0,,,0,0.0,0,0.0,0.0,,0.0
1785319073.519992,08:00:27:5a:87:bc,0,0,,,0,0.0,0,0.0,0.0,,0.0
1785319073.519992,08:00:27:8a:0d:75,0,0,,,0,0.0,0,0.0,0.0,,0.0
1785319073.519992,08:00:27:a5:9e:2d,0,0,,,0,0.0,0,0.0,0.0,,0.0
1785319083.519992,08:00:27:5a:87:bc,0,0,,,0,0.0,0,0.0,0.0,,0.0
1785319083.519992,08:00:27:8a:0d:75,0,0,,,0,0.0,0,0.0,0.0,,0.0
1785319083.519992,08:00:27:a5:9e:2d,0,0,,,0,0.0,0,0.0,0.0,,0.0
1785319093.519992,08:00:27:5a:87:bc,0,0,,,0,0.0,0,0.0,0.0,,0.0
1785319093.519992,08:00:27:8a:0d:75,0,0,,,0,0.0,0,0.0,0.0,,0.0
1785319093.519992,08:00:27:a5:9e:2d,0,0,,,0,0.0,0,0.0,0.0,,0.0
1785319103.519992,08:00:27:5a:87:bc,0,0,,,0,0.0,0,0.0,0.0,,0.0
1785319103.519992,08:00:27:8a:0d:75,0,0,,,0,0.0,0,0.0,0.0,,0.0
1785319103.519992,08:00:27:a5:9e:2d,0,0,,,0,0.0,0,0.0,0.0,,0.0
1785319113.519992,08:00:27:5a:87:bc,0,0,,,0,0.0,0,0.0,0.0,,0.0
1785319113.519992,08:00:27:8a:0d:75,0,0,,,0,0.0,0,0.0,0.0,,0.0
1785319113.519992,08:00:27:a5:9e:2d,0,0,,,0,0.0,0,0.0,0.0,,0.0
1785319123.519992,08:00:27:5a:87:bc,0,0,,,0,0.0,0,0.0,0.0,,0.0
1785319123.519992,08:00:27:8a:0d:75,0,0,,,0,0.0,0,0.0,0.0,,0.0
1785319123.519992,08:00:27:a5:9e:2d,0,0,,,0,0.0,0,0.0,0.0,,0.0
1785319133.519992,08:00:27:5a:87:bc,0,0,,,0,0.0,0,0.0,0.0,,0.0
1785319133.519992,08:00:27:8a:0d:75,0,0,,,0,0.0,0,0.0,0.0,,0.0
1785319133.519992,08:00:27:a5:9e:2d,0,0,,,0,0.0,0,0.0,0.0,,0.0
1785319143.519992,08:00:27:5a:87:bc,0,0,,,0,0.0,0,0.0,0.0,,0.0
1785319143.519992,08:00:27:8a:0d:75,0,0,,,0,0.0,0,0.0,0.0,,0.0
1785319143.519992,08:00:27:a5:9e:2d,0,0,,,0,0.0,0,0.0,0.0,,0.0
1785319153.519992,08:00:27:5a:87:bc,0,0,,,0,0.0,0,0.0,0.0,,0.0
1785319153.519992,08:00:27:8a:0d:75,0,0,,,0,0.0,0,0.0,0.0,,0.0
1785319153.519992,08:00:27:a5:9e:2d,0,0,,,0,0.0,0,0.0,0.0,,0.0
1785319163.519992,08:00:27:5a:87:bc,0,0,,,0,0.0,0,0.0,0.0,,0.0
1785319163.519992,08:00:27:8a:0d:75,0,0,,,0,0.0,0,0.0,0.0,,0.0
1785319163.519992,08:00:27:a5:9e:2d,0,0,,,0,0.0,0,0.0,0.0,,0.0
1785319173.519992,08:00:27:5a:87:bc,0,0,,,0,0.0,0,0.0,0.0,,0.0
1785319173.519992,08:00:27:8a:0d:75,0,0,,,0,0.0,0,0.0,0.0,,0.0
1785319173.519992,08:00:27:a5:9e:2d,0,0,,,0,0.0,0,0.0,0.0,,0.0
1785319183.519992,08:00:27:5a:87:bc,0,0,,,0,0.0,0,0.0,0.0,,0.0
1785319183.519992,08:00:27:8a:0d:75,0,0,,,0,0.0,0,0.0,0.0,,0.0
1785319183.519992,08:00:27:a5:9e:2d,0,0,,,0,0.0,0,0.0,0.0,,0.0
1785319193.519992,08:00:27:5a:87:bc,0,0,,,0,0.0,0,0.0,0.0,,0.0
1785319193.519992,08:00:27:8a:0d:75,0,0,,,0,0.0,0,0.0,0.0,,0.0
1785319193.519992,08:00:27:a5:9e:2d,0,0,,,0,0.0,0,0.0,0.0,,0.0
1785319203.519992,08:00:27:5a:87:bc,0,0,,,0,0.0,0,0.0,0.0,,0.0
1785319203.519992,08:00:27:8a:0d:75,0,0,,,0,0.0,0,0.0,0.0,,0.0
1785319203.519992,08:00:27:a5:9e:2d,0,0,,,0,0.0,0,0.0,0.0,,0.0
1785319213.519992,08:00:27:5a:87:bc,0,0,,,0,0.0,0,0.0,0.0,,0.0
1785319213.519992,08:00:27:8a:0d:75,0,0,,,0,0.0,0,0.0,0.0,,0.0
1785319213.519992,08:00:27:a5:9e:2d,0,0,,,0,0.0,0,0.0,0.0,,0.0
1785319223.519992,08:00:27:5a:87:bc,0,0,,,0,0.0,0,0.0,0.0,,0.0
1785319223.519992,08:00:27:8a:0d:75,0,0,,,0,0.0,0,0.0,0.0,,0.0
1785319223.519992,08:00:27:a5:9e:2d,0,0,,,0,0.0,0,0.0,0.0,,0.0
1785319233.519992,08:00:27:5a:87:bc,0,0,,,0,0.0,0,0.0,0.0,,0.0
1785319233.519992,08:00:27:8a:0d:75,0,0,,,0,0.0,0,0.0,0.0,,0.0
1785319233.519992,08:00:27:a5:9e:2d,0,0,,,0,0.0,0,0.0,0.0,,0.0
1785319243.519992,08:00:27:5a:87:bc,0,0,,,0,0.0,0,0.0,0.0,,0.0
1785319243.519992,08:00:27:8a:0d:75,0,0,,,0,0.0,0,0.0,0.0,,0.0
1785319243.519992,08:00:27:a5:9e:2d,0,0,,,0,0.0,0,0.0,0.0,,0.0
1785319253.519992,08:00:27:5a:87:bc,0,0,,,0,0.0,0,0.0,0.0,,0.0
1785319253.519992,08:00:27:8a:0d:75,0,0,,,0,0.0,0,0.0,0.0,,0.0
1785319253.519992,08:00:27:a5:9e:2d,0,0,,,0,0.0,0,0.0,0.0,,0.0
1785319263.519992,08:00:27:5a:87:bc,0,0,,,0,0.0,0,0.0,0.0,,0.0
1785319263.519992,08:00:27:8a:0d:75,0,0,,,0,0.0,0,0.0,0.0,,0.0
1785319263.519992,08:00:27:a5:9e:2d,0,0,,,0,0.0,0,0.0,0.0,,0.0
1785319273.519992,08:00:27:5a:87:bc,0,0,,,0,0.0,0,0.0,0.0,,0.0
1785319273.519992,08:00:27:8a:0d:75,0,0,,,0,0.0,0,0.0,0.0,,0.0
1785319273.519992,08:00:27:a5:9e:2d,0,0,,,0,0.0,0,0.0,0.0,,0.0
1785319283.519992,08:00:27:5a:87:bc,0,0,,,0,0.0,0,0.0,0.0,,0.0
1785319283.519992,08:00:27:8a:0d:75,0,0,,,0,0.0,0,0.0,0.0,,0.0
1785319283.519992,08:00:27:a5:9e:2d,0,0,,,0,0.0,0,0.0,0.0,,0.0
1785319293.519992,08:00:27:5a:87:bc,0,0,,,0,0.0,0,0.0,0.0,,0.0
1785319293.519992,08:00:27:8a:0d:75,0,0,,,0,0.0,0,0.0,0.0,,0.0
1785319293.519992,08:00:27:a5:9e:2d,0,0,,,0,0.0,0,0.0,0.0,,0.0
1785319303.519992,08:00:27:5a:87:bc,0,0,,,0,0.0,0,0.0,0.0,,0.0
1785319303.519992,08:00:27:8a:0d:75,0,0,,,0,0.0,0,0.0,0.0,,0.0
1785319303.519992,08:00:27:a5:9e:2d,0,0,,,0,0.0,0,0.0,0.0,,0.0
1785319313.519992,08:00:27:5a:87:bc,0,0,,,0,0.0,0,0.0,0.0,,0.0
1785319313.519992,08:00:27:8a:0d:75,0,0,,,0,0.0,0,0.0,0.0,,0.0
1785319313.519992,08:00:27:a5:9e:2d,0,0,,,0,0.0,0,0.0,0.0,,0.0
1785319323.519992,08:00:27:5a:87:bc,0,0,,,0,0.0,0,0.0,0.0,,0.0
1785319323.519992,08:00:27:8a:0d:75,0,0,,,0,0.0,0,0.0,0.0,,0.0
1785319323.519992,08:00:27:a5:9e:2d,0,0,,,0,0.0,0,0.0,0.0,,0.0
1785319333.519992,08:00:27:5a:87:bc,0,0,,,0,0.0,0,0.0,0.0,,0.0
1785319333.519992,08:00:27:8a:0d:75,0,0,,,0,0.0,0,0.0,0.0,,0.0
1785319333.519992,08:00:27:a5:9e:2d,0,0,,,0,0.0,0,0.0,0.0,,0.0
1785319343.519992,08:00:27:5a:87:bc,0,0,,,0,0.0,0,0.0,0.0,,0.0
1785319343.519992,08:00:27:8a:0d:75,0,0,,,0,0.0,0,0.0,0.0,,0.0
1785319343.519992,08:00:27:a5:9e:2d,0,0,,,0,0.0,0,0.0,0.0,,0.0
1785319353.519992,08:00:27:5a:87:bc,0,0,,,0,0.0,0,0.0,0.0,,0.0
1785319353.519992,08:00:27:8a:0d:75,0,0,,,0,0.0,0,0.0,0.0,,0.0
1785319353.519992,08:00:27:a5:9e:2d,0,0,,,0,0.0,0,0.0,0.0,,0.0
1785319363.519992,08:00:27:5a:87:bc,0,0,,,0,0.0,0,0.0,0.0,,0.0
1785319363.519992,08:00:27:8a:0d:75,0,0,,,0,0.0,0,0.0,0.0,,0.0
1785319363.519992,08:00:27:a5:9e:2d,0,0,,,0,0.0,0,0.0,0.0,,0.0
1785319373.519992,08:00:27:5a:87:bc,0,0,,,0,0.0,0,0.0,0.0,,0.0
1785319373.519992,08:00:27:8a:0d:75,0,0,,,0,0.0,0,0.0,0.0,,0.0
1785319373.519992,08:00:27:a5:9e:2d,0,0,,,0,0.0,0,0.0,0.0,,0.0
1785319383.519992,08:00:27:5a:87:bc,0,0,,,0,0.0,0,0.0,0.0,,0.0
1785319383.519992,08:00:27:8a:0d:75,0,0,,,0,0.0,0,0.0,0.0,,0.0
1785319383.519992,08:00:27:a5:9e:2d,0,0,,,0,0.0,0,0.0,0.0,,0.0
1785319393.519992,08:00:27:5a:87:bc,0,0,,,0,0.0,0,0.0,0.0,,0.0
1785319393.519992,08:00:27:8a:0d:75,0,0,,,0,0.0,0,0.0,0.0,,0.0
1785319393.519992,08:00:27:a5:9e:2d,0,0,,,0,0.0,0,0.0,0.0,,0.0
1785319403.519992,08:00:27:5a:87:bc,0,0,,,0,0.0,0,0.0,0.0,,0.0
1785319403.519992,08:00:27:8a:0d:75,0,0,,,0,0.0,0,0.0,0.0,,0.0
1785319403.519992,08:00:27:a5:9e:2d,0,0,,,0,0.0,0,0.0,0.0,,0.0
1785319413.519992,08:00:27:5a:87:bc,0,0,,,0,0.0,0,0.0,0.0,,0.0
1785319413.519992,08:00:27:8a:0d:75,0,0,,,0,0.0,0,0.0,0.0,,0.0
1785319413.519992,08:00:27:a5:9e:2d,0,0,,,0,0.0,0,0.0,0.0,,0.0
1785319423.519992,08:00:27:5a:87:bc,0,0,,,0,0.0,0,0.0,0.0,,0.0
1785319423.519992,08:00:27:8a:0d:75,0,0,,,0,0.0,0,0.0,0.0,,0.0
1785319423.519992,08:00:27:a5:9e:2d,0,0,,,0,0.0,0,0.0,0.0,,0.0
1785319433.519992,08:00:27:5a:87:bc,0,0,,,0,0.0,0,0.0,0.0,,0.0
1785319433.519992,08:00:27:8a:0d:75,0,0,,,0,0.0,0,0.0,0.0,,0.0
1785319433.519992,08:00:27:a5:9e:2d,0,0,,,0,0.0,0,0.0,0.0,,0.0
1785319443.519992,08:00:27:5a:87:bc,0,0,,,0,0.0,0,0.0,0.0,,0.0
1785319443.519992,08:00:27:8a:0d:75,0,0,,,0,0.0,0,0.0,0.0,,0.0
1785319443.519992,08:00:27:a5:9e:2d,0,0,,,0,0.0,0,0.0,0.0,,0.0
1785319453.519992,08:00:27:5a:87:bc,0,0,,,0,0.0,0,0.0,0.0,,0.0
1785319453.519992,08:00:27:8a:0d:75,0,0,,,0,0.0,0,0.0,0.0,,0.0
1785319453.519992,08:00:27:a5:9e:2d,0,0,,,0,0.0,0,0.0,0.0,,0.0
1785319463.519992,08:00:27:5a:87:bc,0,0,,,0,0.0,0,0.0,0.0,,0.0
1785319463.519992,08:00:27:8a:0d:75,0,0,,,0,0.0,0,0.0,0.0,,0.0
1785319463.519992,08:00:27:a5:9e:2d,0,0,,,0,0.0,0,0.0,0.0,,0.0
1785319473.519992,08:00:27:5a:87:bc,0,0,,,0,0.0,0,0.0,0.0,,0.0
1785319473.519992,08:00:27:8a:0d:75,0,0,,,0,0.0,0,0.0,0.0,,0.0
1785319473.519992,08:00:27:a5:9e:2d,0,0,,,0,0.0,0,0.0,0.0,,0.0
1785319483.519992,08:00:27:5a:87:bc,0,0,,,0,0.0,0,0.0,0.0,,0.0
1785319483.519992,08:00:27:8a:0d:75,0,0,,,0,0.0,0,0.0,0.0,,0.0
1785319483.519992,08:00:27:a5:9e:2d,0,0,,,0,0.0,0,0.0,0.0,,0.0
1785319493.519992,08:00:27:5a:87:bc,0,0,,,0,0.0,0,0.0,0.0,,0.0
1785319493.519992,08:00:27:8a:0d:75,0,0,,,0,0.0,0,0.0,0.0,,0.0
1785319493.519992,08:00:27:a5:9e:2d,0,0,,,0,0.0,0,0.0,0.0,,0.0
1785319503.519992,08:00:27:5a:87:bc,0,0,,,0,0.0,0,0.0,0.0,,0.0
1785319503.519992,08:00:27:8a:0d:75,0,0,,,0,0.0,0,0.0,0.0,,0.0
1785319503.519992,08:00:27:a5:9e:2d,0,0,,,0,0.0,0,0.0,0.0,,0.0
1785319513.519992,08:00:27:5a:87:bc,0,0,,,0,0.0,0,0.0,0.0,,0.0
1785319513.519992,08:00:27:8a:0d:75,0,0,,,0,0.0,0,0.0,0.0,,0.0
1785319513.519992,08:00:27:a5:9e:2d,0,0,,,0,0.0,0,0.0,0.0,,0.0
1785319523.519992,08:00:27:5a:87:bc,0,0,,,0,0.0,0,0.0,0.0,,0.0
1785319523.519992,08:00:27:8a:0d:75,0,0,,,0,0.0,0,0.0,0.0,,0.0
1785319523.519992,08:00:27:a5:9e:2d,0,0,,,0,0.0,0,0.0,0.0,,0.0
1785319533.519992,08:00:27:5a:87:bc,0,0,,,0,0.0,0,0.0,0.0,,0.0
1785319533.519992,08:00:27:8a:0d:75,0,0,,,0,0.0,0,0.0,0.0,,0.0
1785319533.519992,08:00:27:a5:9e:2d,0,0,,,0,0.0,0,0.0,0.0,,0.0
1785319543.519992,08:00:27:5a:87:bc,0,0,,,0,0.0,0,0.0,0.0,,0.0
1785319543.519992,08:00:27:8a:0d:75,0,0,,,0,0.0,0,0.0,0.0,,0.0
1785319543.519992,08:00:27:a5:9e:2d,0,0,,,0,0.0,0,0.0,0.0,,0.0
1785319553.519992,08:00:27:5a:87:bc,0,0,,,0,0.0,0,0.0,0.0,,0.0
1785319553.519992,08:00:27:8a:0d:75,0,0,,,0,0.0,0,0.0,0.0,,0.0
1785319553.519992,08:00:27:a5:9e:2d,0,0,,,0,0.0,0,0.0,0.0,,0.0
1785319563.519992,08:00:27:5a:87:bc,0,0,,,0,0.0,0,0.0,0.0,,0.0
1785319563.519992,08:00:27:8a:0d:75,0,0,,,0,0.0,0,0.0,0.0,,0.0
1785319563.519992,08:00:27:a5:9e:2d,0,0,,,0,0.0,0,0.0,0.0,,0.0
1785319573.519992,08:00:27:5a:87:bc,0,0,,,0,0.0,0,0.0,0.0,,0.0
1785319573.519992,08:00:27:8a:0d:75,0,0,,,0,0.0,0,0.0,0.0,,0.0
1785319573.519992,08:00:27:a5:9e:2d,0,0,,,0,0.0,0,0.0,0.0,,0.0
1785319583.519992,08:00:27:5a:87:bc,0,0,,,0,0.0,0,0.0,0.0,,0.0
1785319583.519992,08:00:27:8a:0d:75,0,0,,,0,0.0,0,0.0,0.0,,0.0
1785319583.519992,08:00:27:a5:9e:2d,0,0,,,0,0.0,0,0.0,0.0,,0.0
1785319593.519992,08:00:27:5a:87:bc,0,0,,,0,0.0,0,0.0,0.0,,0.0
1785319593.519992,08:00:27:8a:0d:75,0,0,,,0,0.0,0,0.0,0.0,,0.0
1785319593.519992,08:00:27:a5:9e:2d,0,0,,,0,0.0,0,0.0,0.0,,0.0
1785319603.519992,08:00:27:5a:87:bc,0,0,,,0,0.0,0,0.0,0.0,,0.0
1785319603.519992,08:00:27:8a:0d:75,0,0,,,0,0.0,0,0.0,0.0,,0.0
1785319603.519992,08:00:27:a5:9e:2d,0,0,,,0,0.0,0,0.0,0.0,,0.0
1785319613.519992,08:00:27:5a:87:bc,0,0,,,0,0.0,0,0.0,0.0,,0.0
1785319613.519992,08:00:27:8a:0d:75,0,0,,,0,0.0,0,0.0,0.0,,0.0
1785319613.519992,08:00:27:a5:9e:2d,0,0,,,0,0.0,0,0.0,0.0,,0.0
1785319623.519992,08:00:27:5a:87:bc,0,0,,,0,0.0,0,0.0,0.0,,0.0
1785319623.519992,08:00:27:8a:0d:75,0,0,,,0,0.0,0,0.0,0.0,,0.0
1785319623.519992,08:00:27:a5:9e:2d,0,0,,,0,0.0,0,0.0,0.0,,0.0
1785319633.519992,08:00:27:5a:87:bc,0,0,,,0,0.0,0,0.0,0.0,,0.0
1785319633.519992,08:00:27:8a:0d:75,0,0,,,0,0.0,0,0.0,0.0,,0.0
1785319633.519992,08:00:27:a5:9e:2d,0,0,,,0,0.0,0,0.0,0.0,,0.0
1785319643.519992,08:00:27:5a:87:bc,0,0,,,0,0.0,0,0.0,0.0,,0.0
1785319643.519992,08:00:27:8a:0d:75,0,0,,,0,0.0,0,0.0,0.0,,0.0
1785319643.519992,08:00:27:a5:9e:2d,0,0,,,0,0.0,0,0.0,0.0,,0.0
1785319653.519992,08:00:27:5a:87:bc,0,0,,,0,0.0,0,0.0,0.0,,0.0
1785319653.519992,08:00:27:8a:0d:75,0,0,,,0,0.0,0,0.0,0.0,,0.0
1785319653.519992,08:00:27:a5:9e:2d,0,0,,,0,0.0,0,0.0,0.0,,0.0
1785319663.519992,08:00:27:5a:87:bc,0,0,,,0,0.0,0,0.0,0.0,,0.0
1785319663.519992,08:00:27:8a:0d:75,0,0,,,0,0.0,0,0.0,0.0,,0.0
1785319663.519992,08:00:27:a5:9e:2d,0,0,,,0,0.0,0,0.0,0.0,,0.0
1785319673.519992,08:00:27:5a:87:bc,0,0,,,0,0.0,0,0.0,0.0,,0.0
1785319673.519992,08:00:27:8a:0d:75,0,0,,,0,0.0,0,0.0,0.0,,0.0
1785319673.519992,08:00:27:a5:9e:2d,0,0,,,0,0.0,0,0.0,0.0,,0.0
1785319683.519992,08:00:27:5a:87:bc,0,0,,,0,0.0,0,0.0,0.0,,0.0
1785319683.519992,08:00:27:8a:0d:75,0,0,,,0,0.0,0,0.0,0.0,,0.0
1785319683.519992,08:00:27:a5:9e:2d,0,0,,,0,0.0,0,0.0,0.0,,0.0
1785319693.519992,08:00:27:5a:87:bc,0,0,,,0,0.0,0,0.0,0.0,,0.0
1785319693.519992,08:00:27:8a:0d:75,0,0,,,0,0.0,0,0.0,0.0,,0.0
1785319693.519992,08:00:27:a5:9e:2d,0,0,,,0,0.0,0,0.0,0.0,,0.0
1785319703.519992,08:00:27:5a:87:bc,0,0,,,0,0.0,0,0.0,0.0,,0.0
1785319703.519992,08:00:27:8a:0d:75,0,0,,,0,0.0,0,0.0,0.0,,0.0
1785319703.519992,08:00:27:a5:9e:2d,0,0,,,0,0.0,0,0.0,0.0,,0.0
1785319713.519992,08:00:27:5a:87:bc,0,0,,,0,0.0,0,0.0,0.0,,0.0
1785319713.519992,08:00:27:8a:0d:75,0,0,,,0,0.0,0,0.0,0.0,,0.0
1785319713.519992,08:00:27:a5:9e:2d,0,0,,,0,0.0,0,0.0,0.0,,0.0
1785319723.519992,08:00:27:5a:87:bc,0,0,,,0,0.0,0,0.0,0.0,,0.0
1785319723.519992,08:00:27:8a:0d:75,0,0,,,0,0.0,0,0.0,0.0,,0.0
1785319723.519992,08:00:27:a5:9e:2d,0,0,,,0,0.0,0,0.0,0.0,,0.0
1785319733.519992,08:00:27:5a:87:bc,0,0,,,0,0.0,0,0.0,0.0,,0.0
1785319733.519992,08:00:27:8a:0d:75,0,0,,,0,0.0,0,0.0,0.0,,0.0
1785319733.519992,08:00:27:a5:9e:2d,0,0,,,0,0.0,0,0.0,0.0,,0.0
1785319743.519992,08:00:27:5a:87:bc,0,0,,,0,0.0,0,0.0,0.0,,0.0
1785319743.519992,08:00:27:8a:0d:75,0,0,,,0,0.0,0,0.0,0.0,,0.0
1785319743.519992,08:00:27:a5:9e:2d,0,0,,,0,0.0,0,0.0,0.0,,0.0
1785319753.519992,08:00:27:5a:87:bc,0,0,,,0,0.0,0,0.0,0.0,,0.0
1785319753.519992,08:00:27:8a:0d:75,0,0,,,0,0.0,0,0.0,0.0,,0.0
1785319753.519992,08:00:27:a5:9e:2d,0,0,,,0,0.0,0,0.0,0.0,,0.0
1785319763.519992,08:00:27:5a:87:bc,0,0,,,0,0.0,0,0.0,0.0,,0.0
1785319763.519992,08:00:27:8a:0d:75,0,0,,,0,0.0,0,0.0,0.0,,0.0
1785319763.519992,08:00:27:a5:9e:2d,0,0,,,0,0.0,0,0.0,0.0,,0.0
1785319773.519992,08:00:27:5a:87:bc,0,0,,,0,0.0,0,0.0,0.0,,0.0
1785319773.519992,08:00:27:8a:0d:75,0,0,,,0,0.0,0,0.0,0.0,,0.0
1785319773.519992,08:00:27:a5:9e:2d,0,0,,,0,0.0,0,0.0,0.0,,0.0
1785319783.519992,08:00:27:5a:87:bc,0,0,,,0,0.0,0,0.0,0.0,,0.0
1785319783.519992,08:00:27:8a:0d:75,0,0,,,0,0.0,0,0.0,0.0,,0.0
1785319783.519992,08:00:27:a5:9e:2d,0,0,,,0,0.0,0,0.0,0.0,,0.0
1785319793.519992,08:00:27:5a:87:bc,0,0,,,0,0.0,0,0.0,0.0,,0.0
1785319793.519992,08:00:27:8a:0d:75,0,0,,,0,0.0,0,0.0,0.0,,0.0
1785319793.519992,08:00:27:a5:9e:2d,0,0,,,0,0.0,0,0.0,0.0,,0.0
1785319803.519992,08:00:27:5a:87:bc,0,0,,,0,0.0,0,0.0,0.0,,0.0
1785319803.519992,08:00:27:8a:0d:75,0,0,,,0,0.0,0,0.0,0.0,,0.0
1785319803.519992,08:00:27:a5:9e:2d,0,0,,,0,0.0,0,0.0,0.0,,0.0
1785319813.519992,08:00:27:5a:87:bc,0,0,,,0,0.0,0,0.0,0.0,,0.0
1785319813.519992,08:00:27:8a:0d:75,0,0,,,0,0.0,0,0.0,0.0,,0.0
1785319813.519992,08:00:27:a5:9e:2d,0,0,,,0,0.0,0,0.0,0.0,,0.0
1785319823.519992,08:00:27:5a:87:bc,0,0,,,0,0.0,0,0.0,0.0,,0.0
1785319823.519992,08:00:27:8a:0d:75,0,0,,,0,0.0,0,0.0,0.0,,0.0
1785319823.519992,08:00:27:a5:9e:2d,0,0,,,0,0.0,0,0.0,0.0,,0.0
1785319833.519992,08:00:27:5a:87:bc,0,0,,,0,0.0,0,0.0,0.0,,0.0
1785319833.519992,08:00:27:8a:0d:75,0,0,,,0,0.0,0,0.0,0.0,,0.0
1785319833.519992,08:00:27:a5:9e:2d,0,0,,,0,0.0,0,0.0,0.0,,0.0
1785319843.519992,08:00:27:5a:87:bc,0,0,,,0,0.0,0,0.0,0.0,,0.0
1785319843.519992,08:00:27:8a:0d:75,0,0,,,0,0.0,0,0.0,0.0,,0.0
1785319843.519992,08:00:27:a5:9e:2d,0,0,,,0,0.0,0,0.0,0.0,,0.0
1785319853.519992,08:00:27:5a:87:bc,0,0,,,0,0.0,0,0.0,0.0,,0.0
1785319853.519992,08:00:27:8a:0d:75,0,0,,,0,0.0,0,0.0,0.0,,0.0
1785319853.519992,08:00:27:a5:9e:2d,0,0,,,0,0.0,0,0.0,0.0,,0.0
1785319863.519992,08:00:27:5a:87:bc,0,0,,,0,0.0,0,0.0,0.0,,0.0
1785319863.519992,08:00:27:8a:0d:75,0,0,,,0,0.0,0,0.0,0.0,,0.0
1785319863.519992,08:00:27:a5:9e:2d,0,0,,,0,0.0,0,0.0,0.0,,0.0
1785319873.519992,08:00:27:5a:87:bc,0,0,,,0,0.0,0,0.0,0.0,,0.0
1785319873.519992,08:00:27:8a:0d:75,0,0,,,0,0.0,0,0.0,0.0,,0.0
1785319873.519992,08:00:27:a5:9e:2d,0,0,,,0,0.0,0,0.0,0.0,,0.0
1785319883.519992,08:00:27:5a:87:bc,0,0,,,0,0.0,0,0.0,0.0,,0.0
1785319883.519992,08:00:27:8a:0d:75,0,0,,,0,0.0,0,0.0,0.0,,0.0
1785319883.519992,08:00:27:a5:9e:2d,0,0,,,0,0.0,0,0.0,0.0,,0.0
1785319893.519992,08:00:27:5a:87:bc,0,0,,,0,0.0,0,0.0,0.0,,0.0
1785319893.519992,08:00:27:8a:0d:75,0,0,,,0,0.0,0,0.0,0.0,,0.0
1785319893.519992,08:00:27:a5:9e:2d,0,0,,,0,0.0,0,0.0,0.0,,0.0
1785319903.519992,08:00:27:5a:87:bc,0,0,,,0,0.0,0,0.0,0.0,,0.0
1785319903.519992,08:00:27:8a:0d:75,0,0,,,0,0.0,0,0.0,0.0,,0.0
1785319903.519992,08:00:27:a5:9e:2d,0,0,,,0,0.0,0,0.0,0.0,,0.0
1785319913.519992,08:00:27:5a:87:bc,0,0,,,0,0.0,0,0.0,0.0,,0.0
1785319913.519992,08:00:27:8a:0d:75,0,0,,,0,0.0,0,0.0,0.0,,0.0
1785319913.519992,08:00:27:a5:9e:2d,0,0,,,0,0.0,0,0.0,0.0,,0.0
1785319923.519992,08:00:27:5a:87:bc,0,0,,,0,0.0,0,0.0,0.0,,0.0
1785319923.519992,08:00:27:8a:0d:75,0,0,,,0,0.0,0,0.0,0.0,,0.0
1785319923.519992,08:00:27:a5:9e:2d,0,0,,,0,0.0,0,0.0,0.0,,0.0
1785319933.519992,08:00:27:5a:87:bc,0,0,,,0,0.0,0,0.0,0.0,,0.0
1785319933.519992,08:00:27:8a:0d:75,0,0,,,0,0.0,0,0.0,0.0,,0.0
1785319933.519992,08:00:27:a5:9e:2d,0,0,,,0,0.0,0,0.0,0.0,,0.0
1785319943.519992,08:00:27:5a:87:bc,0,0,,,0,0.0,0,0.0,0.0,,0.0
1785319943.519992,08:00:27:8a:0d:75,0,0,,,0,0.0,0,0.0,0.0,,0.0
1785319943.519992,08:00:27:a5:9e:2d,0,0,,,0,0.0,0,0.0,0.0,,0.0
1785319953.519992,08:00:27:5a:87:bc,0,0,,,0,0.0,0,0.0,0.0,,0.0
1785319953.519992,08:00:27:8a:0d:75,0,0,,,0,0.0,0,0.0,0.0,,0.0
1785319953.519992,08:00:27:a5:9e:2d,0,0,,,0,0.0,0,0.0,0.0,,0.0
1785319963.519992,08:00:27:5a:87:bc,0,0,,,0,0.0,0,0.0,0.0,,0.0
1785319963.519992,08:00:27:8a:0d:75,0,0,,,0,0.0,0,0.0,0.0,,0.0
1785319963.519992,08:00:27:a5:9e:2d,0,0,,,0,0.0,0,0.0,0.0,,0.0
1785319973.519992,08:00:27:5a:87:bc,0,0,,,0,0.0,0,0.0,0.0,,0.0
1785319973.519992,08:00:27:8a:0d:75,0,0,,,0,0.0,0,0.0,0.0,,0.0
1785319973.519992,08:00:27:a5:9e:2d,0,0,,,0,0.0,0,0.0,0.0,,0.0
1785319983.519992,08:00:27:5a:87:bc,0,0,,,0,0.0,0,0.0,0.0,,0.0
1785319983.519992,08:00:27:8a:0d:75,0,0,,,0,0.0,0,0.0,0.0,,0.0
1785319983.519992,08:00:27:a5:9e:2d,0,0,,,0,0.0,0,0.0,0.0,,0.0
1785319993.519992,08:00:27:5a:87:bc,0,0,,,0,0.0,0,0.0,0.0,,0.0
1785319993.519992,08:00:27:8a:0d:75,0,0,,,0,0.0,0,0.0,0.0,,0.0
1785319993.519992,08:00:27:a5:9e:2d,0,0,,,0,0.0,0,0.0,0.0,,0.0
1785320003.519992,08:00:27:5a:87:bc,0,0,,,0,0.0,0,0.0,0.0,,0.0
1785320003.519992,08:00:27:8a:0d:75,0,0,,,0,0.0,0,0.0,0.0,,0.0
1785320003.519992,08:00:27:a5:9e:2d,0,0,,,0,0.0,0,0.0,0.0,,0.0
1785320013.519992,08:00:27:5a:87:bc,0,0,,,0,0.0,0,0.0,0.0,,0.0
1785320013.519992,08:00:27:8a:0d:75,0,0,,,0,0.0,0,0.0,0.0,,0.0
1785320013.519992,08:00:27:a5:9e:2d,0,0,,,0,0.0,0,0.0,0.0,,0.0
1785320023.519992,08:00:27:5a:87:bc,0,0,,,0,0.0,0,0.0,0.0,,0.0
1785320023.519992,08:00:27:8a:0d:75,0,0,,,0,0.0,0,0.0,0.0,,0.0
1785320023.519992,08:00:27:a5:9e:2d,0,0,,,0,0.0,0,0.0,0.0,,0.0
1785320033.519992,08:00:27:5a:87:bc,0,0,,,0,0.0,0,0.0,0.0,,0.0
1785320033.519992,08:00:27:8a:0d:75,0,0,,,0,0.0,0,0.0,0.0,,0.0
1785320033.519992,08:00:27:a5:9e:2d,0,0,,,0,0.0,0,0.0,0.0,,0.0
1785320043.519992,08:00:27:5a:87:bc,0,0,,,0,0.0,0,0.0,0.0,,0.0
1785320043.519992,08:00:27:8a:0d:75,0,0,,,0,0.0,0,0.0,0.0,,0.0
1785320043.519992,08:00:27:a5:9e:2d,0,0,,,0,0.0,0,0.0,0.0,,0.0
1785320053.519992,08:00:27:5a:87:bc,0,0,,,0,0.0,0,0.0,0.0,,0.0
1785320053.519992,08:00:27:8a:0d:75,0,0,,,0,0.0,0,0.0,0.0,,0.0
1785320053.519992,08:00:27:a5:9e:2d,0,0,,,0,0.0,0,0.0,0.0,,0.0
1785320063.519992,08:00:27:5a:87:bc,0,0,,,0,0.0,0,0.0,0.0,,0.0
1785320063.519992,08:00:27:8a:0d:75,0,0,,,0,0.0,0,0.0,0.0,,0.0
1785320063.519992,08:00:27:a5:9e:2d,0,0,,,0,0.0,0,0.0,0.0,,0.0
1785320073.519992,08:00:27:5a:87:bc,0,0,,,0,0.0,0,0.0,0.0,,0.0
1785320073.519992,08:00:27:8a:0d:75,0,0,,,0,0.0,0,0.0,0.0,,0.0
1785320073.519992,08:00:27:a5:9e:2d,0,0,,,0,0.0,0,0.0,0.0,,0.0
1785320083.519992,08:00:27:5a:87:bc,0,0,,,0,0.0,0,0.0,0.0,,0.0
1785320083.519992,08:00:27:8a:0d:75,0,0,,,0,0.0,0,0.0,0.0,,0.0
1785320083.519992,08:00:27:a5:9e:2d,0,0,,,0,0.0,0,0.0,0.0,,0.0
1785320093.519992,08:00:27:5a:87:bc,0,0,,,0,0.0,0,0.0,0.0,,0.0
1785320093.519992,08:00:27:8a:0d:75,0,0,,,0,0.0,0,0.0,0.0,,0.0
1785320093.519992,08:00:27:a5:9e:2d,0,0,,,0,0.0,0,0.0,0.0,,0.0
1785320103.519992,08:00:27:5a:87:bc,0,0,,,0,0.0,0,0.0,0.0,,0.0
1785320103.519992,08:00:27:8a:0d:75,0,0,,,0,0.0,0,0.0,0.0,,0.0
1785320103.519992,08:00:27:a5:9e:2d,0,0,,,0,0.0,0,0.0,0.0,,0.0
1785320113.519992,08:00:27:5a:87:bc,0,0,,,0,0.0,0,0.0,0.0,,0.0
1785320113.519992,08:00:27:8a:0d:75,0,0,,,0,0.0,0,0.0,0.0,,0.0
1785320113.519992,08:00:27:a5:9e:2d,0,0,,,0,0.0,0,0.0,0.0,,0.0
1785320123.519992,08:00:27:5a:87:bc,0,0,,,0,0.0,0,0.0,0.0,,0.0
1785320123.519992,08:00:27:8a:0d:75,0,0,,,0,0.0,0,0.0,0.0,,0.0
1785320123.519992,08:00:27:a5:9e:2d,0,0,,,0,0.0,0,0.0,0.0,,0.0
1785320133.519992,08:00:27:5a:87:bc,0,0,,,0,0.0,0,0.0,0.0,,0.0
1785320133.519992,08:00:27:8a:0d:75,0,0,,,0,0.0,0,0.0,0.0,,0.0
1785320133.519992,08:00:27:a5:9e:2d,0,0,,,0,0.0,0,0.0,0.0,,0.0
1785320143.519992,08:00:27:5a:87:bc,0,0,,,0,0.0,0,0.0,0.0,,0.0
1785320143.519992,08:00:27:8a:0d:75,0,0,,,0,0.0,0,0.0,0.0,,0.0
1785320143.519992,08:00:27:a5:9e:2d,0,0,,,0,0.0,0,0.0,0.0,,0.0
1785320153.519992,08:00:27:5a:87:bc,0,0,,,0,0.0,0,0.0,0.0,,0.0
1785320153.519992,08:00:27:8a:0d:75,0,0,,,0,0.0,0,0.0,0.0,,0.0
1785320153.519992,08:00:27:a5:9e:2d,0,0,,,0,0.0,0,0.0,0.0,,0.0
1785320163.519992,08:00:27:5a:87:bc,0,0,,,0,0.0,0,0.0,0.0,,0.0
1785320163.519992,08:00:27:8a:0d:75,0,0,,,0,0.0,0,0.0,0.0,,0.0
1785320163.519992,08:00:27:a5:9e:2d,0,0,,,0,0.0,0,0.0,0.0,,0.0
1785320173.519992,08:00:27:5a:87:bc,0,0,,,0,0.0,0,0.0,0.0,,0.0
1785320173.519992,08:00:27:8a:0d:75,0,0,,,0,0.0,0,0.0,0.0,,0.0
1785320173.519992,08:00:27:a5:9e:2d,0,0,,,0,0.0,0,0.0,0.0,,0.0
1785320183.519992,08:00:27:5a:87:bc,0,0,,,0,0.0,0,0.0,0.0,,0.0
1785320183.519992,08:00:27:8a:0d:75,0,0,,,0,0.0,0,0.0,0.0,,0.0
1785320183.519992,08:00:27:a5:9e:2d,0,0,,,0,0.0,0,0.0,0.0,,0.0
1785320193.519992,08:00:27:5a:87:bc,0,0,,,0,0.0,0,0.0,0.0,,0.0
1785320193.519992,08:00:27:8a:0d:75,0,0,,,0,0.0,0,0.0,0.0,,0.0
1785320193.519992,08:00:27:a5:9e:2d,0,0,,,0,0.0,0,0.0,0.0,,0.0
1785320203.519992,08:00:27:5a:87:bc,0,0,,,0,0.0,0,0.0,0.0,,0.0
1785320203.519992,08:00:27:8a:0d:75,0,0,,,0,0.0,0,0.0,0.0,,0.0
1785320203.519992,08:00:27:a5:9e:2d,0,0,,,0,0.0,0,0.0,0.0,,0.0
1785320213.519992,08:00:27:5a:87:bc,0,0,,,0,0.0,0,0.0,0.0,,0.0
1785320213.519992,08:00:27:8a:0d:75,0,0,,,0,0.0,0,0.0,0.0,,0.0
1785320213.519992,08:00:27:a5:9e:2d,0,0,,,0,0.0,0,0.0,0.0,,0.0
1785320223.519992,08:00:27:5a:87:bc,0,0,,,0,0.0,0,0.0,0.0,,0.0
1785320223.519992,08:00:27:8a:0d:75,0,0,,,0,0.0,0,0.0,0.0,,0.0
1785320223.519992,08:00:27:a5:9e:2d,0,0,,,0,0.0,0,0.0,0.0,,0.0
1785320233.519992,08:00:27:5a:87:bc,0,0,,,0,0.0,0,0.0,0.0,,0.0
1785320233.519992,08:00:27:8a:0d:75,0,0,,,0,0.0,0,0.0,0.0,,0.0
1785320233.519992,08:00:27:a5:9e:2d,0,0,,,0,0.0,0,0.0,0.0,,0.0
1785320243.519992,08:00:27:5a:87:bc,0,0,,,0,0.0,0,0.0,0.0,,0.0
1785320243.519992,08:00:27:8a:0d:75,0,0,,,0,0.0,0,0.0,0.0,,0.0
1785320243.519992,08:00:27:a5:9e:2d,0,0,,,0,0.0,0,0.0,0.0,,0.0
1785320253.519992,08:00:27:5a:87:bc,0,0,,,0,0.0,0,0.0,0.0,,0.0
1785320253.519992,08:00:27:8a:0d:75,0,0,,,0,0.0,0,0.0,0.0,,0.0
1785320253.519992,08:00:27:a5:9e:2d,0,0,,,0,0.0,0,0.0,0.0,,0.0
1785320263.519992,08:00:27:5a:87:bc,0,0,,,0,0.0,0,0.0,0.0,,0.0
1785320263.519992,08:00:27:8a:0d:75,0,0,,,0,0.0,0,0.0,0.0,,0.0
1785320263.519992,08:00:27:a5:9e:2d,0,0,,,0,0.0,0,0.0,0.0,,0.0
1785320273.519992,08:00:27:5a:87:bc,0,0,,,0,0.0,0,0.0,0.0,,0.0
1785320273.519992,08:00:27:8a:0d:75,0,0,,,0,0.0,0,0.0,0.0,,0.0
1785320273.519992,08:00:27:a5:9e:2d,0,0,,,0,0.0,0,0.0,0.0,,0.0
1785320283.519992,08:00:27:5a:87:bc,0,0,,,0,0.0,0,0.0,0.0,,0.0
1785320283.519992,08:00:27:8a:0d:75,0,0,,,0,0.0,0,0.0,0.0,,0.0
1785320283.519992,08:00:27:a5:9e:2d,0,0,,,0,0.0,0,0.0,0.0,,0.0
1785320293.519992,08:00:27:5a:87:bc,0,0,,,0,0.0,0,0.0,0.0,,0.0
1785320293.519992,08:00:27:8a:0d:75,0,0,,,0,0.0,0,0.0,0.0,,0.0
1785320293.519992,08:00:27:a5:9e:2d,0,0,,,0,0.0,0,0.0,0.0,,0.0
1785320303.519992,08:00:27:5a:87:bc,0,0,,,0,0.0,0,0.0,0.0,,0.0
1785320303.519992,08:00:27:8a:0d:75,0,0,,,0,0.0,0,0.0,0.0,,0.0
1785320303.519992,08:00:27:a5:9e:2d,0,0,,,0,0.0,0,0.0,0.0,,0.0
1785320313.519992,08:00:27:5a:87:bc,0,0,,,0,0.0,0,0.0,0.0,,0.0
1785320313.519992,08:00:27:8a:0d:75,0,0,,,0,0.0,0,0.0,0.0,,0.0
1785320313.519992,08:00:27:a5:9e:2d,0,0,,,0,0.0,0,0.0,0.0,,0.0
1785320323.519992,08:00:27:5a:87:bc,0,0,,,0,0.0,0,0.0,0.0,,0.0
1785320323.519992,08:00:27:8a:0d:75,0,0,,,0,0.0,0,0.0,0.0,,0.0
1785320323.519992,08:00:27:a5:9e:2d,0,0,,,0,0.0,0,0.0,0.0,,0.0
1785320333.519992,08:00:27:5a:87:bc,0,0,,,0,0.0,0,0.0,0.0,,0.0
1785320333.519992,08:00:27:8a:0d:75,0,0,,,0,0.0,0,0.0,0.0,,0.0
1785320333.519992,08:00:27:a5:9e:2d,0,0,,,0,0.0,0,0.0,0.0,,0.0
1785320343.519992,08:00:27:5a:87:bc,0,0,,,0,0.0,0,0.0,0.0,,0.0
1785320343.519992,08:00:27:8a:0d:75,0,0,,,0,0.0,0,0.0,0.0,,0.0
1785320343.519992,08:00:27:a5:9e:2d,0,0,,,0,0.0,0,0.0,0.0,,0.0
1785320353.519992,08:00:27:5a:87:bc,0,0,,,0,0.0,0,0.0,0.0,,0.0
1785320353.519992,08:00:27:8a:0d:75,0,0,,,0,0.0,0,0.0,0.0,,0.0
1785320353.519992,08:00:27:a5:9e:2d,0,0,,,0,0.0,0,0.0,0.0,,0.0
1785320363.519992,08:00:27:5a:87:bc,0,0,,,0,0.0,0,0.0,0.0,,0.0
1785320363.519992,08:00:27:8a:0d:75,0,0,,,0,0.0,0,0.0,0.0,,0.0
1785320363.519992,08:00:27:a5:9e:2d,0,0,,,0,0.0,0,0.0,0.0,,0.0
1785320373.519992,08:00:27:5a:87:bc,0,0,,,0,0.0,0,0.0,0.0,,0.0
1785320373.519992,08:00:27:8a:0d:75,0,0,,,0,0.0,0,0.0,0.0,,0.0
1785320373.519992,08:00:27:a5:9e:2d,0,0,,,0,0.0,0,0.0,0.0,,0.0
1785320383.519992,08:00:27:5a:87:bc,0,0,,,0,0.0,0,0.0,0.0,,0.0
1785320383.519992,08:00:27:8a:0d:75,0,0,,,0,0.0,0,0.0,0.0,,0.0
1785320383.519992,08:00:27:a5:9e:2d,0,0,,,0,0.0,0,0.0,0.0,,0.0
1785320393.519992,08:00:27:5a:87:bc,0,0,,,0,0.0,0,0.0,0.0,,0.0
1785320393.519992,08:00:27:8a:0d:75,0,0,,,0,0.0,0,0.0,0.0,,0.0
1785320393.519992,08:00:27:a5:9e:2d,0,0,,,0,0.0,0,0.0,0.0,,0.0
1785320403.519992,08:00:27:5a:87:bc,0,0,,,0,0.0,0,0.0,0.0,,0.0
1785320403.519992,08:00:27:8a:0d:75,0,0,,,0,0.0,0,0.0,0.0,,0.0
1785320403.519992,08:00:27:a5:9e:2d,0,0,,,0,0.0,0,0.0,0.0,,0.0
1785320413.519992,08:00:27:5a:87:bc,0,0,,,0,0.0,0,0.0,0.0,,0.0
1785320413.519992,08:00:27:8a:0d:75,0,0,,,0,0.0,0,0.0,0.0,,0.0
1785320413.519992,08:00:27:a5:9e:2d,0,0,,,0,0.0,0,0.0,0.0,,0.0
1785320423.519992,08:00:27:5a:87:bc,0,0,,,0,0.0,0,0.0,0.0,,0.0
1785320423.519992,08:00:27:8a:0d:75,0,0,,,0,0.0,0,0.0,0.0,,0.0
1785320423.519992,08:00:27:a5:9e:2d,0,0,,,0,0.0,0,0.0,0.0,,0.0
1785320433.519992,08:00:27:5a:87:bc,0,0,,,0,0.0,0,0.0,0.0,,0.0
1785320433.519992,08:00:27:8a:0d:75,0,0,,,0,0.0,0,0.0,0.0,,0.0
1785320433.519992,08:00:27:a5:9e:2d,0,0,,,0,0.0,0,0.0,0.0,,0.0
1785320443.519992,08:00:27:5a:87:bc,0,0,,,0,0.0,0,0.0,0.0,,0.0
1785320443.519992,08:00:27:8a:0d:75,0,0,,,0,0.0,0,0.0,0.0,,0.0
1785320443.519992,08:00:27:a5:9e:2d,0,0,,,0,0.0,0,0.0,0.0,,0.0
1785320453.519992,08:00:27:5a:87:bc,0,0,,,0,0.0,0,0.0,0.0,,0.0
1785320453.519992,08:00:27:8a:0d:75,0,0,,,0,0.0,0,0.0,0.0,,0.0
1785320453.519992,08:00:27:a5:9e:2d,0,0,,,0,0.0,0,0.0,0.0,,0.0
1785320463.519992,08:00:27:5a:87:bc,0,0,,,0,0.0,0,0.0,0.0,,0.0
1785320463.519992,08:00:27:8a:0d:75,0,0,,,0,0.0,0,0.0,0.0,,0.0
1785320463.519992,08:00:27:a5:9e:2d,0,0,,,0,0.0,0,0.0,0.0,,0.0
1785320473.519992,08:00:27:5a:87:bc,0,0,,,0,0.0,0,0.0,0.0,,0.0
1785320473.519992,08:00:27:8a:0d:75,0,0,,,0,0.0,0,0.0,0.0,,0.0
1785320473.519992,08:00:27:a5:9e:2d,0,0,,,0,0.0,0,0.0,0.0,,0.0
1785320483.519992,08:00:27:5a:87:bc,0,0,,,0,0.0,0,0.0,0.0,,0.0
1785320483.519992,08:00:27:8a:0d:75,0,0,,,0,0.0,0,0.0,0.0,,0.0
1785320483.519992,08:00:27:a5:9e:2d,0,0,,,0,0.0,0,0.0,0.0,,0.0
1785320493.519992,08:00:27:5a:87:bc,0,0,,,0,0.0,0,0.0,0.0,,0.0
1785320493.519992,08:00:27:8a:0d:75,0,0,,,0,0.0,0,0.0,0.0,,0.0
1785320493.519992,08:00:27:a5:9e:2d,0,0,,,0,0.0,0,0.0,0.0,,0.0
1785320503.519992,08:00:27:5a:87:bc,0,0,,,0,0.0,0,0.0,0.0,,0.0
1785320503.519992,08:00:27:8a:0d:75,0,0,,,0,0.0,0,0.0,0.0,,0.0
1785320503.519992,08:00:27:a5:9e:2d,0,0,,,0,0.0,0,0.0,0.0,,0.0
1785320513.519992,08:00:27:5a:87:bc,0,0,,,0,0.0,0,0.0,0.0,,0.0
1785320513.519992,08:00:27:8a:0d:75,0,0,,,0,0.0,0,0.0,0.0,,0.0
1785320513.519992,08:00:27:a5:9e:2d,0,0,,,0,0.0,0,0.0,0.0,,0.0
1785320523.519992,08:00:27:5a:87:bc,0,0,,,0,0.0,0,0.0,0.0,,0.0
1785320523.519992,08:00:27:8a:0d:75,0,0,,,0,0.0,0,0.0,0.0,,0.0
1785320523.519992,08:00:27:a5:9e:2d,0,0,,,0,0.0,0,0.0,0.0,,0.0
1785320533.519992,08:00:27:5a:87:bc,0,0,,,0,0.0,0,0.0,0.0,,0.0
1785320533.519992,08:00:27:8a:0d:75,0,0,,,0,0.0,0,0.0,0.0,,0.0
1785320533.519992,08:00:27:a5:9e:2d,0,0,,,0,0.0,0,0.0,0.0,,0.0
1785320543.519992,08:00:27:5a:87:bc,0,0,,,0,0.0,0,0.0,0.0,,0.0
1785320543.519992,08:00:27:8a:0d:75,0,0,,,0,0.0,0,0.0,0.0,,0.0
1785320543.519992,08:00:27:a5:9e:2d,0,0,,,0,0.0,0,0.0,0.0,,0.0
1785320553.519992,08:00:27:5a:87:bc,0,0,,,0,0.0,0,0.0,0.0,,0.0
1785320553.519992,08:00:27:8a:0d:75,0,0,,,0,0.0,0,0.0,0.0,,0.0
1785320553.519992,08:00:27:a5:9e:2d,0,0,,,0,0.0,0,0.0,0.0,,0.0
1785320563.519992,08:00:27:5a:87:bc,0,0,,,0,0.0,0,0.0,0.0,,0.0
1785320563.519992,08:00:27:8a:0d:75,0,0,,,0,0.0,0,0.0,0.0,,0.0
1785320563.519992,08:00:27:a5:9e:2d,0,0,,,0,0.0,0,0.0,0.0,,0.0
1785320573.519992,08:00:27:5a:87:bc,0,0,,,0,0.0,0,0.0,0.0,,0.0
1785320573.519992,08:00:27:8a:0d:75,0,0,,,0,0.0,0,0.0,0.0,,0.0
1785320573.519992,08:00:27:a5:9e:2d,0,0,,,0,0.0,0,0.0,0.0,,0.0
1785320583.519992,08:00:27:5a:87:bc,0,0,,,0,0.0,0,0.0,0.0,,0.0
1785320583.519992,08:00:27:8a:0d:75,0,0,,,0,0.0,0,0.0,0.0,,0.0
1785320583.519992,08:00:27:a5:9e:2d,0,0,,,0,0.0,0,0.0,0.0,,0.0
1785320593.519992,08:00:27:5a:87:bc,0,0,,,0,0.0,0,0.0,0.0,,0.0
1785320593.519992,08:00:27:8a:0d:75,0,0,,,0,0.0,0,0.0,0.0,,0.0
1785320593.519992,08:00:27:a5:9e:2d,0,0,,,0,0.0,0,0.0,0.0,,0.0
1785320603.519992,08:00:27:5a:87:bc,0,0,,,0,0.0,0,0.0,0.0,,0.0
1785320603.519992,08:00:27:8a:0d:75,0,0,,,0,0.0,0,0.0,0.0,,0.0
1785320603.519992,08:00:27:a5:9e:2d,0,0,,,0,0.0,0,0.0,0.0,,0.0
1785320613.519992,08:00:27:5a:87:bc,0,0,,,0,0.0,0,0.0,0.0,,0.0
1785320613.519992,08:00:27:8a:0d:75,0,0,,,0,0.0,0,0.0,0.0,,0.0
1785320613.519992,08:00:27:a5:9e:2d,0,0,,,0,0.0,0,0.0,0.0,,0.0
1785320623.519992,08:00:27:5a:87:bc,0,0,,,0,0.0,0,0.0,0.0,,0.0
1785320623.519992,08:00:27:8a:0d:75,0,0,,,0,0.0,0,0.0,0.0,,0.0
1785320623.519992,08:00:27:a5:9e:2d,0,0,,,0,0.0,0,0.0,0.0,,0.0
1785320633.519992,08:00:27:5a:87:bc,0,0,,,0,0.0,0,0.0,0.0,,0.0
1785320633.519992,08:00:27:8a:0d:75,0,0,,,0,0.0,0,0.0,0.0,,0.0
1785320633.519992,08:00:27:a5:9e:2d,0,0,,,0,0.0,0,0.0,0.0,,0.0
1785320643.519992,08:00:27:5a:87:bc,0,0,,,0,0.0,0,0.0,0.0,,0.0
1785320643.519992,08:00:27:8a:0d:75,0,0,,,0,0.0,0,0.0,0.0,,0.0
1785320643.519992,08:00:27:a5:9e:2d,0,0,,,0,0.0,0,0.0,0.0,,0.0
1785320653.519992,08:00:27:5a:87:bc,0,0,,,0,0.0,0,0.0,0.0,,0.0
1785320653.519992,08:00:27:8a:0d:75,0,0,,,0,0.0,0,0.0,0.0,,0.0
1785320653.519992,08:00:27:a5:9e:2d,0,0,,,0,0.0,0,0.0,0.0,,0.0
1785320663.519992,08:00:27:5a:87:bc,0,0,,,0,0.0,0,0.0,0.0,,0.0
1785320663.519992,08:00:27:8a:0d:75,0,0,,,0,0.0,0,0.0,0.0,,0.0
1785320663.519992,08:00:27:a5:9e:2d,0,0,,,0,0.0,0,0.0,0.0,,0.0
1785320673.519992,08:00:27:5a:87:bc,0,0,,,0,0.0,0,0.0,0.0,,0.0
1785320673.519992,08:00:27:8a:0d:75,0,0,,,0,0.0,0,0.0,0.0,,0.0
1785320673.519992,08:00:27:a5:9e:2d,0,0,,,0,0.0,0,0.0,0.0,,0.0
1785320683.519992,08:00:27:5a:87:bc,0,0,,,0,0.0,0,0.0,0.0,,0.0
1785320683.519992,08:00:27:8a:0d:75,0,0,,,0,0.0,0,0.0,0.0,,0.0
1785320683.519992,08:00:27:a5:9e:2d,0,0,,,0,0.0,0,0.0,0.0,,0.0
1785320693.519992,08:00:27:5a:87:bc,0,0,,,0,0.0,0,0.0,0.0,,0.0
1785320693.519992,08:00:27:8a:0d:75,0,0,,,0,0.0,0,0.0,0.0,,0.0
1785320693.519992,08:00:27:a5:9e:2d,0,0,,,0,0.0,0,0.0,0.0,,0.0
1785320703.519992,08:00:27:5a:87:bc,0,0,,,0,0.0,0,0.0,0.0,,0.0
1785320703.519992,08:00:27:8a:0d:75,0,0,,,0,0.0,0,0.0,0.0,,0.0
1785320703.519992,08:00:27:a5:9e:2d,0,0,,,0,0.0,0,0.0,0.0,,0.0
1785320713.519992,08:00:27:5a:87:bc,0,0,,,0,0.0,0,0.0,0.0,,0.0
1785320713.519992,08:00:27:8a:0d:75,0,0,,,0,0.0,0,0.0,0.0,,0.0
1785320713.519992,08:00:27:a5:9e:2d,0,0,,,0,0.0,0,0.0,0.0,,0.0
1785320723.519992,08:00:27:5a:87:bc,0,0,,,0,0.0,0,0.0,0.0,,0.0
1785320723.519992,08:00:27:8a:0d:75,0,0,,,0,0.0,0,0.0,0.0,,0.0
1785320723.519992,08:00:27:a5:9e:2d,0,0,,,0,0.0,0,0.0,0.0,,0.0
1785320733.519992,08:00:27:5a:87:bc,0,0,,,0,0.0,0,0.0,0.0,,0.0
1785320733.519992,08:00:27:8a:0d:75,0,0,,,0,0.0,0,0.0,0.0,,0.0
1785320733.519992,08:00:27:a5:9e:2d,0,0,,,0,0.0,0,0.0,0.0,,0.0
1785320743.519992,08:00:27:5a:87:bc,0,0,,,0,0.0,0,0.0,0.0,,0.0
1785320743.519992,08:00:27:8a:0d:75,0,0,,,0,0.0,0,0.0,0.0,,0.0
1785320743.519992,08:00:27:a5:9e:2d,0,0,,,0,0.0,0,0.0,0.0,,0.0
1785320753.519992,08:00:27:5a:87:bc,0,0,,,0,0.0,0,0.0,0.0,,0.0
1785320753.519992,08:00:27:8a:0d:75,0,0,,,0,0.0,0,0.0,0.0,,0.0
1785320753.519992,08:00:27:a5:9e:2d,0,0,,,0,0.0,0,0.0,0.0,,0.0
1785320763.519992,08:00:27:5a:87:bc,0,0,,,0,0.0,0,0.0,0.0,,0.0
1785320763.519992,08:00:27:8a:0d:75,0,0,,,0,0.0,0,0.0,0.0,,0.0
1785320763.519992,08:00:27:a5:9e:2d,0,0,,,0,0.0,0,0.0,0.0,,0.0
1785320773.519992,08:00:27:5a:87:bc,0,0,,,0,0.0,0,0.0,0.0,,0.0
1785320773.519992,08:00:27:8a:0d:75,0,0,,,0,0.0,0,0.0,0.0,,0.0
1785320773.519992,08:00:27:a5:9e:2d,0,0,,,0,0.0,0,0.0,0.0,,0.0
1785320783.519992,08:00:27:5a:87:bc,0,0,,,0,0.0,0,0.0,0.0,,0.0
1785320783.519992,08:00:27:8a:0d:75,0,0,,,0,0.0,0,0.0,0.0,,0.0
1785320783.519992,08:00:27:a5:9e:2d,0,0,,,0,0.0,0,0.0,0.0,,0.0
1785320793.519992,08:00:27:5a:87:bc,0,0,,,0,0.0,0,0.0,0.0,,0.0
1785320793.519992,08:00:27:8a:0d:75,0,0,,,0,0.0,0,0.0,0.0,,0.0
1785320793.519992,08:00:27:a5:9e:2d,0,0,,,0,0.0,0,0.0,0.0,,0.0
1785320803.519992,08:00:27:5a:87:bc,0,0,,,0,0.0,0,0.0,0.0,,0.0
1785320803.519992,08:00:27:8a:0d:75,0,0,,,0,0.0,0,0.0,0.0,,0.0
1785320803.519992,08:00:27:a5:9e:2d,0,0,,,0,0.0,0,0.0,0.0,,0.0
1785320813.519992,08:00:27:5a:87:bc,0,0,,,0,0.0,0,0.0,0.0,,0.0
1785320813.519992,08:00:27:8a:0d:75,0,0,,,0,0.0,0,0.0,0.0,,0.0
1785320813.519992,08:00:27:a5:9e:2d,0,0,,,0,0.0,0,0.0,0.0,,0.0
1785320823.519992,08:00:27:5a:87:bc,0,0,,,0,0.0,0,0.0,0.0,,0.0
1785320823.519992,08:00:27:8a:0d:75,0,0,,,0,0.0,0,0.0,0.0,,0.0
1785320823.519992,08:00:27:a5:9e:2d,0,0,,,0,0.0,0,0.0,0.0,,0.0
1785320833.519992,08:00:27:5a:87:bc,0,0,,,0,0.0,0,0.0,0.0,,0.0
1785320833.519992,08:00:27:8a:0d:75,0,0,,,0,0.0,0,0.0,0.0,,0.0
1785320833.519992,08:00:27:a5:9e:2d,0,0,,,0,0.0,0,0.0,0.0,,0.0
1785320843.519992,08:00:27:5a:87:bc,0,0,,,0,0.0,0,0.0,0.0,,0.0
1785320843.519992,08:00:27:8a:0d:75,0,0,,,0,0.0,0,0.0,0.0,,0.0
1785320843.519992,08:00:27:a5:9e:2d,0,0,,,0,0.0,0,0.0,0.0,,0.0
1785320853.519992,08:00:27:5a:87:bc,0,0,,,0,0.0,0,0.0,0.0,,0.0
1785320853.519992,08:00:27:8a:0d:75,0,0,,,0,0.0,0,0.0,0.0,,0.0
1785320853.519992,08:00:27:a5:9e:2d,0,0,,,0,0.0,0,0.0,0.0,,0.0
1785320863.519992,08:00:27:5a:87:bc,0,0,,,0,0.0,0,0.0,0.0,,0.0
1785320863.519992,08:00:27:8a:0d:75,0,0,,,0,0.0,0,0.0,0.0,,0.0
1785320863.519992,08:00:27:a5:9e:2d,0,0,,,0,0.0,0,0.0,0.0,,0.0
1785320873.519992,08:00:27:5a:87:bc,0,0,,,0,0.0,0,0.0,0.0,,0.0
1785320873.519992,08:00:27:8a:0d:75,0,0,,,0,0.0,0,0.0,0.0,,0.0
1785320873.519992,08:00:27:a5:9e:2d,0,0,,,0,0.0,0,0.0,0.0,,0.0
1785320883.519992,08:00:27:5a:87:bc,0,0,,,0,0.0,0,0.0,0.0,,0.0
1785320883.519992,08:00:27:8a:0d:75,0,0,,,0,0.0,0,0.0,0.0,,0.0
1785320883.519992,08:00:27:a5:9e:2d,0,0,,,0,0.0,0,0.0,0.0,,0.0
1785320893.519992,08:00:27:5a:87:bc,0,0,,,0,0.0,0,0.0,0.0,,0.0
1785320893.519992,08:00:27:8a:0d:75,0,0,,,0,0.0,0,0.0,0.0,,0.0
1785320893.519992,08:00:27:a5:9e:2d,0,0,,,0,0.0,0,0.0,0.0,,0.0
1785320903.519992,08:00:27:5a:87:bc,0,0,,,0,0.0,0,0.0,0.0,,0.0
1785320903.519992,08:00:27:8a:0d:75,0,0,,,0,0.0,0,0.0,0.0,,0.0
1785320903.519992,08:00:27:a5:9e:2d,0,0,,,0,0.0,0,0.0,0.0,,0.0
1785320913.519992,08:00:27:5a:87:bc,0,0,,,0,0.0,0,0.0,0.0,,0.0
1785320913.519992,08:00:27:8a:0d:75,0,0,,,0,0.0,0,0.0,0.0,,0.0
1785320913.519992,08:00:27:a5:9e:2d,0,0,,,0,0.0,0,0.0,0.0,,0.0
1785320923.519992,08:00:27:5a:87:bc,0,0,,,0,0.0,0,0.0,0.0,,0.0
1785320923.519992,08:00:27:8a:0d:75,0,0,,,0,0.0,0,0.0,0.0,,0.0
1785320923.519992,08:00:27:a5:9e:2d,0,0,,,0,0.0,0,0.0,0.0,,0.0
1785320933.519992,08:00:27:5a:87:bc,0,0,,,0,0.0,0,0.0,0.0,,0.0
1785320933.519992,08:00:27:8a:0d:75,0,0,,,0,0.0,0,0.0,0.0,,0.0
1785320933.519992,08:00:27:a5:9e:2d,0,0,,,0,0.0,0,0.0,0.0,,0.0
1785320943.519992,08:00:27:5a:87:bc,0,0,,,0,0.0,0,0.0,0.0,,0.0
1785320943.519992,08:00:27:8a:0d:75,0,0,,,0,0.0,0,0.0,0.0,,0.0
1785320943.519992,08:00:27:a5:9e:2d,0,0,,,0,0.0,0,0.0,0.0,,0.0
1785320953.519992,08:00:27:5a:87:bc,0,0,,,0,0.0,0,0.0,0.0,,0.0
1785320953.519992,08:00:27:8a:0d:75,0,0,,,0,0.0,0,0.0,0.0,,0.0
1785320953.519992,08:00:27:a5:9e:2d,0,0,,,0,0.0,0,0.0,0.0,,0.0
1785320963.519992,08:00:27:5a:87:bc,0,0,,,0,0.0,0,0.0,0.0,,0.0
1785320963.519992,08:00:27:8a:0d:75,0,0,,,0,0.0,0,0.0,0.0,,0.0
1785320963.519992,08:00:27:a5:9e:2d,0,0,,,0,0.0,0,0.0,0.0,,0.0
1785320973.519992,08:00:27:5a:87:bc,0,0,,,0,0.0,0,0.0,0.0,,0.0
1785320973.519992,08:00:27:8a:0d:75,0,0,,,0,0.0,0,0.0,0.0,,0.0
1785320973.519992,08:00:27:a5:9e:2d,0,0,,,0,0.0,0,0.0,0.0,,0.0
1785320983.519992,08:00:27:5a:87:bc,0,0,,,0,0.0,0,0.0,0.0,,0.0
1785320983.519992,08:00:27:8a:0d:75,0,0,,,0,0.0,0,0.0,0.0,,0.0
1785320983.519992,08:00:27:a5:9e:2d,0,0,,,0,0.0,0,0.0,0.0,,0.0
1785320993.519992,08:00:27:5a:87:bc,0,0,,,0,0.0,0,0.0,0.0,,0.0
1785320993.519992,08:00:27:8a:0d:75,0,0,,,0,0.0,0,0.0,0.0,,0.0
1785320993.519992,08:00:27:a5:9e:2d,0,0,,,0,0.0,0,0.0,0.0,,0.0
1785321003.519992,08:00:27:5a:87:bc,0,0,,,0,0.0,0,0.0,0.0,,0.0
1785321003.519992,08:00:27:8a:0d:75,0,0,,,0,0.0,0,0.0,0.0,,0.0
1785321003.519992,08:00:27:a5:9e:2d,0,0,,,0,0.0,0,0.0,0.0,,0.0
1785321013.519992,08:00:27:5a:87:bc,0,0,,,0,0.0,0,0.0,0.0,,0.0
1785321013.519992,08:00:27:8a:0d:75,0,0,,,0,0.0,0,0.0,0.0,,0.0
1785321013.519992,08:00:27:a5:9e:2d,0,0,,,0,0.0,0,0.0,0.0,,0.0
1785321023.519992,08:00:27:5a:87:bc,0,0,,,0,0.0,0,0.0,0.0,,0.0
1785321023.519992,08:00:27:8a:0d:75,0,0,,,0,0.0,0,0.0,0.0,,0.0
1785321023.519992,08:00:27:a5:9e:2d,0,0,,,0,0.0,0,0.0,0.0,,0.0
1785321033.519992,08:00:27:5a:87:bc,0,0,,,0,0.0,0,0.0,0.0,,0.0
1785321033.519992,08:00:27:8a:0d:75,0,0,,,0,0.0,0,0.0,0.0,,0.0
1785321033.519992,08:00:27:a5:9e:2d,0,0,,,0,0.0,0,0.0,0.0,,0.0
1785321043.519992,08:00:27:5a:87:bc,0,0,,,0,0.0,0,0.0,0.0,,0.0
1785321043.519992,08:00:27:8a:0d:75,0,0,,,0,0.0,0,0.0,0.0,,0.0
1785321043.519992,08:00:27:a5:9e:2d,0,0,,,0,0.0,0,0.0,0.0,,0.0
1785321053.519992,08:00:27:5a:87:bc,0,0,,,0,0.0,0,0.0,0.0,,0.0
1785321053.519992,08:00:27:8a:0d:75,0,0,,,0,0.0,0,0.0,0.0,,0.0
1785321053.519992,08:00:27:a5:9e:2d,0,0,,,0,0.0,0,0.0,0.0,,0.0
1785321063.519992,08:00:27:5a:87:bc,0,0,,,0,0.0,0,0.0,0.0,,0.0
1785321063.519992,08:00:27:8a:0d:75,0,0,,,0,0.0,0,0.0,0.0,,0.0
1785321063.519992,08:00:27:a5:9e:2d,0,0,,,0,0.0,0,0.0,0.0,,0.0
1785321073.519992,08:00:27:5a:87:bc,0,0,,,0,0.0,0,0.0,0.0,,0.0
1785321073.519992,08:00:27:8a:0d:75,0,0,,,0,0.0,0,0.0,0.0,,0.0
1785321073.519992,08:00:27:a5:9e:2d,0,0,,,0,0.0,0,0.0,0.0,,0.0
1785321083.519992,08:00:27:5a:87:bc,0,0,,,0,0.0,0,0.0,0.0,,0.0
1785321083.519992,08:00:27:8a:0d:75,0,0,,,0,0.0,0,0.0,0.0,,0.0
1785321083.519992,08:00:27:a5:9e:2d,0,0,,,0,0.0,0,0.0,0.0,,0.0
1785321093.519992,08:00:27:5a:87:bc,0,0,,,0,0.0,0,0.0,0.0,,0.0
1785321093.519992,08:00:27:8a:0d:75,0,0,,,0,0.0,0,0.0,0.0,,0.0
1785321093.519992,08:00:27:a5:9e:2d,0,0,,,0,0.0,0,0.0,0.0,,0.0
1785321103.519992,08:00:27:5a:87:bc,0,0,,,0,0.0,0,0.0,0.0,,0.0
1785321103.519992,08:00:27:8a:0d:75,0,0,,,0,0.0,0,0.0,0.0,,0.0
1785321103.519992,08:00:27:a5:9e:2d,0,0,,,0,0.0,0,0.0,0.0,,0.0
1785321113.519992,08:00:27:5a:87:bc,0,0,,,0,0.0,0,0.0,0.0,,0.0
1785321113.519992,08:00:27:8a:0d:75,0,0,,,0,0.0,0,0.0,0.0,,0.0
1785321113.519992,08:00:27:a5:9e:2d,0,0,,,0,0.0,0,0.0,0.0,,0.0
1785321123.519992,08:00:27:5a:87:bc,0,0,,,0,0.0,0,0.0,0.0,,0.0
1785321123.519992,08:00:27:8a:0d:75,0,0,,,0,0.0,0,0.0,0.0,,0.0
1785321123.519992,08:00:27:a5:9e:2d,0,0,,,0,0.0,0,0.0,0.0,,0.0
1785321133.519992,08:00:27:5a:87:bc,0,0,,,0,0.0,0,0.0,0.0,,0.0
1785321133.519992,08:00:27:8a:0d:75,0,0,,,0,0.0,0,0.0,0.0,,0.0
1785321133.519992,08:00:27:a5:9e:2d,0,0,,,0,0.0,0,0.0,0.0,,0.0
1785321143.519992,08:00:27:5a:87:bc,0,0,,,0,0.0,0,0.0,0.0,,0.0
1785321143.519992,08:00:27:8a:0d:75,0,0,,,0,0.0,0,0.0,0.0,,0.0
1785321143.519992,08:00:27:a5:9e:2d,0,0,,,0,0.0,0,0.0,0.0,,0.0
1785321153.519992,08:00:27:5a:87:bc,0,0,,,0,0.0,0,0.0,0.0,,0.0
1785321153.519992,08:00:27:8a:0d:75,0,0,,,0,0.0,0,0.0,0.0,,0.0
1785321153.519992,08:00:27:a5:9e:2d,0,0,,,0,0.0,0,0.0,0.0,,0.0
1785321163.519992,08:00:27:5a:87:bc,0,0,,,0,0.0,0,0.0,0.0,,0.0
1785321163.519992,08:00:27:8a:0d:75,0,0,,,0,0.0,0,0.0,0.0,,0.0
1785321163.519992,08:00:27:a5:9e:2d,0,0,,,0,0.0,0,0.0,0.0,,0.0
1785321173.519992,08:00:27:5a:87:bc,0,0,,,0,0.0,0,0.0,0.0,,0.0
1785321173.519992,08:00:27:8a:0d:75,0,0,,,0,0.0,0,0.0,0.0,,0.0
1785321173.519992,08:00:27:a5:9e:2d,0,0,,,0,0.0,0,0.0,0.0,,0.0
1785321183.519992,08:00:27:5a:87:bc,0,0,,,0,0.0,0,0.0,0.0,,0.0
1785321183.519992,08:00:27:8a:0d:75,0,0,,,0,0.0,0,0.0,0.0,,0.0
1785321183.519992,08:00:27:a5:9e:2d,0,0,,,0,0.0,0,0.0,0.0,,0.0
1785321193.519992,08:00:27:5a:87:bc,0,0,,,0,0.0,0,0.0,0.0,,0.0
1785321193.519992,08:00:27:8a:0d:75,0,0,,,0,0.0,0,0.0,0.0,,0.0
1785321193.519992,08:00:27:a5:9e:2d,0,0,,,0,0.0,0,0.0,0.0,,0.0
1785321203.519992,08:00:27:5a:87:bc,0,0,,,0,0.0,0,0.0,0.0,,0.0
1785321203.519992,08:00:27:8a:0d:75,0,0,,,0,0.0,0,0.0,0.0,,0.0
1785321203.519992,08:00:27:a5:9e:2d,0,0,,,0,0.0,0,0.0,0.0,,0.0
1785321213.519992,08:00:27:5a:87:bc,0,0,,,0,0.0,0,0.0,0.0,,0.0
1785321213.519992,08:00:27:8a:0d:75,0,0,,,0,0.0,0,0.0,0.0,,0.0
1785321213.519992,08:00:27:a5:9e:2d,0,0,,,0,0.0,0,0.0,0.0,,0.0
1785321223.519992,08:00:27:5a:87:bc,0,0,,,0,0.0,0,0.0,0.0,,0.0
1785321223.519992,08:00:27:8a:0d:75,0,0,,,0,0.0,0,0.0,0.0,,0.0
1785321223.519992,08:00:27:a5:9e:2d,0,0,,,0,0.0,0,0.0,0.0,,0.0
1785321233.519992,08:00:27:5a:87:bc,0,0,,,0,0.0,0,0.0,0.0,,0.0
1785321233.519992,08:00:27:8a:0d:75,0,0,,,0,0.0,0,0.0,0.0,,0.0
1785321233.519992,08:00:27:a5:9e:2d,0,0,,,0,0.0,0,0.0,0.0,,0.0
1785321243.519992,08:00:27:5a:87:bc,0,0,,,0,0.0,0,0.0,0.0,,0.0
1785321243.519992,08:00:27:8a:0d:75,0,0,,,0,0.0,0,0.0,0.0,,0.0
1785321243.519992,08:00:27:a5:9e:2d,0,0,,,0,0.0,0,0.0,0.0,,0.0
1785321253.519992,08:00:27:5a:87:bc,0,0,,,0,0.0,0,0.0,0.0,,0.0
1785321253.519992,08:00:27:8a:0d:75,0,0,,,0,0.0,0,0.0,0.0,,0.0
1785321253.519992,08:00:27:a5:9e:2d,0,0,,,0,0.0,0,0.0,0.0,,0.0
1785321263.519992,08:00:27:5a:87:bc,0,0,,,0,0.0,0,0.0,0.0,,0.0
1785321263.519992,08:00:27:8a:0d:75,0,0,,,0,0.0,0,0.0,0.0,,0.0
1785321263.519992,08:00:27:a5:9e:2d,0,0,,,0,0.0,0,0.0,0.0,,0.0
1785321273.519992,08:00:27:5a:87:bc,0,0,,,0,0.0,0,0.0,0.0,,0.0
1785321273.519992,08:00:27:8a:0d:75,0,0,,,0,0.0,0,0.0,0.0,,0.0
1785321273.519992,08:00:27:a5:9e:2d,0,0,,,0,0.0,0,0.0,0.0,,0.0
1785321283.519992,08:00:27:5a:87:bc,0,0,,,0,0.0,0,0.0,0.0,,0.0
1785321283.519992,08:00:27:8a:0d:75,0,0,,,0,0.0,0,0.0,0.0,,0.0
1785321283.519992,08:00:27:a5:9e:2d,0,0,,,0,0.0,0,0.0,0.0,,0.0
1785321293.519992,08:00:27:5a:87:bc,0,0,,,0,0.0,0,0.0,0.0,,0.0
1785321293.519992,08:00:27:8a:0d:75,0,0,,,0,0.0,0,0.0,0.0,,0.0
1785321293.519992,08:00:27:a5:9e:2d,0,0,,,0,0.0,0,0.0,0.0,,0.0
1785321303.519992,08:00:27:5a:87:bc,0,0,,,0,0.0,0,0.0,0.0,,0.0
1785321303.519992,08:00:27:8a:0d:75,0,0,,,0,0.0,0,0.0,0.0,,0.0
1785321303.519992,08:00:27:a5:9e:2d,0,0,,,0,0.0,0,0.0,0.0,,0.0
1785321313.519992,08:00:27:5a:87:bc,0,0,,,0,0.0,0,0.0,0.0,,0.0
1785321313.519992,08:00:27:8a:0d:75,0,0,,,0,0.0,0,0.0,0.0,,0.0
1785321313.519992,08:00:27:a5:9e:2d,0,0,,,0,0.0,0,0.0,0.0,,0.0
1785321323.519992,08:00:27:5a:87:bc,0,0,,,0,0.0,0,0.0,0.0,,0.0
1785321323.519992,08:00:27:8a:0d:75,0,0,,,0,0.0,0,0.0,0.0,,0.0
1785321323.519992,08:00:27:a5:9e:2d,0,0,,,0,0.0,0,0.0,0.0,,0.0
1785321333.519992,08:00:27:5a:87:bc,0,0,,,0,0.0,0,0.0,0.0,,0.0
1785321333.519992,08:00:27:8a:0d:75,0,0,,,0,0.0,0,0.0,0.0,,0.0
1785321333.519992,08:00:27:a5:9e:2d,0,0,,,0,0.0,0,0.0,0.0,,0.0
1785321343.519992,08:00:27:5a:87:bc,0,0,,,0,0.0,0,0.0,0.0,,0.0
1785321343.519992,08:00:27:8a:0d:75,0,0,,,0,0.0,0,0.0,0.0,,0.0
1785321343.519992,08:00:27:a5:9e:2d,0,0,,,0,0.0,0,0.0,0.0,,0.0
1785321353.519992,08:00:27:5a:87:bc,0,0,,,0,0.0,0,0.0,0.0,,0.0
1785321353.519992,08:00:27:8a:0d:75,0,0,,,0,0.0,0,0.0,0.0,,0.0
1785321353.519992,08:00:27:a5:9e:2d,0,0,,,0,0.0,0,0.0,0.0,,0.0
1785321363.519992,08:00:27:5a:87:bc,0,0,,,0,0.0,0,0.0,0.0,,0.0
1785321363.519992,08:00:27:8a:0d:75,0,0,,,0,0.0,0,0.0,0.0,,0.0
1785321363.519992,08:00:27:a5:9e:2d,0,0,,,0,0.0,0,0.0,0.0,,0.0
1785321373.519992,08:00:27:5a:87:bc,0,0,,,0,0.0,0,0.0,0.0,,0.0
1785321373.519992,08:00:27:8a:0d:75,0,0,,,0,0.0,0,0.0,0.0,,0.0
1785321373.519992,08:00:27:a5:9e:2d,0,0,,,0,0.0,0,0.0,0.0,,0.0
1785321383.519992,08:00:27:5a:87:bc,0,0,,,0,0.0,0,0.0,0.0,,0.0
1785321383.519992,08:00:27:8a:0d:75,0,0,,,0,0.0,0,0.0,0.0,,0.0
1785321383.519992,08:00:27:a5:9e:2d,0,0,,,0,0.0,0,0.0,0.0,,0.0
1785321393.519992,08:00:27:5a:87:bc,0,0,,,0,0.0,0,0.0,0.0,,0.0
1785321393.519992,08:00:27:8a:0d:75,0,0,,,0,0.0,0,0.0,0.0,,0.0
1785321393.519992,08:00:27:a5:9e:2d,0,0,,,0,0.0,0,0.0,0.0,,0.0
1785321403.519992,08:00:27:5a:87:bc,0,0,,,0,0.0,0,0.0,0.0,,0.0
1785321403.519992,08:00:27:8a:0d:75,0,0,,,0,0.0,0,0.0,0.0,,0.0
1785321403.519992,08:00:27:a5:9e:2d,0,0,,,0,0.0,0,0.0,0.0,,0.0
1785321413.519992,08:00:27:5a:87:bc,0,0,,,0,0.0,0,0.0,0.0,,0.0
1785321413.519992,08:00:27:8a:0d:75,0,0,,,0,0.0,0,0.0,0.0,,0.0
1785321413.519992,08:00:27:a5:9e:2d,0,0,,,0,0.0,0,0.0,0.0,,0.0
1785321423.519992,08:00:27:5a:87:bc,0,0,,,0,0.0,0,0.0,0.0,,0.0
1785321423.519992,08:00:27:8a:0d:75,0,0,,,0,0.0,0,0.0,0.0,,0.0
1785321423.519992,08:00:27:a5:9e:2d,0,0,,,0,0.0,0,0.0,0.0,,0.0
1785321433.519992,08:00:27:5a:87:bc,0,0,,,0,0.0,0,0.0,0.0,,0.0
1785321433.519992,08:00:27:8a:0d:75,0,0,,,0,0.0,0,0.0,0.0,,0.0
1785321433.519992,08:00:27:a5:9e:2d,0,0,,,0,0.0,0,0.0,0.0,,0.0
1785321443.519992,08:00:27:5a:87:bc,0,0,,,0,0.0,0,0.0,0.0,,0.0
1785321443.519992,08:00:27:8a:0d:75,0,0,,,0,0.0,0,0.0,0.0,,0.0
1785321443.519992,08:00:27:a5:9e:2d,0,0,,,0,0.0,0,0.0,0.0,,0.0
1785321453.519992,08:00:27:5a:87:bc,0,0,,,0,0.0,0,0.0,0.0,,0.0
1785321453.519992,08:00:27:8a:0d:75,0,0,,,0,0.0,0,0.0,0.0,,0.0
1785321453.519992,08:00:27:a5:9e:2d,0,0,,,0,0.0,0,0.0,0.0,,0.0
1785321463.519992,08:00:27:5a:87:bc,0,0,,,0,0.0,0,0.0,0.0,,0.0
1785321463.519992,08:00:27:8a:0d:75,0,0,,,0,0.0,0,0.0,0.0,,0.0
1785321463.519992,08:00:27:a5:9e:2d,0,0,,,0,0.0,0,0.0,0.0,,0.0
1785321473.519992,08:00:27:5a:87:bc,0,0,,,0,0.0,0,0.0,0.0,,0.0
1785321473.519992,08:00:27:8a:0d:75,0,0,,,0,0.0,0,0.0,0.0,,0.0
1785321473.519992,08:00:27:a5:9e:2d,0,0,,,0,0.0,0,0.0,0.0,,0.0
1785321483.519992,08:00:27:5a:87:bc,0,0,,,0,0.0,0,0.0,0.0,,0.0
1785321483.519992,08:00:27:8a:0d:75,0,0,,,0,0.0,0,0.0,0.0,,0.0
1785321483.519992,08:00:27:a5:9e:2d,0,0,,,0,0.0,0,0.0,0.0,,0.0
1785321493.519992,08:00:27:5a:87:bc,0,0,,,0,0.0,0,0.0,0.0,,0.0
1785321493.519992,08:00:27:8a:0d:75,0,0,,,0,0.0,0,0.0,0.0,,0.0
1785321493.519992,08:00:27:a5:9e:2d,0,0,,,0,0.0,0,0.0,0.0,,0.0
1785321503.519992,08:00:27:5a:87:bc,0,0,,,0,0.0,0,0.0,0.0,,0.0
1785321503.519992,08:00:27:8a:0d:75,0,0,,,0,0.0,0,0.0,0.0,,0.0
1785321503.519992,08:00:27:a5:9e:2d,0,0,,,0,0.0,0,0.0,0.0,,0.0
1785321513.519992,08:00:27:5a:87:bc,0,0,,,0,0.0,0,0.0,0.0,,0.0
1785321513.519992,08:00:27:8a:0d:75,0,0,,,0,0.0,0,0.0,0.0,,0.0
1785321513.519992,08:00:27:a5:9e:2d,0,0,,,0,0.0,0,0.0,0.0,,0.0
1785321523.519992,08:00:27:5a:87:bc,0,0,,,0,0.0,0,0.0,0.0,,0.0
1785321523.519992,08:00:27:8a:0d:75,0,0,,,0,0.0,0,0.0,0.0,,0.0
1785321523.519992,08:00:27:a5:9e:2d,0,0,,,0,0.0,0,0.0,0.0,,0.0
1785321533.519992,08:00:27:5a:87:bc,0,0,,,0,0.0,0,0.0,0.0,,0.0
1785321533.519992,08:00:27:8a:0d:75,0,0,,,0,0.0,0,0.0,0.0,,0.0
1785321533.519992,08:00:27:a5:9e:2d,0,0,,,0,0.0,0,0.0,0.0,,0.0
1785321543.519992,08:00:27:5a:87:bc,0,0,,,0,0.0,0,0.0,0.0,,0.0
1785321543.519992,08:00:27:8a:0d:75,0,0,,,0,0.0,0,0.0,0.0,,0.0
1785321543.519992,08:00:27:a5:9e:2d,0,0,,,0,0.0,0,0.0,0.0,,0.0
1785321553.519992,08:00:27:5a:87:bc,0,0,,,0,0.0,0,0.0,0.0,,0.0
1785321553.519992,08:00:27:8a:0d:75,0,0,,,0,0.0,0,0.0,0.0,,0.0
1785321553.519992,08:00:27:a5:9e:2d,0,0,,,0,0.0,0,0.0,0.0,,0.0
1785321563.519992,08:00:27:5a:87:bc,0,0,,,0,0.0,0,0.0,0.0,,0.0
1785321563.519992,08:00:27:8a:0d:75,0,0,,,0,0.0,0,0.0,0.0,,0.0
1785321563.519992,08:00:27:a5:9e:2d,0,0,,,0,0.0,0,0.0,0.0,,0.0
1785321573.519992,08:00:27:5a:87:bc,0,0,,,0,0.0,0,0.0,0.0,,0.0
1785321573.519992,08:00:27:8a:0d:75,0,0,,,0,0.0,0,0.0,0.0,,0.0
1785321573.519992,08:00:27:a5:9e:2d,0,0,,,0,0.0,0,0.0,0.0,,0.0
1785321583.519992,08:00:27:5a:87:bc,0,0,,,0,0.0,0,0.0,0.0,,0.0
1785321583.519992,08:00:27:8a:0d:75,0,0,,,0,0.0,0,0.0,0.0,,0.0
1785321583.519992,08:00:27:a5:9e:2d,0,0,,,0,0.0,0,0.0,0.0,,0.0
1785321593.519992,08:00:27:5a:87:bc,0,0,,,0,0.0,0,0.0,0.0,,0.0
1785321593.519992,08:00:27:8a:0d:75,0,0,,,0,0.0,0,0.0,0.0,,0.0
1785321593.519992,08:00:27:a5:9e:2d,0,0,,,0,0.0,0,0.0,0.0,,0.0
1785321603.519992,08:00:27:5a:87:bc,0,0,,,0,0.0,0,0.0,0.0,,0.0
1785321603.519992,08:00:27:8a:0d:75,0,0,,,0,0.0,0,0.0,0.0,,0.0
1785321603.519992,08:00:27:a5:9e:2d,0,0,,,0,0.0,0,0.0,0.0,,0.0
1785321613.519992,08:00:27:5a:87:bc,0,0,,,0,0.0,0,0.0,0.0,,0.0
1785321613.519992,08:00:27:8a:0d:75,0,0,,,0,0.0,0,0.0,0.0,,0.0
1785321613.519992,08:00:27:a5:9e:2d,0,0,,,0,0.0,0,0.0,0.0,,0.0
1785321623.519992,08:00:27:5a:87:bc,0,0,,,0,0.0,0,0.0,0.0,,0.0
1785321623.519992,08:00:27:8a:0d:75,0,0,,,0,0.0,0,0.0,0.0,,0.0
1785321623.519992,08:00:27:a5:9e:2d,0,0,,,0,0.0,0,0.0,0.0,,0.0
1785321633.519992,08:00:27:5a:87:bc,0,0,,,0,0.0,0,0.0,0.0,,0.0
1785321633.519992,08:00:27:8a:0d:75,0,0,,,0,0.0,0,0.0,0.0,,0.0
1785321633.519992,08:00:27:a5:9e:2d,0,0,,,0,0.0,0,0.0,0.0,,0.0
1785321643.519992,08:00:27:5a:87:bc,0,0,,,0,0.0,0,0.0,0.0,,0.0
1785321643.519992,08:00:27:8a:0d:75,0,0,,,0,0.0,0,0.0,0.0,,0.0
1785321643.519992,08:00:27:a5:9e:2d,0,0,,,0,0.0,0,0.0,0.0,,0.0
1785321653.519992,08:00:27:5a:87:bc,0,0,,,0,0.0,0,0.0,0.0,,0.0
1785321653.519992,08:00:27:8a:0d:75,0,0,,,0,0.0,0,0.0,0.0,,0.0
1785321653.519992,08:00:27:a5:9e:2d,0,0,,,0,0.0,0,0.0,0.0,,0.0
1785321663.519992,08:00:27:5a:87:bc,0,0,,,0,0.0,0,0.0,0.0,,0.0
1785321663.519992,08:00:27:8a:0d:75,0,0,,,0,0.0,0,0.0,0.0,,0.0
1785321663.519992,08:00:27:a5:9e:2d,0,0,,,0,0.0,0,0.0,0.0,,0.0
1785321673.519992,08:00:27:5a:87:bc,0,0,,,0,0.0,0,0.0,0.0,,0.0
1785321673.519992,08:00:27:8a:0d:75,0,0,,,0,0.0,0,0.0,0.0,,0.0
1785321673.519992,08:00:27:a5:9e:2d,0,0,,,0,0.0,0,0.0,0.0,,0.0
1785321683.519992,08:00:27:5a:87:bc,0,0,,,0,0.0,0,0.0,0.0,,0.0
1785321683.519992,08:00:27:8a:0d:75,0,0,,,0,0.0,0,0.0,0.0,,0.0
1785321683.519992,08:00:27:a5:9e:2d,0,0,,,0,0.0,0,0.0,0.0,,0.0
1785321693.519992,08:00:27:5a:87:bc,0,0,,,0,0.0,0,0.0,0.0,,0.0
1785321693.519992,08:00:27:8a:0d:75,0,0,,,0,0.0,0,0.0,0.0,,0.0
1785321693.519992,08:00:27:a5:9e:2d,0,0,,,0,0.0,0,0.0,0.0,,0.0
1785321703.519992,08:00:27:5a:87:bc,0,0,,,0,0.0,0,0.0,0.0,,0.0
1785321703.519992,08:00:27:8a:0d:75,0,0,,,0,0.0,0,0.0,0.0,,0.0
1785321703.519992,08:00:27:a5:9e:2d,0,0,,,0,0.0,0,0.0,0.0,,0.0
1785321713.519992,08:00:27:5a:87:bc,0,0,,,0,0.0,0,0.0,0.0,,0.0
1785321713.519992,08:00:27:8a:0d:75,0,0,,,0,0.0,0,0.0,0.0,,0.0
1785321713.519992,08:00:27:a5:9e:2d,0,0,,,0,0.0,0,0.0,0.0,,0.0
1785321723.519992,08:00:27:5a:87:bc,0,0,,,0,0.0,0,0.0,0.0,,0.0
1785321723.519992,08:00:27:8a:0d:75,0,0,,,0,0.0,0,0.0,0.0,,0.0
1785321723.519992,08:00:27:a5:9e:2d,0,0,,,0,0.0,0,0.0,0.0,,0.0
1785321733.519992,08:00:27:5a:87:bc,0,0,,,0,0.0,0,0.0,0.0,,0.0
1785321733.519992,08:00:27:8a:0d:75,0,0,,,0,0.0,0,0.0,0.0,,0.0
1785321733.519992,08:00:27:a5:9e:2d,0,0,,,0,0.0,0,0.0,0.0,,0.0
1785321743.519992,08:00:27:5a:87:bc,0,0,,,0,0.0,0,0.0,0.0,,0.0
1785321743.519992,08:00:27:8a:0d:75,0,0,,,0,0.0,0,0.0,0.0,,0.0
1785321743.519992,08:00:27:a5:9e:2d,0,0,,,0,0.0,0,0.0,0.0,,0.0
1785321753.519992,08:00:27:5a:87:bc,0,0,,,0,0.0,0,0.0,0.0,,0.0
1785321753.519992,08:00:27:8a:0d:75,0,0,,,0,0.0,0,0.0,0.0,,0.0
1785321753.519992,08:00:27:a5:9e:2d,0,0,,,0,0.0,0,0.0,0.0,,0.0
1785321763.519992,08:00:27:5a:87:bc,0,0,,,0,0.0,0,0.0,0.0,,0.0
1785321763.519992,08:00:27:8a:0d:75,0,0,,,0,0.0,0,0.0,0.0,,0.0
1785321763.519992,08:00:27:a5:9e:2d,0,0,,,0,0.0,0,0.0,0.0,,0.0
1785321773.519992,08:00:27:5a:87:bc,0,0,,,0,0.0,0,0.0,0.0,,0.0
1785321773.519992,08:00:27:8a:0d:75,0,0,,,0,0.0,0,0.0,0.0,,0.0
1785321773.519992,08:00:27:a5:9e:2d,0,0,,,0,0.0,0,0.0,0.0,,0.0
1785321783.519992,08:00:27:5a:87:bc,0,0,,,0,0.0,0,0.0,0.0,,0.0
1785321783.519992,08:00:27:8a:0d:75,0,0,,,0,0.0,0,0.0,0.0,,0.0
1785321783.519992,08:00:27:a5:9e:2d,0,0,,,0,0.0,0,0.0,0.0,,0.0
1785321793.519992,08:00:27:5a:87:bc,0,0,,,0,0.0,0,0.0,0.0,,0.0
1785321793.519992,08:00:27:8a:0d:75,0,0,,,0,0.0,0,0.0,0.0,,0.0
1785321793.519992,08:00:27:a5:9e:2d,0,0,,,0,0.0,0,0.0,0.0,,0.0
1785321803.519992,08:00:27:5a:87:bc,0,0,,,0,0.0,0,0.0,0.0,,0.0
1785321803.519992,08:00:27:8a:0d:75,0,0,,,0,0.0,0,0.0,0.0,,0.0
1785321803.519992,08:00:27:a5:9e:2d,0,0,,,0,0.0,0,0.0,0.0,,0.0
1785321813.519992,08:00:27:5a:87:bc,0,0,,,0,0.0,0,0.0,0.0,,0.0
1785321813.519992,08:00:27:8a:0d:75,0,0,,,0,0.0,0,0.0,0.0,,0.0
1785321813.519992,08:00:27:a5:9e:2d,0,0,,,0,0.0,0,0.0,0.0,,0.0
1785321823.519992,08:00:27:5a:87:bc,0,0,,,0,0.0,0,0.0,0.0,,0.0
1785321823.519992,08:00:27:8a:0d:75,0,0,,,0,0.0,0,0.0,0.0,,0.0
1785321823.519992,08:00:27:a5:9e:2d,0,0,,,0,0.0,0,0.0,0.0,,0.0
1785321833.519992,08:00:27:5a:87:bc,0,0,,,0,0.0,0,0.0,0.0,,0.0
1785321833.519992,08:00:27:8a:0d:75,0,0,,,0,0.0,0,0.0,0.0,,0.0
1785321833.519992,08:00:27:a5:9e:2d,0,0,,,0,0.0,0,0.0,0.0,,0.0
1785321843.519992,08:00:27:5a:87:bc,0,0,,,0,0.0,0,0.0,0.0,,0.0
1785321843.519992,08:00:27:8a:0d:75,0,0,,,0,0.0,0,0.0,0.0,,0.0
1785321843.519992,08:00:27:a5:9e:2d,0,0,,,0,0.0,0,0.0,0.0,,0.0
1785321853.519992,08:00:27:5a:87:bc,0,0,,,0,0.0,0,0.0,0.0,,0.0
1785321853.519992,08:00:27:8a:0d:75,0,0,,,0,0.0,0,0.0,0.0,,0.0
1785321853.519992,08:00:27:a5:9e:2d,0,0,,,0,0.0,0,0.0,0.0,,0.0
1785321863.519992,08:00:27:5a:87:bc,0,0,,,0,0.0,0,0.0,0.0,,0.0
1785321863.519992,08:00:27:8a:0d:75,0,0,,,0,0.0,0,0.0,0.0,,0.0
1785321863.519992,08:00:27:a5:9e:2d,0,0,,,0,0.0,0,0.0,0.0,,0.0
1785321873.519992,08:00:27:5a:87:bc,0,0,,,0,0.0,0,0.0,0.0,,0.0
1785321873.519992,08:00:27:8a:0d:75,0,0,,,0,0.0,0,0.0,0.0,,0.0
1785321873.519992,08:00:27:a5:9e:2d,0,0,,,0,0.0,0,0.0,0.0,,0.0
1785321883.519992,08:00:27:5a:87:bc,0,0,,,0,0.0,0,0.0,0.0,,0.0
1785321883.519992,08:00:27:8a:0d:75,0,0,,,0,0.0,0,0.0,0.0,,0.0
1785321883.519992,08:00:27:a5:9e:2d,0,0,,,0,0.0,0,0.0,0.0,,0.0
1785321893.519992,08:00:27:5a:87:bc,0,0,,,0,0.0,0,0.0,0.0,,0.0
1785321893.519992,08:00:27:8a:0d:75,0,0,,,0,0.0,0,0.0,0.0,,0.0
1785321893.519992,08:00:27:a5:9e:2d,0,0,,,0,0.0,0,0.0,0.0,,0.0
1785321903.519992,08:00:27:5a:87:bc,0,0,,,0,0.0,0,0.0,0.0,,0.0
1785321903.519992,08:00:27:8a:0d:75,0,0,,,0,0.0,0,0.0,0.0,,0.0
1785321903.519992,08:00:27:a5:9e:2d,0,0,,,0,0.0,0,0.0,0.0,,0.0
1785321913.519992,08:00:27:5a:87:bc,0,0,,,0,0.0,0,0.0,0.0,,0.0
1785321913.519992,08:00:27:8a:0d:75,0,0,,,0,0.0,0,0.0,0.0,,0.0
1785321913.519992,08:00:27:a5:9e:2d,0,0,,,0,0.0,0,0.0,0.0,,0.0
1785321923.519992,08:00:27:5a:87:bc,0,0,,,0,0.0,0,0.0,0.0,,0.0
1785321923.519992,08:00:27:8a:0d:75,0,0,,,0,0.0,0,0.0,0.0,,0.0
1785321923.519992,08:00:27:a5:9e:2d,0,0,,,0,0.0,0,0.0,0.0,,0.0
1785321933.519992,08:00:27:5a:87:bc,0,0,,,0,0.0,0,0.0,0.0,,0.0
1785321933.519992,08:00:27:8a:0d:75,0,0,,,0,0.0,0,0.0,0.0,,0.0
1785321933.519992,08:00:27:a5:9e:2d,0,0,,,0,0.0,0,0.0,0.0,,0.0
1785321943.519992,08:00:27:5a:87:bc,0,0,,,0,0.0,0,0.0,0.0,,0.0
1785321943.519992,08:00:27:8a:0d:75,0,0,,,0,0.0,0,0.0,0.0,,0.0
1785321943.519992,08:00:27:a5:9e:2d,0,0,,,0,0.0,0,0.0,0.0,,0.0
1785321953.519992,08:00:27:5a:87:bc,0,0,,,0,0.0,0,0.0,0.0,,0.0
1785321953.519992,08:00:27:8a:0d:75,0,0,,,0,0.0,0,0.0,0.0,,0.0
1785321953.519992,08:00:27:a5:9e:2d,0,0,,,0,0.0,0,0.0,0.0,,0.0
1785321963.519992,08:00:27:5a:87:bc,0,0,,,0,0.0,0,0.0,0.0,,0.0
1785321963.519992,08:00:27:8a:0d:75,0,0,,,0,0.0,0,0.0,0.0,,0.0
1785321963.519992,08:00:27:a5:9e:2d,0,0,,,0,0.0,0,0.0,0.0,,0.0
1785321973.519992,08:00:27:5a:87:bc,0,0,,,0,0.0,0,0.0,0.0,,0.0
1785321973.519992,08:00:27:8a:0d:75,0,0,,,0,0.0,0,0.0,0.0,,0.0
1785321973.519992,08:00:27:a5:9e:2d,0,0,,,0,0.0,0,0.0,0.0,,0.0
1785321983.519992,08:00:27:5a:87:bc,0,0,,,0,0.0,0,0.0,0.0,,0.0
1785321983.519992,08:00:27:8a:0d:75,0,0,,,0,0.0,0,0.0,0.0,,0.0
1785321983.519992,08:00:27:a5:9e:2d,0,0,,,0,0.0,0,0.0,0.0,,0.0
1785321993.519992,08:00:27:5a:87:bc,0,0,,,0,0.0,0,0.0,0.0,,0.0
1785321993.519992,08:00:27:8a:0d:75,0,0,,,0,0.0,0,0.0,0.0,,0.0
1785321993.519992,08:00:27:a5:9e:2d,0,0,,,0,0.0,0,0.0,0.0,,0.0
1785322003.519992,08:00:27:5a:87:bc,0,0,,,0,0.0,0,0.0,0.0,,0.0
1785322003.519992,08:00:27:8a:0d:75,0,0,,,0,0.0,0,0.0,0.0,,0.0
1785322003.519992,08:00:27:a5:9e:2d,0,0,,,0,0.0,0,0.0,0.0,,0.0
1785322013.519992,08:00:27:5a:87:bc,0,0,,,0,0.0,0,0.0,0.0,,0.0
1785322013.519992,08:00:27:8a:0d:75,0,0,,,0,0.0,0,0.0,0.0,,0.0
1785322013.519992,08:00:27:a5:9e:2d,0,0,,,0,0.0,0,0.0,0.0,,0.0
1785322023.519992,08:00:27:5a:87:bc,0,0,,,0,0.0,0,0.0,0.0,,0.0
1785322023.519992,08:00:27:8a:0d:75,0,0,,,0,0.0,0,0.0,0.0,,0.0
1785322023.519992,08:00:27:a5:9e:2d,0,0,,,0,0.0,0,0.0,0.0,,0.0
1785322033.519992,08:00:27:5a:87:bc,0,0,,,0,0.0,0,0.0,0.0,,0.0
1785322033.519992,08:00:27:8a:0d:75,0,0,,,0,0.0,0,0.0,0.0,,0.0
1785322033.519992,08:00:27:a5:9e:2d,0,0,,,0,0.0,0,0.0,0.0,,0.0
1785322043.519992,08:00:27:5a:87:bc,0,0,,,0,0.0,0,0.0,0.0,,0.0
1785322043.519992,08:00:27:8a:0d:75,0,0,,,0,0.0,0,0.0,0.0,,0.0
1785322043.519992,08:00:27:a5:9e:2d,0,0,,,0,0.0,0,0.0,0.0,,0.0
1785322053.519992,08:00:27:5a:87:bc,0,0,,,0,0.0,0,0.0,0.0,,0.0
1785322053.519992,08:00:27:8a:0d:75,0,0,,,0,0.0,0,0.0,0.0,,0.0
1785322053.519992,08:00:27:a5:9e:2d,0,0,,,0,0.0,0,0.0,0.0,,0.0
1785322063.519992,08:00:27:5a:87:bc,0,0,,,0,0.0,0,0.0,0.0,,0.0
1785322063.519992,08:00:27:8a:0d:75,0,0,,,0,0.0,0,0.0,0.0,,0.0
1785322063.519992,08:00:27:a5:9e:2d,0,0,,,0,0.0,0,0.0,0.0,,0.0
1785322073.519992,08:00:27:5a:87:bc,0,0,,,0,0.0,0,0.0,0.0,,0.0
1785322073.519992,08:00:27:8a:0d:75,0,0,,,0,0.0,0,0.0,0.0,,0.0
1785322073.519992,08:00:27:a5:9e:2d,0,0,,,0,0.0,0,0.0,0.0,,0.0
1785322083.519992,08:00:27:5a:87:bc,0,0,,,0,0.0,0,0.0,0.0,,0.0
1785322083.519992,08:00:27:8a:0d:75,0,0,,,0,0.0,0,0.0,0.0,,0.0
1785322083.519992,08:00:27:a5:9e:2d,0,0,,,0,0.0,0,0.0,0.0,,0.0
1785322093.519992,08:00:27:5a:87:bc,0,0,,,0,0.0,0,0.0,0.0,,0.0
1785322093.519992,08:00:27:8a:0d:75,0,0,,,0,0.0,0,0.0,0.0,,0.0
1785322093.519992,08:00:27:a5:9e:2d,0,0,,,0,0.0,0,0.0,0.0,,0.0
1785322103.519992,08:00:27:5a:87:bc,0,0,,,0,0.0,0,0.0,0.0,,0.0
1785322103.519992,08:00:27:8a:0d:75,0,0,,,0,0.0,0,0.0,0.0,,0.0
1785322103.519992,08:00:27:a5:9e:2d,0,0,,,0,0.0,0,0.0,0.0,,0.0
1785322113.519992,08:00:27:5a:87:bc,0,0,,,0,0.0,0,0.0,0.0,,0.0
1785322113.519992,08:00:27:8a:0d:75,0,0,,,0,0.0,0,0.0,0.0,,0.0
1785322113.519992,08:00:27:a5:9e:2d,0,0,,,0,0.0,0,0.0,0.0,,0.0
1785322123.519992,08:00:27:5a:87:bc,0,0,,,0,0.0,0,0.0,0.0,,0.0
1785322123.519992,08:00:27:8a:0d:75,0,0,,,0,0.0,0,0.0,0.0,,0.0
1785322123.519992,08:00:27:a5:9e:2d,0,0,,,0,0.0,0,0.0,0.0,,0.0
1785322133.519992,08:00:27:5a:87:bc,0,0,,,0,0.0,0,0.0,0.0,,0.0
1785322133.519992,08:00:27:8a:0d:75,0,0,,,0,0.0,0,0.0,0.0,,0.0
1785322133.519992,08:00:27:a5:9e:2d,0,0,,,0,0.0,0,0.0,0.0,,0.0
1785322143.519992,08:00:27:5a:87:bc,0,0,,,0,0.0,0,0.0,0.0,,0.0
1785322143.519992,08:00:27:8a:0d:75,0,0,,,0,0.0,0,0.0,0.0,,0.0
1785322143.519992,08:00:27:a5:9e:2d,0,0,,,0,0.0,0,0.0,0.0,,0.0
1785322153.519992,08:00:27:5a:87:bc,0,0,,,0,0.0,0,0.0,0.0,,0.0
1785322153.519992,08:00:27:8a:0d:75,0,0,,,0,0.0,0,0.0,0.0,,0.0
1785322153.519992,08:00:27:a5:9e:2d,0,0,,,0,0.0,0,0.0,0.0,,0.0
1785322163.519992,08:00:27:5a:87:bc,0,0,,,0,0.0,0,0.0,0.0,,0.0
1785322163.519992,08:00:27:8a:0d:75,0,0,,,0,0.0,0,0.0,0.0,,0.0
1785322163.519992,08:00:27:a5:9e:2d,0,0,,,0,0.0,0,0.0,0.0,,0.0
1785322173.519992,08:00:27:5a:87:bc,0,0,,,0,0.0,0,0.0,0.0,,0.0
1785322173.519992,08:00:27:8a:0d:75,0,0,,,0,0.0,0,0.0,0.0,,0.0
1785322173.519992,08:00:27:a5:9e:2d,0,0,,,0,0.0,0,0.0,0.0,,0.0
1785322183.519992,08:00:27:5a:87:bc,0,0,,,0,0.0,0,0.0,0.0,,0.0
1785322183.519992,08:00:27:8a:0d:75,0,0,,,0,0.0,0,0.0,0.0,,0.0
1785322183.519992,08:00:27:a5:9e:2d,0,0,,,0,0.0,0,0.0,0.0,,0.0
1785322193.519992,08:00:27:5a:87:bc,0,0,,,0,0.0,0,0.0,0.0,,0.0
1785322193.519992,08:00:27:8a:0d:75,0,0,,,0,0.0,0,0.0,0.0,,0.0
1785322193.519992,08:00:27:a5:9e:2d,0,0,,,0,0.0,0,0.0,0.0,,0.0
1785322203.519992,08:00:27:5a:87:bc,0,0,,,0,0.0,0,0.0,0.0,,0.0
1785322203.519992,08:00:27:8a:0d:75,0,0,,,0,0.0,0,0.0,0.0,,0.0
1785322203.519992,08:00:27:a5:9e:2d,0,0,,,0,0.0,0,0.0,0.0,,0.0
1785322213.519992,08:00:27:5a:87:bc,0,0,,,0,0.0,0,0.0,0.0,,0.0
1785322213.519992,08:00:27:8a:0d:75,0,0,,,0,0.0,0,0.0,0.0,,0.0
1785322213.519992,08:00:27:a5:9e:2d,0,0,,,0,0.0,0,0.0,0.0,,0.0
1785322223.519992,08:00:27:5a:87:bc,0,0,,,0,0.0,0,0.0,0.0,,0.0
1785322223.519992,08:00:27:8a:0d:75,0,0,,,0,0.0,0,0.0,0.0,,0.0
1785322223.519992,08:00:27:a5:9e:2d,0,0,,,0,0.0,0,0.0,0.0,,0.0
1785322233.519992,08:00:27:5a:87:bc,0,0,,,0,0.0,0,0.0,0.0,,0.0
1785322233.519992,08:00:27:8a:0d:75,0,0,,,0,0.0,0,0.0,0.0,,0.0
1785322233.519992,08:00:27:a5:9e:2d,0,0,,,0,0.0,0,0.0,0.0,,0.0
1785322243.519992,08:00:27:5a:87:bc,0,0,,,0,0.0,0,0.0,0.0,,0.0
1785322243.519992,08:00:27:8a:0d:75,0,0,,,0,0.0,0,0.0,0.0,,0.0
1785322243.519992,08:00:27:a5:9e:2d,0,0,,,0,0.0,0,0.0,0.0,,0.0
1785322253.519992,08:00:27:5a:87:bc,0,0,,,0,0.0,0,0.0,0.0,,0.0
1785322253.519992,08:00:27:8a:0d:75,0,0,,,0,0.0,0,0.0,0.0,,0.0
1785322253.519992,08:00:27:a5:9e:2d,0,0,,,0,0.0,0,0.0,0.0,,0.0
1785322263.519992,08:00:27:5a:87:bc,0,0,,,0,0.0,0,0.0,0.0,,0.0
1785322263.519992,08:00:27:8a:0d:75,0,0,,,0,0.0,0,0.0,0.0,,0.0
1785322263.519992,08:00:27:a5:9e:2d,0,0,,,0,0.0,0,0.0,0.0,,0.0
1785322273.519992,08:00:27:5a:87:bc,0,0,,,0,0.0,0,0.0,0.0,,0.0
1785322273.519992,08:00:27:8a:0d:75,0,0,,,0,0.0,0,0.0,0.0,,0.0
1785322273.519992,08:00:27:a5:9e:2d,0,0,,,0,0.0,0,0.0,0.0,,0.0
1785322283.519992,08:00:27:5a:87:bc,0,0,,,0,0.0,0,0.0,0.0,,0.0
1785322283.519992,08:00:27:8a:0d:75,0,0,,,0,0.0,0,0.0,0.0,,0.0
1785322283.519992,08:00:27:a5:9e:2d,0,0,,,0,0.0,0,0.0,0.0,,0.0
1785322293.519992,08:00:27:5a:87:bc,0,0,,,0,0.0,0,0.0,0.0,,0.0
1785322293.519992,08:00:27:8a:0d:75,0,0,,,0,0.0,0,0.0,0.0,,0.0
1785322293.519992,08:00:27:a5:9e:2d,0,0,,,0,0.0,0,0.0,0.0,,0.0
1785322303.519992,08:00:27:5a:87:bc,0,0,,,0,0.0,0,0.0,0.0,,0.0
1785322303.519992,08:00:27:8a:0d:75,0,0,,,0,0.0,0,0.0,0.0,,0.0
1785322303.519992,08:00:27:a5:9e:2d,0,0,,,0,0.0,0,0.0,0.0,,0.0
1785322313.519992,08:00:27:5a:87:bc,0,0,,,0,0.0,0,0.0,0.0,,0.0
1785322313.519992,08:00:27:8a:0d:75,0,0,,,0,0.0,0,0.0,0.0,,0.0
1785322313.519992,08:00:27:a5:9e:2d,0,0,,,0,0.0,0,0.0,0.0,,0.0
1785322323.519992,08:00:27:5a:87:bc,0,0,,,0,0.0,0,0.0,0.0,,0.0
1785322323.519992,08:00:27:8a:0d:75,0,0,,,0,0.0,0,0.0,0.0,,0.0
1785322323.519992,08:00:27:a5:9e:2d,0,0,,,0,0.0,0,0.0,0.0,,0.0
1785322333.519992,08:00:27:5a:87:bc,0,0,,,0,0.0,0,0.0,0.0,,0.0
1785322333.519992,08:00:27:8a:0d:75,0,0,,,0,0.0,0,0.0,0.0,,0.0
1785322333.519992,08:00:27:a5:9e:2d,0,0,,,0,0.0,0,0.0,0.0,,0.0
1785322343.519992,08:00:27:5a:87:bc,0,0,,,0,0.0,0,0.0,0.0,,0.0
1785322343.519992,08:00:27:8a:0d:75,0,0,,,0,0.0,0,0.0,0.0,,0.0
1785322343.519992,08:00:27:a5:9e:2d,0,0,,,0,0.0,0,0.0,0.0,,0.0
1785322353.519992,08:00:27:5a:87:bc,0,0,,,0,0.0,0,0.0,0.0,,0.0
1785322353.519992,08:00:27:8a:0d:75,0,0,,,0,0.0,0,0.0,0.0,,0.0
1785322353.519992,08:00:27:a5:9e:2d,0,0,,,0,0.0,0,0.0,0.0,,0.0
1785322363.519992,08:00:27:5a:87:bc,0,0,,,0,0.0,0,0.0,0.0,,0.0
1785322363.519992,08:00:27:8a:0d:75,0,0,,,0,0.0,0,0.0,0.0,,0.0
1785322363.519992,08:00:27:a5:9e:2d,0,0,,,0,0.0,0,0.0,0.0,,0.0
1785322373.519992,08:00:27:5a:87:bc,0,0,,,0,0.0,0,0.0,0.0,,0.0
1785322373.519992,08:00:27:8a:0d:75,0,0,,,0,0.0,0,0.0,0.0,,0.0
1785322373.519992,08:00:27:a5:9e:2d,0,0,,,0,0.0,0,0.0,0.0,,0.0
1785322383.519992,08:00:27:5a:87:bc,0,0,,,0,0.0,0,0.0,0.0,,0.0
1785322383.519992,08:00:27:8a:0d:75,0,0,,,0,0.0,0,0.0,0.0,,0.0
1785322383.519992,08:00:27:a5:9e:2d,0,0,,,0,0.0,0,0.0,0.0,,0.0
1785322393.519992,08:00:27:5a:87:bc,0,0,,,0,0.0,0,0.0,0.0,,0.0
1785322393.519992,08:00:27:8a:0d:75,0,0,,,0,0.0,0,0.0,0.0,,0.0
1785322393.519992,08:00:27:a5:9e:2d,0,0,,,0,0.0,0,0.0,0.0,,0.0
1785322403.519992,08:00:27:5a:87:bc,0,0,,,0,0.0,0,0.0,0.0,,0.0
1785322403.519992,08:00:27:8a:0d:75,0,0,,,0,0.0,0,0.0,0.0,,0.0
1785322403.519992,08:00:27:a5:9e:2d,0,0,,,0,0.0,0,0.0,0.0,,0.0
1785322413.519992,08:00:27:5a:87:bc,0,0,,,0,0.0,0,0.0,0.0,,0.0
1785322413.519992,08:00:27:8a:0d:75,0,0,,,0,0.0,0,0.0,0.0,,0.0
1785322413.519992,08:00:27:a5:9e:2d,0,0,,,0,0.0,0,0.0,0.0,,0.0
1785322423.519992,08:00:27:5a:87:bc,0,0,,,0,0.0,0,0.0,0.0,,0.0
1785322423.519992,08:00:27:8a:0d:75,0,0,,,0,0.0,0,0.0,0.0,,0.0
1785322423.519992,08:00:27:a5:9e:2d,0,0,,,0,0.0,0,0.0,0.0,,0.0
1785322433.519992,08:00:27:5a:87:bc,0,0,,,0,0.0,0,0.0,0.0,,0.0
1785322433.519992,08:00:27:8a:0d:75,0,0,,,0,0.0,0,0.0,0.0,,0.0
1785322433.519992,08:00:27:a5:9e:2d,0,0,,,0,0.0,0,0.0,0.0,,0.0
1785322443.519992,08:00:27:5a:87:bc,0,0,,,0,0.0,0,0.0,0.0,,0.0
1785322443.519992,08:00:27:8a:0d:75,0,0,,,0,0.0,0,0.0,0.0,,0.0
1785322443.519992,08:00:27:a5:9e:2d,0,0,,,0,0.0,0,0.0,0.0,,0.0
1785322453.519992,08:00:27:5a:87:bc,0,0,,,0,0.0,0,0.0,0.0,,0.0
1785322453.519992,08:00:27:8a:0d:75,0,0,,,0,0.0,0,0.0,0.0,,0.0
1785322453.519992,08:00:27:a5:9e:2d,0,0,,,0,0.0,0,0.0,0.0,,0.0
1785322463.519992,08:00:27:5a:87:bc,0,0,,,0,0.0,0,0.0,0.0,,0.0
1785322463.519992,08:00:27:8a:0d:75,0,0,,,0,0.0,0,0.0,0.0,,0.0
1785322463.519992,08:00:27:a5:9e:2d,0,0,,,0,0.0,0,0.0,0.0,,0.0
1785322473.519992,08:00:27:5a:87:bc,0,0,,,0,0.0,0,0.0,0.0,,0.0
1785322473.519992,08:00:27:8a:0d:75,0,0,,,0,0.0,0,0.0,0.0,,0.0
1785322473.519992,08:00:27:a5:9e:2d,0,0,,,0,0.0,0,0.0,0.0,,0.0
1785322483.519992,08:00:27:5a:87:bc,0,0,,,0,0.0,0,0.0,0.0,,0.0
1785322483.519992,08:00:27:8a:0d:75,0,0,,,0,0.0,0,0.0,0.0,,0.0
1785322483.519992,08:00:27:a5:9e:2d,0,0,,,0,0.0,0,0.0,0.0,,0.0
1785322493.519992,08:00:27:5a:87:bc,0,0,,,0,0.0,0,0.0,0.0,,0.0
1785322493.519992,08:00:27:8a:0d:75,0,0,,,0,0.0,0,0.0,0.0,,0.0
1785322493.519992,08:00:27:a5:9e:2d,0,0,,,0,0.0,0,0.0,0.0,,0.0
1785322503.519992,08:00:27:5a:87:bc,0,0,,,0,0.0,0,0.0,0.0,,0.0
1785322503.519992,08:00:27:8a:0d:75,0,0,,,0,0.0,0,0.0,0.0,,0.0
1785322503.519992,08:00:27:a5:9e:2d,0,0,,,0,0.0,0,0.0,0.0,,0.0
1785322513.519992,08:00:27:5a:87:bc,0,0,,,0,0.0,0,0.0,0.0,,0.0
1785322513.519992,08:00:27:8a:0d:75,0,0,,,0,0.0,0,0.0,0.0,,0.0
1785322513.519992,08:00:27:a5:9e:2d,0,0,,,0,0.0,0,0.0,0.0,,0.0
1785322523.519992,08:00:27:5a:87:bc,0,0,,,0,0.0,0,0.0,0.0,,0.0
1785322523.519992,08:00:27:8a:0d:75,0,0,,,0,0.0,0,0.0,0.0,,0.0
1785322523.519992,08:00:27:a5:9e:2d,0,0,,,0,0.0,0,0.0,0.0,,0.0
1785322533.519992,08:00:27:5a:87:bc,0,0,,,0,0.0,0,0.0,0.0,,0.0
1785322533.519992,08:00:27:8a:0d:75,0,0,,,0,0.0,0,0.0,0.0,,0.0
1785322533.519992,08:00:27:a5:9e:2d,0,0,,,0,0.0,0,0.0,0.0,,0.0
1785322543.519992,08:00:27:5a:87:bc,0,0,,,0,0.0,0,0.0,0.0,,0.0
1785322543.519992,08:00:27:8a:0d:75,0,0,,,0,0.0,0,0.0,0.0,,0.0
1785322543.519992,08:00:27:a5:9e:2d,0,0,,,0,0.0,0,0.0,0.0,,0.0
1785322553.519992,08:00:27:5a:87:bc,0,0,,,0,0.0,0,0.0,0.0,,0.0
1785322553.519992,08:00:27:8a:0d:75,0,0,,,0,0.0,0,0.0,0.0,,0.0
1785322553.519992,08:00:27:a5:9e:2d,0,0,,,0,0.0,0,0.0,0.0,,0.0
1785322563.519992,08:00:27:5a:87:bc,0,0,,,0,0.0,0,0.0,0.0,,0.0
1785322563.519992,08:00:27:8a:0d:75,0,0,,,0,0.0,0,0.0,0.0,,0.0
1785322563.519992,08:00:27:a5:9e:2d,0,0,,,0,0.0,0,0.0,0.0,,0.0
1785322573.519992,08:00:27:5a:87:bc,0,0,,,0,0.0,0,0.0,0.0,,0.0
1785322573.519992,08:00:27:8a:0d:75,0,0,,,0,0.0,0,0.0,0.0,,0.0
1785322573.519992,08:00:27:a5:9e:2d,0,0,,,0,0.0,0,0.0,0.0,,0.0
1785322583.519992,08:00:27:5a:87:bc,0,0,,,0,0.0,0,0.0,0.0,,0.0
1785322583.519992,08:00:27:8a:0d:75,0,0,,,0,0.0,0,0.0,0.0,,0.0
1785322583.519992,08:00:27:a5:9e:2d,0,0,,,0,0.0,0,0.0,0.0,,0.0
1785322593.519992,08:00:27:5a:87:bc,0,0,,,0,0.0,0,0.0,0.0,,0.0
1785322593.519992,08:00:27:8a:0d:75,0,0,,,0,0.0,0,0.0,0.0,,0.0
1785322593.519992,08:00:27:a5:9e:2d,0,0,,,0,0.0,0,0.0,0.0,,0.0
1785322603.519992,08:00:27:5a:87:bc,0,0,,,0,0.0,0,0.0,0.0,,0.0
1785322603.519992,08:00:27:8a:0d:75,0,0,,,0,0.0,0,0.0,0.0,,0.0
1785322603.519992,08:00:27:a5:9e:2d,0,0,,,0,0.0,0,0.0,0.0,,0.0
1785322613.519992,08:00:27:5a:87:bc,0,0,,,0,0.0,0,0.0,0.0,,0.0
1785322613.519992,08:00:27:8a:0d:75,0,0,,,0,0.0,0,0.0,0.0,,0.0
1785322613.519992,08:00:27:a5:9e:2d,0,0,,,0,0.0,0,0.0,0.0,,0.0
1785322623.519992,08:00:27:5a:87:bc,0,0,,,0,0.0,0,0.0,0.0,,0.0
1785322623.519992,08:00:27:8a:0d:75,0,0,,,0,0.0,0,0.0,0.0,,0.0
1785322623.519992,08:00:27:a5:9e:2d,0,0,,,0,0.0,0,0.0,0.0,,0.0
1785322633.519992,08:00:27:5a:87:bc,0,0,,,0,0.0,0,0.0,0.0,,0.0
1785322633.519992,08:00:27:8a:0d:75,0,0,,,0,0.0,0,0.0,0.0,,0.0
1785322633.519992,08:00:27:a5:9e:2d,0,0,,,0,0.0,0,0.0,0.0,,0.0
1785322643.519992,08:00:27:5a:87:bc,0,0,,,0,0.0,0,0.0,0.0,,0.0
1785322643.519992,08:00:27:8a:0d:75,0,0,,,0,0.0,0,0.0,0.0,,0.0
1785322643.519992,08:00:27:a5:9e:2d,0,0,,,0,0.0,0,0.0,0.0,,0.0
1785322653.519992,08:00:27:5a:87:bc,0,0,,,0,0.0,0,0.0,0.0,,0.0
1785322653.519992,08:00:27:8a:0d:75,0,0,,,0,0.0,0,0.0,0.0,,0.0
1785322653.519992,08:00:27:a5:9e:2d,0,0,,,0,0.0,0,0.0,0.0,,0.0
1785322663.519992,08:00:27:5a:87:bc,0,0,,,0,0.0,0,0.0,0.0,,0.0
1785322663.519992,08:00:27:8a:0d:75,0,0,,,0,0.0,0,0.0,0.0,,0.0
1785322663.519992,08:00:27:a5:9e:2d,0,0,,,0,0.0,0,0.0,0.0,,0.0
1785322673.519992,08:00:27:5a:87:bc,0,0,,,0,0.0,0,0.0,0.0,,0.0
1785322673.519992,08:00:27:8a:0d:75,0,0,,,0,0.0,0,0.0,0.0,,0.0
1785322673.519992,08:00:27:a5:9e:2d,0,0,,,0,0.0,0,0.0,0.0,,0.0
1785322683.519992,08:00:27:5a:87:bc,0,0,,,0,0.0,0,0.0,0.0,,0.0
1785322683.519992,08:00:27:8a:0d:75,0,0,,,0,0.0,0,0.0,0.0,,0.0
1785322683.519992,08:00:27:a5:9e:2d,0,0,,,0,0.0,0,0.0,0.0,,0.0
1785322693.519992,08:00:27:5a:87:bc,0,0,,,0,0.0,0,0.0,0.0,,0.0
1785322693.519992,08:00:27:8a:0d:75,0,0,,,0,0.0,0,0.0,0.0,,0.0
1785322693.519992,08:00:27:a5:9e:2d,0,0,,,0,0.0,0,0.0,0.0,,0.0
1785322703.519992,08:00:27:5a:87:bc,0,0,,,0,0.0,0,0.0,0.0,,0.0
1785322703.519992,08:00:27:8a:0d:75,0,0,,,0,0.0,0,0.0,0.0,,0.0
1785322703.519992,08:00:27:a5:9e:2d,0,0,,,0,0.0,0,0.0,0.0,,0.0
1785322713.519992,08:00:27:5a:87:bc,0,0,,,0,0.0,0,0.0,0.0,,0.0
1785322713.519992,08:00:27:8a:0d:75,0,0,,,0,0.0,0,0.0,0.0,,0.0
1785322713.519992,08:00:27:a5:9e:2d,0,0,,,0,0.0,0,0.0,0.0,,0.0
1785322723.519992,08:00:27:5a:87:bc,0,0,,,0,0.0,0,0.0,0.0,,0.0
1785322723.519992,08:00:27:8a:0d:75,0,0,,,0,0.0,0,0.0,0.0,,0.0
1785322723.519992,08:00:27:a5:9e:2d,0,0,,,0,0.0,0,0.0,0.0,,0.0
1785322733.519992,08:00:27:5a:87:bc,0,0,,,0,0.0,0,0.0,0.0,,0.0
1785322733.519992,08:00:27:8a:0d:75,0,0,,,0,0.0,0,0.0,0.0,,0.0
1785322733.519992,08:00:27:a5:9e:2d,0,0,,,0,0.0,0,0.0,0.0,,0.0
1785322743.519992,08:00:27:5a:87:bc,0,0,,,0,0.0,0,0.0,0.0,,0.0
1785322743.519992,08:00:27:8a:0d:75,0,0,,,0,0.0,0,0.0,0.0,,0.0
1785322743.519992,08:00:27:a5:9e:2d,0,0,,,0,0.0,0,0.0,0.0,,0.0
1785322753.519992,08:00:27:5a:87:bc,0,0,,,0,0.0,0,0.0,0.0,,0.0
1785322753.519992,08:00:27:8a:0d:75,0,0,,,0,0.0,0,0.0,0.0,,0.0
1785322753.519992,08:00:27:a5:9e:2d,0,0,,,0,0.0,0,0.0,0.0,,0.0
1785322763.519992,08:00:27:5a:87:bc,0,0,,,0,0.0,0,0.0,0.0,,0.0
1785322763.519992,08:00:27:8a:0d:75,0,0,,,0,0.0,0,0.0,0.0,,0.0
1785322763.519992,08:00:27:a5:9e:2d,0,0,,,0,0.0,0,0.0,0.0,,0.0
1785322773.519992,08:00:27:5a:87:bc,0,0,,,0,0.0,0,0.0,0.0,,0.0
1785322773.519992,08:00:27:8a:0d:75,0,0,,,0,0.0,0,0.0,0.0,,0.0
1785322773.519992,08:00:27:a5:9e:2d,0,0,,,0,0.0,0,0.0,0.0,,0.0
1785322783.519992,08:00:27:5a:87:bc,0,0,,,0,0.0,0,0.0,0.0,,0.0
1785322783.519992,08:00:27:8a:0d:75,0,0,,,0,0.0,0,0.0,0.0,,0.0
1785322783.519992,08:00:27:a5:9e:2d,0,0,,,0,0.0,0,0.0,0.0,,0.0
1785322793.519992,08:00:27:5a:87:bc,0,0,,,0,0.0,0,0.0,0.0,,0.0
1785322793.519992,08:00:27:8a:0d:75,0,0,,,0,0.0,0,0.0,0.0,,0.0
1785322793.519992,08:00:27:a5:9e:2d,0,0,,,0,0.0,0,0.0,0.0,,0.0
1785322803.519992,08:00:27:5a:87:bc,0,0,,,0,0.0,0,0.0,0.0,,0.0
1785322803.519992,08:00:27:8a:0d:75,0,0,,,0,0.0,0,0.0,0.0,,0.0
1785322803.519992,08:00:27:a5:9e:2d,0,0,,,0,0.0,0,0.0,0.0,,0.0
1785322813.519992,08:00:27:5a:87:bc,0,0,,,0,0.0,0,0.0,0.0,,0.0
1785322813.519992,08:00:27:8a:0d:75,0,0,,,0,0.0,0,0.0,0.0,,0.0
1785322813.519992,08:00:27:a5:9e:2d,0,0,,,0,0.0,0,0.0,0.0,,0.0
1785322823.519992,08:00:27:5a:87:bc,0,0,,,0,0.0,0,0.0,0.0,,0.0
1785322823.519992,08:00:27:8a:0d:75,0,0,,,0,0.0,0,0.0,0.0,,0.0
1785322823.519992,08:00:27:a5:9e:2d,0,0,,,0,0.0,0,0.0,0.0,,0.0
1785322833.519992,08:00:27:5a:87:bc,0,0,,,0,0.0,0,0.0,0.0,,0.0
1785322833.519992,08:00:27:8a:0d:75,0,0,,,0,0.0,0,0.0,0.0,,0.0
1785322833.519992,08:00:27:a5:9e:2d,0,0,,,0,0.0,0,0.0,0.0,,0.0
1785322843.519992,08:00:27:5a:87:bc,0,0,,,0,0.0,0,0.0,0.0,,0.0
1785322843.519992,08:00:27:8a:0d:75,0,0,,,0,0.0,0,0.0,0.0,,0.0
1785322843.519992,08:00:27:a5:9e:2d,0,0,,,0,0.0,0,0.0,0.0,,0.0
1785322853.519992,08:00:27:5a:87:bc,0,0,,,0,0.0,0,0.0,0.0,,0.0
1785322853.519992,08:00:27:8a:0d:75,0,0,,,0,0.0,0,0.0,0.0,,0.0
1785322853.519992,08:00:27:a5:9e:2d,0,0,,,0,0.0,0,0.0,0.0,,0.0
1785322863.519992,08:00:27:5a:87:bc,0,0,,,0,0.0,0,0.0,0.0,,0.0
1785322863.519992,08:00:27:8a:0d:75,0,0,,,0,0.0,0,0.0,0.0,,0.0
1785322863.519992,08:00:27:a5:9e:2d,0,0,,,0,0.0,0,0.0,0.0,,0.0
1785322873.519992,08:00:27:5a:87:bc,0,0,,,0,0.0,0,0.0,0.0,,0.0
1785322873.519992,08:00:27:8a:0d:75,0,0,,,0,0.0,0,0.0,0.0,,0.0
1785322873.519992,08:00:27:a5:9e:2d,0,0,,,0,0.0,0,0.0,0.0,,0.0
1785322883.519992,08:00:27:5a:87:bc,0,0,,,0,0.0,0,0.0,0.0,,0.0
1785322883.519992,08:00:27:8a:0d:75,0,0,,,0,0.0,0,0.0,0.0,,0.0
1785322883.519992,08:00:27:a5:9e:2d,0,0,,,0,0.0,0,0.0,0.0,,0.0
1785322893.519992,08:00:27:5a:87:bc,0,0,,,0,0.0,0,0.0,0.0,,0.0
1785322893.519992,08:00:27:8a:0d:75,0,0,,,0,0.0,0,0.0,0.0,,0.0
1785322893.519992,08:00:27:a5:9e:2d,0,0,,,0,0.0,0,0.0,0.0,,0.0
1785322903.519992,08:00:27:5a:87:bc,0,0,,,0,0.0,0,0.0,0.0,,0.0
1785322903.519992,08:00:27:8a:0d:75,0,0,,,0,0.0,0,0.0,0.0,,0.0
1785322903.519992,08:00:27:a5:9e:2d,0,0,,,0,0.0,0,0.0,0.0,,0.0
1785322913.519992,08:00:27:5a:87:bc,0,0,,,0,0.0,0,0.0,0.0,,0.0
1785322913.519992,08:00:27:8a:0d:75,0,0,,,0,0.0,0,0.0,0.0,,0.0
1785322913.519992,08:00:27:a5:9e:2d,0,0,,,0,0.0,0,0.0,0.0,,0.0
1785322923.519992,08:00:27:5a:87:bc,0,0,,,0,0.0,0,0.0,0.0,,0.0
1785322923.519992,08:00:27:8a:0d:75,0,0,,,0,0.0,0,0.0,0.0,,0.0
1785322923.519992,08:00:27:a5:9e:2d,0,0,,,0,0.0,0,0.0,0.0,,0.0
1785322933.519992,08:00:27:5a:87:bc,0,0,,,0,0.0,0,0.0,0.0,,0.0
1785322933.519992,08:00:27:8a:0d:75,0,0,,,0,0.0,0,0.0,0.0,,0.0
1785322933.519992,08:00:27:a5:9e:2d,0,0,,,0,0.0,0,0.0,0.0,,0.0
1785322943.519992,08:00:27:5a:87:bc,0,0,,,0,0.0,0,0.0,0.0,,0.0
1785322943.519992,08:00:27:8a:0d:75,0,0,,,0,0.0,0,0.0,0.0,,0.0
1785322943.519992,08:00:27:a5:9e:2d,0,0,,,0,0.0,0,0.0,0.0,,0.0
1785322953.519992,08:00:27:5a:87:bc,0,0,,,0,0.0,0,0.0,0.0,,0.0
1785322953.519992,08:00:27:8a:0d:75,0,0,,,0,0.0,0,0.0,0.0,,0.0
1785322953.519992,08:00:27:a5:9e:2d,0,0,,,0,0.0,0,0.0,0.0,,0.0
1785322963.519992,08:00:27:5a:87:bc,0,0,,,0,0.0,0,0.0,0.0,,0.0
1785322963.519992,08:00:27:8a:0d:75,0,0,,,0,0.0,0,0.0,0.0,,0.0
1785322963.519992,08:00:27:a5:9e:2d,0,0,,,0,0.0,0,0.0,0.0,,0.0
1785322973.519992,08:00:27:5a:87:bc,0,0,,,0,0.0,0,0.0,0.0,,0.0
1785322973.519992,08:00:27:8a:0d:75,0,0,,,0,0.0,0,0.0,0.0,,0.0
1785322973.519992,08:00:27:a5:9e:2d,0,0,,,0,0.0,0,0.0,0.0,,0.0
1785322983.519992,08:00:27:5a:87:bc,0,0,,,0,0.0,0,0.0,0.0,,0.0
1785322983.519992,08:00:27:8a:0d:75,0,0,,,0,0.0,0,0.0,0.0,,0.0
1785322983.519992,08:00:27:a5:9e:2d,0,0,,,0,0.0,0,0.0,0.0,,0.0
1785322993.519992,08:00:27:5a:87:bc,0,0,,,0,0.0,0,0.0,0.0,,0.0
1785322993.519992,08:00:27:8a:0d:75,0,0,,,0,0.0,0,0.0,0.0,,0.0
1785322993.519992,08:00:27:a5:9e:2d,0,0,,,0,0.0,0,0.0,0.0,,0.0
1785323003.519992,08:00:27:5a:87:bc,0,0,,,0,0.0,0,0.0,0.0,,0.0
1785323003.519992,08:00:27:8a:0d:75,0,0,,,0,0.0,0,0.0,0.0,,0.0
1785323003.519992,08:00:27:a5:9e:2d,0,0,,,0,0.0,0,0.0,0.0,,0.0
1785323013.519992,08:00:27:5a:87:bc,0,0,,,0,0.0,0,0.0,0.0,,0.0
1785323013.519992,08:00:27:8a:0d:75,0,0,,,0,0.0,0,0.0,0.0,,0.0
1785323013.519992,08:00:27:a5:9e:2d,0,0,,,0,0.0,0,0.0,0.0,,0.0
1785323023.519992,08:00:27:5a:87:bc,0,0,,,0,0.0,0,0.0,0.0,,0.0
1785323023.519992,08:00:27:8a:0d:75,0,0,,,0,0.0,0,0.0,0.0,,0.0
1785323023.519992,08:00:27:a5:9e:2d,0,0,,,0,0.0,0,0.0,0.0,,0.0
1785323033.519992,08:00:27:5a:87:bc,0,0,,,0,0.0,0,0.0,0.0,,0.0
1785323033.519992,08:00:27:8a:0d:75,0,0,,,0,0.0,0,0.0,0.0,,0.0
1785323033.519992,08:00:27:a5:9e:2d,0,0,,,0,0.0,0,0.0,0.0,,0.0
1785323043.519992,08:00:27:5a:87:bc,0,0,,,0,0.0,0,0.0,0.0,,0.0
1785323043.519992,08:00:27:8a:0d:75,0,0,,,0,0.0,0,0.0,0.0,,0.0
1785323043.519992,08:00:27:a5:9e:2d,0,0,,,0,0.0,0,0.0,0.0,,0.0
1785323053.519992,08:00:27:5a:87:bc,0,0,,,0,0.0,0,0.0,0.0,,0.0
1785323053.519992,08:00:27:8a:0d:75,0,0,,,0,0.0,0,0.0,0.0,,0.0
1785323053.519992,08:00:27:a5:9e:2d,0,0,,,0,0.0,0,0.0,0.0,,0.0
1785323063.519992,08:00:27:5a:87:bc,0,0,,,0,0.0,0,0.0,0.0,,0.0
1785323063.519992,08:00:27:8a:0d:75,0,0,,,0,0.0,0,0.0,0.0,,0.0
1785323063.519992,08:00:27:a5:9e:2d,0,0,,,0,0.0,0,0.0,0.0,,0.0
1785323073.519992,08:00:27:5a:87:bc,0,0,,,0,0.0,0,0.0,0.0,,0.0
1785323073.519992,08:00:27:8a:0d:75,0,0,,,0,0.0,0,0.0,0.0,,0.0
1785323073.519992,08:00:27:a5:9e:2d,0,0,,,0,0.0,0,0.0,0.0,,0.0
1785323083.519992,08:00:27:5a:87:bc,0,0,,,0,0.0,0,0.0,0.0,,0.0
1785323083.519992,08:00:27:8a:0d:75,0,0,,,0,0.0,0,0.0,0.0,,0.0
1785323083.519992,08:00:27:a5:9e:2d,0,0,,,0,0.0,0,0.0,0.0,,0.0
1785323093.519992,08:00:27:5a:87:bc,0,0,,,0,0.0,0,0.0,0.0,,0.0
1785323093.519992,08:00:27:8a:0d:75,0,0,,,0,0.0,0,0.0,0.0,,0.0
1785323093.519992,08:00:27:a5:9e:2d,0,0,,,0,0.0,0,0.0,0.0,,0.0
1785323103.519992,08:00:27:5a:87:bc,0,0,,,0,0.0,0,0.0,0.0,,0.0
1785323103.519992,08:00:27:8a:0d:75,0,0,,,0,0.0,0,0.0,0.0,,0.0
1785323103.519992,08:00:27:a5:9e:2d,0,0,,,0,0.0,0,0.0,0.0,,0.0
1785323113.519992,08:00:27:5a:87:bc,0,0,,,0,0.0,0,0.0,0.0,,0.0
1785323113.519992,08:00:27:8a:0d:75,0,0,,,0,0.0,0,0.0,0.0,,0.0
1785323113.519992,08:00:27:a5:9e:2d,0,0,,,0,0.0,0,0.0,0.0,,0.0
1785323123.519992,08:00:27:5a:87:bc,0,0,,,0,0.0,0,0.0,0.0,,0.0
1785323123.519992,08:00:27:8a:0d:75,0,0,,,0,0.0,0,0.0,0.0,,0.0
1785323123.519992,08:00:27:a5:9e:2d,0,0,,,0,0.0,0,0.0,0.0,,0.0
1785323133.519992,08:00:27:5a:87:bc,0,0,,,0,0.0,0,0.0,0.0,,0.0
1785323133.519992,08:00:27:8a:0d:75,0,0,,,0,0.0,0,0.0,0.0,,0.0
1785323133.519992,08:00:27:a5:9e:2d,0,0,,,0,0.0,0,0.0,0.0,,0.0
1785323143.519992,08:00:27:5a:87:bc,0,0,,,0,0.0,0,0.0,0.0,,0.0
1785323143.519992,08:00:27:8a:0d:75,0,0,,,0,0.0,0,0.0,0.0,,0.0
1785323143.519992,08:00:27:a5:9e:2d,0,0,,,0,0.0,0,0.0,0.0,,0.0
1785323153.519992,08:00:27:5a:87:bc,0,0,,,0,0.0,0,0.0,0.0,,0.0
1785323153.519992,08:00:27:8a:0d:75,0,0,,,0,0.0,0,0.0,0.0,,0.0
1785323153.519992,08:00:27:a5:9e:2d,0,0,,,0,0.0,0,0.0,0.0,,0.0
1785323163.519992,08:00:27:5a:87:bc,0,0,,,0,0.0,0,0.0,0.0,,0.0
1785323163.519992,08:00:27:8a:0d:75,0,0,,,0,0.0,0,0.0,0.0,,0.0
1785323163.519992,08:00:27:a5:9e:2d,0,0,,,0,0.0,0,0.0,0.0,,0.0
1785323173.519992,08:00:27:5a:87:bc,0,0,,,0,0.0,0,0.0,0.0,,0.0
1785323173.519992,08:00:27:8a:0d:75,0,0,,,0,0.0,0,0.0,0.0,,0.0
1785323173.519992,08:00:27:a5:9e:2d,0,0,,,0,0.0,0,0.0,0.0,,0.0
1785323183.519992,08:00:27:5a:87:bc,0,0,,,0,0.0,0,0.0,0.0,,0.0
1785323183.519992,08:00:27:8a:0d:75,0,0,,,0,0.0,0,0.0,0.0,,0.0
1785323183.519992,08:00:27:a5:9e:2d,0,0,,,0,0.0,0,0.0,0.0,,0.0
1785323193.519992,08:00:27:5a:87:bc,0,0,,,0,0.0,0,0.0,0.0,,0.0
1785323193.519992,08:00:27:8a:0d:75,0,0,,,0,0.0,0,0.0,0.0,,0.0
1785323193.519992,08:00:27:a5:9e:2d,0,0,,,0,0.0,0,0.0,0.0,,0.0
1785323203.519992,08:00:27:5a:87:bc,0,0,,,0,0.0,0,0.0,0.0,,0.0
1785323203.519992,08:00:27:8a:0d:75,0,0,,,0,0.0,0,0.0,0.0,,0.0
1785323203.519992,08:00:27:a5:9e:2d,0,0,,,0,0.0,0,0.0,0.0,,0.0
1785323213.519992,08:00:27:5a:87:bc,0,0,,,0,0.0,0,0.0,0.0,,0.0
1785323213.519992,08:00:27:8a:0d:75,0,0,,,0,0.0,0,0.0,0.0,,0.0
1785323213.519992,08:00:27:a5:9e:2d,0,0,,,0,0.0,0,0.0,0.0,,0.0
1785323223.519992,08:00:27:5a:87:bc,0,0,,,0,0.0,0,0.0,0.0,,0.0
1785323223.519992,08:00:27:8a:0d:75,0,0,,,0,0.0,0,0.0,0.0,,0.0
1785323223.519992,08:00:27:a5:9e:2d,0,0,,,0,0.0,0,0.0,0.0,,0.0
1785323233.519992,08:00:27:5a:87:bc,0,0,,,0,0.0,0,0.0,0.0,,0.0
1785323233.519992,08:00:27:8a:0d:75,0,0,,,0,0.0,0,0.0,0.0,,0.0
1785323233.519992,08:00:27:a5:9e:2d,0,0,,,0,0.0,0,0.0,0.0,,0.0
1785323243.519992,08:00:27:5a:87:bc,0,0,,,0,0.0,0,0.0,0.0,,0.0
1785323243.519992,08:00:27:8a:0d:75,0,0,,,0,0.0,0,0.0,0.0,,0.0
1785323243.519992,08:00:27:a5:9e:2d,0,0,,,0,0.0,0,0.0,0.0,,0.0
1785323253.519992,08:00:27:5a:87:bc,0,0,,,0,0.0,0,0.0,0.0,,0.0
1785323253.519992,08:00:27:8a:0d:75,0,0,,,0,0.0,0,0.0,0.0,,0.0
1785323253.519992,08:00:27:a5:9e:2d,0,0,,,0,0.0,0,0.0,0.0,,0.0
1785323263.519992,08:00:27:5a:87:bc,0,0,,,0,0.0,0,0.0,0.0,,0.0
1785323263.519992,08:00:27:8a:0d:75,0,0,,,0,0.0,0,0.0,0.0,,0.0
1785323263.519992,08:00:27:a5:9e:2d,0,0,,,0,0.0,0,0.0,0.0,,0.0
1785323273.519992,08:00:27:5a:87:bc,0,0,,,0,0.0,0,0.0,0.0,,0.0
1785323273.519992,08:00:27:8a:0d:75,0,0,,,0,0.0,0,0.0,0.0,,0.0
1785323273.519992,08:00:27:a5:9e:2d,0,0,,,0,0.0,0,0.0,0.0,,0.0
1785323283.519992,08:00:27:5a:87:bc,0,0,,,0,0.0,0,0.0,0.0,,0.0
1785323283.519992,08:00:27:8a:0d:75,0,0,,,0,0.0,0,0.0,0.0,,0.0
1785323283.519992,08:00:27:a5:9e:2d,0,0,,,0,0.0,0,0.0,0.0,,0.0
1785323293.519992,08:00:27:5a:87:bc,0,0,,,0,0.0,0,0.0,0.0,,0.0
1785323293.519992,08:00:27:8a:0d:75,0,0,,,0,0.0,0,0.0,0.0,,0.0
1785323293.519992,08:00:27:a5:9e:2d,0,0,,,0,0.0,0,0.0,0.0,,0.0
1785323303.519992,08:00:27:5a:87:bc,0,0,,,0,0.0,0,0.0,0.0,,0.0
1785323303.519992,08:00:27:8a:0d:75,0,0,,,0,0.0,0,0.0,0.0,,0.0
1785323303.519992,08:00:27:a5:9e:2d,0,0,,,0,0.0,0,0.0,0.0,,0.0
1785323313.519992,08:00:27:5a:87:bc,0,0,,,0,0.0,0,0.0,0.0,,0.0
1785323313.519992,08:00:27:8a:0d:75,0,0,,,0,0.0,0,0.0,0.0,,0.0
1785323313.519992,08:00:27:a5:9e:2d,0,0,,,0,0.0,0,0.0,0.0,,0.0
1785323323.519992,08:00:27:5a:87:bc,0,0,,,0,0.0,0,0.0,0.0,,0.0
1785323323.519992,08:00:27:8a:0d:75,0,0,,,0,0.0,0,0.0,0.0,,0.0
1785323323.519992,08:00:27:a5:9e:2d,0,0,,,0,0.0,0,0.0,0.0,,0.0
1785323333.519992,08:00:27:5a:87:bc,0,0,,,0,0.0,0,0.0,0.0,,0.0
1785323333.519992,08:00:27:8a:0d:75,0,0,,,0,0.0,0,0.0,0.0,,0.0
1785323333.519992,08:00:27:a5:9e:2d,0,0,,,0,0.0,0,0.0,0.0,,0.0
1785323343.519992,08:00:27:5a:87:bc,0,0,,,0,0.0,0,0.0,0.0,,0.0
1785323343.519992,08:00:27:8a:0d:75,0,0,,,0,0.0,0,0.0,0.0,,0.0
1785323343.519992,08:00:27:a5:9e:2d,0,0,,,0,0.0,0,0.0,0.0,,0.0
1785323353.519992,08:00:27:5a:87:bc,0,0,,,0,0.0,0,0.0,0.0,,0.0
1785323353.519992,08:00:27:8a:0d:75,0,0,,,0,0.0,0,0.0,0.0,,0.0
1785323353.519992,08:00:27:a5:9e:2d,0,0,,,0,0.0,0,0.0,0.0,,0.0
1785323363.519992,08:00:27:5a:87:bc,0,0,,,0,0.0,0,0.0,0.0,,0.0
1785323363.519992,08:00:27:8a:0d:75,0,0,,,0,0.0,0,0.0,0.0,,0.0
1785323363.519992,08:00:27:a5:9e:2d,0,0,,,0,0.0,0,0.0,0.0,,0.0
1785323373.519992,08:00:27:5a:87:bc,0,0,,,0,0.0,0,0.0,0.0,,0.0
1785323373.519992,08:00:27:8a:0d:75,0,0,,,0,0.0,0,0.0,0.0,,0.0
1785323373.519992,08:00:27:a5:9e:2d,0,0,,,0,0.0,0,0.0,0.0,,0.0
1785323383.519992,08:00:27:5a:87:bc,0,0,,,0,0.0,0,0.0,0.0,,0.0
1785323383.519992,08:00:27:8a:0d:75,0,0,,,0,0.0,0,0.0,0.0,,0.0
1785323383.519992,08:00:27:a5:9e:2d,0,0,,,0,0.0,0,0.0,0.0,,0.0
1785323393.519992,08:00:27:5a:87:bc,0,0,,,0,0.0,0,0.0,0.0,,0.0
1785323393.519992,08:00:27:8a:0d:75,0,0,,,0,0.0,0,0.0,0.0,,0.0
1785323393.519992,08:00:27:a5:9e:2d,0,0,,,0,0.0,0,0.0,0.0,,0.0
1785323403.519992,08:00:27:5a:87:bc,0,0,,,0,0.0,0,0.0,0.0,,0.0
1785323403.519992,08:00:27:8a:0d:75,0,0,,,0,0.0,0,0.0,0.0,,0.0
1785323403.519992,08:00:27:a5:9e:2d,0,0,,,0,0.0,0,0.0,0.0,,0.0
1785323413.519992,08:00:27:5a:87:bc,0,0,,,0,0.0,0,0.0,0.0,,0.0
1785323413.519992,08:00:27:8a:0d:75,0,0,,,0,0.0,0,0.0,0.0,,0.0
1785323413.519992,08:00:27:a5:9e:2d,0,0,,,0,0.0,0,0.0,0.0,,0.0
1785323423.519992,08:00:27:5a:87:bc,0,0,,,0,0.0,0,0.0,0.0,,0.0
1785323423.519992,08:00:27:8a:0d:75,0,0,,,0,0.0,0,0.0,0.0,,0.0
1785323423.519992,08:00:27:a5:9e:2d,0,0,,,0,0.0,0,0.0,0.0,,0.0
1785323433.519992,08:00:27:5a:87:bc,0,0,,,0,0.0,0,0.0,0.0,,0.0
1785323433.519992,08:00:27:8a:0d:75,0,0,,,0,0.0,0,0.0,0.0,,0.0
1785323433.519992,08:00:27:a5:9e:2d,0,0,,,0,0.0,0,0.0,0.0,,0.0
1785323443.519992,08:00:27:5a:87:bc,0,0,,,0,0.0,0,0.0,0.0,,0.0
1785323443.519992,08:00:27:8a:0d:75,0,0,,,0,0.0,0,0.0,0.0,,0.0
1785323443.519992,08:00:27:a5:9e:2d,0,0,,,0,0.0,0,0.0,0.0,,0.0
1785323453.519992,08:00:27:5a:87:bc,0,0,,,0,0.0,0,0.0,0.0,,0.0
1785323453.519992,08:00:27:8a:0d:75,0,0,,,0,0.0,0,0.0,0.0,,0.0
1785323453.519992,08:00:27:a5:9e:2d,0,0,,,0,0.0,0,0.0,0.0,,0.0
1785323463.519992,08:00:27:5a:87:bc,0,0,,,0,0.0,0,0.0,0.0,,0.0
1785323463.519992,08:00:27:8a:0d:75,0,0,,,0,0.0,0,0.0,0.0,,0.0
1785323463.519992,08:00:27:a5:9e:2d,0,0,,,0,0.0,0,0.0,0.0,,0.0
1785323473.519992,08:00:27:5a:87:bc,0,0,,,0,0.0,0,0.0,0.0,,0.0
1785323473.519992,08:00:27:8a:0d:75,0,0,,,0,0.0,0,0.0,0.0,,0.0
1785323473.519992,08:00:27:a5:9e:2d,0,0,,,0,0.0,0,0.0,0.0,,0.0
1785323483.519992,08:00:27:5a:87:bc,0,0,,,0,0.0,0,0.0,0.0,,0.0
1785323483.519992,08:00:27:8a:0d:75,0,0,,,0,0.0,0,0.0,0.0,,0.0
1785323483.519992,08:00:27:a5:9e:2d,0,0,,,0,0.0,0,0.0,0.0,,0.0
1785323493.519992,08:00:27:5a:87:bc,0,0,,,0,0.0,0,0.0,0.0,,0.0
1785323493.519992,08:00:27:8a:0d:75,0,0,,,0,0.0,0,0.0,0.0,,0.0
1785323493.519992,08:00:27:a5:9e:2d,0,0,,,0,0.0,0,0.0,0.0,,0.0
1785323503.519992,08:00:27:5a:87:bc,0,0,,,0,0.0,0,0.0,0.0,,0.0
1785323503.519992,08:00:27:8a:0d:75,0,0,,,0,0.0,0,0.0,0.0,,0.0
1785323503.519992,08:00:27:a5:9e:2d,0,0,,,0,0.0,0,0.0,0.0,,0.0
1785323513.519992,08:00:27:5a:87:bc,0,0,,,0,0.0,0,0.0,0.0,,0.0
1785323513.519992,08:00:27:8a:0d:75,0,0,,,0,0.0,0,0.0,0.0,,0.0
1785323513.519992,08:00:27:a5:9e:2d,0,0,,,0,0.0,0,0.0,0.0,,0.0
1785323523.519992,08:00:27:5a:87:bc,0,0,,,0,0.0,0,0.0,0.0,,0.0
1785323523.519992,08:00:27:8a:0d:75,0,0,,,0,0.0,0,0.0,0.0,,0.0
1785323523.519992,08:00:27:a5:9e:2d,0,0,,,0,0.0,0,0.0,0.0,,0.0
1785323533.519992,08:00:27:5a:87:bc,0,0,,,0,0.0,0,0.0,0.0,,0.0
1785323533.519992,08:00:27:8a:0d:75,0,0,,,0,0.0,0,0.0,0.0,,0.0
1785323533.519992,08:00:27:a5:9e:2d,0,0,,,0,0.0,0,0.0,0.0,,0.0
1785323543.519992,08:00:27:5a:87:bc,0,0,,,0,0.0,0,0.0,0.0,,0.0
1785323543.519992,08:00:27:8a:0d:75,0,0,,,0,0.0,0,0.0,0.0,,0.0
1785323543.519992,08:00:27:a5:9e:2d,0,0,,,0,0.0,0,0.0,0.0,,0.0
1785323553.519992,08:00:27:5a:87:bc,0,0,,,0,0.0,0,0.0,0.0,,0.0
1785323553.519992,08:00:27:8a:0d:75,0,0,,,0,0.0,0,0.0,0.0,,0.0
1785323553.519992,08:00:27:a5:9e:2d,0,0,,,0,0.0,0,0.0,0.0,,0.0
1785323563.519992,08:00:27:5a:87:bc,0,0,,,0,0.0,0,0.0,0.0,,0.0
1785323563.519992,08:00:27:8a:0d:75,0,0,,,0,0.0,0,0.0,0.0,,0.0
1785323563.519992,08:00:27:a5:9e:2d,0,0,,,0,0.0,0,0.0,0.0,,0.0
1785323573.519992,08:00:27:5a:87:bc,0,0,,,0,0.0,0,0.0,0.0,,0.0
1785323573.519992,08:00:27:8a:0d:75,0,0,,,0,0.0,0,0.0,0.0,,0.0
1785323573.519992,08:00:27:a5:9e:2d,0,0,,,0,0.0,0,0.0,0.0,,0.0
1785323583.519992,08:00:27:5a:87:bc,0,0,,,0,0.0,0,0.0,0.0,,0.0
1785323583.519992,08:00:27:8a:0d:75,0,0,,,0,0.0,0,0.0,0.0,,0.0
1785323583.519992,08:00:27:a5:9e:2d,0,0,,,0,0.0,0,0.0,0.0,,0.0
1785323593.519992,08:00:27:5a:87:bc,0,0,,,0,0.0,0,0.0,0.0,,0.0
1785323593.519992,08:00:27:8a:0d:75,0,0,,,0,0.0,0,0.0,0.0,,0.0
1785323593.519992,08:00:27:a5:9e:2d,0,0,,,0,0.0,0,0.0,0.0,,0.0
1785323603.519992,08:00:27:5a:87:bc,0,0,,,0,0.0,0,0.0,0.0,,0.0
1785323603.519992,08:00:27:8a:0d:75,0,0,,,0,0.0,0,0.0,0.0,,0.0
1785323603.519992,08:00:27:a5:9e:2d,0,0,,,0,0.0,0,0.0,0.0,,0.0
1785323613.519992,08:00:27:5a:87:bc,0,0,,,0,0.0,0,0.0,0.0,,0.0
1785323613.519992,08:00:27:8a:0d:75,0,0,,,0,0.0,0,0.0,0.0,,0.0
1785323613.519992,08:00:27:a5:9e:2d,0,0,,,0,0.0,0,0.0,0.0,,0.0
1785323623.519992,08:00:27:5a:87:bc,0,0,,,0,0.0,0,0.0,0.0,,0.0
1785323623.519992,08:00:27:8a:0d:75,0,0,,,0,0.0,0,0.0,0.0,,0.0
1785323623.519992,08:00:27:a5:9e:2d,0,0,,,0,0.0,0,0.0,0.0,,0.0
1785323633.519992,08:00:27:5a:87:bc,0,0,,,0,0.0,0,0.0,0.0,,0.0
1785323633.519992,08:00:27:8a:0d:75,0,0,,,0,0.0,0,0.0,0.0,,0.0
1785323633.519992,08:00:27:a5:9e:2d,0,0,,,0,0.0,0,0.0,0.0,,0.0
1785323643.519992,08:00:27:5a:87:bc,0,0,,,0,0.0,0,0.0,0.0,,0.0
1785323643.519992,08:00:27:8a:0d:75,0,0,,,0,0.0,0,0.0,0.0,,0.0
1785323643.519992,08:00:27:a5:9e:2d,0,0,,,0,0.0,0,0.0,0.0,,0.0
1785323653.519992,08:00:27:5a:87:bc,0,0,,,0,0.0,0,0.0,0.0,,0.0
1785323653.519992,08:00:27:8a:0d:75,0,0,,,0,0.0,0,0.0,0.0,,0.0
1785323653.519992,08:00:27:a5:9e:2d,0,0,,,0,0.0,0,0.0,0.0,,0.0
1785323663.519992,08:00:27:5a:87:bc,0,0,,,0,0.0,0,0.0,0.0,,0.0
1785323663.519992,08:00:27:8a:0d:75,0,0,,,0,0.0,0,0.0,0.0,,0.0
1785323663.519992,08:00:27:a5:9e:2d,0,0,,,0,0.0,0,0.0,0.0,,0.0
1785323673.519992,08:00:27:5a:87:bc,0,0,,,0,0.0,0,0.0,0.0,,0.0
1785323673.519992,08:00:27:8a:0d:75,0,0,,,0,0.0,0,0.0,0.0,,0.0
1785323673.519992,08:00:27:a5:9e:2d,0,0,,,0,0.0,0,0.0,0.0,,0.0
1785323683.519992,08:00:27:5a:87:bc,0,0,,,0,0.0,0,0.0,0.0,,0.0
1785323683.519992,08:00:27:8a:0d:75,0,0,,,0,0.0,0,0.0,0.0,,0.0
1785323683.519992,08:00:27:a5:9e:2d,0,0,,,0,0.0,0,0.0,0.0,,0.0
1785323693.519992,08:00:27:5a:87:bc,0,0,,,0,0.0,0,0.0,0.0,,0.0
1785323693.519992,08:00:27:8a:0d:75,0,0,,,0,0.0,0,0.0,0.0,,0.0
1785323693.519992,08:00:27:a5:9e:2d,0,0,,,0,0.0,0,0.0,0.0,,0.0
1785323703.519992,08:00:27:5a:87:bc,0,0,,,0,0.0,0,0.0,0.0,,0.0
1785323703.519992,08:00:27:8a:0d:75,0,0,,,0,0.0,0,0.0,0.0,,0.0
1785323703.519992,08:00:27:a5:9e:2d,0,0,,,0,0.0,0,0.0,0.0,,0.0
1785323713.519992,08:00:27:5a:87:bc,0,0,,,0,0.0,0,0.0,0.0,,0.0
1785323713.519992,08:00:27:8a:0d:75,0,0,,,0,0.0,0,0.0,0.0,,0.0
1785323713.519992,08:00:27:a5:9e:2d,0,0,,,0,0.0,0,0.0,0.0,,0.0
1785323723.519992,08:00:27:5a:87:bc,0,0,,,0,0.0,0,0.0,0.0,,0.0
1785323723.519992,08:00:27:8a:0d:75,0,0,,,0,0.0,0,0.0,0.0,,0.0
1785323723.519992,08:00:27:a5:9e:2d,0,0,,,0,0.0,0,0.0,0.0,,0.0
1785323733.519992,08:00:27:5a:87:bc,0,0,,,0,0.0,0,0.0,0.0,,0.0
1785323733.519992,08:00:27:8a:0d:75,0,0,,,0,0.0,0,0.0,0.0,,0.0
1785323733.519992,08:00:27:a5:9e:2d,0,0,,,0,0.0,0,0.0,0.0,,0.0
1785323743.519992,08:00:27:5a:87:bc,0,0,,,0,0.0,0,0.0,0.0,,0.0
1785323743.519992,08:00:27:8a:0d:75,0,0,,,0,0.0,0,0.0,0.0,,0.0
1785323743.519992,08:00:27:a5:9e:2d,0,0,,,0,0.0,0,0.0,0.0,,0.0
1785323753.519992,08:00:27:5a:87:bc,0,0,,,0,0.0,0,0.0,0.0,,0.0
1785323753.519992,08:00:27:8a:0d:75,0,0,,,0,0.0,0,0.0,0.0,,0.0
1785323753.519992,08:00:27:a5:9e:2d,0,0,,,0,0.0,0,0.0,0.0,,0.0
1785323763.519992,08:00:27:5a:87:bc,0,0,,,0,0.0,0,0.0,0.0,,0.0
1785323763.519992,08:00:27:8a:0d:75,0,0,,,0,0.0,0,0.0,0.0,,0.0
1785323763.519992,08:00:27:a5:9e:2d,0,0,,,0,0.0,0,0.0,0.0,,0.0
1785323773.519992,08:00:27:5a:87:bc,0,0,,,0,0.0,0,0.0,0.0,,0.0
1785323773.519992,08:00:27:8a:0d:75,0,0,,,0,0.0,0,0.0,0.0,,0.0
1785323773.519992,08:00:27:a5:9e:2d,0,0,,,0,0.0,0,0.0,0.0,,0.0
1785323783.519992,08:00:27:5a:87:bc,0,0,,,0,0.0,0,0.0,0.0,,0.0
1785323783.519992,08:00:27:8a:0d:75,0,0,,,0,0.0,0,0.0,0.0,,0.0
1785323783.519992,08:00:27:a5:9e:2d,0,0,,,0,0.0,0,0.0,0.0,,0.0
1785323793.519992,08:00:27:5a:87:bc,0,0,,,0,0.0,0,0.0,0.0,,0.0
1785323793.519992,08:00:27:8a:0d:75,0,0,,,0,0.0,0,0.0,0.0,,0.0
1785323793.519992,08:00:27:a5:9e:2d,0,0,,,0,0.0,0,0.0,0.0,,0.0
1785323803.519992,08:00:27:5a:87:bc,0,0,,,0,0.0,0,0.0,0.0,,0.0
1785323803.519992,08:00:27:8a:0d:75,0,0,,,0,0.0,0,0.0,0.0,,0.0
1785323803.519992,08:00:27:a5:9e:2d,0,0,,,0,0.0,0,0.0,0.0,,0.0
1785323813.519992,08:00:27:5a:87:bc,0,0,,,0,0.0,0,0.0,0.0,,0.0
1785323813.519992,08:00:27:8a:0d:75,0,0,,,0,0.0,0,0.0,0.0,,0.0
1785323813.519992,08:00:27:a5:9e:2d,0,0,,,0,0.0,0,0.0,0.0,,0.0
1785323823.519992,08:00:27:5a:87:bc,0,0,,,0,0.0,0,0.0,0.0,,0.0
1785323823.519992,08:00:27:8a:0d:75,0,0,,,0,0.0,0,0.0,0.0,,0.0
1785323823.519992,08:00:27:a5:9e:2d,0,0,,,0,0.0,0,0.0,0.0,,0.0
1785323833.519992,08:00:27:5a:87:bc,0,0,,,0,0.0,0,0.0,0.0,,0.0
1785323833.519992,08:00:27:8a:0d:75,0,0,,,0,0.0,0,0.0,0.0,,0.0
1785323833.519992,08:00:27:a5:9e:2d,0,0,,,0,0.0,0,0.0,0.0,,0.0
1785323843.519992,08:00:27:5a:87:bc,0,0,,,0,0.0,0,0.0,0.0,,0.0
1785323843.519992,08:00:27:8a:0d:75,0,0,,,0,0.0,0,0.0,0.0,,0.0
1785323843.519992,08:00:27:a5:9e:2d,0,0,,,0,0.0,0,0.0,0.0,,0.0
1785323853.519992,08:00:27:5a:87:bc,0,0,,,0,0.0,0,0.0,0.0,,0.0
1785323853.519992,08:00:27:8a:0d:75,0,0,,,0,0.0,0,0.0,0.0,,0.0
1785323853.519992,08:00:27:a5:9e:2d,0,0,,,0,0.0,0,0.0,0.0,,0.0
1785323863.519992,08:00:27:5a:87:bc,0,0,,,0,0.0,0,0.0,0.0,,0.0
1785323863.519992,08:00:27:8a:0d:75,0,0,,,0,0.0,0,0.0,0.0,,0.0
1785323863.519992,08:00:27:a5:9e:2d,0,0,,,0,0.0,0,0.0,0.0,,0.0
1785323873.519992,08:00:27:5a:87:bc,0,0,,,0,0.0,0,0.0,0.0,,0.0
1785323873.519992,08:00:27:8a:0d:75,0,0,,,0,0.0,0,0.0,0.0,,0.0
1785323873.519992,08:00:27:a5:9e:2d,0,0,,,0,0.0,0,0.0,0.0,,0.0
1785323883.519992,08:00:27:5a:87:bc,0,0,,,0,0.0,0,0.0,0.0,,0.0
1785323883.519992,08:00:27:8a:0d:75,0,0,,,0,0.0,0,0.0,0.0,,0.0
1785323883.519992,08:00:27:a5:9e:2d,0,0,,,0,0.0,0,0.0,0.0,,0.0
1785323893.519992,08:00:27:5a:87:bc,0,0,,,0,0.0,0,0.0,0.0,,0.0
1785323893.519992,08:00:27:8a:0d:75,0,0,,,0,0.0,0,0.0,0.0,,0.0
1785323893.519992,08:00:27:a5:9e:2d,0,0,,,0,0.0,0,0.0,0.0,,0.0
1785323903.519992,08:00:27:5a:87:bc,0,0,,,0,0.0,0,0.0,0.0,,0.0
1785323903.519992,08:00:27:8a:0d:75,0,0,,,0,0.0,0,0.0,0.0,,0.0
1785323903.519992,08:00:27:a5:9e:2d,0,0,,,0,0.0,0,0.0,0.0,,0.0
1785323913.519992,08:00:27:5a:87:bc,0,0,,,0,0.0,0,0.0,0.0,,0.0
1785323913.519992,08:00:27:8a:0d:75,0,0,,,0,0.0,0,0.0,0.0,,0.0
1785323913.519992,08:00:27:a5:9e:2d,0,0,,,0,0.0,0,0.0,0.0,,0.0
1785323923.519992,08:00:27:5a:87:bc,0,0,,,0,0.0,0,0.0,0.0,,0.0
1785323923.519992,08:00:27:8a:0d:75,0,0,,,0,0.0,0,0.0,0.0,,0.0
1785323923.519992,08:00:27:a5:9e:2d,0,0,,,0,0.0,0,0.0,0.0,,0.0
1785323933.519992,08:00:27:5a:87:bc,0,0,,,0,0.0,0,0.0,0.0,,0.0
1785323933.519992,08:00:27:8a:0d:75,0,0,,,0,0.0,0,0.0,0.0,,0.0
1785323933.519992,08:00:27:a5:9e:2d,0,0,,,0,0.0,0,0.0,0.0,,0.0
1785323943.519992,08:00:27:5a:87:bc,0,0,,,0,0.0,0,0.0,0.0,,0.0
1785323943.519992,08:00:27:8a:0d:75,0,0,,,0,0.0,0,0.0,0.0,,0.0
1785323943.519992,08:00:27:a5:9e:2d,0,0,,,0,0.0,0,0.0,0.0,,0.0
1785323953.519992,08:00:27:5a:87:bc,0,0,,,0,0.0,0,0.0,0.0,,0.0
1785323953.519992,08:00:27:8a:0d:75,0,0,,,0,0.0,0,0.0,0.0,,0.0
1785323953.519992,08:00:27:a5:9e:2d,0,0,,,0,0.0,0,0.0,0.0,,0.0
1785323963.519992,08:00:27:5a:87:bc,0,0,,,0,0.0,0,0.0,0.0,,0.0
1785323963.519992,08:00:27:8a:0d:75,0,0,,,0,0.0,0,0.0,0.0,,0.0
1785323963.519992,08:00:27:a5:9e:2d,0,0,,,0,0.0,0,0.0,0.0,,0.0
1785323973.519992,08:00:27:5a:87:bc,0,0,,,0,0.0,0,0.0,0.0,,0.0
1785323973.519992,08:00:27:8a:0d:75,0,0,,,0,0.0,0,0.0,0.0,,0.0
1785323973.519992,08:00:27:a5:9e:2d,0,0,,,0,0.0,0,0.0,0.0,,0.0
1785323983.519992,08:00:27:5a:87:bc,0,0,,,0,0.0,0,0.0,0.0,,0.0
1785323983.519992,08:00:27:8a:0d:75,0,0,,,0,0.0,0,0.0,0.0,,0.0
1785323983.519992,08:00:27:a5:9e:2d,0,0,,,0,0.0,0,0.0,0.0,,0.0
1785323993.519992,08:00:27:5a:87:bc,0,0,,,0,0.0,0,0.0,0.0,,0.0
1785323993.519992,08:00:27:8a:0d:75,0,0,,,0,0.0,0,0.0,0.0,,0.0
1785323993.519992,08:00:27:a5:9e:2d,0,0,,,0,0.0,0,0.0,0.0,,0.0
1785324003.519992,08:00:27:5a:87:bc,0,0,,,0,0.0,0,0.0,0.0,,0.0
1785324003.519992,08:00:27:8a:0d:75,0,0,,,0,0.0,0,0.0,0.0,,0.0
1785324003.519992,08:00:27:a5:9e:2d,0,0,,,0,0.0,0,0.0,0.0,,0.0
1785324013.519992,08:00:27:5a:87:bc,0,0,,,0,0.0,0,0.0,0.0,,0.0
1785324013.519992,08:00:27:8a:0d:75,0,0,,,0,0.0,0,0.0,0.0,,0.0
1785324013.519992,08:00:27:a5:9e:2d,0,0,,,0,0.0,0,0.0,0.0,,0.0
1785324023.519992,08:00:27:5a:87:bc,0,0,,,0,0.0,0,0.0,0.0,,0.0
1785324023.519992,08:00:27:8a:0d:75,0,0,,,0,0.0,0,0.0,0.0,,0.0
1785324023.519992,08:00:27:a5:9e:2d,0,0,,,0,0.0,0,0.0,0.0,,0.0
1785324033.519992,08:00:27:5a:87:bc,0,0,,,0,0.0,0,0.0,0.0,,0.0
1785324033.519992,08:00:27:8a:0d:75,0,0,,,0,0.0,0,0.0,0.0,,0.0
1785324033.519992,08:00:27:a5:9e:2d,0,0,,,0,0.0,0,0.0,0.0,,0.0
1785324043.519992,08:00:27:5a:87:bc,0,0,,,0,0.0,0,0.0,0.0,,0.0
1785324043.519992,08:00:27:8a:0d:75,0,0,,,0,0.0,0,0.0,0.0,,0.0
1785324043.519992,08:00:27:a5:9e:2d,0,0,,,0,0.0,0,0.0,0.0,,0.0
1785324053.519992,08:00:27:5a:87:bc,0,0,,,0,0.0,0,0.0,0.0,,0.0
1785324053.519992,08:00:27:8a:0d:75,0,0,,,0,0.0,0,0.0,0.0,,0.0
1785324053.519992,08:00:27:a5:9e:2d,0,0,,,0,0.0,0,0.0,0.0,,0.0
1785324063.519992,08:00:27:5a:87:bc,0,0,,,0,0.0,0,0.0,0.0,,0.0
1785324063.519992,08:00:27:8a:0d:75,0,0,,,0,0.0,0,0.0,0.0,,0.0
1785324063.519992,08:00:27:a5:9e:2d,0,0,,,0,0.0,0,0.0,0.0,,0.0
1785324073.519992,08:00:27:5a:87:bc,0,0,,,0,0.0,0,0.0,0.0,,0.0
1785324073.519992,08:00:27:8a:0d:75,0,0,,,0,0.0,0,0.0,0.0,,0.0
1785324073.519992,08:00:27:a5:9e:2d,0,0,,,0,0.0,0,0.0,0.0,,0.0
1785324083.519992,08:00:27:5a:87:bc,0,0,,,0,0.0,0,0.0,0.0,,0.0
1785324083.519992,08:00:27:8a:0d:75,0,0,,,0,0.0,0,0.0,0.0,,0.0
1785324083.519992,08:00:27:a5:9e:2d,0,0,,,0,0.0,0,0.0,0.0,,0.0
1785324093.519992,08:00:27:5a:87:bc,0,0,,,0,0.0,0,0.0,0.0,,0.0
1785324093.519992,08:00:27:8a:0d:75,0,0,,,0,0.0,0,0.0,0.0,,0.0
1785324093.519992,08:00:27:a5:9e:2d,0,0,,,0,0.0,0,0.0,0.0,,0.0
1785324103.519992,08:00:27:5a:87:bc,0,0,,,0,0.0,0,0.0,0.0,,0.0
1785324103.519992,08:00:27:8a:0d:75,0,0,,,0,0.0,0,0.0,0.0,,0.0
1785324103.519992,08:00:27:a5:9e:2d,0,0,,,0,0.0,0,0.0,0.0,,0.0
1785324113.519992,08:00:27:5a:87:bc,0,0,,,0,0.0,0,0.0,0.0,,0.0
1785324113.519992,08:00:27:8a:0d:75,0,0,,,0,0.0,0,0.0,0.0,,0.0
1785324113.519992,08:00:27:a5:9e:2d,0,0,,,0,0.0,0,0.0,0.0,,0.0
1785324123.519992,08:00:27:5a:87:bc,0,0,,,0,0.0,0,0.0,0.0,,0.0
1785324123.519992,08:00:27:8a:0d:75,0,0,,,0,0.0,0,0.0,0.0,,0.0
1785324123.519992,08:00:27:a5:9e:2d,0,0,,,0,0.0,0,0.0,0.0,,0.0
1785324133.519992,08:00:27:5a:87:bc,0,0,,,0,0.0,0,0.0,0.0,,0.0
1785324133.519992,08:00:27:8a:0d:75,0,0,,,0,0.0,0,0.0,0.0,,0.0
1785324133.519992,08:00:27:a5:9e:2d,0,0,,,0,0.0,0,0.0,0.0,,0.0
1785324143.519992,08:00:27:5a:87:bc,0,0,,,0,0.0,0,0.0,0.0,,0.0
1785324143.519992,08:00:27:8a:0d:75,0,0,,,0,0.0,0,0.0,0.0,,0.0
1785324143.519992,08:00:27:a5:9e:2d,0,0,,,0,0.0,0,0.0,0.0,,0.0
1785324153.519992,08:00:27:5a:87:bc,0,0,,,0,0.0,0,0.0,0.0,,0.0
1785324153.519992,08:00:27:8a:0d:75,0,0,,,0,0.0,0,0.0,0.0,,0.0
1785324153.519992,08:00:27:a5:9e:2d,0,0,,,0,0.0,0,0.0,0.0,,0.0
1785324163.519992,08:00:27:5a:87:bc,0,0,,,0,0.0,0,0.0,0.0,,0.0
1785324163.519992,08:00:27:8a:0d:75,0,0,,,0,0.0,0,0.0,0.0,,0.0
1785324163.519992,08:00:27:a5:9e:2d,0,0,,,0,0.0,0,0.0,0.0,,0.0
1785324173.519992,08:00:27:5a:87:bc,0,0,,,0,0.0,0,0.0,0.0,,0.0
1785324173.519992,08:00:27:8a:0d:75,0,0,,,0,0.0,0,0.0,0.0,,0.0
1785324173.519992,08:00:27:a5:9e:2d,0,0,,,0,0.0,0,0.0,0.0,,0.0
1785324183.519992,08:00:27:5a:87:bc,0,0,,,0,0.0,0,0.0,0.0,,0.0
1785324183.519992,08:00:27:8a:0d:75,0,0,,,0,0.0,0,0.0,0.0,,0.0
1785324183.519992,08:00:27:a5:9e:2d,0,0,,,0,0.0,0,0.0,0.0,,0.0
1785324193.519992,08:00:27:5a:87:bc,0,0,,,0,0.0,0,0.0,0.0,,0.0
1785324193.519992,08:00:27:8a:0d:75,0,0,,,0,0.0,0,0.0,0.0,,0.0
1785324193.519992,08:00:27:a5:9e:2d,0,0,,,0,0.0,0,0.0,0.0,,0.0
1785324203.519992,08:00:27:5a:87:bc,0,0,,,0,0.0,0,0.0,0.0,,0.0
1785324203.519992,08:00:27:8a:0d:75,0,0,,,0,0.0,0,0.0,0.0,,0.0
1785324203.519992,08:00:27:a5:9e:2d,0,0,,,0,0.0,0,0.0,0.0,,0.0
1785324213.519992,08:00:27:5a:87:bc,0,0,,,0,0.0,0,0.0,0.0,,0.0
1785324213.519992,08:00:27:8a:0d:75,0,0,,,0,0.0,0,0.0,0.0,,0.0
1785324213.519992,08:00:27:a5:9e:2d,0,0,,,0,0.0,0,0.0,0.0,,0.0
1785324223.519992,08:00:27:5a:87:bc,0,0,,,0,0.0,0,0.0,0.0,,0.0
1785324223.519992,08:00:27:8a:0d:75,0,0,,,0,0.0,0,0.0,0.0,,0.0
1785324223.519992,08:00:27:a5:9e:2d,0,0,,,0,0.0,0,0.0,0.0,,0.0
1785324233.519992,08:00:27:5a:87:bc,0,0,,,0,0.0,0,0.0,0.0,,0.0
1785324233.519992,08:00:27:8a:0d:75,0,0,,,0,0.0,0,0.0,0.0,,0.0
1785324233.519992,08:00:27:a5:9e:2d,0,0,,,0,0.0,0,0.0,0.0,,0.0
1785324243.519992,08:00:27:5a:87:bc,0,0,,,0,0.0,0,0.0,0.0,,0.0
1785324243.519992,08:00:27:8a:0d:75,0,0,,,0,0.0,0,0.0,0.0,,0.0
1785324243.519992,08:00:27:a5:9e:2d,0,0,,,0,0.0,0,0.0,0.0,,0.0
1785324253.519992,08:00:27:5a:87:bc,0,0,,,0,0.0,0,0.0,0.0,,0.0
1785324253.519992,08:00:27:8a:0d:75,0,0,,,0,0.0,0,0.0,0.0,,0.0
1785324253.519992,08:00:27:a5:9e:2d,0,0,,,0,0.0,0,0.0,0.0,,0.0
1785324263.519992,08:00:27:5a:87:bc,0,0,,,0,0.0,0,0.0,0.0,,0.0
1785324263.519992,08:00:27:8a:0d:75,0,0,,,0,0.0,0,0.0,0.0,,0.0
1785324263.519992,08:00:27:a5:9e:2d,0,0,,,0,0.0,0,0.0,0.0,,0.0
1785324273.519992,08:00:27:5a:87:bc,0,0,,,0,0.0,0,0.0,0.0,,0.0
1785324273.519992,08:00:27:8a:0d:75,0,0,,,0,0.0,0,0.0,0.0,,0.0
1785324273.519992,08:00:27:a5:9e:2d,0,0,,,0,0.0,0,0.0,0.0,,0.0
1785324283.519992,08:00:27:5a:87:bc,0,0,,,0,0.0,0,0.0,0.0,,0.0
1785324283.519992,08:00:27:8a:0d:75,0,0,,,0,0.0,0,0.0,0.0,,0.0
1785324283.519992,08:00:27:a5:9e:2d,0,0,,,0,0.0,0,0.0,0.0,,0.0
1785324293.519992,08:00:27:5a:87:bc,0,0,,,0,0.0,0,0.0,0.0,,0.0
1785324293.519992,08:00:27:8a:0d:75,0,0,,,0,0.0,0,0.0,0.0,,0.0
1785324293.519992,08:00:27:a5:9e:2d,0,0,,,0,0.0,0,0.0,0.0,,0.0
1785324303.519992,08:00:27:5a:87:bc,0,0,,,0,0.0,0,0.0,0.0,,0.0
1785324303.519992,08:00:27:8a:0d:75,0,0,,,0,0.0,0,0.0,0.0,,0.0
1785324303.519992,08:00:27:a5:9e:2d,0,0,,,0,0.0,0,0.0,0.0,,0.0
1785324313.519992,08:00:27:5a:87:bc,0,0,,,0,0.0,0,0.0,0.0,,0.0
1785324313.519992,08:00:27:8a:0d:75,0,0,,,0,0.0,0,0.0,0.0,,0.0
1785324313.519992,08:00:27:a5:9e:2d,0,0,,,0,0.0,0,0.0,0.0,,0.0
1785324323.519992,08:00:27:5a:87:bc,0,0,,,0,0.0,0,0.0,0.0,,0.0
1785324323.519992,08:00:27:8a:0d:75,0,0,,,0,0.0,0,0.0,0.0,,0.0
1785324323.519992,08:00:27:a5:9e:2d,0,0,,,0,0.0,0,0.0,0.0,,0.0
1785324333.519992,08:00:27:5a:87:bc,0,0,,,0,0.0,0,0.0,0.0,,0.0
1785324333.519992,08:00:27:8a:0d:75,0,0,,,0,0.0,0,0.0,0.0,,0.0
1785324333.519992,08:00:27:a5:9e:2d,0,0,,,0,0.0,0,0.0,0.0,,0.0
1785324343.519992,08:00:27:5a:87:bc,0,0,,,0,0.0,0,0.0,0.0,,0.0
1785324343.519992,08:00:27:8a:0d:75,0,0,,,0,0.0,0,0.0,0.0,,0.0
1785324343.519992,08:00:27:a5:9e:2d,0,0,,,0,0.0,0,0.0,0.0,,0.0
1785324353.519992,08:00:27:5a:87:bc,0,0,,,0,0.0,0,0.0,0.0,,0.0
1785324353.519992,08:00:27:8a:0d:75,0,0,,,0,0.0,0,0.0,0.0,,0.0
1785324353.519992,08:00:27:a5:9e:2d,0,0,,,0,0.0,0,0.0,0.0,,0.0
1785324363.519992,08:00:27:5a:87:bc,0,0,,,0,0.0,0,0.0,0.0,,0.0
1785324363.519992,08:00:27:8a:0d:75,0,0,,,0,0.0,0,0.0,0.0,,0.0
1785324363.519992,08:00:27:a5:9e:2d,0,0,,,0,0.0,0,0.0,0.0,,0.0
1785324373.519992,08:00:27:5a:87:bc,0,0,,,0,0.0,0,0.0,0.0,,0.0
1785324373.519992,08:00:27:8a:0d:75,0,0,,,0,0.0,0,0.0,0.0,,0.0
1785324373.519992,08:00:27:a5:9e:2d,0,0,,,0,0.0,0,0.0,0.0,,0.0
1785324383.519992,08:00:27:5a:87:bc,0,0,,,0,0.0,0,0.0,0.0,,0.0
1785324383.519992,08:00:27:8a:0d:75,0,0,,,0,0.0,0,0.0,0.0,,0.0
1785324383.519992,08:00:27:a5:9e:2d,0,0,,,0,0.0,0,0.0,0.0,,0.0
1785324393.519992,08:00:27:5a:87:bc,0,0,,,0,0.0,0,0.0,0.0,,0.0
1785324393.519992,08:00:27:8a:0d:75,0,0,,,0,0.0,0,0.0,0.0,,0.0
1785324393.519992,08:00:27:a5:9e:2d,0,0,,,0,0.0,0,0.0,0.0,,0.0
1785324403.519992,08:00:27:5a:87:bc,0,0,,,0,0.0,0,0.0,0.0,,0.0
1785324403.519992,08:00:27:8a:0d:75,0,0,,,0,0.0,0,0.0,0.0,,0.0
1785324403.519992,08:00:27:a5:9e:2d,0,0,,,0,0.0,0,0.0,0.0,,0.0
1785324413.519992,08:00:27:5a:87:bc,0,0,,,0,0.0,0,0.0,0.0,,0.0
1785324413.519992,08:00:27:8a:0d:75,0,0,,,0,0.0,0,0.0,0.0,,0.0
1785324413.519992,08:00:27:a5:9e:2d,0,0,,,0,0.0,0,0.0,0.0,,0.0
1785324423.519992,08:00:27:5a:87:bc,0,0,,,0,0.0,0,0.0,0.0,,0.0
1785324423.519992,08:00:27:8a:0d:75,0,0,,,0,0.0,0,0.0,0.0,,0.0
1785324423.519992,08:00:27:a5:9e:2d,0,0,,,0,0.0,0,0.0,0.0,,0.0
1785324433.519992,08:00:27:5a:87:bc,0,0,,,0,0.0,0,0.0,0.0,,0.0
1785324433.519992,08:00:27:8a:0d:75,0,0,,,0,0.0,0,0.0,0.0,,0.0
1785324433.519992,08:00:27:a5:9e:2d,0,0,,,0,0.0,0,0.0,0.0,,0.0
1785324443.519992,08:00:27:5a:87:bc,0,0,,,0,0.0,0,0.0,0.0,,0.0
1785324443.519992,08:00:27:8a:0d:75,0,0,,,0,0.0,0,0.0,0.0,,0.0
1785324443.519992,08:00:27:a5:9e:2d,0,0,,,0,0.0,0,0.0,0.0,,0.0
1785324453.519992,08:00:27:5a:87:bc,0,0,,,0,0.0,0,0.0,0.0,,0.0
1785324453.519992,08:00:27:8a:0d:75,0,0,,,0,0.0,0,0.0,0.0,,0.0
1785324453.519992,08:00:27:a5:9e:2d,0,0,,,0,0.0,0,0.0,0.0,,0.0
1785324463.519992,08:00:27:5a:87:bc,0,0,,,0,0.0,0,0.0,0.0,,0.0
1785324463.519992,08:00:27:8a:0d:75,0,0,,,0,0.0,0,0.0,0.0,,0.0
1785324463.519992,08:00:27:a5:9e:2d,0,0,,,0,0.0,0,0.0,0.0,,0.0
1785324473.519992,08:00:27:5a:87:bc,0,0,,,0,0.0,0,0.0,0.0,,0.0
1785324473.519992,08:00:27:8a:0d:75,0,0,,,0,0.0,0,0.0,0.0,,0.0
1785324473.519992,08:00:27:a5:9e:2d,0,0,,,0,0.0,0,0.0,0.0,,0.0
1785324483.519992,08:00:27:5a:87:bc,0,0,,,0,0.0,0,0.0,0.0,,0.0
1785324483.519992,08:00:27:8a:0d:75,0,0,,,0,0.0,0,0.0,0.0,,0.0
1785324483.519992,08:00:27:a5:9e:2d,0,0,,,0,0.0,0,0.0,0.0,,0.0
1785324493.519992,08:00:27:5a:87:bc,0,0,,,0,0.0,0,0.0,0.0,,0.0
1785324493.519992,08:00:27:8a:0d:75,0,0,,,0,0.0,0,0.0,0.0,,0.0
1785324493.519992,08:00:27:a5:9e:2d,0,0,,,0,0.0,0,0.0,0.0,,0.0
1785324503.519992,08:00:27:5a:87:bc,0,0,,,0,0.0,0,0.0,0.0,,0.0
1785324503.519992,08:00:27:8a:0d:75,0,0,,,0,0.0,0,0.0,0.0,,0.0
1785324503.519992,08:00:27:a5:9e:2d,0,0,,,0,0.0,0,0.0,0.0,,0.0
1785324513.519992,08:00:27:5a:87:bc,0,0,,,0,0.0,0,0.0,0.0,,0.0
1785324513.519992,08:00:27:8a:0d:75,0,0,,,0,0.0,0,0.0,0.0,,0.0
1785324513.519992,08:00:27:a5:9e:2d,0,0,,,0,0.0,0,0.0,0.0,,0.0
1785324523.519992,08:00:27:5a:87:bc,0,0,,,0,0.0,0,0.0,0.0,,0.0
1785324523.519992,08:00:27:8a:0d:75,0,0,,,0,0.0,0,0.0,0.0,,0.0
1785324523.519992,08:00:27:a5:9e:2d,0,0,,,0,0.0,0,0.0,0.0,,0.0
1785324533.519992,08:00:27:5a:87:bc,0,0,,,0,0.0,0,0.0,0.0,,0.0
1785324533.519992,08:00:27:8a:0d:75,0,0,,,0,0.0,0,0.0,0.0,,0.0
1785324533.519992,08:00:27:a5:9e:2d,0,0,,,0,0.0,0,0.0,0.0,,0.0
1785324543.519992,08:00:27:5a:87:bc,0,0,,,0,0.0,0,0.0,0.0,,0.0
1785324543.519992,08:00:27:8a:0d:75,0,0,,,0,0.0,0,0.0,0.0,,0.0
1785324543.519992,08:00:27:a5:9e:2d,0,0,,,0,0.0,0,0.0,0.0,,0.0
1785324553.519992,08:00:27:5a:87:bc,0,0,,,0,0.0,0,0.0,0.0,,0.0
1785324553.519992,08:00:27:8a:0d:75,0,0,,,0,0.0,0,0.0,0.0,,0.0
1785324553.519992,08:00:27:a5:9e:2d,0,0,,,0,0.0,0,0.0,0.0,,0.0
1785324563.519992,08:00:27:5a:87:bc,0,0,,,0,0.0,0,0.0,0.0,,0.0
1785324563.519992,08:00:27:8a:0d:75,0,0,,,0,0.0,0,0.0,0.0,,0.0
1785324563.519992,08:00:27:a5:9e:2d,0,0,,,0,0.0,0,0.0,0.0,,0.0
1785324573.519992,08:00:27:5a:87:bc,0,0,,,0,0.0,0,0.0,0.0,,0.0
1785324573.519992,08:00:27:8a:0d:75,0,0,,,0,0.0,0,0.0,0.0,,0.0
1785324573.519992,08:00:27:a5:9e:2d,0,0,,,0,0.0,0,0.0,0.0,,0.0
1785324583.519992,08:00:27:5a:87:bc,0,0,,,0,0.0,0,0.0,0.0,,0.0
1785324583.519992,08:00:27:8a:0d:75,0,0,,,0,0.0,0,0.0,0.0,,0.0
1785324583.519992,08:00:27:a5:9e:2d,0,0,,,0,0.0,0,0.0,0.0,,0.0
1785324593.519992,08:00:27:5a:87:bc,0,0,,,0,0.0,0,0.0,0.0,,0.0
1785324593.519992,08:00:27:8a:0d:75,0,0,,,0,0.0,0,0.0,0.0,,0.0
1785324593.519992,08:00:27:a5:9e:2d,0,0,,,0,0.0,0,0.0,0.0,,0.0
1785324603.519992,08:00:27:5a:87:bc,0,0,,,0,0.0,0,0.0,0.0,,0.0
1785324603.519992,08:00:27:8a:0d:75,0,0,,,0,0.0,0,0.0,0.0,,0.0
1785324603.519992,08:00:27:a5:9e:2d,0,0,,,0,0.0,0,0.0,0.0,,0.0
1785324613.519992,08:00:27:5a:87:bc,0,0,,,0,0.0,0,0.0,0.0,,0.0
1785324613.519992,08:00:27:8a:0d:75,0,0,,,0,0.0,0,0.0,0.0,,0.0
1785324613.519992,08:00:27:a5:9e:2d,0,0,,,0,0.0,0,0.0,0.0,,0.0
1785324623.519992,08:00:27:5a:87:bc,0,0,,,0,0.0,0,0.0,0.0,,0.0
1785324623.519992,08:00:27:8a:0d:75,0,0,,,0,0.0,0,0.0,0.0,,0.0
1785324623.519992,08:00:27:a5:9e:2d,0,0,,,0,0.0,0,0.0,0.0,,0.0
1785324633.519992,08:00:27:5a:87:bc,0,0,,,0,0.0,0,0.0,0.0,,0.0
1785324633.519992,08:00:27:8a:0d:75,0,0,,,0,0.0,0,0.0,0.0,,0.0
1785324633.519992,08:00:27:a5:9e:2d,0,0,,,0,0.0,0,0.0,0.0,,0.0
1785324643.519992,08:00:27:5a:87:bc,0,0,,,0,0.0,0,0.0,0.0,,0.0
1785324643.519992,08:00:27:8a:0d:75,0,0,,,0,0.0,0,0.0,0.0,,0.0
1785324643.519992,08:00:27:a5:9e:2d,0,0,,,0,0.0,0,0.0,0.0,,0.0
1785324653.519992,08:00:27:5a:87:bc,0,0,,,0,0.0,0,0.0,0.0,,0.0
1785324653.519992,08:00:27:8a:0d:75,0,0,,,0,0.0,0,0.0,0.0,,0.0
1785324653.519992,08:00:27:a5:9e:2d,0,0,,,0,0.0,0,0.0,0.0,,0.0
1785324663.519992,08:00:27:5a:87:bc,0,0,,,0,0.0,0,0.0,0.0,,0.0
1785324663.519992,08:00:27:8a:0d:75,0,0,,,0,0.0,0,0.0,0.0,,0.0
1785324663.519992,08:00:27:a5:9e:2d,0,0,,,0,0.0,0,0.0,0.0,,0.0
1785324673.519992,08:00:27:5a:87:bc,0,0,,,0,0.0,0,0.0,0.0,,0.0
1785324673.519992,08:00:27:8a:0d:75,0,0,,,0,0.0,0,0.0,0.0,,0.0
1785324673.519992,08:00:27:a5:9e:2d,0,0,,,0,0.0,0,0.0,0.0,,0.0
1785324683.519992,08:00:27:5a:87:bc,0,0,,,0,0.0,0,0.0,0.0,,0.0
1785324683.519992,08:00:27:8a:0d:75,0,0,,,0,0.0,0,0.0,0.0,,0.0
1785324683.519992,08:00:27:a5:9e:2d,0,0,,,0,0.0,0,0.0,0.0,,0.0
1785324693.519992,08:00:27:5a:87:bc,0,0,,,0,0.0,0,0.0,0.0,,0.0
1785324693.519992,08:00:27:8a:0d:75,0,0,,,0,0.0,0,0.0,0.0,,0.0
1785324693.519992,08:00:27:a5:9e:2d,0,0,,,0,0.0,0,0.0,0.0,,0.0
1785324703.519992,08:00:27:5a:87:bc,0,0,,,0,0.0,0,0.0,0.0,,0.0
1785324703.519992,08:00:27:8a:0d:75,0,0,,,0,0.0,0,0.0,0.0,,0.0
1785324703.519992,08:00:27:a5:9e:2d,0,0,,,0,0.0,0,0.0,0.0,,0.0
1785324713.519992,08:00:27:5a:87:bc,0,0,,,0,0.0,0,0.0,0.0,,0.0
1785324713.519992,08:00:27:8a:0d:75,0,0,,,0,0.0,0,0.0,0.0,,0.0
1785324713.519992,08:00:27:a5:9e:2d,0,0,,,0,0.0,0,0.0,0.0,,0.0
1785324723.519992,08:00:27:5a:87:bc,0,0,,,0,0.0,0,0.0,0.0,,0.0
1785324723.519992,08:00:27:8a:0d:75,0,0,,,0,0.0,0,0.0,0.0,,0.0
1785324723.519992,08:00:27:a5:9e:2d,0,0,,,0,0.0,0,0.0,0.0,,0.0
1785324733.519992,08:00:27:5a:87:bc,0,0,,,0,0.0,0,0.0,0.0,,0.0
1785324733.519992,08:00:27:8a:0d:75,0,0,,,0,0.0,0,0.0,0.0,,0.0
1785324733.519992,08:00:27:a5:9e:2d,0,0,,,0,0.0,0,0.0,0.0,,0.0
1785324743.519992,08:00:27:5a:87:bc,0,0,,,0,0.0,0,0.0,0.0,,0.0
1785324743.519992,08:00:27:8a:0d:75,0,0,,,0,0.0,0,0.0,0.0,,0.0
1785324743.519992,08:00:27:a5:9e:2d,0,0,,,0,0.0,0,0.0,0.0,,0.0
1785324753.519992,08:00:27:5a:87:bc,0,0,,,0,0.0,0,0.0,0.0,,0.0
1785324753.519992,08:00:27:8a:0d:75,0,0,,,0,0.0,0,0.0,0.0,,0.0
1785324753.519992,08:00:27:a5:9e:2d,0,0,,,0,0.0,0,0.0,0.0,,0.0
1785324763.519992,08:00:27:5a:87:bc,0,0,,,0,0.0,0,0.0,0.0,,0.0
1785324763.519992,08:00:27:8a:0d:75,0,0,,,0,0.0,0,0.0,0.0,,0.0
1785324763.519992,08:00:27:a5:9e:2d,0,0,,,0,0.0,0,0.0,0.0,,0.0
1785324773.519992,08:00:27:5a:87:bc,0,0,,,0,0.0,0,0.0,0.0,,0.0
1785324773.519992,08:00:27:8a:0d:75,0,0,,,0,0.0,0,0.0,0.0,,0.0
1785324773.519992,08:00:27:a5:9e:2d,0,0,,,0,0.0,0,0.0,0.0,,0.0
1785324783.519992,08:00:27:5a:87:bc,0,0,,,0,0.0,0,0.0,0.0,,0.0
1785324783.519992,08:00:27:8a:0d:75,0,0,,,0,0.0,0,0.0,0.0,,0.0
1785324783.519992,08:00:27:a5:9e:2d,0,0,,,0,0.0,0,0.0,0.0,,0.0
1785324793.519992,08:00:27:5a:87:bc,0,0,,,0,0.0,0,0.0,0.0,,0.0
1785324793.519992,08:00:27:8a:0d:75,0,0,,,0,0.0,0,0.0,0.0,,0.0
1785324793.519992,08:00:27:a5:9e:2d,0,0,,,0,0.0,0,0.0,0.0,,0.0
1785324803.519992,08:00:27:5a:87:bc,0,0,,,0,0.0,0,0.0,0.0,,0.0
1785324803.519992,08:00:27:8a:0d:75,0,0,,,0,0.0,0,0.0,0.0,,0.0
1785324803.519992,08:00:27:a5:9e:2d,0,0,,,0,0.0,0,0.0,0.0,,0.0
1785324813.519992,08:00:27:5a:87:bc,0,0,,,0,0.0,0,0.0,0.0,,0.0
1785324813.519992,08:00:27:8a:0d:75,0,0,,,0,0.0,0,0.0,0.0,,0.0
1785324813.519992,08:00:27:a5:9e:2d,0,0,,,0,0.0,0,0.0,0.0,,0.0
1785324823.519992,08:00:27:5a:87:bc,0,0,,,0,0.0,0,0.0,0.0,,0.0
1785324823.519992,08:00:27:8a:0d:75,0,0,,,0,0.0,0,0.0,0.0,,0.0
1785324823.519992,08:00:27:a5:9e:2d,0,0,,,0,0.0,0,0.0,0.0,,0.0
1785324833.519992,08:00:27:5a:87:bc,0,0,,,0,0.0,0,0.0,0.0,,0.0
1785324833.519992,08:00:27:8a:0d:75,0,0,,,0,0.0,0,0.0,0.0,,0.0
1785324833.519992,08:00:27:a5:9e:2d,0,0,,,0,0.0,0,0.0,0.0,,0.0
1785324843.519992,08:00:27:5a:87:bc,0,0,,,0,0.0,0,0.0,0.0,,0.0
1785324843.519992,08:00:27:8a:0d:75,0,0,,,0,0.0,0,0.0,0.0,,0.0
1785324843.519992,08:00:27:a5:9e:2d,0,0,,,0,0.0,0,0.0,0.0,,0.0
1785324853.519992,08:00:27:5a:87:bc,0,0,,,0,0.0,0,0.0,0.0,,0.0
1785324853.519992,08:00:27:8a:0d:75,0,0,,,0,0.0,0,0.0,0.0,,0.0
1785324853.519992,08:00:27:a5:9e:2d,0,0,,,0,0.0,0,0.0,0.0,,0.0
1785324863.519992,08:00:27:5a:87:bc,0,0,,,0,0.0,0,0.0,0.0,,0.0
1785324863.519992,08:00:27:8a:0d:75,0,0,,,0,0.0,0,0.0,0.0,,0.0
1785324863.519992,08:00:27:a5:9e:2d,0,0,,,0,0.0,0,0.0,0.0,,0.0
1785324873.519992,08:00:27:5a:87:bc,0,0,,,0,0.0,0,0.0,0.0,,0.0
1785324873.519992,08:00:27:8a:0d:75,0,0,,,0,0.0,0,0.0,0.0,,0.0
1785324873.519992,08:00:27:a5:9e:2d,0,0,,,0,0.0,0,0.0,0.0,,0.0
1785324883.519992,08:00:27:5a:87:bc,0,0,,,0,0.0,0,0.0,0.0,,0.0
1785324883.519992,08:00:27:8a:0d:75,0,0,,,0,0.0,0,0.0,0.0,,0.0
1785324883.519992,08:00:27:a5:9e:2d,0,0,,,0,0.0,0,0.0,0.0,,0.0
1785324893.519992,08:00:27:5a:87:bc,0,0,,,0,0.0,0,0.0,0.0,,0.0
1785324893.519992,08:00:27:8a:0d:75,0,0,,,0,0.0,0,0.0,0.0,,0.0
1785324893.519992,08:00:27:a5:9e:2d,0,0,,,0,0.0,0,0.0,0.0,,0.0
1785324903.519992,08:00:27:5a:87:bc,0,0,,,0,0.0,0,0.0,0.0,,0.0
1785324903.519992,08:00:27:8a:0d:75,0,0,,,0,0.0,0,0.0,0.0,,0.0
1785324903.519992,08:00:27:a5:9e:2d,0,0,,,0,0.0,0,0.0,0.0,,0.0
1785324913.519992,08:00:27:5a:87:bc,0,0,,,0,0.0,0,0.0,0.0,,0.0
1785324913.519992,08:00:27:8a:0d:75,0,0,,,0,0.0,0,0.0,0.0,,0.0
1785324913.519992,08:00:27:a5:9e:2d,0,0,,,0,0.0,0,0.0,0.0,,0.0
1785324923.519992,08:00:27:5a:87:bc,0,0,,,0,0.0,0,0.0,0.0,,0.0
1785324923.519992,08:00:27:8a:0d:75,0,0,,,0,0.0,0,0.0,0.0,,0.0
1785324923.519992,08:00:27:a5:9e:2d,0,0,,,0,0.0,0,0.0,0.0,,0.0
1785324933.519992,08:00:27:5a:87:bc,0,0,,,0,0.0,0,0.0,0.0,,0.0
1785324933.519992,08:00:27:8a:0d:75,0,0,,,0,0.0,0,0.0,0.0,,0.0
1785324933.519992,08:00:27:a5:9e:2d,0,0,,,0,0.0,0,0.0,0.0,,0.0
1785324943.519992,08:00:27:5a:87:bc,0,0,,,0,0.0,0,0.0,0.0,,0.0
1785324943.519992,08:00:27:8a:0d:75,0,0,,,0,0.0,0,0.0,0.0,,0.0
1785324943.519992,08:00:27:a5:9e:2d,0,0,,,0,0.0,0,0.0,0.0,,0.0
1785324953.519992,08:00:27:5a:87:bc,0,0,,,0,0.0,0,0.0,0.0,,0.0
1785324953.519992,08:00:27:8a:0d:75,0,0,,,0,0.0,0,0.0,0.0,,0.0
1785324953.519992,08:00:27:a5:9e:2d,0,0,,,0,0.0,0,0.0,0.0,,0.0
1785324963.519992,08:00:27:5a:87:bc,0,0,,,0,0.0,0,0.0,0.0,,0.0
1785324963.519992,08:00:27:8a:0d:75,0,0,,,0,0.0,0,0.0,0.0,,0.0
1785324963.519992,08:00:27:a5:9e:2d,0,0,,,0,0.0,0,0.0,0.0,,0.0
1785324973.519992,08:00:27:5a:87:bc,0,0,,,0,0.0,0,0.0,0.0,,0.0
1785324973.519992,08:00:27:8a:0d:75,0,0,,,0,0.0,0,0.0,0.0,,0.0
1785324973.519992,08:00:27:a5:9e:2d,0,0,,,0,0.0,0,0.0,0.0,,0.0
1785324983.519992,08:00:27:5a:87:bc,0,0,,,0,0.0,0,0.0,0.0,,0.0
1785324983.519992,08:00:27:8a:0d:75,0,0,,,0,0.0,0,0.0,0.0,,0.0
1785324983.519992,08:00:27:a5:9e:2d,0,0,,,0,0.0,0,0.0,0.0,,0.0
1785324993.519992,08:00:27:5a:87:bc,0,0,,,0,0.0,0,0.0,0.0,,0.0
1785324993.519992,08:00:27:8a:0d:75,0,0,,,0,0.0,0,0.0,0.0,,0.0
1785324993.519992,08:00:27:a5:9e:2d,0,0,,,0,0.0,0,0.0,0.0,,0.0
1785325003.519992,08:00:27:5a:87:bc,0,0,,,0,0.0,0,0.0,0.0,,0.0
1785325003.519992,08:00:27:8a:0d:75,0,0,,,0,0.0,0,0.0,0.0,,0.0
1785325003.519992,08:00:27:a5:9e:2d,0,0,,,0,0.0,0,0.0,0.0,,0.0
1785325013.519992,08:00:27:5a:87:bc,0,0,,,0,0.0,0,0.0,0.0,,0.0
1785325013.519992,08:00:27:8a:0d:75,0,0,,,0,0.0,0,0.0,0.0,,0.0
1785325013.519992,08:00:27:a5:9e:2d,0,0,,,0,0.0,0,0.0,0.0,,0.0
1785325023.519992,08:00:27:5a:87:bc,0,0,,,0,0.0,0,0.0,0.0,,0.0
1785325023.519992,08:00:27:8a:0d:75,0,0,,,0,0.0,0,0.0,0.0,,0.0
1785325023.519992,08:00:27:a5:9e:2d,0,0,,,0,0.0,0,0.0,0.0,,0.0
1785325033.519992,08:00:27:5a:87:bc,0,0,,,0,0.0,0,0.0,0.0,,0.0
1785325033.519992,08:00:27:8a:0d:75,0,0,,,0,0.0,0,0.0,0.0,,0.0
1785325033.519992,08:00:27:a5:9e:2d,0,0,,,0,0.0,0,0.0,0.0,,0.0
1785325043.519992,08:00:27:5a:87:bc,0,0,,,0,0.0,0,0.0,0.0,,0.0
1785325043.519992,08:00:27:8a:0d:75,0,0,,,0,0.0,0,0.0,0.0,,0.0
1785325043.519992,08:00:27:a5:9e:2d,0,0,,,0,0.0,0,0.0,0.0,,0.0
1785325053.519992,08:00:27:5a:87:bc,0,0,,,0,0.0,0,0.0,0.0,,0.0
1785325053.519992,08:00:27:8a:0d:75,0,0,,,0,0.0,0,0.0,0.0,,0.0
1785325053.519992,08:00:27:a5:9e:2d,0,0,,,0,0.0,0,0.0,0.0,,0.0
1785325063.519992,08:00:27:5a:87:bc,0,0,,,0,0.0,0,0.0,0.0,,0.0
1785325063.519992,08:00:27:8a:0d:75,0,0,,,0,0.0,0,0.0,0.0,,0.0
1785325063.519992,08:00:27:a5:9e:2d,0,0,,,0,0.0,0,0.0,0.0,,0.0
1785325073.519992,08:00:27:5a:87:bc,0,0,,,0,0.0,0,0.0,0.0,,0.0
1785325073.519992,08:00:27:8a:0d:75,0,0,,,0,0.0,0,0.0,0.0,,0.0
1785325073.519992,08:00:27:a5:9e:2d,0,0,,,0,0.0,0,0.0,0.0,,0.0
1785325083.519992,08:00:27:5a:87:bc,0,0,,,0,0.0,0,0.0,0.0,,0.0
1785325083.519992,08:00:27:8a:0d:75,0,0,,,0,0.0,0,0.0,0.0,,0.0
1785325083.519992,08:00:27:a5:9e:2d,0,0,,,0,0.0,0,0.0,0.0,,0.0
1785325093.519992,08:00:27:5a:87:bc,0,0,,,0,0.0,0,0.0,0.0,,0.0
1785325093.519992,08:00:27:8a:0d:75,0,0,,,0,0.0,0,0.0,0.0,,0.0
1785325093.519992,08:00:27:a5:9e:2d,0,0,,,0,0.0,0,0.0,0.0,,0.0
1785325103.519992,08:00:27:5a:87:bc,0,0,,,0,0.0,0,0.0,0.0,,0.0
1785325103.519992,08:00:27:8a:0d:75,0,0,,,0,0.0,0,0.0,0.0,,0.0
1785325103.519992,08:00:27:a5:9e:2d,0,0,,,0,0.0,0,0.0,0.0,,0.0
1785325113.519992,08:00:27:5a:87:bc,0,0,,,0,0.0,0,0.0,0.0,,0.0
1785325113.519992,08:00:27:8a:0d:75,0,0,,,0,0.0,0,0.0,0.0,,0.0
1785325113.519992,08:00:27:a5:9e:2d,0,0,,,0,0.0,0,0.0,0.0,,0.0
1785325123.519992,08:00:27:5a:87:bc,0,0,,,0,0.0,0,0.0,0.0,,0.0
1785325123.519992,08:00:27:8a:0d:75,0,0,,,0,0.0,0,0.0,0.0,,0.0
1785325123.519992,08:00:27:a5:9e:2d,0,0,,,0,0.0,0,0.0,0.0,,0.0
1785325133.519992,08:00:27:5a:87:bc,0,0,,,0,0.0,0,0.0,0.0,,0.0
1785325133.519992,08:00:27:8a:0d:75,0,0,,,0,0.0,0,0.0,0.0,,0.0
1785325133.519992,08:00:27:a5:9e:2d,0,0,,,0,0.0,0,0.0,0.0,,0.0
1785325143.519992,08:00:27:5a:87:bc,0,0,,,0,0.0,0,0.0,0.0,,0.0
1785325143.519992,08:00:27:8a:0d:75,0,0,,,0,0.0,0,0.0,0.0,,0.0
1785325143.519992,08:00:27:a5:9e:2d,0,0,,,0,0.0,0,0.0,0.0,,0.0
1785325153.519992,08:00:27:5a:87:bc,0,0,,,0,0.0,0,0.0,0.0,,0.0
1785325153.519992,08:00:27:8a:0d:75,0,0,,,0,0.0,0,0.0,0.0,,0.0
1785325153.519992,08:00:27:a5:9e:2d,0,0,,,0,0.0,0,0.0,0.0,,0.0
1785325163.519992,08:00:27:5a:87:bc,0,0,,,0,0.0,0,0.0,0.0,,0.0
1785325163.519992,08:00:27:8a:0d:75,0,0,,,0,0.0,0,0.0,0.0,,0.0
1785325163.519992,08:00:27:a5:9e:2d,0,0,,,0,0.0,0,0.0,0.0,,0.0
1785325173.519992,08:00:27:5a:87:bc,0,0,,,0,0.0,0,0.0,0.0,,0.0
1785325173.519992,08:00:27:8a:0d:75,0,0,,,0,0.0,0,0.0,0.0,,0.0
1785325173.519992,08:00:27:a5:9e:2d,0,0,,,0,0.0,0,0.0,0.0,,0.0
1785325183.519992,08:00:27:5a:87:bc,0,0,,,0,0.0,0,0.0,0.0,,0.0
1785325183.519992,08:00:27:8a:0d:75,0,0,,,0,0.0,0,0.0,0.0,,0.0
1785325183.519992,08:00:27:a5:9e:2d,0,0,,,0,0.0,0,0.0,0.0,,0.0
1785325193.519992,08:00:27:5a:87:bc,0,0,,,0,0.0,0,0.0,0.0,,0.0
1785325193.519992,08:00:27:8a:0d:75,0,0,,,0,0.0,0,0.0,0.0,,0.0
1785325193.519992,08:00:27:a5:9e:2d,0,0,,,0,0.0,0,0.0,0.0,,0.0
1785325203.519992,08:00:27:5a:87:bc,0,0,,,0,0.0,0,0.0,0.0,,0.0
1785325203.519992,08:00:27:8a:0d:75,0,0,,,0,0.0,0,0.0,0.0,,0.0
1785325203.519992,08:00:27:a5:9e:2d,0,0,,,0,0.0,0,0.0,0.0,,0.0
1785325213.519992,08:00:27:5a:87:bc,0,0,,,0,0.0,0,0.0,0.0,,0.0
1785325213.519992,08:00:27:8a:0d:75,0,0,,,0,0.0,0,0.0,0.0,,0.0
1785325213.519992,08:00:27:a5:9e:2d,0,0,,,0,0.0,0,0.0,0.0,,0.0
1785325223.519992,08:00:27:5a:87:bc,0,0,,,0,0.0,0,0.0,0.0,,0.0
1785325223.519992,08:00:27:8a:0d:75,0,0,,,0,0.0,0,0.0,0.0,,0.0
1785325223.519992,08:00:27:a5:9e:2d,0,0,,,0,0.0,0,0.0,0.0,,0.0
1785325233.519992,08:00:27:5a:87:bc,0,0,,,0,0.0,0,0.0,0.0,,0.0
1785325233.519992,08:00:27:8a:0d:75,0,0,,,0,0.0,0,0.0,0.0,,0.0
1785325233.519992,08:00:27:a5:9e:2d,0,0,,,0,0.0,0,0.0,0.0,,0.0
1785325243.519992,08:00:27:5a:87:bc,0,0,,,0,0.0,0,0.0,0.0,,0.0
1785325243.519992,08:00:27:8a:0d:75,0,0,,,0,0.0,0,0.0,0.0,,0.0
1785325243.519992,08:00:27:a5:9e:2d,0,0,,,0,0.0,0,0.0,0.0,,0.0
1785325253.519992,08:00:27:5a:87:bc,0,0,,,0,0.0,0,0.0,0.0,,0.0
1785325253.519992,08:00:27:8a:0d:75,0,0,,,0,0.0,0,0.0,0.0,,0.0
1785325253.519992,08:00:27:a5:9e:2d,0,0,,,0,0.0,0,0.0,0.0,,0.0
1785325263.519992,08:00:27:5a:87:bc,0,0,,,0,0.0,0,0.0,0.0,,0.0
1785325263.519992,08:00:27:8a:0d:75,0,0,,,0,0.0,0,0.0,0.0,,0.0
1785325263.519992,08:00:27:a5:9e:2d,0,0,,,0,0.0,0,0.0,0.0,,0.0
1785325273.519992,08:00:27:5a:87:bc,0,0,,,0,0.0,0,0.0,0.0,,0.0
1785325273.519992,08:00:27:8a:0d:75,0,0,,,0,0.0,0,0.0,0.0,,0.0
1785325273.519992,08:00:27:a5:9e:2d,0,0,,,0,0.0,0,0.0,0.0,,0.0
1785325283.519992,08:00:27:5a:87:bc,0,0,,,0,0.0,0,0.0,0.0,,0.0
1785325283.519992,08:00:27:8a:0d:75,0,0,,,0,0.0,0,0.0,0.0,,0.0
1785325283.519992,08:00:27:a5:9e:2d,0,0,,,0,0.0,0,0.0,0.0,,0.0
1785325293.519992,08:00:27:5a:87:bc,0,0,,,0,0.0,0,0.0,0.0,,0.0
1785325293.519992,08:00:27:8a:0d:75,0,0,,,0,0.0,0,0.0,0.0,,0.0
1785325293.519992,08:00:27:a5:9e:2d,0,0,,,0,0.0,0,0.0,0.0,,0.0
1785325303.519992,08:00:27:5a:87:bc,0,0,,,0,0.0,0,0.0,0.0,,0.0
1785325303.519992,08:00:27:8a:0d:75,0,0,,,0,0.0,0,0.0,0.0,,0.0
1785325303.519992,08:00:27:a5:9e:2d,0,0,,,0,0.0,0,0.0,0.0,,0.0
1785325313.519992,08:00:27:5a:87:bc,0,0,,,0,0.0,0,0.0,0.0,,0.0
1785325313.519992,08:00:27:8a:0d:75,0,0,,,0,0.0,0,0.0,0.0,,0.0
1785325313.519992,08:00:27:a5:9e:2d,0,0,,,0,0.0,0,0.0,0.0,,0.0
1785325323.519992,08:00:27:5a:87:bc,0,0,,,0,0.0,0,0.0,0.0,,0.0
1785325323.519992,08:00:27:8a:0d:75,0,0,,,0,0.0,0,0.0,0.0,,0.0
1785325323.519992,08:00:27:a5:9e:2d,0,0,,,0,0.0,0,0.0,0.0,,0.0
1785325333.519992,08:00:27:5a:87:bc,0,0,,,0,0.0,0,0.0,0.0,,0.0
1785325333.519992,08:00:27:8a:0d:75,0,0,,,0,0.0,0,0.0,0.0,,0.0
1785325333.519992,08:00:27:a5:9e:2d,0,0,,,0,0.0,0,0.0,0.0,,0.0
1785325343.519992,08:00:27:5a:87:bc,0,0,,,0,0.0,0,0.0,0.0,,0.0
1785325343.519992,08:00:27:8a:0d:75,0,0,,,0,0.0,0,0.0,0.0,,0.0
1785325343.519992,08:00:27:a5:9e:2d,0,0,,,0,0.0,0,0.0,0.0,,0.0
1785325353.519992,08:00:27:5a:87:bc,0,0,,,0,0.0,0,0.0,0.0,,0.0
1785325353.519992,08:00:27:8a:0d:75,0,0,,,0,0.0,0,0.0,0.0,,0.0
1785325353.519992,08:00:27:a5:9e:2d,0,0,,,0,0.0,0,0.0,0.0,,0.0
1785325363.519992,08:00:27:5a:87:bc,0,0,,,0,0.0,0,0.0,0.0,,0.0
1785325363.519992,08:00:27:8a:0d:75,0,0,,,0,0.0,0,0.0,0.0,,0.0
1785325363.519992,08:00:27:a5:9e:2d,0,0,,,0,0.0,0,0.0,0.0,,0.0
1785325373.519992,08:00:27:5a:87:bc,0,0,,,0,0.0,0,0.0,0.0,,0.0
1785325373.519992,08:00:27:8a:0d:75,0,0,,,0,0.0,0,0.0,0.0,,0.0
1785325373.519992,08:00:27:a5:9e:2d,0,0,,,0,0.0,0,0.0,0.0,,0.0
1785325383.519992,08:00:27:5a:87:bc,0,0,,,0,0.0,0,0.0,0.0,,0.0
1785325383.519992,08:00:27:8a:0d:75,0,0,,,0,0.0,0,0.0,0.0,,0.0
1785325383.519992,08:00:27:a5:9e:2d,0,0,,,0,0.0,0,0.0,0.0,,0.0
1785325393.519992,08:00:27:5a:87:bc,0,0,,,0,0.0,0,0.0,0.0,,0.0
1785325393.519992,08:00:27:8a:0d:75,0,0,,,0,0.0,0,0.0,0.0,,0.0
1785325393.519992,08:00:27:a5:9e:2d,0,0,,,0,0.0,0,0.0,0.0,,0.0
1785325403.519992,08:00:27:5a:87:bc,0,0,,,0,0.0,0,0.0,0.0,,0.0
1785325403.519992,08:00:27:8a:0d:75,0,0,,,0,0.0,0,0.0,0.0,,0.0
1785325403.519992,08:00:27:a5:9e:2d,0,0,,,0,0.0,0,0.0,0.0,,0.0
1785325413.519992,08:00:27:5a:87:bc,0,0,,,0,0.0,0,0.0,0.0,,0.0
1785325413.519992,08:00:27:8a:0d:75,0,0,,,0,0.0,0,0.0,0.0,,0.0
1785325413.519992,08:00:27:a5:9e:2d,0,0,,,0,0.0,0,0.0,0.0,,0.0
1785325423.519992,08:00:27:5a:87:bc,0,0,,,0,0.0,0,0.0,0.0,,0.0
1785325423.519992,08:00:27:8a:0d:75,0,0,,,0,0.0,0,0.0,0.0,,0.0
1785325423.519992,08:00:27:a5:9e:2d,0,0,,,0,0.0,0,0.0,0.0,,0.0
1785325433.519992,08:00:27:5a:87:bc,0,0,,,0,0.0,0,0.0,0.0,,0.0
1785325433.519992,08:00:27:8a:0d:75,0,0,,,0,0.0,0,0.0,0.0,,0.0
1785325433.519992,08:00:27:a5:9e:2d,0,0,,,0,0.0,0,0.0,0.0,,0.0
1785325443.519992,08:00:27:5a:87:bc,0,0,,,0,0.0,0,0.0,0.0,,0.0
1785325443.519992,08:00:27:8a:0d:75,0,0,,,0,0.0,0,0.0,0.0,,0.0
1785325443.519992,08:00:27:a5:9e:2d,0,0,,,0,0.0,0,0.0,0.0,,0.0
1785325453.519992,08:00:27:5a:87:bc,0,0,,,0,0.0,0,0.0,0.0,,0.0
1785325453.519992,08:00:27:8a:0d:75,0,0,,,0,0.0,0,0.0,0.0,,0.0
1785325453.519992,08:00:27:a5:9e:2d,0,0,,,0,0.0,0,0.0,0.0,,0.0
1785325463.519992,08:00:27:5a:87:bc,0,0,,,0,0.0,0,0.0,0.0,,0.0
1785325463.519992,08:00:27:8a:0d:75,0,0,,,0,0.0,0,0.0,0.0,,0.0
1785325463.519992,08:00:27:a5:9e:2d,0,0,,,0,0.0,0,0.0,0.0,,0.0
1785325473.519992,08:00:27:5a:87:bc,0,0,,,0,0.0,0,0.0,0.0,,0.0
1785325473.519992,08:00:27:8a:0d:75,0,0,,,0,0.0,0,0.0,0.0,,0.0
1785325473.519992,08:00:27:a5:9e:2d,0,0,,,0,0.0,0,0.0,0.0,,0.0
1785325483.519992,08:00:27:5a:87:bc,0,0,,,0,0.0,0,0.0,0.0,,0.0
1785325483.519992,08:00:27:8a:0d:75,0,0,,,0,0.0,0,0.0,0.0,,0.0
1785325483.519992,08:00:27:a5:9e:2d,0,0,,,0,0.0,0,0.0,0.0,,0.0
1785325493.519992,08:00:27:5a:87:bc,0,0,,,0,0.0,0,0.0,0.0,,0.0
1785325493.519992,08:00:27:8a:0d:75,0,0,,,0,0.0,0,0.0,0.0,,0.0
1785325493.519992,08:00:27:a5:9e:2d,0,0,,,0,0.0,0,0.0,0.0,,0.0
1785325503.519992,08:00:27:5a:87:bc,0,0,,,0,0.0,0,0.0,0.0,,0.0
1785325503.519992,08:00:27:8a:0d:75,0,0,,,0,0.0,0,0.0,0.0,,0.0
1785325503.519992,08:00:27:a5:9e:2d,0,0,,,0,0.0,0,0.0,0.0,,0.0
1785325513.519992,08:00:27:5a:87:bc,0,0,,,0,0.0,0,0.0,0.0,,0.0
1785325513.519992,08:00:27:8a:0d:75,0,0,,,0,0.0,0,0.0,0.0,,0.0
1785325513.519992,08:00:27:a5:9e:2d,0,0,,,0,0.0,0,0.0,0.0,,0.0
1785325523.519992,08:00:27:5a:87:bc,0,0,,,0,0.0,0,0.0,0.0,,0.0
1785325523.519992,08:00:27:8a:0d:75,0,0,,,0,0.0,0,0.0,0.0,,0.0
1785325523.519992,08:00:27:a5:9e:2d,0,0,,,0,0.0,0,0.0,0.0,,0.0
1785325533.519992,08:00:27:5a:87:bc,0,0,,,0,0.0,0,0.0,0.0,,0.0
1785325533.519992,08:00:27:8a:0d:75,0,0,,,0,0.0,0,0.0,0.0,,0.0
1785325533.519992,08:00:27:a5:9e:2d,0,0,,,0,0.0,0,0.0,0.0,,0.0
1785325543.519992,08:00:27:5a:87:bc,0,0,,,0,0.0,0,0.0,0.0,,0.0
1785325543.519992,08:00:27:8a:0d:75,0,0,,,0,0.0,0,0.0,0.0,,0.0
1785325543.519992,08:00:27:a5:9e:2d,0,0,,,0,0.0,0,0.0,0.0,,0.0
1785325553.519992,08:00:27:5a:87:bc,0,0,,,0,0.0,0,0.0,0.0,,0.0
1785325553.519992,08:00:27:8a:0d:75,0,0,,,0,0.0,0,0.0,0.0,,0.0
1785325553.519992,08:00:27:a5:9e:2d,0,0,,,0,0.0,0,0.0,0.0,,0.0
1785325563.519992,08:00:27:5a:87:bc,0,0,,,0,0.0,0,0.0,0.0,,0.0
1785325563.519992,08:00:27:8a:0d:75,0,0,,,0,0.0,0,0.0,0.0,,0.0
1785325563.519992,08:00:27:a5:9e:2d,0,0,,,0,0.0,0,0.0,0.0,,0.0
1785325573.519992,08:00:27:5a:87:bc,0,0,,,0,0.0,0,0.0,0.0,,0.0
1785325573.519992,08:00:27:8a:0d:75,0,0,,,0,0.0,0,0.0,0.0,,0.0
1785325573.519992,08:00:27:a5:9e:2d,0,0,,,0,0.0,0,0.0,0.0,,0.0
1785325583.519992,08:00:27:5a:87:bc,0,0,,,0,0.0,0,0.0,0.0,,0.0
1785325583.519992,08:00:27:8a:0d:75,0,0,,,0,0.0,0,0.0,0.0,,0.0
1785325583.519992,08:00:27:a5:9e:2d,0,0,,,0,0.0,0,0.0,0.0,,0.0
1785325593.519992,08:00:27:5a:87:bc,0,0,,,0,0.0,0,0.0,0.0,,0.0
1785325593.519992,08:00:27:8a:0d:75,0,0,,,0,0.0,0,0.0,0.0,,0.0
1785325593.519992,08:00:27:a5:9e:2d,0,0,,,0,0.0,0,0.0,0.0,,0.0
1785325603.519992,08:00:27:5a:87:bc,0,0,,,0,0.0,0,0.0,0.0,,0.0
1785325603.519992,08:00:27:8a:0d:75,0,0,,,0,0.0,0,0.0,0.0,,0.0
1785325603.519992,08:00:27:a5:9e:2d,0,0,,,0,0.0,0,0.0,0.0,,0.0
1785325613.519992,08:00:27:5a:87:bc,0,0,,,0,0.0,0,0.0,0.0,,0.0
1785325613.519992,08:00:27:8a:0d:75,0,0,,,0,0.0,0,0.0,0.0,,0.0
1785325613.519992,08:00:27:a5:9e:2d,0,0,,,0,0.0,0,0.0,0.0,,0.0
1785325623.519992,08:00:27:5a:87:bc,0,0,,,0,0.0,0,0.0,0.0,,0.0
1785325623.519992,08:00:27:8a:0d:75,0,0,,,0,0.0,0,0.0,0.0,,0.0
1785325623.519992,08:00:27:a5:9e:2d,0,0,,,0,0.0,0,0.0,0.0,,0.0
1785325633.519992,08:00:27:5a:87:bc,0,0,,,0,0.0,0,0.0,0.0,,0.0
1785325633.519992,08:00:27:8a:0d:75,0,0,,,0,0.0,0,0.0,0.0,,0.0
1785325633.519992,08:00:27:a5:9e:2d,0,0,,,0,0.0,0,0.0,0.0,,0.0
1785325643.519992,08:00:27:5a:87:bc,0,0,,,0,0.0,0,0.0,0.0,,0.0
1785325643.519992,08:00:27:8a:0d:75,0,0,,,0,0.0,0,0.0,0.0,,0.0
1785325643.519992,08:00:27:a5:9e:2d,0,0,,,0,0.0,0,0.0,0.0,,0.0
1785325653.519992,08:00:27:5a:87:bc,0,0,,,0,0.0,0,0.0,0.0,,0.0
1785325653.519992,08:00:27:8a:0d:75,0,0,,,0,0.0,0,0.0,0.0,,0.0
1785325653.519992,08:00:27:a5:9e:2d,0,0,,,0,0.0,0,0.0,0.0,,0.0
1785325663.519992,08:00:27:5a:87:bc,0,0,,,0,0.0,0,0.0,0.0,,0.0
1785325663.519992,08:00:27:8a:0d:75,0,0,,,0,0.0,0,0.0,0.0,,0.0
1785325663.519992,08:00:27:a5:9e:2d,0,0,,,0,0.0,0,0.0,0.0,,0.0
1785325673.519992,08:00:27:5a:87:bc,0,0,,,0,0.0,0,0.0,0.0,,0.0
1785325673.519992,08:00:27:8a:0d:75,0,0,,,0,0.0,0,0.0,0.0,,0.0
1785325673.519992,08:00:27:a5:9e:2d,0,0,,,0,0.0,0,0.0,0.0,,0.0
1785325683.519992,08:00:27:5a:87:bc,0,0,,,0,0.0,0,0.0,0.0,,0.0
1785325683.519992,08:00:27:8a:0d:75,0,0,,,0,0.0,0,0.0,0.0,,0.0
1785325683.519992,08:00:27:a5:9e:2d,0,0,,,0,0.0,0,0.0,0.0,,0.0
1785325693.519992,08:00:27:5a:87:bc,0,0,,,0,0.0,0,0.0,0.0,,0.0
1785325693.519992,08:00:27:8a:0d:75,0,0,,,0,0.0,0,0.0,0.0,,0.0
1785325693.519992,08:00:27:a5:9e:2d,0,0,,,0,0.0,0,0.0,0.0,,0.0
1785325703.519992,08:00:27:5a:87:bc,0,0,,,0,0.0,0,0.0,0.0,,0.0
1785325703.519992,08:00:27:8a:0d:75,0,0,,,0,0.0,0,0.0,0.0,,0.0
1785325703.519992,08:00:27:a5:9e:2d,0,0,,,0,0.0,0,0.0,0.0,,0.0
1785325713.519992,08:00:27:5a:87:bc,0,0,,,0,0.0,0,0.0,0.0,,0.0
1785325713.519992,08:00:27:8a:0d:75,0,0,,,0,0.0,0,0.0,0.0,,0.0
1785325713.519992,08:00:27:a5:9e:2d,0,0,,,0,0.0,0,0.0,0.0,,0.0
1785325723.519992,08:00:27:5a:87:bc,0,0,,,0,0.0,0,0.0,0.0,,0.0
1785325723.519992,08:00:27:8a:0d:75,0,0,,,0,0.0,0,0.0,0.0,,0.0
1785325723.519992,08:00:27:a5:9e:2d,0,0,,,0,0.0,0,0.0,0.0,,0.0
1785325733.519992,08:00:27:5a:87:bc,0,0,,,0,0.0,0,0.0,0.0,,0.0
1785325733.519992,08:00:27:8a:0d:75,0,0,,,0,0.0,0,0.0,0.0,,0.0
1785325733.519992,08:00:27:a5:9e:2d,0,0,,,0,0.0,0,0.0,0.0,,0.0
1785325743.519992,08:00:27:5a:87:bc,0,0,,,0,0.0,0,0.0,0.0,,0.0
1785325743.519992,08:00:27:8a:0d:75,0,0,,,0,0.0,0,0.0,0.0,,0.0
1785325743.519992,08:00:27:a5:9e:2d,0,0,,,0,0.0,0,0.0,0.0,,0.0
1785325753.519992,08:00:27:5a:87:bc,0,0,,,0,0.0,0,0.0,0.0,,0.0
1785325753.519992,08:00:27:8a:0d:75,0,0,,,0,0.0,0,0.0,0.0,,0.0
1785325753.519992,08:00:27:a5:9e:2d,0,0,,,0,0.0,0,0.0,0.0,,0.0
1785325763.519992,08:00:27:5a:87:bc,0,0,,,0,0.0,0,0.0,0.0,,0.0
1785325763.519992,08:00:27:8a:0d:75,0,0,,,0,0.0,0,0.0,0.0,,0.0
1785325763.519992,08:00:27:a5:9e:2d,0,0,,,0,0.0,0,0.0,0.0,,0.0
1785325773.519992,08:00:27:5a:87:bc,0,0,,,0,0.0,0,0.0,0.0,,0.0
1785325773.519992,08:00:27:8a:0d:75,0,0,,,0,0.0,0,0.0,0.0,,0.0
1785325773.519992,08:00:27:a5:9e:2d,0,0,,,0,0.0,0,0.0,0.0,,0.0
1785325783.519992,08:00:27:5a:87:bc,0,0,,,0,0.0,0,0.0,0.0,,0.0
1785325783.519992,08:00:27:8a:0d:75,0,0,,,0,0.0,0,0.0,0.0,,0.0
1785325783.519992,08:00:27:a5:9e:2d,0,0,,,0,0.0,0,0.0,0.0,,0.0
1785325793.519992,08:00:27:5a:87:bc,0,0,,,0,0.0,0,0.0,0.0,,0.0
1785325793.519992,08:00:27:8a:0d:75,0,0,,,0,0.0,0,0.0,0.0,,0.0
1785325793.519992,08:00:27:a5:9e:2d,0,0,,,0,0.0,0,0.0,0.0,,0.0
1785325803.519992,08:00:27:5a:87:bc,0,0,,,0,0.0,0,0.0,0.0,,0.0
1785325803.519992,08:00:27:8a:0d:75,0,0,,,0,0.0,0,0.0,0.0,,0.0
1785325803.519992,08:00:27:a5:9e:2d,0,0,,,0,0.0,0,0.0,0.0,,0.0
1785325813.519992,08:00:27:5a:87:bc,0,0,,,0,0.0,0,0.0,0.0,,0.0
1785325813.519992,08:00:27:8a:0d:75,0,0,,,0,0.0,0,0.0,0.0,,0.0
1785325813.519992,08:00:27:a5:9e:2d,0,0,,,0,0.0,0,0.0,0.0,,0.0
1785325823.519992,08:00:27:5a:87:bc,0,0,,,0,0.0,0,0.0,0.0,,0.0
1785325823.519992,08:00:27:8a:0d:75,0,0,,,0,0.0,0,0.0,0.0,,0.0
1785325823.519992,08:00:27:a5:9e:2d,0,0,,,0,0.0,0,0.0,0.0,,0.0
1785325833.519992,08:00:27:5a:87:bc,0,0,,,0,0.0,0,0.0,0.0,,0.0
1785325833.519992,08:00:27:8a:0d:75,0,0,,,0,0.0,0,0.0,0.0,,0.0
1785325833.519992,08:00:27:a5:9e:2d,0,0,,,0,0.0,0,0.0,0.0,,0.0
1785325843.519992,08:00:27:5a:87:bc,0,0,,,0,0.0,0,0.0,0.0,,0.0
1785325843.519992,08:00:27:8a:0d:75,0,0,,,0,0.0,0,0.0,0.0,,0.0
1785325843.519992,08:00:27:a5:9e:2d,0,0,,,0,0.0,0,0.0,0.0,,0.0
1785325853.519992,08:00:27:5a:87:bc,0,0,,,0,0.0,0,0.0,0.0,,0.0
1785325853.519992,08:00:27:8a:0d:75,0,0,,,0,0.0,0,0.0,0.0,,0.0
1785325853.519992,08:00:27:a5:9e:2d,0,0,,,0,0.0,0,0.0,0.0,,0.0
1785325863.519992,08:00:27:5a:87:bc,0,0,,,0,0.0,0,0.0,0.0,,0.0
1785325863.519992,08:00:27:8a:0d:75,0,0,,,0,0.0,0,0.0,0.0,,0.0
1785325863.519992,08:00:27:a5:9e:2d,0,0,,,0,0.0,0,0.0,0.0,,0.0
1785325873.519992,08:00:27:5a:87:bc,0,0,,,0,0.0,0,0.0,0.0,,0.0
1785325873.519992,08:00:27:8a:0d:75,0,0,,,0,0.0,0,0.0,0.0,,0.0
1785325873.519992,08:00:27:a5:9e:2d,0,0,,,0,0.0,0,0.0,0.0,,0.0
1785325883.519992,08:00:27:5a:87:bc,0,0,,,0,0.0,0,0.0,0.0,,0.0
1785325883.519992,08:00:27:8a:0d:75,0,0,,,0,0.0,0,0.0,0.0,,0.0
1785325883.519992,08:00:27:a5:9e:2d,0,0,,,0,0.0,0,0.0,0.0,,0.0
1785325893.519992,08:00:27:5a:87:bc,0,0,,,0,0.0,0,0.0,0.0,,0.0
1785325893.519992,08:00:27:8a:0d:75,0,0,,,0,0.0,0,0.0,0.0,,0.0
1785325893.519992,08:00:27:a5:9e:2d,0,0,,,0,0.0,0,0.0,0.0,,0.0
1785325903.519992,08:00:27:5a:87:bc,0,0,,,0,0.0,0,0.0,0.0,,0.0
1785325903.519992,08:00:27:8a:0d:75,0,0,,,0,0.0,0,0.0,0.0,,0.0
1785325903.519992,08:00:27:a5:9e:2d,0,0,,,0,0.0,0,0.0,0.0,,0.0
1785325913.519992,08:00:27:5a:87:bc,0,0,,,0,0.0,0,0.0,0.0,,0.0
1785325913.519992,08:00:27:8a:0d:75,0,0,,,0,0.0,0,0.0,0.0,,0.0
1785325913.519992,08:00:27:a5:9e:2d,0,0,,,0,0.0,0,0.0,0.0,,0.0
1785325923.519992,08:00:27:5a:87:bc,0,0,,,0,0.0,0,0.0,0.0,,0.0
1785325923.519992,08:00:27:8a:0d:75,0,0,,,0,0.0,0,0.0,0.0,,0.0
1785325923.519992,08:00:27:a5:9e:2d,0,0,,,0,0.0,0,0.0,0.0,,0.0
1785325933.519992,08:00:27:5a:87:bc,0,0,,,0,0.0,0,0.0,0.0,,0.0
1785325933.519992,08:00:27:8a:0d:75,0,0,,,0,0.0,0,0.0,0.0,,0.0
1785325933.519992,08:00:27:a5:9e:2d,0,0,,,0,0.0,0,0.0,0.0,,0.0
1785325943.519992,08:00:27:5a:87:bc,0,0,,,0,0.0,0,0.0,0.0,,0.0
1785325943.519992,08:00:27:8a:0d:75,0,0,,,0,0.0,0,0.0,0.0,,0.0
1785325943.519992,08:00:27:a5:9e:2d,0,0,,,0,0.0,0,0.0,0.0,,0.0
1785325953.519992,08:00:27:5a:87:bc,0,0,,,0,0.0,0,0.0,0.0,,0.0
1785325953.519992,08:00:27:8a:0d:75,0,0,,,0,0.0,0,0.0,0.0,,0.0
1785325953.519992,08:00:27:a5:9e:2d,0,0,,,0,0.0,0,0.0,0.0,,0.0
1785325963.519992,08:00:27:5a:87:bc,0,0,,,0,0.0,0,0.0,0.0,,0.0
1785325963.519992,08:00:27:8a:0d:75,0,0,,,0,0.0,0,0.0,0.0,,0.0
1785325963.519992,08:00:27:a5:9e:2d,0,0,,,0,0.0,0,0.0,0.0,,0.0
1785325973.519992,08:00:27:5a:87:bc,0,0,,,0,0.0,0,0.0,0.0,,0.0
1785325973.519992,08:00:27:8a:0d:75,0,0,,,0,0.0,0,0.0,0.0,,0.0
1785325973.519992,08:00:27:a5:9e:2d,0,0,,,0,0.0,0,0.0,0.0,,0.0
1785325983.519992,08:00:27:5a:87:bc,0,0,,,0,0.0,0,0.0,0.0,,0.0
1785325983.519992,08:00:27:8a:0d:75,0,0,,,0,0.0,0,0.0,0.0,,0.0
1785325983.519992,08:00:27:a5:9e:2d,0,0,,,0,0.0,0,0.0,0.0,,0.0
1785325993.519992,08:00:27:5a:87:bc,0,0,,,0,0.0,0,0.0,0.0,,0.0
1785325993.519992,08:00:27:8a:0d:75,0,0,,,0,0.0,0,0.0,0.0,,0.0
1785325993.519992,08:00:27:a5:9e:2d,0,0,,,0,0.0,0,0.0,0.0,,0.0
1785326003.519992,08:00:27:5a:87:bc,0,0,,,0,0.0,0,0.0,0.0,,0.0
1785326003.519992,08:00:27:8a:0d:75,0,0,,,0,0.0,0,0.0,0.0,,0.0
1785326003.519992,08:00:27:a5:9e:2d,0,0,,,0,0.0,0,0.0,0.0,,0.0
1785326013.519992,08:00:27:5a:87:bc,0,0,,,0,0.0,0,0.0,0.0,,0.0
1785326013.519992,08:00:27:8a:0d:75,0,0,,,0,0.0,0,0.0,0.0,,0.0
1785326013.519992,08:00:27:a5:9e:2d,0,0,,,0,0.0,0,0.0,0.0,,0.0
1785326023.519992,08:00:27:5a:87:bc,0,0,,,0,0.0,0,0.0,0.0,,0.0
1785326023.519992,08:00:27:8a:0d:75,0,0,,,0,0.0,0,0.0,0.0,,0.0
1785326023.519992,08:00:27:a5:9e:2d,0,0,,,0,0.0,0,0.0,0.0,,0.0
1785326033.519992,08:00:27:5a:87:bc,0,0,,,0,0.0,0,0.0,0.0,,0.0
1785326033.519992,08:00:27:8a:0d:75,0,0,,,0,0.0,0,0.0,0.0,,0.0
1785326033.519992,08:00:27:a5:9e:2d,0,0,,,0,0.0,0,0.0,0.0,,0.0
1785326043.519992,08:00:27:5a:87:bc,0,0,,,0,0.0,0,0.0,0.0,,0.0
1785326043.519992,08:00:27:8a:0d:75,0,0,,,0,0.0,0,0.0,0.0,,0.0
1785326043.519992,08:00:27:a5:9e:2d,0,0,,,0,0.0,0,0.0,0.0,,0.0
1785326053.519992,08:00:27:5a:87:bc,0,0,,,0,0.0,0,0.0,0.0,,0.0
1785326053.519992,08:00:27:8a:0d:75,0,0,,,0,0.0,0,0.0,0.0,,0.0
1785326053.519992,08:00:27:a5:9e:2d,0,0,,,0,0.0,0,0.0,0.0,,0.0
1785326063.519992,08:00:27:5a:87:bc,0,0,,,0,0.0,0,0.0,0.0,,0.0
1785326063.519992,08:00:27:8a:0d:75,0,0,,,0,0.0,0,0.0,0.0,,0.0
1785326063.519992,08:00:27:a5:9e:2d,0,0,,,0,0.0,0,0.0,0.0,,0.0
1785326073.519992,08:00:27:5a:87:bc,0,0,,,0,0.0,0,0.0,0.0,,0.0
1785326073.519992,08:00:27:8a:0d:75,0,0,,,0,0.0,0,0.0,0.0,,0.0
1785326073.519992,08:00:27:a5:9e:2d,0,0,,,0,0.0,0,0.0,0.0,,0.0
1785326083.519992,08:00:27:5a:87:bc,0,0,,,0,0.0,0,0.0,0.0,,0.0
1785326083.519992,08:00:27:8a:0d:75,0,0,,,0,0.0,0,0.0,0.0,,0.0
1785326083.519992,08:00:27:a5:9e:2d,0,0,,,0,0.0,0,0.0,0.0,,0.0
1785326093.519992,08:00:27:5a:87:bc,0,0,,,0,0.0,0,0.0,0.0,,0.0
1785326093.519992,08:00:27:8a:0d:75,0,0,,,0,0.0,0,0.0,0.0,,0.0
1785326093.519992,08:00:27:a5:9e:2d,0,0,,,0,0.0,0,0.0,0.0,,0.0
1785326103.519992,08:00:27:5a:87:bc,0,0,,,0,0.0,0,0.0,0.0,,0.0
1785326103.519992,08:00:27:8a:0d:75,0,0,,,0,0.0,0,0.0,0.0,,0.0
1785326103.519992,08:00:27:a5:9e:2d,0,0,,,0,0.0,0,0.0,0.0,,0.0
1785326113.519992,08:00:27:5a:87:bc,0,0,,,0,0.0,0,0.0,0.0,,0.0
1785326113.519992,08:00:27:8a:0d:75,0,0,,,0,0.0,0,0.0,0.0,,0.0
1785326113.519992,08:00:27:a5:9e:2d,0,0,,,0,0.0,0,0.0,0.0,,0.0
1785326123.519992,08:00:27:5a:87:bc,0,0,,,0,0.0,0,0.0,0.0,,0.0
1785326123.519992,08:00:27:8a:0d:75,0,0,,,0,0.0,0,0.0,0.0,,0.0
1785326123.519992,08:00:27:a5:9e:2d,0,0,,,0,0.0,0,0.0,0.0,,0.0
1785326133.519992,08:00:27:5a:87:bc,0,0,,,0,0.0,0,0.0,0.0,,0.0
1785326133.519992,08:00:27:8a:0d:75,0,0,,,0,0.0,0,0.0,0.0,,0.0
1785326133.519992,08:00:27:a5:9e:2d,0,0,,,0,0.0,0,0.0,0.0,,0.0
1785326143.519992,08:00:27:5a:87:bc,0,0,,,0,0.0,0,0.0,0.0,,0.0
1785326143.519992,08:00:27:8a:0d:75,0,0,,,0,0.0,0,0.0,0.0,,0.0
1785326143.519992,08:00:27:a5:9e:2d,0,0,,,0,0.0,0,0.0,0.0,,0.0
1785326153.519992,08:00:27:5a:87:bc,0,0,,,0,0.0,0,0.0,0.0,,0.0
1785326153.519992,08:00:27:8a:0d:75,0,0,,,0,0.0,0,0.0,0.0,,0.0
1785326153.519992,08:00:27:a5:9e:2d,0,0,,,0,0.0,0,0.0,0.0,,0.0
1785326163.519992,08:00:27:5a:87:bc,0,0,,,0,0.0,0,0.0,0.0,,0.0
1785326163.519992,08:00:27:8a:0d:75,0,0,,,0,0.0,0,0.0,0.0,,0.0
1785326163.519992,08:00:27:a5:9e:2d,0,0,,,0,0.0,0,0.0,0.0,,0.0
1785326173.519992,08:00:27:5a:87:bc,0,0,,,0,0.0,0,0.0,0.0,,0.0
1785326173.519992,08:00:27:8a:0d:75,0,0,,,0,0.0,0,0.0,0.0,,0.0
1785326173.519992,08:00:27:a5:9e:2d,0,0,,,0,0.0,0,0.0,0.0,,0.0
1785326183.519992,08:00:27:5a:87:bc,0,0,,,0,0.0,0,0.0,0.0,,0.0
1785326183.519992,08:00:27:8a:0d:75,0,0,,,0,0.0,0,0.0,0.0,,0.0
1785326183.519992,08:00:27:a5:9e:2d,0,0,,,0,0.0,0,0.0,0.0,,0.0
1785326193.519992,08:00:27:5a:87:bc,0,0,,,0,0.0,0,0.0,0.0,,0.0
1785326193.519992,08:00:27:8a:0d:75,0,0,,,0,0.0,0,0.0,0.0,,0.0
1785326193.519992,08:00:27:a5:9e:2d,0,0,,,0,0.0,0,0.0,0.0,,0.0
1785326203.519992,08:00:27:5a:87:bc,0,0,,,0,0.0,0,0.0,0.0,,0.0
1785326203.519992,08:00:27:8a:0d:75,0,0,,,0,0.0,0,0.0,0.0,,0.0
1785326203.519992,08:00:27:a5:9e:2d,0,0,,,0,0.0,0,0.0,0.0,,0.0
1785326213.519992,08:00:27:5a:87:bc,0,0,,,0,0.0,0,0.0,0.0,,0.0
1785326213.519992,08:00:27:8a:0d:75,0,0,,,0,0.0,0,0.0,0.0,,0.0
1785326213.519992,08:00:27:a5:9e:2d,0,0,,,0,0.0,0,0.0,0.0,,0.0
1785326223.519992,08:00:27:5a:87:bc,0,0,,,0,0.0,0,0.0,0.0,,0.0
1785326223.519992,08:00:27:8a:0d:75,0,0,,,0,0.0,0,0.0,0.0,,0.0
1785326223.519992,08:00:27:a5:9e:2d,0,0,,,0,0.0,0,0.0,0.0,,0.0
1785326233.519992,08:00:27:5a:87:bc,0,0,,,0,0.0,0,0.0,0.0,,0.0
1785326233.519992,08:00:27:8a:0d:75,0,0,,,0,0.0,0,0.0,0.0,,0.0
1785326233.519992,08:00:27:a5:9e:2d,0,0,,,0,0.0,0,0.0,0.0,,0.0
1785326243.519992,08:00:27:5a:87:bc,0,0,,,0,0.0,0,0.0,0.0,,0.0
1785326243.519992,08:00:27:8a:0d:75,0,0,,,0,0.0,0,0.0,0.0,,0.0
1785326243.519992,08:00:27:a5:9e:2d,0,0,,,0,0.0,0,0.0,0.0,,0.0
1785326253.519992,08:00:27:5a:87:bc,0,0,,,0,0.0,0,0.0,0.0,,0.0
1785326253.519992,08:00:27:8a:0d:75,0,0,,,0,0.0,0,0.0,0.0,,0.0
1785326253.519992,08:00:27:a5:9e:2d,0,0,,,0,0.0,0,0.0,0.0,,0.0
1785326263.519992,08:00:27:5a:87:bc,0,0,,,0,0.0,0,0.0,0.0,,0.0
1785326263.519992,08:00:27:8a:0d:75,0,0,,,0,0.0,0,0.0,0.0,,0.0
1785326263.519992,08:00:27:a5:9e:2d,0,0,,,0,0.0,0,0.0,0.0,,0.0
1785326273.519992,08:00:27:5a:87:bc,0,0,,,0,0.0,0,0.0,0.0,,0.0
1785326273.519992,08:00:27:8a:0d:75,0,0,,,0,0.0,0,0.0,0.0,,0.0
1785326273.519992,08:00:27:a5:9e:2d,0,0,,,0,0.0,0,0.0,0.0,,0.0
1785326283.519992,08:00:27:5a:87:bc,0,0,,,0,0.0,0,0.0,0.0,,0.0
1785326283.519992,08:00:27:8a:0d:75,0,0,,,0,0.0,0,0.0,0.0,,0.0
1785326283.519992,08:00:27:a5:9e:2d,0,0,,,0,0.0,0,0.0,0.0,,0.0
1785326293.519992,08:00:27:5a:87:bc,0,0,,,0,0.0,0,0.0,0.0,,0.0
1785326293.519992,08:00:27:8a:0d:75,0,0,,,0,0.0,0,0.0,0.0,,0.0
1785326293.519992,08:00:27:a5:9e:2d,0,0,,,0,0.0,0,0.0,0.0,,0.0
1785326303.519992,08:00:27:5a:87:bc,0,0,,,0,0.0,0,0.0,0.0,,0.0
1785326303.519992,08:00:27:8a:0d:75,0,0,,,0,0.0,0,0.0,0.0,,0.0
1785326303.519992,08:00:27:a5:9e:2d,0,0,,,0,0.0,0,0.0,0.0,,0.0
1785326313.519992,08:00:27:5a:87:bc,0,0,,,0,0.0,0,0.0,0.0,,0.0
1785326313.519992,08:00:27:8a:0d:75,0,0,,,0,0.0,0,0.0,0.0,,0.0
1785326313.519992,08:00:27:a5:9e:2d,0,0,,,0,0.0,0,0.0,0.0,,0.0
1785326323.519992,08:00:27:5a:87:bc,0,0,,,0,0.0,0,0.0,0.0,,0.0
1785326323.519992,08:00:27:8a:0d:75,0,0,,,0,0.0,0,0.0,0.0,,0.0
1785326323.519992,08:00:27:a5:9e:2d,0,0,,,0,0.0,0,0.0,0.0,,0.0
1785326333.519992,08:00:27:5a:87:bc,0,0,,,0,0.0,0,0.0,0.0,,0.0
1785326333.519992,08:00:27:8a:0d:75,0,0,,,0,0.0,0,0.0,0.0,,0.0
1785326333.519992,08:00:27:a5:9e:2d,0,0,,,0,0.0,0,0.0,0.0,,0.0
1785326343.519992,08:00:27:5a:87:bc,0,0,,,0,0.0,0,0.0,0.0,,0.0
1785326343.519992,08:00:27:8a:0d:75,0,0,,,0,0.0,0,0.0,0.0,,0.0
1785326343.519992,08:00:27:a5:9e:2d,0,0,,,0,0.0,0,0.0,0.0,,0.0
1785326353.519992,08:00:27:5a:87:bc,0,0,,,0,0.0,0,0.0,0.0,,0.0
1785326353.519992,08:00:27:8a:0d:75,0,0,,,0,0.0,0,0.0,0.0,,0.0
1785326353.519992,08:00:27:a5:9e:2d,0,0,,,0,0.0,0,0.0,0.0,,0.0
1785326363.519992,08:00:27:5a:87:bc,0,0,,,0,0.0,0,0.0,0.0,,0.0
1785326363.519992,08:00:27:8a:0d:75,0,0,,,0,0.0,0,0.0,0.0,,0.0
1785326363.519992,08:00:27:a5:9e:2d,0,0,,,0,0.0,0,0.0,0.0,,0.0
1785326373.519992,08:00:27:5a:87:bc,0,0,,,0,0.0,0,0.0,0.0,,0.0
1785326373.519992,08:00:27:8a:0d:75,0,0,,,0,0.0,0,0.0,0.0,,0.0
1785326373.519992,08:00:27:a5:9e:2d,0,0,,,0,0.0,0,0.0,0.0,,0.0
1785326383.519992,08:00:27:5a:87:bc,0,0,,,0,0.0,0,0.0,0.0,,0.0
1785326383.519992,08:00:27:8a:0d:75,0,0,,,0,0.0,0,0.0,0.0,,0.0
1785326383.519992,08:00:27:a5:9e:2d,0,0,,,0,0.0,0,0.0,0.0,,0.0
1785326393.519992,08:00:27:5a:87:bc,0,0,,,0,0.0,0,0.0,0.0,,0.0
1785326393.519992,08:00:27:8a:0d:75,0,0,,,0,0.0,0,0.0,0.0,,0.0
1785326393.519992,08:00:27:a5:9e:2d,0,0,,,0,0.0,0,0.0,0.0,,0.0
1785326403.519992,08:00:27:5a:87:bc,0,0,,,0,0.0,0,0.0,0.0,,0.0
1785326403.519992,08:00:27:8a:0d:75,0,0,,,0,0.0,0,0.0,0.0,,0.0
1785326403.519992,08:00:27:a5:9e:2d,0,0,,,0,0.0,0,0.0,0.0,,0.0
1785326413.519992,08:00:27:5a:87:bc,0,0,,,0,0.0,0,0.0,0.0,,0.0
1785326413.519992,08:00:27:8a:0d:75,0,0,,,0,0.0,0,0.0,0.0,,0.0
1785326413.519992,08:00:27:a5:9e:2d,0,0,,,0,0.0,0,0.0,0.0,,0.0
1785326423.519992,08:00:27:5a:87:bc,0,0,,,0,0.0,0,0.0,0.0,,0.0
1785326423.519992,08:00:27:8a:0d:75,0,0,,,0,0.0,0,0.0,0.0,,0.0
1785326423.519992,08:00:27:a5:9e:2d,0,0,,,0,0.0,0,0.0,0.0,,0.0
1785326433.519992,08:00:27:5a:87:bc,0,0,,,0,0.0,0,0.0,0.0,,0.0
1785326433.519992,08:00:27:8a:0d:75,0,0,,,0,0.0,0,0.0,0.0,,0.0
1785326433.519992,08:00:27:a5:9e:2d,0,0,,,0,0.0,0,0.0,0.0,,0.0
1785326443.519992,08:00:27:5a:87:bc,0,0,,,0,0.0,0,0.0,0.0,,0.0
1785326443.519992,08:00:27:8a:0d:75,0,0,,,0,0.0,0,0.0,0.0,,0.0
1785326443.519992,08:00:27:a5:9e:2d,0,0,,,0,0.0,0,0.0,0.0,,0.0
1785326453.519992,08:00:27:5a:87:bc,0,0,,,0,0.0,0,0.0,0.0,,0.0
1785326453.519992,08:00:27:8a:0d:75,0,0,,,0,0.0,0,0.0,0.0,,0.0
1785326453.519992,08:00:27:a5:9e:2d,0,0,,,0,0.0,0,0.0,0.0,,0.0
1785326463.519992,08:00:27:5a:87:bc,0,0,,,0,0.0,0,0.0,0.0,,0.0
1785326463.519992,08:00:27:8a:0d:75,0,0,,,0,0.0,0,0.0,0.0,,0.0
1785326463.519992,08:00:27:a5:9e:2d,0,0,,,0,0.0,0,0.0,0.0,,0.0
1785326473.519992,08:00:27:5a:87:bc,0,0,,,0,0.0,0,0.0,0.0,,0.0
1785326473.519992,08:00:27:8a:0d:75,0,0,,,0,0.0,0,0.0,0.0,,0.0
1785326473.519992,08:00:27:a5:9e:2d,0,0,,,0,0.0,0,0.0,0.0,,0.0
1785326483.519992,08:00:27:5a:87:bc,0,0,,,0,0.0,0,0.0,0.0,,0.0
1785326483.519992,08:00:27:8a:0d:75,0,0,,,0,0.0,0,0.0,0.0,,0.0
1785326483.519992,08:00:27:a5:9e:2d,0,0,,,0,0.0,0,0.0,0.0,,0.0
1785326493.519992,08:00:27:5a:87:bc,0,0,,,0,0.0,0,0.0,0.0,,0.0
1785326493.519992,08:00:27:8a:0d:75,0,0,,,0,0.0,0,0.0,0.0,,0.0
1785326493.519992,08:00:27:a5:9e:2d,0,0,,,0,0.0,0,0.0,0.0,,0.0
1785326503.519992,08:00:27:5a:87:bc,0,0,,,0,0.0,0,0.0,0.0,,0.0
1785326503.519992,08:00:27:8a:0d:75,0,0,,,0,0.0,0,0.0,0.0,,0.0
1785326503.519992,08:00:27:a5:9e:2d,0,0,,,0,0.0,0,0.0,0.0,,0.0
1785326513.519992,08:00:27:5a:87:bc,0,0,,,0,0.0,0,0.0,0.0,,0.0
1785326513.519992,08:00:27:8a:0d:75,0,0,,,0,0.0,0,0.0,0.0,,0.0
1785326513.519992,08:00:27:a5:9e:2d,0,0,,,0,0.0,0,0.0,0.0,,0.0
1785326523.519992,08:00:27:5a:87:bc,0,0,,,0,0.0,0,0.0,0.0,,0.0
1785326523.519992,08:00:27:8a:0d:75,0,0,,,0,0.0,0,0.0,0.0,,0.0
1785326523.519992,08:00:27:a5:9e:2d,0,0,,,0,0.0,0,0.0,0.0,,0.0
1785326533.519992,08:00:27:5a:87:bc,0,0,,,0,0.0,0,0.0,0.0,,0.0
1785326533.519992,08:00:27:8a:0d:75,0,0,,,0,0.0,0,0.0,0.0,,0.0
1785326533.519992,08:00:27:a5:9e:2d,0,0,,,0,0.0,0,0.0,0.0,,0.0
1785326543.519992,08:00:27:5a:87:bc,0,0,,,0,0.0,0,0.0,0.0,,0.0
1785326543.519992,08:00:27:8a:0d:75,0,0,,,0,0.0,0,0.0,0.0,,0.0
1785326543.519992,08:00:27:a5:9e:2d,0,0,,,0,0.0,0,0.0,0.0,,0.0
1785326553.519992,08:00:27:5a:87:bc,0,0,,,0,0.0,0,0.0,0.0,,0.0
1785326553.519992,08:00:27:8a:0d:75,0,0,,,0,0.0,0,0.0,0.0,,0.0
1785326553.519992,08:00:27:a5:9e:2d,0,0,,,0,0.0,0,0.0,0.0,,0.0
1785326563.519992,08:00:27:5a:87:bc,0,0,,,0,0.0,0,0.0,0.0,,0.0
1785326563.519992,08:00:27:8a:0d:75,0,0,,,0,0.0,0,0.0,0.0,,0.0
1785326563.519992,08:00:27:a5:9e:2d,0,0,,,0,0.0,0,0.0,0.0,,0.0
1785326573.519992,08:00:27:5a:87:bc,0,0,,,0,0.0,0,0.0,0.0,,0.0
1785326573.519992,08:00:27:8a:0d:75,0,0,,,0,0.0,0,0.0,0.0,,0.0
1785326573.519992,08:00:27:a5:9e:2d,0,0,,,0,0.0,0,0.0,0.0,,0.0
1785326583.519992,08:00:27:5a:87:bc,0,0,,,0,0.0,0,0.0,0.0,,0.0
1785326583.519992,08:00:27:8a:0d:75,0,0,,,0,0.0,0,0.0,0.0,,0.0
1785326583.519992,08:00:27:a5:9e:2d,0,0,,,0,0.0,0,0.0,0.0,,0.0
1785326593.519992,08:00:27:5a:87:bc,0,0,,,0,0.0,0,0.0,0.0,,0.0
1785326593.519992,08:00:27:8a:0d:75,0,0,,,0,0.0,0,0.0,0.0,,0.0
1785326593.519992,08:00:27:a5:9e:2d,0,0,,,0,0.0,0,0.0,0.0,,0.0
1785326603.519992,08:00:27:5a:87:bc,0,0,,,0,0.0,0,0.0,0.0,,0.0
1785326603.519992,08:00:27:8a:0d:75,0,0,,,0,0.0,0,0.0,0.0,,0.0
1785326603.519992,08:00:27:a5:9e:2d,0,0,,,0,0.0,0,0.0,0.0,,0.0
1785326613.519992,08:00:27:5a:87:bc,0,0,,,0,0.0,0,0.0,0.0,,0.0
1785326613.519992,08:00:27:8a:0d:75,0,0,,,0,0.0,0,0.0,0.0,,0.0
1785326613.519992,08:00:27:a5:9e:2d,0,0,,,0,0.0,0,0.0,0.0,,0.0
1785326623.519992,08:00:27:5a:87:bc,0,0,,,0,0.0,0,0.0,0.0,,0.0
1785326623.519992,08:00:27:8a:0d:75,0,0,,,0,0.0,0,0.0,0.0,,0.0
1785326623.519992,08:00:27:a5:9e:2d,0,0,,,0,0.0,0,0.0,0.0,,0.0
1785326633.519992,08:00:27:5a:87:bc,0,0,,,0,0.0,0,0.0,0.0,,0.0
1785326633.519992,08:00:27:8a:0d:75,0,0,,,0,0.0,0,0.0,0.0,,0.0
1785326633.519992,08:00:27:a5:9e:2d,0,0,,,0,0.0,0,0.0,0.0,,0.0
1785326643.519992,08:00:27:5a:87:bc,0,0,,,0,0.0,0,0.0,0.0,,0.0
1785326643.519992,08:00:27:8a:0d:75,0,0,,,0,0.0,0,0.0,0.0,,0.0
1785326643.519992,08:00:27:a5:9e:2d,0,0,,,0,0.0,0,0.0,0.0,,0.0
1785326653.519992,08:00:27:5a:87:bc,0,0,,,0,0.0,0,0.0,0.0,,0.0
1785326653.519992,08:00:27:8a:0d:75,0,0,,,0,0.0,0,0.0,0.0,,0.0
1785326653.519992,08:00:27:a5:9e:2d,0,0,,,0,0.0,0,0.0,0.0,,0.0
1785326663.519992,08:00:27:5a:87:bc,0,0,,,0,0.0,0,0.0,0.0,,0.0
1785326663.519992,08:00:27:8a:0d:75,0,0,,,0,0.0,0,0.0,0.0,,0.0
1785326663.519992,08:00:27:a5:9e:2d,0,0,,,0,0.0,0,0.0,0.0,,0.0
1785326673.519992,08:00:27:5a:87:bc,0,0,,,0,0.0,0,0.0,0.0,,0.0
1785326673.519992,08:00:27:8a:0d:75,0,0,,,0,0.0,0,0.0,0.0,,0.0
1785326673.519992,08:00:27:a5:9e:2d,0,0,,,0,0.0,0,0.0,0.0,,0.0
1785326683.519992,08:00:27:5a:87:bc,0,0,,,0,0.0,0,0.0,0.0,,0.0
1785326683.519992,08:00:27:8a:0d:75,0,0,,,0,0.0,0,0.0,0.0,,0.0
1785326683.519992,08:00:27:a5:9e:2d,0,0,,,0,0.0,0,0.0,0.0,,0.0
1785326693.519992,08:00:27:5a:87:bc,0,0,,,0,0.0,0,0.0,0.0,,0.0
1785326693.519992,08:00:27:8a:0d:75,0,0,,,0,0.0,0,0.0,0.0,,0.0
1785326693.519992,08:00:27:a5:9e:2d,0,0,,,0,0.0,0,0.0,0.0,,0.0
1785326703.519992,08:00:27:5a:87:bc,0,0,,,0,0.0,0,0.0,0.0,,0.0
1785326703.519992,08:00:27:8a:0d:75,0,0,,,0,0.0,0,0.0,0.0,,0.0
1785326703.519992,08:00:27:a5:9e:2d,0,0,,,0,0.0,0,0.0,0.0,,0.0
1785326713.519992,08:00:27:5a:87:bc,0,0,,,0,0.0,0,0.0,0.0,,0.0
1785326713.519992,08:00:27:8a:0d:75,0,0,,,0,0.0,0,0.0,0.0,,0.0
1785326713.519992,08:00:27:a5:9e:2d,0,0,,,0,0.0,0,0.0,0.0,,0.0
1785326723.519992,08:00:27:5a:87:bc,0,0,,,0,0.0,0,0.0,0.0,,0.0
1785326723.519992,08:00:27:8a:0d:75,0,0,,,0,0.0,0,0.0,0.0,,0.0
1785326723.519992,08:00:27:a5:9e:2d,0,0,,,0,0.0,0,0.0,0.0,,0.0
1785326733.519992,08:00:27:5a:87:bc,0,0,,,0,0.0,0,0.0,0.0,,0.0
1785326733.519992,08:00:27:8a:0d:75,0,0,,,0,0.0,0,0.0,0.0,,0.0
1785326733.519992,08:00:27:a5:9e:2d,0,0,,,0,0.0,0,0.0,0.0,,0.0
1785326743.519992,08:00:27:5a:87:bc,0,0,,,0,0.0,0,0.0,0.0,,0.0
1785326743.519992,08:00:27:8a:0d:75,0,0,,,0,0.0,0,0.0,0.0,,0.0
1785326743.519992,08:00:27:a5:9e:2d,0,0,,,0,0.0,0,0.0,0.0,,0.0
1785326753.519992,08:00:27:5a:87:bc,0,0,,,0,0.0,0,0.0,0.0,,0.0
1785326753.519992,08:00:27:8a:0d:75,0,0,,,0,0.0,0,0.0,0.0,,0.0
1785326753.519992,08:00:27:a5:9e:2d,0,0,,,0,0.0,0,0.0,0.0,,0.0
1785326763.519992,08:00:27:5a:87:bc,0,0,,,0,0.0,0,0.0,0.0,,0.0
1785326763.519992,08:00:27:8a:0d:75,0,0,,,0,0.0,0,0.0,0.0,,0.0
1785326763.519992,08:00:27:a5:9e:2d,0,0,,,0,0.0,0,0.0,0.0,,0.0
1785326773.519992,08:00:27:5a:87:bc,0,0,,,0,0.0,0,0.0,0.0,,0.0
1785326773.519992,08:00:27:8a:0d:75,0,0,,,0,0.0,0,0.0,0.0,,0.0
1785326773.519992,08:00:27:a5:9e:2d,0,0,,,0,0.0,0,0.0,0.0,,0.0
1785326783.519992,08:00:27:5a:87:bc,0,0,,,0,0.0,0,0.0,0.0,,0.0
1785326783.519992,08:00:27:8a:0d:75,0,0,,,0,0.0,0,0.0,0.0,,0.0
1785326783.519992,08:00:27:a5:9e:2d,0,0,,,0,0.0,0,0.0,0.0,,0.0
1785326793.519992,08:00:27:5a:87:bc,0,0,,,0,0.0,0,0.0,0.0,,0.0
1785326793.519992,08:00:27:8a:0d:75,0,0,,,0,0.0,0,0.0,0.0,,0.0
1785326793.519992,08:00:27:a5:9e:2d,0,0,,,0,0.0,0,0.0,0.0,,0.0
1785326803.519992,08:00:27:5a:87:bc,0,0,,,0,0.0,0,0.0,0.0,,0.0
1785326803.519992,08:00:27:8a:0d:75,0,0,,,0,0.0,0,0.0,0.0,,0.0
1785326803.519992,08:00:27:a5:9e:2d,0,0,,,0,0.0,0,0.0,0.0,,0.0
1785326813.519992,08:00:27:5a:87:bc,0,0,,,0,0.0,0,0.0,0.0,,0.0
1785326813.519992,08:00:27:8a:0d:75,0,0,,,0,0.0,0,0.0,0.0,,0.0
1785326813.519992,08:00:27:a5:9e:2d,0,0,,,0,0.0,0,0.0,0.0,,0.0
1785326823.519992,08:00:27:5a:87:bc,0,0,,,0,0.0,0,0.0,0.0,,0.0
1785326823.519992,08:00:27:8a:0d:75,0,0,,,0,0.0,0,0.0,0.0,,0.0
1785326823.519992,08:00:27:a5:9e:2d,0,0,,,0,0.0,0,0.0,0.0,,0.0
1785326833.519992,08:00:27:5a:87:bc,0,0,,,0,0.0,0,0.0,0.0,,0.0
1785326833.519992,08:00:27:8a:0d:75,0,0,,,0,0.0,0,0.0,0.0,,0.0
1785326833.519992,08:00:27:a5:9e:2d,0,0,,,0,0.0,0,0.0,0.0,,0.0
1785326843.519992,08:00:27:5a:87:bc,0,0,,,0,0.0,0,0.0,0.0,,0.0
1785326843.519992,08:00:27:8a:0d:75,0,0,,,0,0.0,0,0.0,0.0,,0.0
1785326843.519992,08:00:27:a5:9e:2d,0,0,,,0,0.0,0,0.0,0.0,,0.0
1785326853.519992,08:00:27:5a:87:bc,0,0,,,0,0.0,0,0.0,0.0,,0.0
1785326853.519992,08:00:27:8a:0d:75,0,0,,,0,0.0,0,0.0,0.0,,0.0
1785326853.519992,08:00:27:a5:9e:2d,0,0,,,0,0.0,0,0.0,0.0,,0.0
1785326863.519992,08:00:27:5a:87:bc,0,0,,,0,0.0,0,0.0,0.0,,0.0
1785326863.519992,08:00:27:8a:0d:75,0,0,,,0,0.0,0,0.0,0.0,,0.0
1785326863.519992,08:00:27:a5:9e:2d,0,0,,,0,0.0,0,0.0,0.0,,0.0
1785326873.519992,08:00:27:5a:87:bc,0,0,,,0,0.0,0,0.0,0.0,,0.0
1785326873.519992,08:00:27:8a:0d:75,0,0,,,0,0.0,0,0.0,0.0,,0.0
1785326873.519992,08:00:27:a5:9e:2d,0,0,,,0,0.0,0,0.0,0.0,,0.0
1785326883.519992,08:00:27:5a:87:bc,0,0,,,0,0.0,0,0.0,0.0,,0.0
1785326883.519992,08:00:27:8a:0d:75,0,0,,,0,0.0,0,0.0,0.0,,0.0
1785326883.519992,08:00:27:a5:9e:2d,0,0,,,0,0.0,0,0.0,0.0,,0.0
1785326893.519992,08:00:27:5a:87:bc,0,0,,,0,0.0,0,0.0,0.0,,0.0
1785326893.519992,08:00:27:8a:0d:75,0,0,,,0,0.0,0,0.0,0.0,,0.0
1785326893.519992,08:00:27:a5:9e:2d,0,0,,,0,0.0,0,0.0,0.0,,0.0
1785326903.519992,08:00:27:5a:87:bc,0,0,,,0,0.0,0,0.0,0.0,,0.0
1785326903.519992,08:00:27:8a:0d:75,0,0,,,0,0.0,0,0.0,0.0,,0.0
1785326903.519992,08:00:27:a5:9e:2d,0,0,,,0,0.0,0,0.0,0.0,,0.0
1785326913.519992,08:00:27:5a:87:bc,0,0,,,0,0.0,0,0.0,0.0,,0.0
1785326913.519992,08:00:27:8a:0d:75,0,0,,,0,0.0,0,0.0,0.0,,0.0
1785326913.519992,08:00:27:a5:9e:2d,0,0,,,0,0.0,0,0.0,0.0,,0.0
1785326923.519992,08:00:27:5a:87:bc,0,0,,,0,0.0,0,0.0,0.0,,0.0
1785326923.519992,08:00:27:8a:0d:75,0,0,,,0,0.0,0,0.0,0.0,,0.0
1785326923.519992,08:00:27:a5:9e:2d,0,0,,,0,0.0,0,0.0,0.0,,0.0
1785326933.519992,08:00:27:5a:87:bc,0,0,,,0,0.0,0,0.0,0.0,,0.0
1785326933.519992,08:00:27:8a:0d:75,0,0,,,0,0.0,0,0.0,0.0,,0.0
1785326933.519992,08:00:27:a5:9e:2d,0,0,,,0,0.0,0,0.0,0.0,,0.0
1785326943.519992,08:00:27:5a:87:bc,0,0,,,0,0.0,0,0.0,0.0,,0.0
1785326943.519992,08:00:27:8a:0d:75,0,0,,,0,0.0,0,0.0,0.0,,0.0
1785326943.519992,08:00:27:a5:9e:2d,0,0,,,0,0.0,0,0.0,0.0,,0.0
1785326953.519992,08:00:27:5a:87:bc,0,0,,,0,0.0,0,0.0,0.0,,0.0
1785326953.519992,08:00:27:8a:0d:75,0,0,,,0,0.0,0,0.0,0.0,,0.0
1785326953.519992,08:00:27:a5:9e:2d,0,0,,,0,0.0,0,0.0,0.0,,0.0
1785326963.519992,08:00:27:5a:87:bc,0,0,,,0,0.0,0,0.0,0.0,,0.0
1785326963.519992,08:00:27:8a:0d:75,0,0,,,0,0.0,0,0.0,0.0,,0.0
1785326963.519992,08:00:27:a5:9e:2d,0,0,,,0,0.0,0,0.0,0.0,,0.0
1785326973.519992,08:00:27:5a:87:bc,0,0,,,0,0.0,0,0.0,0.0,,0.0
1785326973.519992,08:00:27:8a:0d:75,0,0,,,0,0.0,0,0.0,0.0,,0.0
1785326973.519992,08:00:27:a5:9e:2d,0,0,,,0,0.0,0,0.0,0.0,,0.0
1785326983.519992,08:00:27:5a:87:bc,0,0,,,0,0.0,0,0.0,0.0,,0.0
1785326983.519992,08:00:27:8a:0d:75,0,0,,,0,0.0,0,0.0,0.0,,0.0
1785326983.519992,08:00:27:a5:9e:2d,0,0,,,0,0.0,0,0.0,0.0,,0.0
1785326993.519992,08:00:27:5a:87:bc,0,0,,,0,0.0,0,0.0,0.0,,0.0
1785326993.519992,08:00:27:8a:0d:75,0,0,,,0,0.0,0,0.0,0.0,,0.0
1785326993.519992,08:00:27:a5:9e:2d,0,0,,,0,0.0,0,0.0,0.0,,0.0
1785327003.519992,08:00:27:5a:87:bc,0,0,,,0,0.0,0,0.0,0.0,,0.0
1785327003.519992,08:00:27:8a:0d:75,0,0,,,0,0.0,0,0.0,0.0,,0.0
1785327003.519992,08:00:27:a5:9e:2d,0,0,,,0,0.0,0,0.0,0.0,,0.0
1785327013.519992,08:00:27:5a:87:bc,0,0,,,0,0.0,0,0.0,0.0,,0.0
1785327013.519992,08:00:27:8a:0d:75,0,0,,,0,0.0,0,0.0,0.0,,0.0
1785327013.519992,08:00:27:a5:9e:2d,0,0,,,0,0.0,0,0.0,0.0,,0.0
1785327023.519992,08:00:27:5a:87:bc,0,0,,,0,0.0,0,0.0,0.0,,0.0
1785327023.519992,08:00:27:8a:0d:75,0,0,,,0,0.0,0,0.0,0.0,,0.0
1785327023.519992,08:00:27:a5:9e:2d,0,0,,,0,0.0,0,0.0,0.0,,0.0
1785327033.519992,08:00:27:5a:87:bc,0,0,,,0,0.0,0,0.0,0.0,,0.0
1785327033.519992,08:00:27:8a:0d:75,0,0,,,0,0.0,0,0.0,0.0,,0.0
1785327033.519992,08:00:27:a5:9e:2d,0,0,,,0,0.0,0,0.0,0.0,,0.0
1785327043.519992,08:00:27:5a:87:bc,0,0,,,0,0.0,0,0.0,0.0,,0.0
1785327043.519992,08:00:27:8a:0d:75,0,0,,,0,0.0,0,0.0,0.0,,0.0
1785327043.519992,08:00:27:a5:9e:2d,0,0,,,0,0.0,0,0.0,0.0,,0.0
1785327053.519992,08:00:27:5a:87:bc,0,0,,,0,0.0,0,0.0,0.0,,0.0
1785327053.519992,08:00:27:8a:0d:75,0,0,,,0,0.0,0,0.0,0.0,,0.0
1785327053.519992,08:00:27:a5:9e:2d,0,0,,,0,0.0,0,0.0,0.0,,0.0
1785327063.519992,08:00:27:5a:87:bc,0,0,,,0,0.0,0,0.0,0.0,,0.0
1785327063.519992,08:00:27:8a:0d:75,0,0,,,0,0.0,0,0.0,0.0,,0.0
1785327063.519992,08:00:27:a5:9e:2d,0,0,,,0,0.0,0,0.0,0.0,,0.0
1785327073.519992,08:00:27:5a:87:bc,0,0,,,0,0.0,0,0.0,0.0,,0.0
1785327073.519992,08:00:27:8a:0d:75,0,0,,,0,0.0,0,0.0,0.0,,0.0
1785327073.519992,08:00:27:a5:9e:2d,0,0,,,0,0.0,0,0.0,0.0,,0.0
1785327083.519992,08:00:27:5a:87:bc,0,0,,,0,0.0,0,0.0,0.0,,0.0
1785327083.519992,08:00:27:8a:0d:75,0,0,,,0,0.0,0,0.0,0.0,,0.0
1785327083.519992,08:00:27:a5:9e:2d,0,0,,,0,0.0,0,0.0,0.0,,0.0
1785327093.519992,08:00:27:5a:87:bc,0,0,,,0,0.0,0,0.0,0.0,,0.0
1785327093.519992,08:00:27:8a:0d:75,0,0,,,0,0.0,0,0.0,0.0,,0.0
1785327093.519992,08:00:27:a5:9e:2d,0,0,,,0,0.0,0,0.0,0.0,,0.0
1785327103.519992,08:00:27:5a:87:bc,0,0,,,0,0.0,0,0.0,0.0,,0.0
1785327103.519992,08:00:27:8a:0d:75,0,0,,,0,0.0,0,0.0,0.0,,0.0
1785327103.519992,08:00:27:a5:9e:2d,0,0,,,0,0.0,0,0.0,0.0,,0.0
1785327113.519992,08:00:27:5a:87:bc,0,0,,,0,0.0,0,0.0,0.0,,0.0
1785327113.519992,08:00:27:8a:0d:75,0,0,,,0,0.0,0,0.0,0.0,,0.0
1785327113.519992,08:00:27:a5:9e:2d,0,0,,,0,0.0,0,0.0,0.0,,0.0
1785327123.519992,08:00:27:5a:87:bc,0,0,,,0,0.0,0,0.0,0.0,,0.0
1785327123.519992,08:00:27:8a:0d:75,0,0,,,0,0.0,0,0.0,0.0,,0.0
1785327123.519992,08:00:27:a5:9e:2d,0,0,,,0,0.0,0,0.0,0.0,,0.0
1785327133.519992,08:00:27:5a:87:bc,0,0,,,0,0.0,0,0.0,0.0,,0.0
1785327133.519992,08:00:27:8a:0d:75,0,0,,,0,0.0,0,0.0,0.0,,0.0
1785327133.519992,08:00:27:a5:9e:2d,0,0,,,0,0.0,0,0.0,0.0,,0.0
1785327143.519992,08:00:27:5a:87:bc,0,0,,,0,0.0,0,0.0,0.0,,0.0
1785327143.519992,08:00:27:8a:0d:75,0,0,,,0,0.0,0,0.0,0.0,,0.0
1785327143.519992,08:00:27:a5:9e:2d,0,0,,,0,0.0,0,0.0,0.0,,0.0
1785327153.519992,08:00:27:5a:87:bc,0,0,,,0,0.0,0,0.0,0.0,,0.0
1785327153.519992,08:00:27:8a:0d:75,0,0,,,0,0.0,0,0.0,0.0,,0.0
1785327153.519992,08:00:27:a5:9e:2d,0,0,,,0,0.0,0,0.0,0.0,,0.0
1785327163.519992,08:00:27:5a:87:bc,0,0,,,0,0.0,0,0.0,0.0,,0.0
1785327163.519992,08:00:27:8a:0d:75,0,0,,,0,0.0,0,0.0,0.0,,0.0
1785327163.519992,08:00:27:a5:9e:2d,0,0,,,0,0.0,0,0.0,0.0,,0.0
1785327173.519992,08:00:27:5a:87:bc,0,0,,,0,0.0,0,0.0,0.0,,0.0
1785327173.519992,08:00:27:8a:0d:75,0,0,,,0,0.0,0,0.0,0.0,,0.0
1785327173.519992,08:00:27:a5:9e:2d,0,0,,,0,0.0,0,0.0,0.0,,0.0
1785327183.519992,08:00:27:5a:87:bc,0,0,,,0,0.0,0,0.0,0.0,,0.0
1785327183.519992,08:00:27:8a:0d:75,0,0,,,0,0.0,0,0.0,0.0,,0.0
1785327183.519992,08:00:27:a5:9e:2d,0,0,,,0,0.0,0,0.0,0.0,,0.0
1785327193.519992,08:00:27:5a:87:bc,0,0,,,0,0.0,0,0.0,0.0,,0.0
1785327193.519992,08:00:27:8a:0d:75,0,0,,,0,0.0,0,0.0,0.0,,0.0
1785327193.519992,08:00:27:a5:9e:2d,0,0,,,0,0.0,0,0.0,0.0,,0.0
1785327203.519992,08:00:27:5a:87:bc,0,0,,,0,0.0,0,0.0,0.0,,0.0
1785327203.519992,08:00:27:8a:0d:75,0,0,,,0,0.0,0,0.0,0.0,,0.0
1785327203.519992,08:00:27:a5:9e:2d,0,0,,,0,0.0,0,0.0,0.0,,0.0
1785327213.519992,08:00:27:5a:87:bc,0,0,,,0,0.0,0,0.0,0.0,,0.0
1785327213.519992,08:00:27:8a:0d:75,0,0,,,0,0.0,0,0.0,0.0,,0.0
1785327213.519992,08:00:27:a5:9e:2d,0,0,,,0,0.0,0,0.0,0.0,,0.0
1785327223.519992,08:00:27:5a:87:bc,0,0,,,0,0.0,0,0.0,0.0,,0.0
1785327223.519992,08:00:27:8a:0d:75,0,0,,,0,0.0,0,0.0,0.0,,0.0
1785327223.519992,08:00:27:a5:9e:2d,0,0,,,0,0.0,0,0.0,0.0,,0.0
1785327233.519992,08:00:27:5a:87:bc,0,0,,,0,0.0,0,0.0,0.0,,0.0
1785327233.519992,08:00:27:8a:0d:75,0,0,,,0,0.0,0,0.0,0.0,,0.0
1785327233.519992,08:00:27:a5:9e:2d,0,0,,,0,0.0,0,0.0,0.0,,0.0
1785327243.519992,08:00:27:5a:87:bc,0,0,,,0,0.0,0,0.0,0.0,,0.0
1785327243.519992,08:00:27:8a:0d:75,0,0,,,0,0.0,0,0.0,0.0,,0.0
1785327243.519992,08:00:27:a5:9e:2d,0,0,,,0,0.0,0,0.0,0.0,,0.0
1785327253.519992,08:00:27:5a:87:bc,0,0,,,0,0.0,0,0.0,0.0,,0.0
1785327253.519992,08:00:27:8a:0d:75,0,0,,,0,0.0,0,0.0,0.0,,0.0
1785327253.519992,08:00:27:a5:9e:2d,0,0,,,0,0.0,0,0.0,0.0,,0.0
1785327263.519992,08:00:27:5a:87:bc,0,0,,,0,0.0,0,0.0,0.0,,0.0
1785327263.519992,08:00:27:8a:0d:75,0,0,,,0,0.0,0,0.0,0.0,,0.0
1785327263.519992,08:00:27:a5:9e:2d,0,0,,,0,0.0,0,0.0,0.0,,0.0
1785327273.519992,08:00:27:5a:87:bc,0,0,,,0,0.0,0,0.0,0.0,,0.0
1785327273.519992,08:00:27:8a:0d:75,0,0,,,0,0.0,0,0.0,0.0,,0.0
1785327273.519992,08:00:27:a5:9e:2d,0,0,,,0,0.0,0,0.0,0.0,,0.0
1785327283.519992,08:00:27:5a:87:bc,0,0,,,0,0.0,0,0.0,0.0,,0.0
1785327283.519992,08:00:27:8a:0d:75,0,0,,,0,0.0,0,0.0,0.0,,0.0
1785327283.519992,08:00:27:a5:9e:2d,0,0,,,0,0.0,0,0.0,0.0,,0.0
1785327293.519992,08:00:27:5a:87:bc,0,0,,,0,0.0,0,0.0,0.0,,0.0
1785327293.519992,08:00:27:8a:0d:75,0,0,,,0,0.0,0,0.0,0.0,,0.0
1785327293.519992,08:00:27:a5:9e:2d,0,0,,,0,0.0,0,0.0,0.0,,0.0
1785327303.519992,08:00:27:5a:87:bc,0,0,,,0,0.0,0,0.0,0.0,,0.0
1785327303.519992,08:00:27:8a:0d:75,0,0,,,0,0.0,0,0.0,0.0,,0.0
1785327303.519992,08:00:27:a5:9e:2d,0,0,,,0,0.0,0,0.0,0.0,,0.0
1785327313.519992,08:00:27:5a:87:bc,0,0,,,0,0.0,0,0.0,0.0,,0.0
1785327313.519992,08:00:27:8a:0d:75,0,0,,,0,0.0,0,0.0,0.0,,0.0
1785327313.519992,08:00:27:a5:9e:2d,0,0,,,0,0.0,0,0.0,0.0,,0.0
1785327323.519992,08:00:27:5a:87:bc,0,0,,,0,0.0,0,0.0,0.0,,0.0
1785327323.519992,08:00:27:8a:0d:75,0,0,,,0,0.0,0,0.0,0.0,,0.0
1785327323.519992,08:00:27:a5:9e:2d,0,0,,,0,0.0,0,0.0,0.0,,0.0
1785327333.519992,08:00:27:5a:87:bc,0,0,,,0,0.0,0,0.0,0.0,,0.0
1785327333.519992,08:00:27:8a:0d:75,0,0,,,0,0.0,0,0.0,0.0,,0.0
1785327333.519992,08:00:27:a5:9e:2d,0,0,,,0,0.0,0,0.0,0.0,,0.0
1785327343.519992,08:00:27:5a:87:bc,0,0,,,0,0.0,0,0.0,0.0,,0.0
1785327343.519992,08:00:27:8a:0d:75,0,0,,,0,0.0,0,0.0,0.0,,0.0
1785327343.519992,08:00:27:a5:9e:2d,0,0,,,0,0.0,0,0.0,0.0,,0.0
1785327353.519992,08:00:27:5a:87:bc,0,0,,,0,0.0,0,0.0,0.0,,0.0
1785327353.519992,08:00:27:8a:0d:75,0,0,,,0,0.0,0,0.0,0.0,,0.0
1785327353.519992,08:00:27:a5:9e:2d,0,0,,,0,0.0,0,0.0,0.0,,0.0
1785327363.519992,08:00:27:5a:87:bc,0,0,,,0,0.0,0,0.0,0.0,,0.0
1785327363.519992,08:00:27:8a:0d:75,0,0,,,0,0.0,0,0.0,0.0,,0.0
1785327363.519992,08:00:27:a5:9e:2d,0,0,,,0,0.0,0,0.0,0.0,,0.0
1785327373.519992,08:00:27:5a:87:bc,0,0,,,0,0.0,0,0.0,0.0,,0.0
1785327373.519992,08:00:27:8a:0d:75,0,0,,,0,0.0,0,0.0,0.0,,0.0
1785327373.519992,08:00:27:a5:9e:2d,0,0,,,0,0.0,0,0.0,0.0,,0.0
1785327383.519992,08:00:27:5a:87:bc,0,0,,,0,0.0,0,0.0,0.0,,0.0
1785327383.519992,08:00:27:8a:0d:75,0,0,,,0,0.0,0,0.0,0.0,,0.0
1785327383.519992,08:00:27:a5:9e:2d,0,0,,,0,0.0,0,0.0,0.0,,0.0
1785327393.519992,08:00:27:5a:87:bc,0,0,,,0,0.0,0,0.0,0.0,,0.0
1785327393.519992,08:00:27:8a:0d:75,0,0,,,0,0.0,0,0.0,0.0,,0.0
1785327393.519992,08:00:27:a5:9e:2d,0,0,,,0,0.0,0,0.0,0.0,,0.0
1785327403.519992,08:00:27:5a:87:bc,0,0,,,0,0.0,0,0.0,0.0,,0.0
1785327403.519992,08:00:27:8a:0d:75,0,0,,,0,0.0,0,0.0,0.0,,0.0
1785327403.519992,08:00:27:a5:9e:2d,0,0,,,0,0.0,0,0.0,0.0,,0.0
1785327413.519992,08:00:27:5a:87:bc,0,0,,,0,0.0,0,0.0,0.0,,0.0
1785327413.519992,08:00:27:8a:0d:75,0,0,,,0,0.0,0,0.0,0.0,,0.0
1785327413.519992,08:00:27:a5:9e:2d,0,0,,,0,0.0,0,0.0,0.0,,0.0
1785327423.519992,08:00:27:5a:87:bc,0,0,,,0,0.0,0,0.0,0.0,,0.0
1785327423.519992,08:00:27:8a:0d:75,0,0,,,0,0.0,0,0.0,0.0,,0.0
1785327423.519992,08:00:27:a5:9e:2d,0,0,,,0,0.0,0,0.0,0.0,,0.0
1785327433.519992,08:00:27:5a:87:bc,0,0,,,0,0.0,0,0.0,0.0,,0.0
1785327433.519992,08:00:27:8a:0d:75,0,0,,,0,0.0,0,0.0,0.0,,0.0
1785327433.519992,08:00:27:a5:9e:2d,0,0,,,0,0.0,0,0.0,0.0,,0.0
1785327443.519992,08:00:27:5a:87:bc,0,0,,,0,0.0,0,0.0,0.0,,0.0
1785327443.519992,08:00:27:8a:0d:75,0,0,,,0,0.0,0,0.0,0.0,,0.0
1785327443.519992,08:00:27:a5:9e:2d,0,0,,,0,0.0,0,0.0,0.0,,0.0
1785327453.519992,08:00:27:5a:87:bc,0,0,,,0,0.0,0,0.0,0.0,,0.0
1785327453.519992,08:00:27:8a:0d:75,0,0,,,0,0.0,0,0.0,0.0,,0.0
1785327453.519992,08:00:27:a5:9e:2d,0,0,,,0,0.0,0,0.0,0.0,,0.0
1785327463.519992,08:00:27:5a:87:bc,0,0,,,0,0.0,0,0.0,0.0,,0.0
1785327463.519992,08:00:27:8a:0d:75,0,0,,,0,0.0,0,0.0,0.0,,0.0
1785327463.519992,08:00:27:a5:9e:2d,0,0,,,0,0.0,0,0.0,0.0,,0.0
1785327473.519992,08:00:27:5a:87:bc,0,0,,,0,0.0,0,0.0,0.0,,0.0
1785327473.519992,08:00:27:8a:0d:75,0,0,,,0,0.0,0,0.0,0.0,,0.0
1785327473.519992,08:00:27:a5:9e:2d,0,0,,,0,0.0,0,0.0,0.0,,0.0
1785327483.519992,08:00:27:5a:87:bc,0,0,,,0,0.0,0,0.0,0.0,,0.0
1785327483.519992,08:00:27:8a:0d:75,0,0,,,0,0.0,0,0.0,0.0,,0.0
1785327483.519992,08:00:27:a5:9e:2d,0,0,,,0,0.0,0,0.0,0.0,,0.0
1785327493.519992,08:00:27:5a:87:bc,0,0,,,0,0.0,0,0.0,0.0,,0.0
1785327493.519992,08:00:27:8a:0d:75,0,0,,,0,0.0,0,0.0,0.0,,0.0
1785327493.519992,08:00:27:a5:9e:2d,0,0,,,0,0.0,0,0.0,0.0,,0.0
1785327503.519992,08:00:27:5a:87:bc,0,0,,,0,0.0,0,0.0,0.0,,0.0
1785327503.519992,08:00:27:8a:0d:75,0,0,,,0,0.0,0,0.0,0.0,,0.0
1785327503.519992,08:00:27:a5:9e:2d,0,0,,,0,0.0,0,0.0,0.0,,0.0
1785327513.519992,08:00:27:5a:87:bc,0,0,,,0,0.0,0,0.0,0.0,,0.0
1785327513.519992,08:00:27:8a:0d:75,0,0,,,0,0.0,0,0.0,0.0,,0.0
1785327513.519992,08:00:27:a5:9e:2d,0,0,,,0,0.0,0,0.0,0.0,,0.0
1785327523.519992,08:00:27:5a:87:bc,0,0,,,0,0.0,0,0.0,0.0,,0.0
1785327523.519992,08:00:27:8a:0d:75,0,0,,,0,0.0,0,0.0,0.0,,0.0
1785327523.519992,08:00:27:a5:9e:2d,0,0,,,0,0.0,0,0.0,0.0,,0.0
1785327533.519992,08:00:27:5a:87:bc,0,0,,,0,0.0,0,0.0,0.0,,0.0
1785327533.519992,08:00:27:8a:0d:75,0,0,,,0,0.0,0,0.0,0.0,,0.0
1785327533.519992,08:00:27:a5:9e:2d,0,0,,,0,0.0,0,0.0,0.0,,0.0
1785327543.519992,08:00:27:5a:87:bc,0,0,,,0,0.0,0,0.0,0.0,,0.0
1785327543.519992,08:00:27:8a:0d:75,0,0,,,0,0.0,0,0.0,0.0,,0.0
1785327543.519992,08:00:27:a5:9e:2d,0,0,,,0,0.0,0,0.0,0.0,,0.0
1785327553.519992,08:00:27:5a:87:bc,0,0,,,0,0.0,0,0.0,0.0,,0.0
1785327553.519992,08:00:27:8a:0d:75,0,0,,,0,0.0,0,0.0,0.0,,0.0
1785327553.519992,08:00:27:a5:9e:2d,0,0,,,0,0.0,0,0.0,0.0,,0.0
1785327563.519992,08:00:27:5a:87:bc,0,0,,,0,0.0,0,0.0,0.0,,0.0
1785327563.519992,08:00:27:8a:0d:75,0,0,,,0,0.0,0,0.0,0.0,,0.0
1785327563.519992,08:00:27:a5:9e:2d,0,0,,,0,0.0,0,0.0,0.0,,0.0
1785327573.519992,08:00:27:5a:87:bc,0,0,,,0,0.0,0,0.0,0.0,,0.0
1785327573.519992,08:00:27:8a:0d:75,0,0,,,0,0.0,0,0.0,0.0,,0.0
1785327573.519992,08:00:27:a5:9e:2d,0,0,,,0,0.0,0,0.0,0.0,,0.0
1785327583.519992,08:00:27:5a:87:bc,0,0,,,0,0.0,0,0.0,0.0,,0.0
1785327583.519992,08:00:27:8a:0d:75,0,0,,,0,0.0,0,0.0,0.0,,0.0
1785327583.519992,08:00:27:a5:9e:2d,0,0,,,0,0.0,0,0.0,0.0,,0.0
1785327593.519992,08:00:27:5a:87:bc,0,0,,,0,0.0,0,0.0,0.0,,0.0
1785327593.519992,08:00:27:8a:0d:75,0,0,,,0,0.0,0,0.0,0.0,,0.0
1785327593.519992,08:00:27:a5:9e:2d,0,0,,,0,0.0,0,0.0,0.0,,0.0
1785327603.519992,08:00:27:5a:87:bc,0,0,,,0,0.0,0,0.0,0.0,,0.0
1785327603.519992,08:00:27:8a:0d:75,0,0,,,0,0.0,0,0.0,0.0,,0.0
1785327603.519992,08:00:27:a5:9e:2d,0,0,,,0,0.0,0,0.0,0.0,,0.0
1785327613.519992,08:00:27:5a:87:bc,0,0,,,0,0.0,0,0.0,0.0,,0.0
1785327613.519992,08:00:27:8a:0d:75,0,0,,,0,0.0,0,0.0,0.0,,0.0
1785327613.519992,08:00:27:a5:9e:2d,0,0,,,0,0.0,0,0.0,0.0,,0.0
1785327623.519992,08:00:27:5a:87:bc,0,0,,,0,0.0,0,0.0,0.0,,0.0
1785327623.519992,08:00:27:8a:0d:75,0,0,,,0,0.0,0,0.0,0.0,,0.0
1785327623.519992,08:00:27:a5:9e:2d,0,0,,,0,0.0,0,0.0,0.0,,0.0
1785327633.519992,08:00:27:5a:87:bc,0,0,,,0,0.0,0,0.0,0.0,,0.0
1785327633.519992,08:00:27:8a:0d:75,0,0,,,0,0.0,0,0.0,0.0,,0.0
1785327633.519992,08:00:27:a5:9e:2d,0,0,,,0,0.0,0,0.0,0.0,,0.0
1785327643.519992,08:00:27:5a:87:bc,0,0,,,0,0.0,0,0.0,0.0,,0.0
1785327643.519992,08:00:27:8a:0d:75,0,0,,,0,0.0,0,0.0,0.0,,0.0
1785327643.519992,08:00:27:a5:9e:2d,0,0,,,0,0.0,0,0.0,0.0,,0.0
1785327653.519992,08:00:27:5a:87:bc,0,0,,,0,0.0,0,0.0,0.0,,0.0
1785327653.519992,08:00:27:8a:0d:75,0,0,,,0,0.0,0,0.0,0.0,,0.0
1785327653.519992,08:00:27:a5:9e:2d,0,0,,,0,0.0,0,0.0,0.0,,0.0
1785327663.519992,08:00:27:5a:87:bc,0,0,,,0,0.0,0,0.0,0.0,,0.0
1785327663.519992,08:00:27:8a:0d:75,0,0,,,0,0.0,0,0.0,0.0,,0.0
1785327663.519992,08:00:27:a5:9e:2d,0,0,,,0,0.0,0,0.0,0.0,,0.0
1785327673.519992,08:00:27:5a:87:bc,0,0,,,0,0.0,0,0.0,0.0,,0.0
1785327673.519992,08:00:27:8a:0d:75,0,0,,,0,0.0,0,0.0,0.0,,0.0
1785327673.519992,08:00:27:a5:9e:2d,0,0,,,0,0.0,0,0.0,0.0,,0.0
1785327683.519992,08:00:27:5a:87:bc,0,0,,,0,0.0,0,0.0,0.0,,0.0
1785327683.519992,08:00:27:8a:0d:75,0,0,,,0,0.0,0,0.0,0.0,,0.0
1785327683.519992,08:00:27:a5:9e:2d,0,0,,,0,0.0,0,0.0,0.0,,0.0
1785327693.519992,08:00:27:5a:87:bc,0,0,,,0,0.0,0,0.0,0.0,,0.0
1785327693.519992,08:00:27:8a:0d:75,0,0,,,0,0.0,0,0.0,0.0,,0.0
1785327693.519992,08:00:27:a5:9e:2d,0,0,,,0,0.0,0,0.0,0.0,,0.0
1785327703.519992,08:00:27:5a:87:bc,0,0,,,0,0.0,0,0.0,0.0,,0.0
1785327703.519992,08:00:27:8a:0d:75,0,0,,,0,0.0,0,0.0,0.0,,0.0
1785327703.519992,08:00:27:a5:9e:2d,0,0,,,0,0.0,0,0.0,0.0,,0.0
1785327713.519992,08:00:27:5a:87:bc,0,0,,,0,0.0,0,0.0,0.0,,0.0
1785327713.519992,08:00:27:8a:0d:75,0,0,,,0,0.0,0,0.0,0.0,,0.0
1785327713.519992,08:00:27:a5:9e:2d,0,0,,,0,0.0,0,0.0,0.0,,0.0
1785327723.519992,08:00:27:5a:87:bc,0,0,,,0,0.0,0,0.0,0.0,,0.0
1785327723.519992,08:00:27:8a:0d:75,0,0,,,0,0.0,0,0.0,0.0,,0.0
1785327723.519992,08:00:27:a5:9e:2d,0,0,,,0,0.0,0,0.0,0.0,,0.0
1785327733.519992,08:00:27:5a:87:bc,0,0,,,0,0.0,0,0.0,0.0,,0.0
1785327733.519992,08:00:27:8a:0d:75,0,0,,,0,0.0,0,0.0,0.0,,0.0
1785327733.519992,08:00:27:a5:9e:2d,0,0,,,0,0.0,0,0.0,0.0,,0.0
1785327743.519992,08:00:27:5a:87:bc,0,0,,,0,0.0,0,0.0,0.0,,0.0
1785327743.519992,08:00:27:8a:0d:75,0,0,,,0,0.0,0,0.0,0.0,,0.0
1785327743.519992,08:00:27:a5:9e:2d,0,0,,,0,0.0,0,0.0,0.0,,0.0
1785327753.519992,08:00:27:5a:87:bc,0,0,,,0,0.0,0,0.0,0.0,,0.0
1785327753.519992,08:00:27:8a:0d:75,0,0,,,0,0.0,0,0.0,0.0,,0.0
1785327753.519992,08:00:27:a5:9e:2d,0,0,,,0,0.0,0,0.0,0.0,,0.0
1785327763.519992,08:00:27:5a:87:bc,0,0,,,0,0.0,0,0.0,0.0,,0.0
1785327763.519992,08:00:27:8a:0d:75,0,0,,,0,0.0,0,0.0,0.0,,0.0
1785327763.519992,08:00:27:a5:9e:2d,0,0,,,0,0.0,0,0.0,0.0,,0.0
1785327773.519992,08:00:27:5a:87:bc,0,0,,,0,0.0,0,0.0,0.0,,0.0
1785327773.519992,08:00:27:8a:0d:75,0,0,,,0,0.0,0,0.0,0.0,,0.0
1785327773.519992,08:00:27:a5:9e:2d,0,0,,,0,0.0,0,0.0,0.0,,0.0
1785327783.519992,08:00:27:5a:87:bc,0,0,,,0,0.0,0,0.0,0.0,,0.0
1785327783.519992,08:00:27:8a:0d:75,0,0,,,0,0.0,0,0.0,0.0,,0.0
1785327783.519992,08:00:27:a5:9e:2d,0,0,,,0,0.0,0,0.0,0.0,,0.0
1785327793.519992,08:00:27:5a:87:bc,0,0,,,0,0.0,0,0.0,0.0,,0.0
1785327793.519992,08:00:27:8a:0d:75,0,0,,,0,0.0,0,0.0,0.0,,0.0
1785327793.519992,08:00:27:a5:9e:2d,0,0,,,0,0.0,0,0.0,0.0,,0.0
1785327803.519992,08:00:27:5a:87:bc,0,0,,,0,0.0,0,0.0,0.0,,0.0
1785327803.519992,08:00:27:8a:0d:75,0,0,,,0,0.0,0,0.0,0.0,,0.0
1785327803.519992,08:00:27:a5:9e:2d,0,0,,,0,0.0,0,0.0,0.0,,0.0
1785327813.519992,08:00:27:5a:87:bc,0,0,,,0,0.0,0,0.0,0.0,,0.0
1785327813.519992,08:00:27:8a:0d:75,0,0,,,0,0.0,0,0.0,0.0,,0.0
1785327813.519992,08:00:27:a5:9e:2d,0,0,,,0,0.0,0,0.0,0.0,,0.0
1785327823.519992,08:00:27:5a:87:bc,0,0,,,0,0.0,0,0.0,0.0,,0.0
1785327823.519992,08:00:27:8a:0d:75,0,0,,,0,0.0,0,0.0,0.0,,0.0
1785327823.519992,08:00:27:a5:9e:2d,0,0,,,0,0.0,0,0.0,0.0,,0.0
1785327833.519992,08:00:27:5a:87:bc,0,0,,,0,0.0,0,0.0,0.0,,0.0
1785327833.519992,08:00:27:8a:0d:75,0,0,,,0,0.0,0,0.0,0.0,,0.0
1785327833.519992,08:00:27:a5:9e:2d,0,0,,,0,0.0,0,0.0,0.0,,0.0
1785327843.519992,08:00:27:5a:87:bc,0,0,,,0,0.0,0,0.0,0.0,,0.0
1785327843.519992,08:00:27:8a:0d:75,0,0,,,0,0.0,0,0.0,0.0,,0.0
1785327843.519992,08:00:27:a5:9e:2d,0,0,,,0,0.0,0,0.0,0.0,,0.0
1785327853.519992,08:00:27:5a:87:bc,0,0,,,0,0.0,0,0.0,0.0,,0.0
1785327853.519992,08:00:27:8a:0d:75,0,0,,,0,0.0,0,0.0,0.0,,0.0
1785327853.519992,08:00:27:a5:9e:2d,0,0,,,0,0.0,0,0.0,0.0,,0.0
1785327863.519992,08:00:27:5a:87:bc,0,0,,,0,0.0,0,0.0,0.0,,0.0
1785327863.519992,08:00:27:8a:0d:75,0,0,,,0,0.0,0,0.0,0.0,,0.0
1785327863.519992,08:00:27:a5:9e:2d,0,0,,,0,0.0,0,0.0,0.0,,0.0
1785327873.519992,08:00:27:5a:87:bc,0,0,,,0,0.0,0,0.0,0.0,,0.0
1785327873.519992,08:00:27:8a:0d:75,0,0,,,0,0.0,0,0.0,0.0,,0.0
1785327873.519992,08:00:27:a5:9e:2d,0,0,,,0,0.0,0,0.0,0.0,,0.0
1785327883.519992,08:00:27:5a:87:bc,0,0,,,0,0.0,0,0.0,0.0,,0.0
1785327883.519992,08:00:27:8a:0d:75,0,0,,,0,0.0,0,0.0,0.0,,0.0
1785327883.519992,08:00:27:a5:9e:2d,0,0,,,0,0.0,0,0.0,0.0,,0.0
1785327893.519992,08:00:27:5a:87:bc,0,0,,,0,0.0,0,0.0,0.0,,0.0
1785327893.519992,08:00:27:8a:0d:75,0,0,,,0,0.0,0,0.0,0.0,,0.0
1785327893.519992,08:00:27:a5:9e:2d,0,0,,,0,0.0,0,0.0,0.0,,0.0
1785327903.519992,08:00:27:5a:87:bc,0,0,,,0,0.0,0,0.0,0.0,,0.0
1785327903.519992,08:00:27:8a:0d:75,0,0,,,0,0.0,0,0.0,0.0,,0.0
1785327903.519992,08:00:27:a5:9e:2d,0,0,,,0,0.0,0,0.0,0.0,,0.0
1785327913.519992,08:00:27:5a:87:bc,0,0,,,0,0.0,0,0.0,0.0,,0.0
1785327913.519992,08:00:27:8a:0d:75,0,0,,,0,0.0,0,0.0,0.0,,0.0
1785327913.519992,08:00:27:a5:9e:2d,0,0,,,0,0.0,0,0.0,0.0,,0.0
1785327923.519992,08:00:27:5a:87:bc,0,0,,,0,0.0,0,0.0,0.0,,0.0
1785327923.519992,08:00:27:8a:0d:75,0,0,,,0,0.0,0,0.0,0.0,,0.0
1785327923.519992,08:00:27:a5:9e:2d,0,0,,,0,0.0,0,0.0,0.0,,0.0
1785327933.519992,08:00:27:5a:87:bc,0,0,,,0,0.0,0,0.0,0.0,,0.0
1785327933.519992,08:00:27:8a:0d:75,0,0,,,0,0.0,0,0.0,0.0,,0.0
1785327933.519992,08:00:27:a5:9e:2d,0,0,,,0,0.0,0,0.0,0.0,,0.0
1785327943.519992,08:00:27:5a:87:bc,0,0,,,0,0.0,0,0.0,0.0,,0.0
1785327943.519992,08:00:27:8a:0d:75,0,0,,,0,0.0,0,0.0,0.0,,0.0
1785327943.519992,08:00:27:a5:9e:2d,0,0,,,0,0.0,0,0.0,0.0,,0.0
1785327953.519992,08:00:27:5a:87:bc,0,0,,,0,0.0,0,0.0,0.0,,0.0
1785327953.519992,08:00:27:8a:0d:75,0,0,,,0,0.0,0,0.0,0.0,,0.0
1785327953.519992,08:00:27:a5:9e:2d,0,0,,,0,0.0,0,0.0,0.0,,0.0
1785327963.519992,08:00:27:5a:87:bc,0,0,,,0,0.0,0,0.0,0.0,,0.0
1785327963.519992,08:00:27:8a:0d:75,0,0,,,0,0.0,0,0.0,0.0,,0.0
1785327963.519992,08:00:27:a5:9e:2d,0,0,,,0,0.0,0,0.0,0.0,,0.0
1785327973.519992,08:00:27:5a:87:bc,0,0,,,0,0.0,0,0.0,0.0,,0.0
1785327973.519992,08:00:27:8a:0d:75,0,0,,,0,0.0,0,0.0,0.0,,0.0
1785327973.519992,08:00:27:a5:9e:2d,0,0,,,0,0.0,0,0.0,0.0,,0.0
1785327983.519992,08:00:27:5a:87:bc,0,0,,,0,0.0,0,0.0,0.0,,0.0
1785327983.519992,08:00:27:8a:0d:75,0,0,,,0,0.0,0,0.0,0.0,,0.0
1785327983.519992,08:00:27:a5:9e:2d,0,0,,,0,0.0,0,0.0,0.0,,0.0
1785327993.519992,08:00:27:5a:87:bc,0,0,,,0,0.0,0,0.0,0.0,,0.0
1785327993.519992,08:00:27:8a:0d:75,0,0,,,0,0.0,0,0.0,0.0,,0.0
1785327993.519992,08:00:27:a5:9e:2d,0,0,,,0,0.0,0,0.0,0.0,,0.0
1785328003.519992,08:00:27:5a:87:bc,0,0,,,0,0.0,0,0.0,0.0,,0.0
1785328003.519992,08:00:27:8a:0d:75,0,0,,,0,0.0,0,0.0,0.0,,0.0
1785328003.519992,08:00:27:a5:9e:2d,0,0,,,0,0.0,0,0.0,0.0,,0.0
1785328013.519992,08:00:27:5a:87:bc,0,0,,,0,0.0,0,0.0,0.0,,0.0
1785328013.519992,08:00:27:8a:0d:75,0,0,,,0,0.0,0,0.0,0.0,,0.0
1785328013.519992,08:00:27:a5:9e:2d,0,0,,,0,0.0,0,0.0,0.0,,0.0
1785328023.519992,08:00:27:5a:87:bc,0,0,,,0,0.0,0,0.0,0.0,,0.0
1785328023.519992,08:00:27:8a:0d:75,0,0,,,0,0.0,0,0.0,0.0,,0.0
1785328023.519992,08:00:27:a5:9e:2d,0,0,,,0,0.0,0,0.0,0.0,,0.0
1785328033.519992,08:00:27:5a:87:bc,0,0,,,0,0.0,0,0.0,0.0,,0.0
1785328033.519992,08:00:27:8a:0d:75,0,0,,,0,0.0,0,0.0,0.0,,0.0
1785328033.519992,08:00:27:a5:9e:2d,0,0,,,0,0.0,0,0.0,0.0,,0.0
1785328043.519992,08:00:27:5a:87:bc,0,0,,,0,0.0,0,0.0,0.0,,0.0
1785328043.519992,08:00:27:8a:0d:75,0,0,,,0,0.0,0,0.0,0.0,,0.0
1785328043.519992,08:00:27:a5:9e:2d,0,0,,,0,0.0,0,0.0,0.0,,0.0
1785328053.519992,08:00:27:5a:87:bc,0,0,,,0,0.0,0,0.0,0.0,,0.0
1785328053.519992,08:00:27:8a:0d:75,0,0,,,0,0.0,0,0.0,0.0,,0.0
1785328053.519992,08:00:27:a5:9e:2d,0,0,,,0,0.0,0,0.0,0.0,,0.0
1785328063.519992,08:00:27:5a:87:bc,0,0,,,0,0.0,0,0.0,0.0,,0.0
1785328063.519992,08:00:27:8a:0d:75,0,0,,,0,0.0,0,0.0,0.0,,0.0
1785328063.519992,08:00:27:a5:9e:2d,0,0,,,0,0.0,0,0.0,0.0,,0.0
1785328073.519992,08:00:27:5a:87:bc,0,0,,,0,0.0,0,0.0,0.0,,0.0
1785328073.519992,08:00:27:8a:0d:75,0,0,,,0,0.0,0,0.0,0.0,,0.0
1785328073.519992,08:00:27:a5:9e:2d,0,0,,,0,0.0,0,0.0,0.0,,0.0
1785328083.519992,08:00:27:5a:87:bc,0,0,,,0,0.0,0,0.0,0.0,,0.0
1785328083.519992,08:00:27:8a:0d:75,0,0,,,0,0.0,0,0.0,0.0,,0.0
1785328083.519992,08:00:27:a5:9e:2d,0,0,,,0,0.0,0,0.0,0.0,,0.0
1785328093.519992,08:00:27:5a:87:bc,0,0,,,0,0.0,0,0.0,0.0,,0.0
1785328093.519992,08:00:27:8a:0d:75,0,0,,,0,0.0,0,0.0,0.0,,0.0
1785328093.519992,08:00:27:a5:9e:2d,0,0,,,0,0.0,0,0.0,0.0,,0.0
1785328103.519992,08:00:27:5a:87:bc,0,0,,,0,0.0,0,0.0,0.0,,0.0
1785328103.519992,08:00:27:8a:0d:75,0,0,,,0,0.0,0,0.0,0.0,,0.0
1785328103.519992,08:00:27:a5:9e:2d,0,0,,,0,0.0,0,0.0,0.0,,0.0
1785328113.519992,08:00:27:5a:87:bc,0,0,,,0,0.0,0,0.0,0.0,,0.0
1785328113.519992,08:00:27:8a:0d:75,0,0,,,0,0.0,0,0.0,0.0,,0.0
1785328113.519992,08:00:27:a5:9e:2d,0,0,,,0,0.0,0,0.0,0.0,,0.0
1785328123.519992,08:00:27:5a:87:bc,0,0,,,0,0.0,0,0.0,0.0,,0.0
1785328123.519992,08:00:27:8a:0d:75,0,0,,,0,0.0,0,0.0,0.0,,0.0
1785328123.519992,08:00:27:a5:9e:2d,0,0,,,0,0.0,0,0.0,0.0,,0.0
1785328133.519992,08:00:27:5a:87:bc,0,0,,,0,0.0,0,0.0,0.0,,0.0
1785328133.519992,08:00:27:8a:0d:75,0,0,,,0,0.0,0,0.0,0.0,,0.0
1785328133.519992,08:00:27:a5:9e:2d,0,0,,,0,0.0,0,0.0,0.0,,0.0
1785328143.519992,08:00:27:5a:87:bc,0,0,,,0,0.0,0,0.0,0.0,,0.0
1785328143.519992,08:00:27:8a:0d:75,0,0,,,0,0.0,0,0.0,0.0,,0.0
1785328143.519992,08:00:27:a5:9e:2d,0,0,,,0,0.0,0,0.0,0.0,,0.0
1785328153.519992,08:00:27:5a:87:bc,0,0,,,0,0.0,0,0.0,0.0,,0.0
1785328153.519992,08:00:27:8a:0d:75,0,0,,,0,0.0,0,0.0,0.0,,0.0
1785328153.519992,08:00:27:a5:9e:2d,0,0,,,0,0.0,0,0.0,0.0,,0.0
1785328163.519992,08:00:27:5a:87:bc,0,0,,,0,0.0,0,0.0,0.0,,0.0
1785328163.519992,08:00:27:8a:0d:75,0,0,,,0,0.0,0,0.0,0.0,,0.0
1785328163.519992,08:00:27:a5:9e:2d,0,0,,,0,0.0,0,0.0,0.0,,0.0
1785328173.519992,08:00:27:5a:87:bc,0,0,,,0,0.0,0,0.0,0.0,,0.0
1785328173.519992,08:00:27:8a:0d:75,0,0,,,0,0.0,0,0.0,0.0,,0.0
1785328173.519992,08:00:27:a5:9e:2d,0,0,,,0,0.0,0,0.0,0.0,,0.0
1785328183.519992,08:00:27:5a:87:bc,0,0,,,0,0.0,0,0.0,0.0,,0.0
1785328183.519992,08:00:27:8a:0d:75,0,0,,,0,0.0,0,0.0,0.0,,0.0
1785328183.519992,08:00:27:a5:9e:2d,0,0,,,0,0.0,0,0.0,0.0,,0.0
1785328193.519992,08:00:27:5a:87:bc,0,0,,,0,0.0,0,0.0,0.0,,0.0
1785328193.519992,08:00:27:8a:0d:75,0,0,,,0,0.0,0,0.0,0.0,,0.0
1785328193.519992,08:00:27:a5:9e:2d,0,0,,,0,0.0,0,0.0,0.0,,0.0
1785328203.519992,08:00:27:5a:87:bc,0,0,,,0,0.0,0,0.0,0.0,,0.0
1785328203.519992,08:00:27:8a:0d:75,0,0,,,0,0.0,0,0.0,0.0,,0.0
1785328203.519992,08:00:27:a5:9e:2d,0,0,,,0,0.0,0,0.0,0.0,,0.0
1785328213.519992,08:00:27:5a:87:bc,0,0,,,0,0.0,0,0.0,0.0,,0.0
1785328213.519992,08:00:27:8a:0d:75,0,0,,,0,0.0,0,0.0,0.0,,0.0
1785328213.519992,08:00:27:a5:9e:2d,0,0,,,0,0.0,0,0.0,0.0,,0.0
1785328223.519992,08:00:27:5a:87:bc,0,0,,,0,0.0,0,0.0,0.0,,0.0
1785328223.519992,08:00:27:8a:0d:75,0,0,,,0,0.0,0,0.0,0.0,,0.0
1785328223.519992,08:00:27:a5:9e:2d,0,0,,,0,0.0,0,0.0,0.0,,0.0
1785328233.519992,08:00:27:5a:87:bc,0,0,,,0,0.0,0,0.0,0.0,,0.0
1785328233.519992,08:00:27:8a:0d:75,0,0,,,0,0.0,0,0.0,0.0,,0.0
1785328233.519992,08:00:27:a5:9e:2d,0,0,,,0,0.0,0,0.0,0.0,,0.0
1785328243.519992,08:00:27:5a:87:bc,0,0,,,0,0.0,0,0.0,0.0,,0.0
1785328243.519992,08:00:27:8a:0d:75,0,0,,,0,0.0,0,0.0,0.0,,0.0
1785328243.519992,08:00:27:a5:9e:2d,0,0,,,0,0.0,0,0.0,0.0,,0.0
1785328253.519992,08:00:27:5a:87:bc,0,0,,,0,0.0,0,0.0,0.0,,0.0
1785328253.519992,08:00:27:8a:0d:75,0,0,,,0,0.0,0,0.0,0.0,,0.0
1785328253.519992,08:00:27:a5:9e:2d,0,0,,,0,0.0,0,0.0,0.0,,0.0
1785328263.519992,08:00:27:5a:87:bc,0,0,,,0,0.0,0,0.0,0.0,,0.0
1785328263.519992,08:00:27:8a:0d:75,0,0,,,0,0.0,0,0.0,0.0,,0.0
1785328263.519992,08:00:27:a5:9e:2d,0,0,,,0,0.0,0,0.0,0.0,,0.0
1785328273.519992,08:00:27:5a:87:bc,0,0,,,0,0.0,0,0.0,0.0,,0.0
1785328273.519992,08:00:27:8a:0d:75,0,0,,,0,0.0,0,0.0,0.0,,0.0
1785328273.519992,08:00:27:a5:9e:2d,0,0,,,0,0.0,0,0.0,0.0,,0.0
1785328283.519992,08:00:27:5a:87:bc,0,0,,,0,0.0,0,0.0,0.0,,0.0
1785328283.519992,08:00:27:8a:0d:75,0,0,,,0,0.0,0,0.0,0.0,,0.0
1785328283.519992,08:00:27:a5:9e:2d,0,0,,,0,0.0,0,0.0,0.0,,0.0
1785328293.519992,08:00:27:5a:87:bc,0,0,,,0,0.0,0,0.0,0.0,,0.0
1785328293.519992,08:00:27:8a:0d:75,0,0,,,0,0.0,0,0.0,0.0,,0.0
1785328293.519992,08:00:27:a5:9e:2d,0,0,,,0,0.0,0,0.0,0.0,,0.0
1785328303.519992,08:00:27:5a:87:bc,0,0,,,0,0.0,0,0.0,0.0,,0.0
1785328303.519992,08:00:27:8a:0d:75,0,0,,,0,0.0,0,0.0,0.0,,0.0
1785328303.519992,08:00:27:a5:9e:2d,0,0,,,0,0.0,0,0.0,0.0,,0.0
1785328313.519992,08:00:27:5a:87:bc,0,0,,,0,0.0,0,0.0,0.0,,0.0
1785328313.519992,08:00:27:8a:0d:75,0,0,,,0,0.0,0,0.0,0.0,,0.0
1785328313.519992,08:00:27:a5:9e:2d,0,0,,,0,0.0,0,0.0,0.0,,0.0
1785328323.519992,08:00:27:5a:87:bc,0,0,,,0,0.0,0,0.0,0.0,,0.0
1785328323.519992,08:00:27:8a:0d:75,0,0,,,0,0.0,0,0.0,0.0,,0.0
1785328323.519992,08:00:27:a5:9e:2d,0,0,,,0,0.0,0,0.0,0.0,,0.0
1785328333.519992,08:00:27:5a:87:bc,0,0,,,0,0.0,0,0.0,0.0,,0.0
1785328333.519992,08:00:27:8a:0d:75,0,0,,,0,0.0,0,0.0,0.0,,0.0
1785328333.519992,08:00:27:a5:9e:2d,0,0,,,0,0.0,0,0.0,0.0,,0.0
1785328343.519992,08:00:27:5a:87:bc,0,0,,,0,0.0,0,0.0,0.0,,0.0
1785328343.519992,08:00:27:8a:0d:75,0,0,,,0,0.0,0,0.0,0.0,,0.0
1785328343.519992,08:00:27:a5:9e:2d,0,0,,,0,0.0,0,0.0,0.0,,0.0
1785328353.519992,08:00:27:5a:87:bc,0,0,,,0,0.0,0,0.0,0.0,,0.0
1785328353.519992,08:00:27:8a:0d:75,0,0,,,0,0.0,0,0.0,0.0,,0.0
1785328353.519992,08:00:27:a5:9e:2d,0,0,,,0,0.0,0,0.0,0.0,,0.0
1785328363.519992,08:00:27:5a:87:bc,0,0,,,0,0.0,0,0.0,0.0,,0.0
1785328363.519992,08:00:27:8a:0d:75,0,0,,,0,0.0,0,0.0,0.0,,0.0
1785328363.519992,08:00:27:a5:9e:2d,0,0,,,0,0.0,0,0.0,0.0,,0.0
1785328373.519992,08:00:27:5a:87:bc,0,0,,,0,0.0,0,0.0,0.0,,0.0
1785328373.519992,08:00:27:8a:0d:75,0,0,,,0,0.0,0,0.0,0.0,,0.0
1785328373.519992,08:00:27:a5:9e:2d,0,0,,,0,0.0,0,0.0,0.0,,0.0
1785328383.519992,08:00:27:5a:87:bc,0,0,,,0,0.0,0,0.0,0.0,,0.0
1785328383.519992,08:00:27:8a:0d:75,0,0,,,0,0.0,0,0.0,0.0,,0.0
1785328383.519992,08:00:27:a5:9e:2d,0,0,,,0,0.0,0,0.0,0.0,,0.0
1785328393.519992,08:00:27:5a:87:bc,0,0,,,0,0.0,0,0.0,0.0,,0.0
1785328393.519992,08:00:27:8a:0d:75,0,0,,,0,0.0,0,0.0,0.0,,0.0
1785328393.519992,08:00:27:a5:9e:2d,0,0,,,0,0.0,0,0.0,0.0,,0.0
1785328403.519992,08:00:27:5a:87:bc,0,0,,,0,0.0,0,0.0,0.0,,0.0
1785328403.519992,08:00:27:8a:0d:75,0,0,,,0,0.0,0,0.0,0.0,,0.0
1785328403.519992,08:00:27:a5:9e:2d,0,0,,,0,0.0,0,0.0,0.0,,0.0
1785328413.519992,08:00:27:5a:87:bc,0,0,,,0,0.0,0,0.0,0.0,,0.0
1785328413.519992,08:00:27:8a:0d:75,0,0,,,0,0.0,0,0.0,0.0,,0.0
1785328413.519992,08:00:27:a5:9e:2d,0,0,,,0,0.0,0,0.0,0.0,,0.0
1785328423.519992,08:00:27:5a:87:bc,0,0,,,0,0.0,0,0.0,0.0,,0.0
1785328423.519992,08:00:27:8a:0d:75,0,0,,,0,0.0,0,0.0,0.0,,0.0
1785328423.519992,08:00:27:a5:9e:2d,0,0,,,0,0.0,0,0.0,0.0,,0.0
1785328433.519992,08:00:27:5a:87:bc,0,0,,,0,0.0,0,0.0,0.0,,0.0
1785328433.519992,08:00:27:8a:0d:75,0,0,,,0,0.0,0,0.0,0.0,,0.0
1785328433.519992,08:00:27:a5:9e:2d,0,0,,,0,0.0,0,0.0,0.0,,0.0
1785328443.519992,08:00:27:5a:87:bc,0,0,,,0,0.0,0,0.0,0.0,,0.0
1785328443.519992,08:00:27:8a:0d:75,0,0,,,0,0.0,0,0.0,0.0,,0.0
1785328443.519992,08:00:27:a5:9e:2d,0,0,,,0,0.0,0,0.0,0.0,,0.0
1785328453.519992,08:00:27:5a:87:bc,0,0,,,0,0.0,0,0.0,0.0,,0.0
1785328453.519992,08:00:27:8a:0d:75,0,0,,,0,0.0,0,0.0,0.0,,0.0
1785328453.519992,08:00:27:a5:9e:2d,0,0,,,0,0.0,0,0.0,0.0,,0.0
1785328463.519992,08:00:27:5a:87:bc,0,0,,,0,0.0,0,0.0,0.0,,0.0
1785328463.519992,08:00:27:8a:0d:75,0,0,,,0,0.0,0,0.0,0.0,,0.0
1785328463.519992,08:00:27:a5:9e:2d,0,0,,,0,0.0,0,0.0,0.0,,0.0
1785328473.519992,08:00:27:5a:87:bc,0,0,,,0,0.0,0,0.0,0.0,,0.0
1785328473.519992,08:00:27:8a:0d:75,0,0,,,0,0.0,0,0.0,0.0,,0.0
1785328473.519992,08:00:27:a5:9e:2d,0,0,,,0,0.0,0,0.0,0.0,,0.0
1785328483.519992,08:00:27:5a:87:bc,0,0,,,0,0.0,0,0.0,0.0,,0.0
1785328483.519992,08:00:27:8a:0d:75,0,0,,,0,0.0,0,0.0,0.0,,0.0
1785328483.519992,08:00:27:a5:9e:2d,0,0,,,0,0.0,0,0.0,0.0,,0.0
1785328493.519992,08:00:27:5a:87:bc,0,0,,,0,0.0,0,0.0,0.0,,0.0
1785328493.519992,08:00:27:8a:0d:75,0,0,,,0,0.0,0,0.0,0.0,,0.0
1785328493.519992,08:00:27:a5:9e:2d,0,0,,,0,0.0,0,0.0,0.0,,0.0
1785328503.519992,08:00:27:5a:87:bc,0,0,,,0,0.0,0,0.0,0.0,,0.0
1785328503.519992,08:00:27:8a:0d:75,0,0,,,0,0.0,0,0.0,0.0,,0.0
1785328503.519992,08:00:27:a5:9e:2d,0,0,,,0,0.0,0,0.0,0.0,,0.0
1785328513.519992,08:00:27:5a:87:bc,0,0,,,0,0.0,0,0.0,0.0,,0.0
1785328513.519992,08:00:27:8a:0d:75,0,0,,,0,0.0,0,0.0,0.0,,0.0
1785328513.519992,08:00:27:a5:9e:2d,0,0,,,0,0.0,0,0.0,0.0,,0.0
1785328523.519992,08:00:27:5a:87:bc,0,0,,,0,0.0,0,0.0,0.0,,0.0
1785328523.519992,08:00:27:8a:0d:75,0,0,,,0,0.0,0,0.0,0.0,,0.0
1785328523.519992,08:00:27:a5:9e:2d,0,0,,,0,0.0,0,0.0,0.0,,0.0
1785328533.519992,08:00:27:5a:87:bc,0,0,,,0,0.0,0,0.0,0.0,,0.0
1785328533.519992,08:00:27:8a:0d:75,0,0,,,0,0.0,0,0.0,0.0,,0.0
1785328533.519992,08:00:27:a5:9e:2d,0,0,,,0,0.0,0,0.0,0.0,,0.0
1785328543.519992,08:00:27:5a:87:bc,0,0,,,0,0.0,0,0.0,0.0,,0.0
1785328543.519992,08:00:27:8a:0d:75,0,0,,,0,0.0,0,0.0,0.0,,0.0
1785328543.519992,08:00:27:a5:9e:2d,0,0,,,0,0.0,0,0.0,0.0,,0.0
1785328553.519992,08:00:27:5a:87:bc,0,0,,,0,0.0,0,0.0,0.0,,0.0
1785328553.519992,08:00:27:8a:0d:75,0,0,,,0,0.0,0,0.0,0.0,,0.0
1785328553.519992,08:00:27:a5:9e:2d,0,0,,,0,0.0,0,0.0,0.0,,0.0
1785328563.519992,08:00:27:5a:87:bc,0,0,,,0,0.0,0,0.0,0.0,,0.0
1785328563.519992,08:00:27:8a:0d:75,0,0,,,0,0.0,0,0.0,0.0,,0.0
1785328563.519992,08:00:27:a5:9e:2d,0,0,,,0,0.0,0,0.0,0.0,,0.0
1785328573.519992,08:00:27:5a:87:bc,0,0,,,0,0.0,0,0.0,0.0,,0.0
1785328573.519992,08:00:27:8a:0d:75,0,0,,,0,0.0,0,0.0,0.0,,0.0
1785328573.519992,08:00:27:a5:9e:2d,0,0,,,0,0.0,0,0.0,0.0,,0.0
1785328583.519992,08:00:27:5a:87:bc,0,0,,,0,0.0,0,0.0,0.0,,0.0
1785328583.519992,08:00:27:8a:0d:75,0,0,,,0,0.0,0,0.0,0.0,,0.0
1785328583.519992,08:00:27:a5:9e:2d,0,0,,,0,0.0,0,0.0,0.0,,0.0
1785328593.519992,08:00:27:5a:87:bc,0,0,,,0,0.0,0,0.0,0.0,,0.0
1785328593.519992,08:00:27:8a:0d:75,0,0,,,0,0.0,0,0.0,0.0,,0.0
1785328593.519992,08:00:27:a5:9e:2d,0,0,,,0,0.0,0,0.0,0.0,,0.0
1785328603.519992,08:00:27:5a:87:bc,0,0,,,0,0.0,0,0.0,0.0,,0.0
1785328603.519992,08:00:27:8a:0d:75,0,0,,,0,0.0,0,0.0,0.0,,0.0
1785328603.519992,08:00:27:a5:9e:2d,0,0,,,0,0.0,0,0.0,0.0,,0.0
1785328613.519992,08:00:27:5a:87:bc,0,0,,,0,0.0,0,0.0,0.0,,0.0
1785328613.519992,08:00:27:8a:0d:75,0,0,,,0,0.0,0,0.0,0.0,,0.0
1785328613.519992,08:00:27:a5:9e:2d,0,0,,,0,0.0,0,0.0,0.0,,0.0
1785328623.519992,08:00:27:5a:87:bc,0,0,,,0,0.0,0,0.0,0.0,,0.0
1785328623.519992,08:00:27:8a:0d:75,0,0,,,0,0.0,0,0.0,0.0,,0.0
1785328623.519992,08:00:27:a5:9e:2d,0,0,,,0,0.0,0,0.0,0.0,,0.0
1785328633.519992,08:00:27:5a:87:bc,0,0,,,0,0.0,0,0.0,0.0,,0.0
1785328633.519992,08:00:27:8a:0d:75,0,0,,,0,0.0,0,0.0,0.0,,0.0
1785328633.519992,08:00:27:a5:9e:2d,0,0,,,0,0.0,0,0.0,0.0,,0.0
1785328643.519992,08:00:27:5a:87:bc,0,0,,,0,0.0,0,0.0,0.0,,0.0
1785328643.519992,08:00:27:8a:0d:75,0,0,,,0,0.0,0,0.0,0.0,,0.0
1785328643.519992,08:00:27:a5:9e:2d,0,0,,,0,0.0,0,0.0,0.0,,0.0
1785328653.519992,08:00:27:5a:87:bc,0,0,,,0,0.0,0,0.0,0.0,,0.0
1785328653.519992,08:00:27:8a:0d:75,0,0,,,0,0.0,0,0.0,0.0,,0.0
1785328653.519992,08:00:27:a5:9e:2d,0,0,,,0,0.0,0,0.0,0.0,,0.0
1785328663.519992,08:00:27:5a:87:bc,0,0,,,0,0.0,0,0.0,0.0,,0.0
1785328663.519992,08:00:27:8a:0d:75,0,0,,,0,0.0,0,0.0,0.0,,0.0
1785328663.519992,08:00:27:a5:9e:2d,0,0,,,0,0.0,0,0.0,0.0,,0.0
1785328673.519992,08:00:27:5a:87:bc,0,0,,,0,0.0,0,0.0,0.0,,0.0
1785328673.519992,08:00:27:8a:0d:75,0,0,,,0,0.0,0,0.0,0.0,,0.0
1785328673.519992,08:00:27:a5:9e:2d,0,0,,,0,0.0,0,0.0,0.0,,0.0
1785328683.519992,08:00:27:5a:87:bc,0,0,,,0,0.0,0,0.0,0.0,,0.0
1785328683.519992,08:00:27:8a:0d:75,0,0,,,0,0.0,0,0.0,0.0,,0.0
1785328683.519992,08:00:27:a5:9e:2d,0,0,,,0,0.0,0,0.0,0.0,,0.0
1785328693.519992,08:00:27:5a:87:bc,0,0,,,0,0.0,0,0.0,0.0,,0.0
1785328693.519992,08:00:27:8a:0d:75,0,0,,,0,0.0,0,0.0,0.0,,0.0
1785328693.519992,08:00:27:a5:9e:2d,0,0,,,0,0.0,0,0.0,0.0,,0.0
1785328703.519992,08:00:27:5a:87:bc,0,0,,,0,0.0,0,0.0,0.0,,0.0
1785328703.519992,08:00:27:8a:0d:75,0,0,,,0,0.0,0,0.0,0.0,,0.0
1785328703.519992,08:00:27:a5:9e:2d,0,0,,,0,0.0,0,0.0,0.0,,0.0
1785328713.519992,08:00:27:5a:87:bc,0,0,,,0,0.0,0,0.0,0.0,,0.0
1785328713.519992,08:00:27:8a:0d:75,0,0,,,0,0.0,0,0.0,0.0,,0.0
1785328713.519992,08:00:27:a5:9e:2d,0,0,,,0,0.0,0,0.0,0.0,,0.0
1785328723.519992,08:00:27:5a:87:bc,0,0,,,0,0.0,0,0.0,0.0,,0.0
1785328723.519992,08:00:27:8a:0d:75,0,0,,,0,0.0,0,0.0,0.0,,0.0
1785328723.519992,08:00:27:a5:9e:2d,0,0,,,0,0.0,0,0.0,0.0,,0.0
1785328733.519992,08:00:27:5a:87:bc,0,0,,,0,0.0,0,0.0,0.0,,0.0
1785328733.519992,08:00:27:8a:0d:75,0,0,,,0,0.0,0,0.0,0.0,,0.0
1785328733.519992,08:00:27:a5:9e:2d,0,0,,,0,0.0,0,0.0,0.0,,0.0
1785328743.519992,08:00:27:5a:87:bc,0,0,,,0,0.0,0,0.0,0.0,,0.0
1785328743.519992,08:00:27:8a:0d:75,0,0,,,0,0.0,0,0.0,0.0,,0.0
1785328743.519992,08:00:27:a5:9e:2d,0,0,,,0,0.0,0,0.0,0.0,,0.0
1785328753.519992,08:00:27:5a:87:bc,0,0,,,0,0.0,0,0.0,0.0,,0.0
1785328753.519992,08:00:27:8a:0d:75,0,0,,,0,0.0,0,0.0,0.0,,0.0
1785328753.519992,08:00:27:a5:9e:2d,0,0,,,0,0.0,0,0.0,0.0,,0.0
1785328763.519992,08:00:27:5a:87:bc,0,0,,,0,0.0,0,0.0,0.0,,0.0
1785328763.519992,08:00:27:8a:0d:75,0,0,,,0,0.0,0,0.0,0.0,,0.0
1785328763.519992,08:00:27:a5:9e:2d,0,0,,,0,0.0,0,0.0,0.0,,0.0
1785328773.519992,08:00:27:5a:87:bc,0,0,,,0,0.0,0,0.0,0.0,,0.0
1785328773.519992,08:00:27:8a:0d:75,0,0,,,0,0.0,0,0.0,0.0,,0.0
1785328773.519992,08:00:27:a5:9e:2d,0,0,,,0,0.0,0,0.0,0.0,,0.0
1785328783.519992,08:00:27:5a:87:bc,0,0,,,0,0.0,0,0.0,0.0,,0.0
1785328783.519992,08:00:27:8a:0d:75,0,0,,,0,0.0,0,0.0,0.0,,0.0
1785328783.519992,08:00:27:a5:9e:2d,0,0,,,0,0.0,0,0.0,0.0,,0.0
1785328793.519992,08:00:27:5a:87:bc,0,0,,,0,0.0,0,0.0,0.0,,0.0
1785328793.519992,08:00:27:8a:0d:75,0,0,,,0,0.0,0,0.0,0.0,,0.0
1785328793.519992,08:00:27:a5:9e:2d,0,0,,,0,0.0,0,0.0,0.0,,0.0
1785328803.519992,08:00:27:5a:87:bc,0,0,,,0,0.0,0,0.0,0.0,,0.0
1785328803.519992,08:00:27:8a:0d:75,0,0,,,0,0.0,0,0.0,0.0,,0.0
1785328803.519992,08:00:27:a5:9e:2d,0,0,,,0,0.0,0,0.0,0.0,,0.0
1785328813.519992,08:00:27:5a:87:bc,0,0,,,0,0.0,0,0.0,0.0,,0.0
1785328813.519992,08:00:27:8a:0d:75,0,0,,,0,0.0,0,0.0,0.0,,0.0
1785328813.519992,08:00:27:a5:9e:2d,0,0,,,0,0.0,0,0.0,0.0,,0.0
1785328823.519992,08:00:27:5a:87:bc,0,0,,,0,0.0,0,0.0,0.0,,0.0
1785328823.519992,08:00:27:8a:0d:75,0,0,,,0,0.0,0,0.0,0.0,,0.0
1785328823.519992,08:00:27:a5:9e:2d,0,0,,,0,0.0,0,0.0,0.0,,0.0
1785328833.519992,08:00:27:5a:87:bc,0,0,,,0,0.0,0,0.0,0.0,,0.0
1785328833.519992,08:00:27:8a:0d:75,0,0,,,0,0.0,0,0.0,0.0,,0.0
1785328833.519992,08:00:27:a5:9e:2d,0,0,,,0,0.0,0,0.0,0.0,,0.0
1785328843.519992,08:00:27:5a:87:bc,0,0,,,0,0.0,0,0.0,0.0,,0.0
1785328843.519992,08:00:27:8a:0d:75,0,0,,,0,0.0,0,0.0,0.0,,0.0
1785328843.519992,08:00:27:a5:9e:2d,0,0,,,0,0.0,0,0.0,0.0,,0.0
1785328853.519992,08:00:27:5a:87:bc,0,0,,,0,0.0,0,0.0,0.0,,0.0
1785328853.519992,08:00:27:8a:0d:75,0,0,,,0,0.0,0,0.0,0.0,,0.0
1785328853.519992,08:00:27:a5:9e:2d,0,0,,,0,0.0,0,0.0,0.0,,0.0
1785328863.519992,08:00:27:5a:87:bc,0,0,,,0,0.0,0,0.0,0.0,,0.0
1785328863.519992,08:00:27:8a:0d:75,0,0,,,0,0.0,0,0.0,0.0,,0.0
1785328863.519992,08:00:27:a5:9e:2d,0,0,,,0,0.0,0,0.0,0.0,,0.0
1785328873.519992,08:00:27:5a:87:bc,0,0,,,0,0.0,0,0.0,0.0,,0.0
1785328873.519992,08:00:27:8a:0d:75,0,0,,,0,0.0,0,0.0,0.0,,0.0
1785328873.519992,08:00:27:a5:9e:2d,0,0,,,0,0.0,0,0.0,0.0,,0.0
1785328883.519992,08:00:27:5a:87:bc,0,0,,,0,0.0,0,0.0,0.0,,0.0
1785328883.519992,08:00:27:8a:0d:75,0,0,,,0,0.0,0,0.0,0.0,,0.0
1785328883.519992,08:00:27:a5:9e:2d,0,0,,,0,0.0,0,0.0,0.0,,0.0
1785328893.519992,08:00:27:5a:87:bc,0,0,,,0,0.0,0,0.0,0.0,,0.0
1785328893.519992,08:00:27:8a:0d:75,0,0,,,0,0.0,0,0.0,0.0,,0.0
1785328893.519992,08:00:27:a5:9e:2d,0,0,,,0,0.0,0,0.0,0.0,,0.0
1785328903.519992,08:00:27:5a:87:bc,0,0,,,0,0.0,0,0.0,0.0,,0.0
1785328903.519992,08:00:27:8a:0d:75,0,0,,,0,0.0,0,0.0,0.0,,0.0
1785328903.519992,08:00:27:a5:9e:2d,0,0,,,0,0.0,0,0.0,0.0,,0.0
1785328913.519992,08:00:27:5a:87:bc,0,0,,,0,0.0,0,0.0,0.0,,0.0
1785328913.519992,08:00:27:8a:0d:75,0,0,,,0,0.0,0,0.0,0.0,,0.0
1785328913.519992,08:00:27:a5:9e:2d,0,0,,,0,0.0,0,0.0,0.0,,0.0
1785328923.519992,08:00:27:5a:87:bc,0,0,,,0,0.0,0,0.0,0.0,,0.0
1785328923.519992,08:00:27:8a:0d:75,0,0,,,0,0.0,0,0.0,0.0,,0.0
1785328923.519992,08:00:27:a5:9e:2d,0,0,,,0,0.0,0,0.0,0.0,,0.0
1785328933.519992,08:00:27:5a:87:bc,0,0,,,0,0.0,0,0.0,0.0,,0.0
1785328933.519992,08:00:27:8a:0d:75,0,0,,,0,0.0,0,0.0,0.0,,0.0
1785328933.519992,08:00:27:a5:9e:2d,0,0,,,0,0.0,0,0.0,0.0,,0.0
1785328943.519992,08:00:27:5a:87:bc,0,0,,,0,0.0,0,0.0,0.0,,0.0
1785328943.519992,08:00:27:8a:0d:75,0,0,,,0,0.0,0,0.0,0.0,,0.0
1785328943.519992,08:00:27:a5:9e:2d,0,0,,,0,0.0,0,0.0,0.0,,0.0
1785328953.519992,08:00:27:5a:87:bc,0,0,,,0,0.0,0,0.0,0.0,,0.0
1785328953.519992,08:00:27:8a:0d:75,0,0,,,0,0.0,0,0.0,0.0,,0.0
1785328953.519992,08:00:27:a5:9e:2d,0,0,,,0,0.0,0,0.0,0.0,,0.0
1785328963.519992,08:00:27:5a:87:bc,0,0,,,0,0.0,0,0.0,0.0,,0.0
1785328963.519992,08:00:27:8a:0d:75,0,0,,,0,0.0,0,0.0,0.0,,0.0
1785328963.519992,08:00:27:a5:9e:2d,0,0,,,0,0.0,0,0.0,0.0,,0.0
1785328973.519992,08:00:27:5a:87:bc,0,0,,,0,0.0,0,0.0,0.0,,0.0
1785328973.519992,08:00:27:8a:0d:75,0,0,,,0,0.0,0,0.0,0.0,,0.0
1785328973.519992,08:00:27:a5:9e:2d,0,0,,,0,0.0,0,0.0,0.0,,0.0
1785328983.519992,08:00:27:5a:87:bc,0,0,,,0,0.0,0,0.0,0.0,,0.0
1785328983.519992,08:00:27:8a:0d:75,0,0,,,0,0.0,0,0.0,0.0,,0.0
1785328983.519992,08:00:27:a5:9e:2d,0,0,,,0,0.0,0,0.0,0.0,,0.0
1785328993.519992,08:00:27:5a:87:bc,0,0,,,0,0.0,0,0.0,0.0,,0.0
1785328993.519992,08:00:27:8a:0d:75,0,0,,,0,0.0,0,0.0,0.0,,0.0
1785328993.519992,08:00:27:a5:9e:2d,0,0,,,0,0.0,0,0.0,0.0,,0.0
1785329003.519992,08:00:27:5a:87:bc,0,0,,,0,0.0,0,0.0,0.0,,0.0
1785329003.519992,08:00:27:8a:0d:75,0,0,,,0,0.0,0,0.0,0.0,,0.0
1785329003.519992,08:00:27:a5:9e:2d,0,0,,,0,0.0,0,0.0,0.0,,0.0
1785329013.519992,08:00:27:5a:87:bc,0,0,,,0,0.0,0,0.0,0.0,,0.0
1785329013.519992,08:00:27:8a:0d:75,0,0,,,0,0.0,0,0.0,0.0,,0.0
1785329013.519992,08:00:27:a5:9e:2d,0,0,,,0,0.0,0,0.0,0.0,,0.0
1785329023.519992,08:00:27:5a:87:bc,0,0,,,0,0.0,0,0.0,0.0,,0.0
1785329023.519992,08:00:27:8a:0d:75,0,0,,,0,0.0,0,0.0,0.0,,0.0
1785329023.519992,08:00:27:a5:9e:2d,0,0,,,0,0.0,0,0.0,0.0,,0.0
1785329033.519992,08:00:27:5a:87:bc,0,0,,,0,0.0,0,0.0,0.0,,0.0
1785329033.519992,08:00:27:8a:0d:75,0,0,,,0,0.0,0,0.0,0.0,,0.0
1785329033.519992,08:00:27:a5:9e:2d,0,0,,,0,0.0,0,0.0,0.0,,0.0
1785329043.519992,08:00:27:5a:87:bc,0,0,,,0,0.0,0,0.0,0.0,,0.0
1785329043.519992,08:00:27:8a:0d:75,0,0,,,0,0.0,0,0.0,0.0,,0.0
1785329043.519992,08:00:27:a5:9e:2d,0,0,,,0,0.0,0,0.0,0.0,,0.0
1785329053.519992,08:00:27:5a:87:bc,0,0,,,0,0.0,0,0.0,0.0,,0.0
1785329053.519992,08:00:27:8a:0d:75,0,0,,,0,0.0,0,0.0,0.0,,0.0
1785329053.519992,08:00:27:a5:9e:2d,0,0,,,0,0.0,0,0.0,0.0,,0.0
1785329063.519992,08:00:27:5a:87:bc,0,0,,,0,0.0,0,0.0,0.0,,0.0
1785329063.519992,08:00:27:8a:0d:75,0,0,,,0,0.0,0,0.0,0.0,,0.0
1785329063.519992,08:00:27:a5:9e:2d,0,0,,,0,0.0,0,0.0,0.0,,0.0
1785329073.519992,08:00:27:5a:87:bc,0,0,,,0,0.0,0,0.0,0.0,,0.0
1785329073.519992,08:00:27:8a:0d:75,0,0,,,0,0.0,0,0.0,0.0,,0.0
1785329073.519992,08:00:27:a5:9e:2d,0,0,,,0,0.0,0,0.0,0.0,,0.0
1785329083.519992,08:00:27:5a:87:bc,0,0,,,0,0.0,0,0.0,0.0,,0.0
1785329083.519992,08:00:27:8a:0d:75,0,0,,,0,0.0,0,0.0,0.0,,0.0
1785329083.519992,08:00:27:a5:9e:2d,0,0,,,0,0.0,0,0.0,0.0,,0.0
1785329093.519992,08:00:27:5a:87:bc,0,0,,,0,0.0,0,0.0,0.0,,0.0
1785329093.519992,08:00:27:8a:0d:75,0,0,,,0,0.0,0,0.0,0.0,,0.0
1785329093.519992,08:00:27:a5:9e:2d,0,0,,,0,0.0,0,0.0,0.0,,0.0
1785329103.519992,08:00:27:5a:87:bc,0,0,,,0,0.0,0,0.0,0.0,,0.0
1785329103.519992,08:00:27:8a:0d:75,0,0,,,0,0.0,0,0.0,0.0,,0.0
1785329103.519992,08:00:27:a5:9e:2d,0,0,,,0,0.0,0,0.0,0.0,,0.0
1785329113.519992,08:00:27:5a:87:bc,0,0,,,0,0.0,0,0.0,0.0,,0.0
1785329113.519992,08:00:27:8a:0d:75,0,0,,,0,0.0,0,0.0,0.0,,0.0
1785329113.519992,08:00:27:a5:9e:2d,0,0,,,0,0.0,0,0.0,0.0,,0.0
1785329123.519992,08:00:27:5a:87:bc,0,0,,,0,0.0,0,0.0,0.0,,0.0
1785329123.519992,08:00:27:8a:0d:75,0,0,,,0,0.0,0,0.0,0.0,,0.0
1785329123.519992,08:00:27:a5:9e:2d,0,0,,,0,0.0,0,0.0,0.0,,0.0
1785329133.519992,08:00:27:5a:87:bc,0,0,,,0,0.0,0,0.0,0.0,,0.0
1785329133.519992,08:00:27:8a:0d:75,0,0,,,0,0.0,0,0.0,0.0,,0.0
1785329133.519992,08:00:27:a5:9e:2d,0,0,,,0,0.0,0,0.0,0.0,,0.0
1785329143.519992,08:00:27:5a:87:bc,0,0,,,0,0.0,0,0.0,0.0,,0.0
1785329143.519992,08:00:27:8a:0d:75,0,0,,,0,0.0,0,0.0,0.0,,0.0
1785329143.519992,08:00:27:a5:9e:2d,0,0,,,0,0.0,0,0.0,0.0,,0.0
1785329153.519992,08:00:27:5a:87:bc,0,0,,,0,0.0,0,0.0,0.0,,0.0
1785329153.519992,08:00:27:8a:0d:75,0,0,,,0,0.0,0,0.0,0.0,,0.0
1785329153.519992,08:00:27:a5:9e:2d,0,0,,,0,0.0,0,0.0,0.0,,0.0
1785329163.519992,08:00:27:5a:87:bc,0,0,,,0,0.0,0,0.0,0.0,,0.0
1785329163.519992,08:00:27:8a:0d:75,0,0,,,0,0.0,0,0.0,0.0,,0.0
1785329163.519992,08:00:27:a5:9e:2d,0,0,,,0,0.0,0,0.0,0.0,,0.0
1785329173.519992,08:00:27:5a:87:bc,0,0,,,0,0.0,0,0.0,0.0,,0.0
1785329173.519992,08:00:27:8a:0d:75,0,0,,,0,0.0,0,0.0,0.0,,0.0
1785329173.519992,08:00:27:a5:9e:2d,0,0,,,0,0.0,0,0.0,0.0,,0.0
1785329183.519992,08:00:27:5a:87:bc,0,0,,,0,0.0,0,0.0,0.0,,0.0
1785329183.519992,08:00:27:8a:0d:75,0,0,,,0,0.0,0,0.0,0.0,,0.0
1785329183.519992,08:00:27:a5:9e:2d,0,0,,,0,0.0,0,0.0,0.0,,0.0
1785329193.519992,08:00:27:5a:87:bc,0,0,,,0,0.0,0,0.0,0.0,,0.0
1785329193.519992,08:00:27:8a:0d:75,0,0,,,0,0.0,0,0.0,0.0,,0.0
1785329193.519992,08:00:27:a5:9e:2d,0,0,,,0,0.0,0,0.0,0.0,,0.0
1785329203.519992,08:00:27:5a:87:bc,0,0,,,0,0.0,0,0.0,0.0,,0.0
1785329203.519992,08:00:27:8a:0d:75,0,0,,,0,0.0,0,0.0,0.0,,0.0
1785329203.519992,08:00:27:a5:9e:2d,0,0,,,0,0.0,0,0.0,0.0,,0.0
1785329213.519992,08:00:27:5a:87:bc,0,0,,,0,0.0,0,0.0,0.0,,0.0
1785329213.519992,08:00:27:8a:0d:75,0,0,,,0,0.0,0,0.0,0.0,,0.0
1785329213.519992,08:00:27:a5:9e:2d,0,0,,,0,0.0,0,0.0,0.0,,0.0
1785329223.519992,08:00:27:5a:87:bc,0,0,,,0,0.0,0,0.0,0.0,,0.0
1785329223.519992,08:00:27:8a:0d:75,0,0,,,0,0.0,0,0.0,0.0,,0.0
1785329223.519992,08:00:27:a5:9e:2d,0,0,,,0,0.0,0,0.0,0.0,,0.0
1785329233.519992,08:00:27:5a:87:bc,0,0,,,0,0.0,0,0.0,0.0,,0.0
1785329233.519992,08:00:27:8a:0d:75,0,0,,,0,0.0,0,0.0,0.0,,0.0
1785329233.519992,08:00:27:a5:9e:2d,0,0,,,0,0.0,0,0.0,0.0,,0.0
1785329243.519992,08:00:27:5a:87:bc,0,0,,,0,0.0,0,0.0,0.0,,0.0
1785329243.519992,08:00:27:8a:0d:75,0,0,,,0,0.0,0,0.0,0.0,,0.0
1785329243.519992,08:00:27:a5:9e:2d,0,0,,,0,0.0,0,0.0,0.0,,0.0
1785329253.519992,08:00:27:5a:87:bc,0,0,,,0,0.0,0,0.0,0.0,,0.0
1785329253.519992,08:00:27:8a:0d:75,0,0,,,0,0.0,0,0.0,0.0,,0.0
1785329253.519992,08:00:27:a5:9e:2d,0,0,,,0,0.0,0,0.0,0.0,,0.0
1785329263.519992,08:00:27:5a:87:bc,0,0,,,0,0.0,0,0.0,0.0,,0.0
1785329263.519992,08:00:27:8a:0d:75,0,0,,,0,0.0,0,0.0,0.0,,0.0
1785329263.519992,08:00:27:a5:9e:2d,0,0,,,0,0.0,0,0.0,0.0,,0.0
1785329273.519992,08:00:27:5a:87:bc,0,0,,,0,0.0,0,0.0,0.0,,0.0
1785329273.519992,08:00:27:8a:0d:75,0,0,,,0,0.0,0,0.0,0.0,,0.0
1785329273.519992,08:00:27:a5:9e:2d,0,0,,,0,0.0,0,0.0,0.0,,0.0
1785329283.519992,08:00:27:5a:87:bc,0,0,,,0,0.0,0,0.0,0.0,,0.0
1785329283.519992,08:00:27:8a:0d:75,0,0,,,0,0.0,0,0.0,0.0,,0.0
1785329283.519992,08:00:27:a5:9e:2d,0,0,,,0,0.0,0,0.0,0.0,,0.0
1785329293.519992,08:00:27:5a:87:bc,0,0,,,0,0.0,0,0.0,0.0,,0.0
1785329293.519992,08:00:27:8a:0d:75,0,0,,,0,0.0,0,0.0,0.0,,0.0
1785329293.519992,08:00:27:a5:9e:2d,0,0,,,0,0.0,0,0.0,0.0,,0.0
1785329303.519992,08:00:27:5a:87:bc,0,0,,,0,0.0,0,0.0,0.0,,0.0
1785329303.519992,08:00:27:8a:0d:75,0,0,,,0,0.0,0,0.0,0.0,,0.0
1785329303.519992,08:00:27:a5:9e:2d,0,0,,,0,0.0,0,0.0,0.0,,0.0
1785329313.519992,08:00:27:5a:87:bc,0,0,,,0,0.0,0,0.0,0.0,,0.0
1785329313.519992,08:00:27:8a:0d:75,0,0,,,0,0.0,0,0.0,0.0,,0.0
1785329313.519992,08:00:27:a5:9e:2d,0,0,,,0,0.0,0,0.0,0.0,,0.0
1785329323.519992,08:00:27:5a:87:bc,0,0,,,0,0.0,0,0.0,0.0,,0.0
1785329323.519992,08:00:27:8a:0d:75,0,0,,,0,0.0,0,0.0,0.0,,0.0
1785329323.519992,08:00:27:a5:9e:2d,0,0,,,0,0.0,0,0.0,0.0,,0.0
1785329333.519992,08:00:27:5a:87:bc,0,0,,,0,0.0,0,0.0,0.0,,0.0
1785329333.519992,08:00:27:8a:0d:75,0,0,,,0,0.0,0,0.0,0.0,,0.0
1785329333.519992,08:00:27:a5:9e:2d,0,0,,,0,0.0,0,0.0,0.0,,0.0
1785329343.519992,08:00:27:5a:87:bc,0,0,,,0,0.0,0,0.0,0.0,,0.0
1785329343.519992,08:00:27:8a:0d:75,0,0,,,0,0.0,0,0.0,0.0,,0.0
1785329343.519992,08:00:27:a5:9e:2d,0,0,,,0,0.0,0,0.0,0.0,,0.0
1785329353.519992,08:00:27:5a:87:bc,0,0,,,0,0.0,0,0.0,0.0,,0.0
1785329353.519992,08:00:27:8a:0d:75,0,0,,,0,0.0,0,0.0,0.0,,0.0
1785329353.519992,08:00:27:a5:9e:2d,0,0,,,0,0.0,0,0.0,0.0,,0.0
1785329363.519992,08:00:27:5a:87:bc,0,0,,,0,0.0,0,0.0,0.0,,0.0
1785329363.519992,08:00:27:8a:0d:75,0,0,,,0,0.0,0,0.0,0.0,,0.0
1785329363.519992,08:00:27:a5:9e:2d,0,0,,,0,0.0,0,0.0,0.0,,0.0
1785329373.519992,08:00:27:5a:87:bc,0,0,,,0,0.0,0,0.0,0.0,,0.0
1785329373.519992,08:00:27:8a:0d:75,0,0,,,0,0.0,0,0.0,0.0,,0.0
1785329373.519992,08:00:27:a5:9e:2d,0,0,,,0,0.0,0,0.0,0.0,,0.0
1785329383.519992,08:00:27:5a:87:bc,0,0,,,0,0.0,0,0.0,0.0,,0.0
1785329383.519992,08:00:27:8a:0d:75,0,0,,,0,0.0,0,0.0,0.0,,0.0
1785329383.519992,08:00:27:a5:9e:2d,0,0,,,0,0.0,0,0.0,0.0,,0.0
1785329393.519992,08:00:27:5a:87:bc,0,0,,,0,0.0,0,0.0,0.0,,0.0
1785329393.519992,08:00:27:8a:0d:75,0,0,,,0,0.0,0,0.0,0.0,,0.0
1785329393.519992,08:00:27:a5:9e:2d,0,0,,,0,0.0,0,0.0,0.0,,0.0
1785329403.519992,08:00:27:5a:87:bc,0,0,,,0,0.0,0,0.0,0.0,,0.0
1785329403.519992,08:00:27:8a:0d:75,0,0,,,0,0.0,0,0.0,0.0,,0.0
1785329403.519992,08:00:27:a5:9e:2d,0,0,,,0,0.0,0,0.0,0.0,,0.0
1785329413.519992,08:00:27:5a:87:bc,0,0,,,0,0.0,0,0.0,0.0,,0.0
1785329413.519992,08:00:27:8a:0d:75,0,0,,,0,0.0,0,0.0,0.0,,0.0
1785329413.519992,08:00:27:a5:9e:2d,0,0,,,0,0.0,0,0.0,0.0,,0.0
1785329423.519992,08:00:27:5a:87:bc,0,0,,,0,0.0,0,0.0,0.0,,0.0
1785329423.519992,08:00:27:8a:0d:75,0,0,,,0,0.0,0,0.0,0.0,,0.0
1785329423.519992,08:00:27:a5:9e:2d,0,0,,,0,0.0,0,0.0,0.0,,0.0
1785329433.519992,08:00:27:5a:87:bc,0,0,,,0,0.0,0,0.0,0.0,,0.0
1785329433.519992,08:00:27:8a:0d:75,0,0,,,0,0.0,0,0.0,0.0,,0.0
1785329433.519992,08:00:27:a5:9e:2d,0,0,,,0,0.0,0,0.0,0.0,,0.0
1785329443.519992,08:00:27:5a:87:bc,0,0,,,0,0.0,0,0.0,0.0,,0.0
1785329443.519992,08:00:27:8a:0d:75,0,0,,,0,0.0,0,0.0,0.0,,0.0
1785329443.519992,08:00:27:a5:9e:2d,0,0,,,0,0.0,0,0.0,0.0,,0.0
1785329453.519992,08:00:27:5a:87:bc,0,0,,,0,0.0,0,0.0,0.0,,0.0
1785329453.519992,08:00:27:8a:0d:75,0,0,,,0,0.0,0,0.0,0.0,,0.0
1785329453.519992,08:00:27:a5:9e:2d,0,0,,,0,0.0,0,0.0,0.0,,0.0
1785329463.519992,08:00:27:5a:87:bc,0,0,,,0,0.0,0,0.0,0.0,,0.0
1785329463.519992,08:00:27:8a:0d:75,0,0,,,0,0.0,0,0.0,0.0,,0.0
1785329463.519992,08:00:27:a5:9e:2d,0,0,,,0,0.0,0,0.0,0.0,,0.0
1785329473.519992,08:00:27:5a:87:bc,0,0,,,0,0.0,0,0.0,0.0,,0.0
1785329473.519992,08:00:27:8a:0d:75,0,0,,,0,0.0,0,0.0,0.0,,0.0
1785329473.519992,08:00:27:a5:9e:2d,0,0,,,0,0.0,0,0.0,0.0,,0.0
1785329483.519992,08:00:27:5a:87:bc,0,0,,,0,0.0,0,0.0,0.0,,0.0
1785329483.519992,08:00:27:8a:0d:75,0,0,,,0,0.0,0,0.0,0.0,,0.0
1785329483.519992,08:00:27:a5:9e:2d,0,0,,,0,0.0,0,0.0,0.0,,0.0
1785329493.519992,08:00:27:5a:87:bc,0,0,,,0,0.0,0,0.0,0.0,,0.0
1785329493.519992,08:00:27:8a:0d:75,0,0,,,0,0.0,0,0.0,0.0,,0.0
1785329493.519992,08:00:27:a5:9e:2d,0,0,,,0,0.0,0,0.0,0.0,,0.0
1785329503.519992,08:00:27:5a:87:bc,0,0,,,0,0.0,0,0.0,0.0,,0.0
1785329503.519992,08:00:27:8a:0d:75,0,0,,,0,0.0,0,0.0,0.0,,0.0
1785329503.519992,08:00:27:a5:9e:2d,0,0,,,0,0.0,0,0.0,0.0,,0.0
1785329513.519992,08:00:27:5a:87:bc,0,0,,,0,0.0,0,0.0,0.0,,0.0
1785329513.519992,08:00:27:8a:0d:75,0,0,,,0,0.0,0,0.0,0.0,,0.0
1785329513.519992,08:00:27:a5:9e:2d,0,0,,,0,0.0,0,0.0,0.0,,0.0
1785329523.519992,08:00:27:5a:87:bc,0,0,,,0,0.0,0,0.0,0.0,,0.0
1785329523.519992,08:00:27:8a:0d:75,0,0,,,0,0.0,0,0.0,0.0,,0.0
1785329523.519992,08:00:27:a5:9e:2d,0,0,,,0,0.0,0,0.0,0.0,,0.0
1785329533.519992,08:00:27:5a:87:bc,0,0,,,0,0.0,0,0.0,0.0,,0.0
1785329533.519992,08:00:27:8a:0d:75,0,0,,,0,0.0,0,0.0,0.0,,0.0
1785329533.519992,08:00:27:a5:9e:2d,0,0,,,0,0.0,0,0.0,0.0,,0.0
1785329543.519992,08:00:27:5a:87:bc,0,0,,,0,0.0,0,0.0,0.0,,0.0
1785329543.519992,08:00:27:8a:0d:75,0,0,,,0,0.0,0,0.0,0.0,,0.0
1785329543.519992,08:00:27:a5:9e:2d,0,0,,,0,0.0,0,0.0,0.0,,0.0
1785329553.519992,08:00:27:5a:87:bc,0,0,,,0,0.0,0,0.0,0.0,,0.0
1785329553.519992,08:00:27:8a:0d:75,0,0,,,0,0.0,0,0.0,0.0,,0.0
1785329553.519992,08:00:27:a5:9e:2d,0,0,,,0,0.0,0,0.0,0.0,,0.0
1785329563.519992,08:00:27:5a:87:bc,0,0,,,0,0.0,0,0.0,0.0,,0.0
1785329563.519992,08:00:27:8a:0d:75,0,0,,,0,0.0,0,0.0,0.0,,0.0
1785329563.519992,08:00:27:a5:9e:2d,0,0,,,0,0.0,0,0.0,0.0,,0.0
1785329573.519992,08:00:27:5a:87:bc,0,0,,,0,0.0,0,0.0,0.0,,0.0
1785329573.519992,08:00:27:8a:0d:75,0,0,,,0,0.0,0,0.0,0.0,,0.0
1785329573.519992,08:00:27:a5:9e:2d,0,0,,,0,0.0,0,0.0,0.0,,0.0
1785329583.519992,08:00:27:5a:87:bc,0,0,,,0,0.0,0,0.0,0.0,,0.0
1785329583.519992,08:00:27:8a:0d:75,0,0,,,0,0.0,0,0.0,0.0,,0.0
1785329583.519992,08:00:27:a5:9e:2d,0,0,,,0,0.0,0,0.0,0.0,,0.0
1785329593.519992,08:00:27:5a:87:bc,0,0,,,0,0.0,0,0.0,0.0,,0.0
1785329593.519992,08:00:27:8a:0d:75,0,0,,,0,0.0,0,0.0,0.0,,0.0
1785329593.519992,08:00:27:a5:9e:2d,0,0,,,0,0.0,0,0.0,0.0,,0.0
1785329603.519992,08:00:27:5a:87:bc,0,0,,,0,0.0,0,0.0,0.0,,0.0
1785329603.519992,08:00:27:8a:0d:75,0,0,,,0,0.0,0,0.0,0.0,,0.0
1785329603.519992,08:00:27:a5:9e:2d,0,0,,,0,0.0,0,0.0,0.0,,0.0
1785329613.519992,08:00:27:5a:87:bc,0,0,,,0,0.0,0,0.0,0.0,,0.0
1785329613.519992,08:00:27:8a:0d:75,0,0,,,0,0.0,0,0.0,0.0,,0.0
1785329613.519992,08:00:27:a5:9e:2d,0,0,,,0,0.0,0,0.0,0.0,,0.0
1785329623.519992,08:00:27:5a:87:bc,0,0,,,0,0.0,0,0.0,0.0,,0.0
1785329623.519992,08:00:27:8a:0d:75,0,0,,,0,0.0,0,0.0,0.0,,0.0
1785329623.519992,08:00:27:a5:9e:2d,0,0,,,0,0.0,0,0.0,0.0,,0.0
1785329633.519992,08:00:27:5a:87:bc,0,0,,,0,0.0,0,0.0,0.0,,0.0
1785329633.519992,08:00:27:8a:0d:75,0,0,,,0,0.0,0,0.0,0.0,,0.0
1785329633.519992,08:00:27:a5:9e:2d,0,0,,,0,0.0,0,0.0,0.0,,0.0
1785329643.519992,08:00:27:5a:87:bc,0,0,,,0,0.0,0,0.0,0.0,,0.0
1785329643.519992,08:00:27:8a:0d:75,0,0,,,0,0.0,0,0.0,0.0,,0.0
1785329643.519992,08:00:27:a5:9e:2d,0,0,,,0,0.0,0,0.0,0.0,,0.0
1785329653.519992,08:00:27:5a:87:bc,0,0,,,0,0.0,0,0.0,0.0,,0.0
1785329653.519992,08:00:27:8a:0d:75,0,0,,,0,0.0,0,0.0,0.0,,0.0
1785329653.519992,08:00:27:a5:9e:2d,0,0,,,0,0.0,0,0.0,0.0,,0.0
1785329663.519992,08:00:27:5a:87:bc,0,0,,,0,0.0,0,0.0,0.0,,0.0
1785329663.519992,08:00:27:8a:0d:75,0,0,,,0,0.0,0,0.0,0.0,,0.0
1785329663.519992,08:00:27:a5:9e:2d,0,0,,,0,0.0,0,0.0,0.0,,0.0
1785329673.519992,08:00:27:5a:87:bc,0,0,,,0,0.0,0,0.0,0.0,,0.0
1785329673.519992,08:00:27:8a:0d:75,0,0,,,0,0.0,0,0.0,0.0,,0.0
1785329673.519992,08:00:27:a5:9e:2d,0,0,,,0,0.0,0,0.0,0.0,,0.0
1785329683.519992,08:00:27:5a:87:bc,0,0,,,0,0.0,0,0.0,0.0,,0.0
1785329683.519992,08:00:27:8a:0d:75,0,0,,,0,0.0,0,0.0,0.0,,0.0
1785329683.519992,08:00:27:a5:9e:2d,0,0,,,0,0.0,0,0.0,0.0,,0.0
1785329693.519992,08:00:27:5a:87:bc,0,0,,,0,0.0,0,0.0,0.0,,0.0
1785329693.519992,08:00:27:8a:0d:75,0,0,,,0,0.0,0,0.0,0.0,,0.0
1785329693.519992,08:00:27:a5:9e:2d,0,0,,,0,0.0,0,0.0,0.0,,0.0
1785329703.519992,08:00:27:5a:87:bc,0,0,,,0,0.0,0,0.0,0.0,,0.0
1785329703.519992,08:00:27:8a:0d:75,0,0,,,0,0.0,0,0.0,0.0,,0.0
1785329703.519992,08:00:27:a5:9e:2d,0,0,,,0,0.0,0,0.0,0.0,,0.0
1785329713.519992,08:00:27:5a:87:bc,0,0,,,0,0.0,0,0.0,0.0,,0.0
1785329713.519992,08:00:27:8a:0d:75,0,0,,,0,0.0,0,0.0,0.0,,0.0
1785329713.519992,08:00:27:a5:9e:2d,0,0,,,0,0.0,0,0.0,0.0,,0.0
1785329723.519992,08:00:27:5a:87:bc,0,0,,,0,0.0,0,0.0,0.0,,0.0
1785329723.519992,08:00:27:8a:0d:75,0,0,,,0,0.0,0,0.0,0.0,,0.0
1785329723.519992,08:00:27:a5:9e:2d,0,0,,,0,0.0,0,0.0,0.0,,0.0
1785329733.519992,08:00:27:5a:87:bc,0,0,,,0,0.0,0,0.0,0.0,,0.0
1785329733.519992,08:00:27:8a:0d:75,0,0,,,0,0.0,0,0.0,0.0,,0.0
1785329733.519992,08:00:27:a5:9e:2d,0,0,,,0,0.0,0,0.0,0.0,,0.0
1785329743.519992,08:00:27:5a:87:bc,0,0,,,0,0.0,0,0.0,0.0,,0.0
1785329743.519992,08:00:27:8a:0d:75,0,0,,,0,0.0,0,0.0,0.0,,0.0
1785329743.519992,08:00:27:a5:9e:2d,0,0,,,0,0.0,0,0.0,0.0,,0.0
1785329753.519992,08:00:27:5a:87:bc,0,0,,,0,0.0,0,0.0,0.0,,0.0
1785329753.519992,08:00:27:8a:0d:75,0,0,,,0,0.0,0,0.0,0.0,,0.0
1785329753.519992,08:00:27:a5:9e:2d,0,0,,,0,0.0,0,0.0,0.0,,0.0
1785329763.519992,08:00:27:5a:87:bc,0,0,,,0,0.0,0,0.0,0.0,,0.0
1785329763.519992,08:00:27:8a:0d:75,0,0,,,0,0.0,0,0.0,0.0,,0.0
1785329763.519992,08:00:27:a5:9e:2d,0,0,,,0,0.0,0,0.0,0.0,,0.0
1785329773.519992,08:00:27:5a:87:bc,0,0,,,0,0.0,0,0.0,0.0,,0.0
1785329773.519992,08:00:27:8a:0d:75,0,0,,,0,0.0,0,0.0,0.0,,0.0
1785329773.519992,08:00:27:a5:9e:2d,0,0,,,0,0.0,0,0.0,0.0,,0.0
1785329783.519992,08:00:27:5a:87:bc,0,0,,,0,0.0,0,0.0,0.0,,0.0
1785329783.519992,08:00:27:8a:0d:75,0,0,,,0,0.0,0,0.0,0.0,,0.0
1785329783.519992,08:00:27:a5:9e:2d,0,0,,,0,0.0,0,0.0,0.0,,0.0
1785329793.519992,08:00:27:5a:87:bc,0,0,,,0,0.0,0,0.0,0.0,,0.0
1785329793.519992,08:00:27:8a:0d:75,0,0,,,0,0.0,0,0.0,0.0,,0.0
1785329793.519992,08:00:27:a5:9e:2d,0,0,,,0,0.0,0,0.0,0.0,,0.0
1785329803.519992,08:00:27:5a:87:bc,0,0,,,0,0.0,0,0.0,0.0,,0.0
1785329803.519992,08:00:27:8a:0d:75,0,0,,,0,0.0,0,0.0,0.0,,0.0
1785329803.519992,08:00:27:a5:9e:2d,0,0,,,0,0.0,0,0.0,0.0,,0.0
1785329813.519992,08:00:27:5a:87:bc,0,0,,,0,0.0,0,0.0,0.0,,0.0
1785329813.519992,08:00:27:8a:0d:75,0,0,,,0,0.0,0,0.0,0.0,,0.0
1785329813.519992,08:00:27:a5:9e:2d,0,0,,,0,0.0,0,0.0,0.0,,0.0
1785329823.519992,08:00:27:5a:87:bc,0,0,,,0,0.0,0,0.0,0.0,,0.0
1785329823.519992,08:00:27:8a:0d:75,0,0,,,0,0.0,0,0.0,0.0,,0.0
1785329823.519992,08:00:27:a5:9e:2d,0,0,,,0,0.0,0,0.0,0.0,,0.0
1785329833.519992,08:00:27:5a:87:bc,0,0,,,0,0.0,0,0.0,0.0,,0.0
1785329833.519992,08:00:27:8a:0d:75,0,0,,,0,0.0,0,0.0,0.0,,0.0
1785329833.519992,08:00:27:a5:9e:2d,0,0,,,0,0.0,0,0.0,0.0,,0.0
1785329843.519992,08:00:27:5a:87:bc,0,0,,,0,0.0,0,0.0,0.0,,0.0
1785329843.519992,08:00:27:8a:0d:75,0,0,,,0,0.0,0,0.0,0.0,,0.0
1785329843.519992,08:00:27:a5:9e:2d,0,0,,,0,0.0,0,0.0,0.0,,0.0
1785329853.519992,08:00:27:5a:87:bc,0,0,,,0,0.0,0,0.0,0.0,,0.0
1785329853.519992,08:00:27:8a:0d:75,0,0,,,0,0.0,0,0.0,0.0,,0.0
1785329853.519992,08:00:27:a5:9e:2d,0,0,,,0,0.0,0,0.0,0.0,,0.0
1785329863.519992,08:00:27:5a:87:bc,0,0,,,0,0.0,0,0.0,0.0,,0.0
1785329863.519992,08:00:27:8a:0d:75,0,0,,,0,0.0,0,0.0,0.0,,0.0
1785329863.519992,08:00:27:a5:9e:2d,0,0,,,0,0.0,0,0.0,0.0,,0.0
1785329873.519992,08:00:27:5a:87:bc,0,0,,,0,0.0,0,0.0,0.0,,0.0
1785329873.519992,08:00:27:8a:0d:75,0,0,,,0,0.0,0,0.0,0.0,,0.0
1785329873.519992,08:00:27:a5:9e:2d,0,0,,,0,0.0,0,0.0,0.0,,0.0
1785329883.519992,08:00:27:5a:87:bc,0,0,,,0,0.0,0,0.0,0.0,,0.0
1785329883.519992,08:00:27:8a:0d:75,0,0,,,0,0.0,0,0.0,0.0,,0.0
1785329883.519992,08:00:27:a5:9e:2d,0,0,,,0,0.0,0,0.0,0.0,,0.0
1785329893.519992,08:00:27:5a:87:bc,0,0,,,0,0.0,0,0.0,0.0,,0.0
1785329893.519992,08:00:27:8a:0d:75,0,0,,,0,0.0,0,0.0,0.0,,0.0
1785329893.519992,08:00:27:a5:9e:2d,0,0,,,0,0.0,0,0.0,0.0,,0.0
1785329903.519992,08:00:27:5a:87:bc,0,0,,,0,0.0,0,0.0,0.0,,0.0
1785329903.519992,08:00:27:8a:0d:75,0,0,,,0,0.0,0,0.0,0.0,,0.0
1785329903.519992,08:00:27:a5:9e:2d,0,0,,,0,0.0,0,0.0,0.0,,0.0
1785329913.519992,08:00:27:5a:87:bc,0,0,,,0,0.0,0,0.0,0.0,,0.0
1785329913.519992,08:00:27:8a:0d:75,0,0,,,0,0.0,0,0.0,0.0,,0.0
1785329913.519992,08:00:27:a5:9e:2d,0,0,,,0,0.0,0,0.0,0.0,,0.0
1785329923.519992,08:00:27:5a:87:bc,0,0,,,0,0.0,0,0.0,0.0,,0.0
1785329923.519992,08:00:27:8a:0d:75,0,0,,,0,0.0,0,0.0,0.0,,0.0
1785329923.519992,08:00:27:a5:9e:2d,0,0,,,0,0.0,0,0.0,0.0,,0.0
1785329933.519992,08:00:27:5a:87:bc,0,0,,,0,0.0,0,0.0,0.0,,0.0
1785329933.519992,08:00:27:8a:0d:75,0,0,,,0,0.0,0,0.0,0.0,,0.0
1785329933.519992,08:00:27:a5:9e:2d,0,0,,,0,0.0,0,0.0,0.0,,0.0
1785329943.519992,08:00:27:5a:87:bc,0,0,,,0,0.0,0,0.0,0.0,,0.0
1785329943.519992,08:00:27:8a:0d:75,0,0,,,0,0.0,0,0.0,0.0,,0.0
1785329943.519992,08:00:27:a5:9e:2d,0,0,,,0,0.0,0,0.0,0.0,,0.0
1785329953.519992,08:00:27:5a:87:bc,0,0,,,0,0.0,0,0.0,0.0,,0.0
1785329953.519992,08:00:27:8a:0d:75,0,0,,,0,0.0,0,0.0,0.0,,0.0
1785329953.519992,08:00:27:a5:9e:2d,0,0,,,0,0.0,0,0.0,0.0,,0.0
1785329963.519992,08:00:27:5a:87:bc,0,0,,,0,0.0,0,0.0,0.0,,0.0
1785329963.519992,08:00:27:8a:0d:75,0,0,,,0,0.0,0,0.0,0.0,,0.0
1785329963.519992,08:00:27:a5:9e:2d,0,0,,,0,0.0,0,0.0,0.0,,0.0
1785329973.519992,08:00:27:5a:87:bc,0,0,,,0,0.0,0,0.0,0.0,,0.0
1785329973.519992,08:00:27:8a:0d:75,0,0,,,0,0.0,0,0.0,0.0,,0.0
1785329973.519992,08:00:27:a5:9e:2d,0,0,,,0,0.0,0,0.0,0.0,,0.0
1785329983.519992,08:00:27:5a:87:bc,0,0,,,0,0.0,0,0.0,0.0,,0.0
1785329983.519992,08:00:27:8a:0d:75,0,0,,,0,0.0,0,0.0,0.0,,0.0
1785329983.519992,08:00:27:a5:9e:2d,0,0,,,0,0.0,0,0.0,0.0,,0.0
1785329993.519992,08:00:27:5a:87:bc,0,0,,,0,0.0,0,0.0,0.0,,0.0
1785329993.519992,08:00:27:8a:0d:75,0,0,,,0,0.0,0,0.0,0.0,,0.0
1785329993.519992,08:00:27:a5:9e:2d,0,0,,,0,0.0,0,0.0,0.0,,0.0
1785330003.519992,08:00:27:5a:87:bc,0,0,,,0,0.0,0,0.0,0.0,,0.0
1785330003.519992,08:00:27:8a:0d:75,0,0,,,0,0.0,0,0.0,0.0,,0.0
1785330003.519992,08:00:27:a5:9e:2d,0,0,,,0,0.0,0,0.0,0.0,,0.0
1785330013.519992,08:00:27:5a:87:bc,0,0,,,0,0.0,0,0.0,0.0,,0.0
1785330013.519992,08:00:27:8a:0d:75,0,0,,,0,0.0,0,0.0,0.0,,0.0
1785330013.519992,08:00:27:a5:9e:2d,0,0,,,0,0.0,0,0.0,0.0,,0.0
1785330023.519992,08:00:27:5a:87:bc,0,0,,,0,0.0,0,0.0,0.0,,0.0
1785330023.519992,08:00:27:8a:0d:75,0,0,,,0,0.0,0,0.0,0.0,,0.0
1785330023.519992,08:00:27:a5:9e:2d,0,0,,,0,0.0,0,0.0,0.0,,0.0
1785330033.519992,08:00:27:5a:87:bc,0,0,,,0,0.0,0,0.0,0.0,,0.0
1785330033.519992,08:00:27:8a:0d:75,0,0,,,0,0.0,0,0.0,0.0,,0.0
1785330033.519992,08:00:27:a5:9e:2d,0,0,,,0,0.0,0,0.0,0.0,,0.0
1785330043.519992,08:00:27:5a:87:bc,0,0,,,0,0.0,0,0.0,0.0,,0.0
1785330043.519992,08:00:27:8a:0d:75,0,0,,,0,0.0,0,0.0,0.0,,0.0
1785330043.519992,08:00:27:a5:9e:2d,0,0,,,0,0.0,0,0.0,0.0,,0.0
1785330053.519992,08:00:27:5a:87:bc,0,0,,,0,0.0,0,0.0,0.0,,0.0
1785330053.519992,08:00:27:8a:0d:75,0,0,,,0,0.0,0,0.0,0.0,,0.0
1785330053.519992,08:00:27:a5:9e:2d,0,0,,,0,0.0,0,0.0,0.0,,0.0
1785330063.519992,08:00:27:5a:87:bc,0,0,,,0,0.0,0,0.0,0.0,,0.0
1785330063.519992,08:00:27:8a:0d:75,0,0,,,0,0.0,0,0.0,0.0,,0.0
1785330063.519992,08:00:27:a5:9e:2d,0,0,,,0,0.0,0,0.0,0.0,,0.0
1785330073.519992,08:00:27:5a:87:bc,0,0,,,0,0.0,0,0.0,0.0,,0.0
1785330073.519992,08:00:27:8a:0d:75,0,0,,,0,0.0,0,0.0,0.0,,0.0
1785330073.519992,08:00:27:a5:9e:2d,0,0,,,0,0.0,0,0.0,0.0,,0.0
1785330083.519992,08:00:27:5a:87:bc,0,0,,,0,0.0,0,0.0,0.0,,0.0
1785330083.519992,08:00:27:8a:0d:75,0,0,,,0,0.0,0,0.0,0.0,,0.0
1785330083.519992,08:00:27:a5:9e:2d,0,0,,,0,0.0,0,0.0,0.0,,0.0
1785330093.519992,08:00:27:5a:87:bc,0,0,,,0,0.0,0,0.0,0.0,,0.0
1785330093.519992,08:00:27:8a:0d:75,0,0,,,0,0.0,0,0.0,0.0,,0.0
1785330093.519992,08:00:27:a5:9e:2d,0,0,,,0,0.0,0,0.0,0.0,,0.0
1785330103.519992,08:00:27:5a:87:bc,0,0,,,0,0.0,0,0.0,0.0,,0.0
1785330103.519992,08:00:27:8a:0d:75,0,0,,,0,0.0,0,0.0,0.0,,0.0
1785330103.519992,08:00:27:a5:9e:2d,0,0,,,0,0.0,0,0.0,0.0,,0.0
1785330113.519992,08:00:27:5a:87:bc,0,0,,,0,0.0,0,0.0,0.0,,0.0
1785330113.519992,08:00:27:8a:0d:75,0,0,,,0,0.0,0,0.0,0.0,,0.0
1785330113.519992,08:00:27:a5:9e:2d,0,0,,,0,0.0,0,0.0,0.0,,0.0
1785330123.519992,08:00:27:5a:87:bc,0,0,,,0,0.0,0,0.0,0.0,,0.0
1785330123.519992,08:00:27:8a:0d:75,0,0,,,0,0.0,0,0.0,0.0,,0.0
1785330123.519992,08:00:27:a5:9e:2d,0,0,,,0,0.0,0,0.0,0.0,,0.0
1785330133.519992,08:00:27:5a:87:bc,0,0,,,0,0.0,0,0.0,0.0,,0.0
1785330133.519992,08:00:27:8a:0d:75,0,0,,,0,0.0,0,0.0,0.0,,0.0
1785330133.519992,08:00:27:a5:9e:2d,0,0,,,0,0.0,0,0.0,0.0,,0.0
1785330143.519992,08:00:27:5a:87:bc,0,0,,,0,0.0,0,0.0,0.0,,0.0
1785330143.519992,08:00:27:8a:0d:75,0,0,,,0,0.0,0,0.0,0.0,,0.0
1785330143.519992,08:00:27:a5:9e:2d,0,0,,,0,0.0,0,0.0,0.0,,0.0
1785330153.519992,08:00:27:5a:87:bc,0,0,,,0,0.0,0,0.0,0.0,,0.0
1785330153.519992,08:00:27:8a:0d:75,0,0,,,0,0.0,0,0.0,0.0,,0.0
1785330153.519992,08:00:27:a5:9e:2d,0,0,,,0,0.0,0,0.0,0.0,,0.0
1785330163.519992,08:00:27:5a:87:bc,0,0,,,0,0.0,0,0.0,0.0,,0.0
1785330163.519992,08:00:27:8a:0d:75,0,0,,,0,0.0,0,0.0,0.0,,0.0
1785330163.519992,08:00:27:a5:9e:2d,0,0,,,0,0.0,0,0.0,0.0,,0.0
1785330173.519992,08:00:27:5a:87:bc,0,0,,,0,0.0,0,0.0,0.0,,0.0
1785330173.519992,08:00:27:8a:0d:75,0,0,,,0,0.0,0,0.0,0.0,,0.0
1785330173.519992,08:00:27:a5:9e:2d,0,0,,,0,0.0,0,0.0,0.0,,0.0
1785330183.519992,08:00:27:5a:87:bc,0,0,,,0,0.0,0,0.0,0.0,,0.0
1785330183.519992,08:00:27:8a:0d:75,0,0,,,0,0.0,0,0.0,0.0,,0.0
1785330183.519992,08:00:27:a5:9e:2d,0,0,,,0,0.0,0,0.0,0.0,,0.0
1785330193.519992,08:00:27:5a:87:bc,0,0,,,0,0.0,0,0.0,0.0,,0.0
1785330193.519992,08:00:27:8a:0d:75,0,0,,,0,0.0,0,0.0,0.0,,0.0
1785330193.519992,08:00:27:a5:9e:2d,0,0,,,0,0.0,0,0.0,0.0,,0.0
1785330203.519992,08:00:27:5a:87:bc,0,0,,,0,0.0,0,0.0,0.0,,0.0
1785330203.519992,08:00:27:8a:0d:75,0,0,,,0,0.0,0,0.0,0.0,,0.0
1785330203.519992,08:00:27:a5:9e:2d,0,0,,,0,0.0,0,0.0,0.0,,0.0
1785330213.519992,08:00:27:5a:87:bc,0,0,,,0,0.0,0,0.0,0.0,,0.0
1785330213.519992,08:00:27:8a:0d:75,0,0,,,0,0.0,0,0.0,0.0,,0.0
1785330213.519992,08:00:27:a5:9e:2d,0,0,,,0,0.0,0,0.0,0.0,,0.0
1785330223.519992,08:00:27:5a:87:bc,0,0,,,0,0.0,0,0.0,0.0,,0.0
1785330223.519992,08:00:27:8a:0d:75,0,0,,,0,0.0,0,0.0,0.0,,0.0
1785330223.519992,08:00:27:a5:9e:2d,0,0,,,0,0.0,0,0.0,0.0,,0.0
1785330233.519992,08:00:27:5a:87:bc,0,0,,,0,0.0,0,0.0,0.0,,0.0
1785330233.519992,08:00:27:8a:0d:75,0,0,,,0,0.0,0,0.0,0.0,,0.0
1785330233.519992,08:00:27:a5:9e:2d,0,0,,,0,0.0,0,0.0,0.0,,0.0
1785330243.519992,08:00:27:5a:87:bc,0,0,,,0,0.0,0,0.0,0.0,,0.0
1785330243.519992,08:00:27:8a:0d:75,0,0,,,0,0.0,0,0.0,0.0,,0.0
1785330243.519992,08:00:27:a5:9e:2d,0,0,,,0,0.0,0,0.0,0.0,,0.0
1785330253.519992,08:00:27:5a:87:bc,0,0,,,0,0.0,0,0.0,0.0,,0.0
1785330253.519992,08:00:27:8a:0d:75,0,0,,,0,0.0,0,0.0,0.0,,0.0
1785330253.519992,08:00:27:a5:9e:2d,0,0,,,0,0.0,0,0.0,0.0,,0.0
1785330263.519992,08:00:27:5a:87:bc,0,0,,,0,0.0,0,0.0,0.0,,0.0
1785330263.519992,08:00:27:8a:0d:75,0,0,,,0,0.0,0,0.0,0.0,,0.0
1785330263.519992,08:00:27:a5:9e:2d,0,0,,,0,0.0,0,0.0,0.0,,0.0
1785330273.519992,08:00:27:5a:87:bc,0,0,,,0,0.0,0,0.0,0.0,,0.0
1785330273.519992,08:00:27:8a:0d:75,0,0,,,0,0.0,0,0.0,0.0,,0.0
1785330273.519992,08:00:27:a5:9e:2d,0,0,,,0,0.0,0,0.0,0.0,,0.0
1785330283.519992,08:00:27:5a:87:bc,0,0,,,0,0.0,0,0.0,0.0,,0.0
1785330283.519992,08:00:27:8a:0d:75,0,0,,,0,0.0,0,0.0,0.0,,0.0
1785330283.519992,08:00:27:a5:9e:2d,0,0,,,0,0.0,0,0.0,0.0,,0.0
1785330293.519992,08:00:27:5a:87:bc,0,0,,,0,0.0,0,0.0,0.0,,0.0
1785330293.519992,08:00:27:8a:0d:75,0,0,,,0,0.0,0,0.0,0.0,,0.0
1785330293.519992,08:00:27:a5:9e:2d,0,0,,,0,0.0,0,0.0,0.0,,0.0
1785330303.519992,08:00:27:5a:87:bc,0,0,,,0,0.0,0,0.0,0.0,,0.0
1785330303.519992,08:00:27:8a:0d:75,0,0,,,0,0.0,0,0.0,0.0,,0.0
1785330303.519992,08:00:27:a5:9e:2d,0,0,,,0,0.0,0,0.0,0.0,,0.0
1785330313.519992,08:00:27:5a:87:bc,0,0,,,0,0.0,0,0.0,0.0,,0.0
1785330313.519992,08:00:27:8a:0d:75,0,0,,,0,0.0,0,0.0,0.0,,0.0
1785330313.519992,08:00:27:a5:9e:2d,0,0,,,0,0.0,0,0.0,0.0,,0.0
1785330323.519992,08:00:27:5a:87:bc,0,0,,,0,0.0,0,0.0,0.0,,0.0
1785330323.519992,08:00:27:8a:0d:75,5,452,0.7592667937278748,0.3610499260229533,1,0.1,0,0.0,0.0,,1.0
1785330323.519992,08:00:27:a5:9e:2d,5,452,0.7593207359313965,0.36092368970235716,0,0.0,1,0.1,0.0,0.0001277327537536621,1.0
1785330333.519992,08:00:27:5a:87:bc,0,0,,,0,0.0,0,0.0,0.0,,0.0
1785330333.519992,08:00:27:8a:0d:75,11,1050,0.9143213987350464,0.24400967124447873,0,0.0,0,0.0,0.09090909090909091,,1.0714285714285714
1785330333.519992,08:00:27:a5:9e:2d,10,980,1.0159238974253337,0.008641250278318397,0,0.0,0,0.0,0.0,0.00011150836944580078,1.0
1785330343.519992,08:00:27:5a:87:bc,0,0,,,0,0.0,0,0.0,0.0,,0.0
1785330343.519992,08:00:27:8a:0d:75,10,980,1.014849344889323,0.008726919251371795,0,0.0,0,0.0,0.0,,1.0
1785330343.519992,08:00:27:a5:9e:2d,10,980,1.0159570111168756,0.008257745975973056,0,0.0,0,0.0,0.0,0.0019713640213012695,1.0
1785330353.519992,08:00:27:5a:87:bc,0,0,,,0,0.0,0,0.0,0.0,,0.0
1785330353.519992,08:00:27:8a:0d:75,11,1040,0.9139060974121094,0.2854063150360744,1,0.1,0,0.0,0.0,,1.0
1785330353.519992,08:00:27:a5:9e:2d,11,1040,0.9138900995254516,0.28529141125920265,0,0.0,1,0.1,0.0,0.00011737346649169922,1.0
1785330363.519992,08:00:27:5a:87:bc,0,0,,,0,0.0,0,0.0,0.0,,0.0
1785330363.519992,08:00:27:8a:0d:75,11,1040,0.9147203922271728,0.26001531754768825,0,0.0,1,0.1,0.0,,1.0
1785330363.519992,08:00:27:a5:9e:2d,11,1040,0.914722204208374,0.25999594315558844,1,0.1,0,0.0,0.0,9.93967056274414e-05,1.0
1785330373.519992,08:00:27:5a:87:bc,0,0,,,0,0.0,0,0.0,0.0,,0.0
1785330373.519992,08:00:27:8a:0d:75,10,980,1.0173977745903864,0.05762461488883368,0,0.0,0,0.0,0.0,,1.0
1785330373.519992,08:00:27:a5:9e:2d,10,980,1.0174176692962646,0.008025269244247471,0,0.0,0,0.0,0.0,0.012374329566955566,1.0
1785330383.519992,08:00:27:5a:87:bc,0,0,,,0,0.0,0,0.0,0.0,,0.0
1785330383.519992,08:00:27:8a:0d:75,10,942,0.903095112906562,0.3179150078686669,1,0.1,0,0.0,0.0,,1.0
1785330383.519992,08:00:27:a5:9e:2d,10,942,0.9030935499403212,0.31797920576066996,0,0.0,1,0.1,0.0,0.000781906975640191,1.0
1785330393.519992,08:00:27:5a:87:bc,0,0,,,0,0.0,0,0.0,0.0,,0.0
1785330393.519992,08:00:27:8a:0d:75,10,980,1.0169106589423285,0.009146488709614169,0,0.0,0,0.0,0.0,,1.0
1785330393.519992,08:00:27:a5:9e:2d,10,980,1.0169193479749892,0.009144982696918078,0,0.0,0,0.0,0.0,5.9103965759277345e-05,1.0
1785330403.519992,08:00:27:5a:87:bc,0,0,,,0,0.0,0,0.0,0.0,,0.0
1785330403.519992,08:00:27:8a:0d:75,11,1040,0.9152508974075317,0.2554618349646915,0,0.0,1,0.1,0.0,,1.0
1785330403.519992,08:00:27:a5:9e:2d,11,1040,0.9152349948883056,0.2560068813878886,1,0.1,0,0.0,0.0,0.001192784309387207,1.0
1785330413.519992,08:00:27:5a:87:bc,0,0,,,0,0.0,0,0.0,0.0,,0.0
1785330413.519992,08:00:27:8a:0d:75,6,550,0.8063199996948243,0.32174133017742323,1,0.1,0,0.0,0.0,,1.0
1785330413.519992,08:00:27:a5:9e:2d,6,550,0.8063338279724122,0.3219668778541883,0,0.0,1,0.1,0.0,0.0007197380065917969,1.0
1785330423.519992,08:00:27:5a:87:bc,0,0,,,0,0.0,0,0.0,0.0,,0.0
1785330423.519992,08:00:27:8a:0d:75,0,0,,,0,0.0,0,0.0,0.0,,0.0
1785330423.519992,08:00:27:a5:9e:2d,0,0,,,0,0.0,0,0.0,0.0,,0.0
1785330433.519992,08:00:27:5a:87:bc,0,0,,,0,0.0,0,0.0,0.0,,0.0
1785330433.519992,08:00:27:8a:0d:75,0,0,,,0,0.0,0,0.0,0.0,,0.0
1785330433.519992,08:00:27:a5:9e:2d,0,0,,,0,0.0,0,0.0,0.0,,0.0
1785330443.519992,08:00:27:5a:87:bc,22,1210,0.10146414665948778,0.08219994535133159,13,1.3,3,0.3,0.8636363636363636,,10.0
1785330443.519992,08:00:27:8a:0d:75,4,392,1.0155146916707356,0.009059096309245574,0,0.0,0,0.0,0.0,,1.0
1785330443.519992,08:00:27:a5:9e:2d,4,392,1.0155239899953206,0.00905022331562729,0,0.0,0,0.0,0.0,7.456541061401367e-05,0.6853146853146853
1785330453.519992,08:00:27:5a:87:bc,120,5706,0.08283211002830698,0.04349784901322233,95,9.5,19,1.9,0.8166666666666667,,15.85
1785330453.519992,08:00:27:8a:0d:75,13,1230,0.7639744281768799,0.4231679497241917,0,0.0,1,0.1,0.07692307692307693,,0.7630272952853598
1785330453.519992,08:00:27:a5:9e:2d,12,1160,0.8334383747794412,0.2851516811948105,0,0.0,1,0.1,0.0,9.639263153076172e-05,0.676779463243874
1785330463.519992,08:00:27:5a:87:bc,121,5554,0.08193466663360596,0.040435946884872634,99,9.9,20,2.0,0.8347107438016529,,10.0
1785330463.519992,08:00:27:8a:0d:75,10,980,1.018111679289076,0.008650743513593491,0,0.0,0,0.0,0.0,,0.620253164556962
1785330463.519992,08:00:27:a5:9e:2d,10,980,1.018110990524292,0.008675753465656508,0,0.0,0,0.0,0.0,0.00020987987518310546,0.620253164556962
1785330473.519992,08:00:27:5a:87:bc,121,5554,0.0822361429532369,0.03995361339193387,99,9.9,20,2.0,0.8347107438016529,,10.0
1785330473.519992,08:00:27:8a:0d:75,11,1040,0.9168529987335206,0.28637619410548054,1,0.1,0,0.0,0.0,,0.6341463414634146
1785330473.519992,08:00:27:a5:9e:2d,11,1040,0.9168673038482666,0.2862874281019367,0,0.0,1,0.1,0.0,0.000810551643371582,0.6341463414634146
1785330483.519992,08:00:27:5a:87:bc,119,5358,0.08402649224814722,0.0376657714081529,99,9.9,20,2.0,0.8319327731092437,,10.0
1785330483.519992,08:00:27:8a:0d:75,11,1040,0.916113305091858,0.2848956503336433,0,0.0,1,0.1,0.0,,0.6341463414634146
1785330483.519992,08:00:27:a5:9e:2d,11,1040,0.9161132097244262,0.284870423728718,1,0.1,0,0.0,0.0,0.0001327037811279297,0.6341463414634146
1785330493.519992,08:00:27:5a:87:bc,121,5554,0.08266184131304423,0.03873800093965577,99,9.9,20,2.0,0.8347107438016529,,10.0
1785330493.519992,08:00:27:8a:0d:75,10,942,0.9070679081810845,0.30656689418740135,1,0.1,0,0.0,0.0,,0.6108949416342413
1785330493.519992,08:00:27:a5:9e:2d,10,942,0.9070724381340874,0.3066645138522038,0,0.0,1,0.1,0.0,0.00011022885640462239,0.6108949416342413
1785330503.519992,08:00:27:5a:87:bc,119,5358,0.0840589151544086,0.03791401408648847,99,9.9,20,2.0,0.8319327731092437,,10.0
1785330503.519992,08:00:27:8a:0d:75,10,980,1.019433233473036,0.008104186602937711,0,0.0,0,0.0,0.0,,0.620253164556962
1785330503.519992,08:00:27:a5:9e:2d,10,980,1.0188348823123508,0.007557916908314095,0,0.0,0,0.0,0.0,0.0006733179092407226,0.620253164556962
1785330513.519992,08:00:27:5a:87:bc,111,4878,0.09005855430256236,0.03203885860879249,99,9.9,12,1.2,0.8918918918918919,,10.0
1785330513.519992,08:00:27:8a:0d:75,11,1040,0.9171028852462768,0.27507285980545815,0,0.0,1,0.1,0.0,,0.8524590163934426
1785330513.519992,08:00:27:a5:9e:2d,11,1040,0.9170845985412598,0.2750520561977463,1,0.1,0,0.0,0.0,0.00014252662658691405,0.6582278481012658
1785330523.519992,08:00:27:5a:87:bc,70,3272,0.12990390045055444,0.12554616838950924,56,5.6,9,0.9,0.8714285714285714,,10.0
1785330523.519992,08:00:27:8a:0d:75,11,1040,0.9175534963607788,0.25815332547904907,1,0.1,0,0.0,0.0,,1.0
1785330523.519992,08:00:27:a5:9e:2d,11,1040,0.9175589084625244,0.2580530185085234,0,0.0,1,0.1,0.0,0.0006431341171264648,0.6582278481012658
1785330533.519992,08:00:27:5a:87:bc,0,0,,,0,0.0,0,0.0,0.0,,0.0
1785330533.519992,08:00:27:8a:0d:75,5,490,1.0203577876091003,0.006489137080020949,0,0.0,0,0.0,0.0,,1.0
1785330533.519992,08:00:27:a5:9e:2d,5,490,1.0203567743301392,0.006527842711631063,0,0.0,0,0.0,0.0,9.660720825195312e-05,1.0
1785330543.519992,08:00:27:5a:87:bc,0,0,,,0,0.0,0,0.0,0.0,,0.0
1785330543.519992,08:00:27:8a:0d:75,0,0,,,0,0.0,0,0.0,0.0,,0.0
1785330543.519992,08:00:27:a5:9e:2d,0,0,,,0,0.0,0,0.0,0.0,,0.0
1785330553.519992,08:00:27:5a:87:bc,0,0,,,0,0.0,0,0.0,0.0,,0.0
1785330553.519992,08:00:27:8a:0d:75,0,0,,,0,0.0,0,0.0,0.0,,0.0
1785330553.519992,08:00:27:a5:9e:2d,0,0,,,0,0.0,0,0.0,0.0,,0.0
1785330563.519992,08:00:27:5a:87:bc,13,834,0.17271792888641357,0.3031507777233062,3,0.3,4,0.4,0.38461538461538464,0.0006237626075744629,2.2180851063829787
1785330563.519992,08:00:27:8a:0d:75,8,632,0.4433198315756662,0.39114855419685934,0,0.0,3,0.3,0.0,,0.9905956112852664
1785330563.519992,08:00:27:a5:9e:2d,7,572,0.5168830156326294,0.3704396669059745,1,0.1,1,0.1,0.0,0.0001133282979329427,0.896551724137931
1785330573.519992,08:00:27:5a:87:bc,26,2212,0.3609074401855469,0.44265148472460597,0,0.0,6,0.6,0.0,0.0011620163917541505,1.1285714285714286
1785330573.519992,08:00:27:8a:0d:75,10,980,1.0023531119028728,0.002168120550717279,0,0.0,0,0.0,0.0,,0.8860759493670886
1785330573.519992,08:00:27:a5:9e:2d,10,980,1.0022563404507108,0.0021578009331149816,0,0.0,0,0.0,0.0,,0.8860759493670886
1785330583.519992,08:00:27:5a:87:bc,20,1960,0.4747716878589831,0.49848507932934655,0,0.0,0,0.0,0.0,0.0010828018188476563,1.0
1785330583.519992,08:00:27:8a:0d:75,10,980,1.002043777041965,0.0022239946410355406,0,0.0,0,0.0,0.0,,1.0
1785330583.519992,08:00:27:a5:9e:2d,10,980,1.0019911130269368,0.0023524872820379654,0,0.0,0,0.0,0.0,,1.0
1785330593.519992,08:00:27:5a:87:bc,21,2002,0.45107070207595823,0.4905140003002689,0,0.0,1,0.1,0.0,0.0012460947036743164,0.9910891089108911
1785330593.519992,08:00:27:8a:0d:75,10,980,1.0021703243255615,0.002084713577960518,0,0.0,0,0.0,0.0,,1.0
1785330593.519992,08:00:27:a5:9e:2d,11,1040,0.901934289932251,0.2800430514730965,1,0.1,0,0.0,0.0,,1.0176125244618395
1785330603.519992,08:00:27:5a:87:bc,23,2086,0.4096804532137784,0.46903369840852605,0,0.0,3,0.3,0.0,0.0011329531669616699,1.0326732673267327
1785330603.519992,08:00:27:8a:0d:75,11,1040,0.9010931015014648,0.2772627519519127,1,0.1,0,0.0,0.0,,0.9774436090225563
1785330603.519992,08:00:27:a5:9e:2d,10,980,1.001287990146213,0.0022249749791467383,0,0.0,0,0.0,0.0,,0.958904109589041
1785330613.519992,08:00:27:5a:87:bc,22,2044,0.4293981393178304,0.48535688402145094,2,0.2,0,0.0,0.0,0.0011887907981872558,0.9826923076923076
1785330613.519992,08:00:27:8a:0d:75,11,1040,0.901518702507019,0.26880282328076,0,0.0,1,0.1,0.0,,1.0176125244618395
1785330613.519992,08:00:27:a5:9e:2d,11,1040,0.9014806032180787,0.2691706752443182,0,0.0,1,0.1,0.0,,1.0176125244618395
1785330623.519992,08:00:27:5a:87:bc,21,2002,0.4509045481681824,0.4799511401937046,0,0.0,1,0.1,0.0,0.0013111233711242676,0.9910891089108911
1785330623.519992,08:00:27:8a:0d:75,10,980,1.0017712116241455,0.0020069480578612893,0,0.0,0,0.0,0.0,,1.0
1785330623.519992,08:00:27:a5:9e:2d,11,1040,0.9014978170394897,0.24146275551018415,1,0.1,0,0.0,0.0,,1.0176125244618395
1785330633.519992,08:00:27:5a:87:bc,23,2086,0.40984772552143445,0.45764326988451376,0,0.0,3,0.3,0.0,0.0012374162673950196,1.0326732673267327
1785330633.519992,08:00:27:8a:0d:75,11,1040,0.901459789276123,0.23953963402757047,1,0.1,0,0.0,0.0,,0.9774436090225563
1785330633.519992,08:00:27:a5:9e:2d,10,980,1.0016402403513591,0.0021367242255261403,0,0.0,0,0.0,0.0,,0.958904109589041
1785330643.519992,08:00:27:5a:87:bc,22,1820,0.456579673857916,0.4865807004511364,0,0.0,6,0.6,0.0,0.0011084973812103271,1.1607142857142858
1785330643.519992,08:00:27:8a:0d:75,10,980,1.002642446094089,0.003364335680223086,0,0.0,0,0.0,0.0,,0.8860759493670886
1785330643.519992,08:00:27:a5:9e:2d,10,980,1.002811564339532,0.0031204238694096035,0,0.0,0,0.0,0.0,0.00019156932830810547,0.8860759493670886
1785330653.519992,08:00:27:5a:87:bc,4,344,0.21661766370137533,0.1839485549139807,2,0.4541483865068369,0,0.0,0.5,,2.8666666666666667
1785330653.519992,08:00:27:8a:0d:75,6,550,0.8119684219360351,0.3064531984704103,0,0.0,1,0.22707419325341846,0.0,,1.0338345864661653
1785330653.519992,08:00:27:a5:9e:2d,6,550,0.8119547843933106,0.3064213644960871,0,0.0,1,0.22707419325341846,0.0,0.00011796951293945313,1.0338345864661653
