window_start,device_mac,anomaly_score,is_anomaly
1785313143.519992,08:00:27:5a:87:bc,-0.2999725254297876,True
1785313143.519992,08:00:27:8a:0d:75,-0.11631376884906075,True
1785313143.519992,08:00:27:a5:9e:2d,-0.11722932951026133,True
1785313153.519992,08:00:27:5a:87:bc,-0.14686421923060067,True
1785313153.519992,08:00:27:8a:0d:75,0.10106695228638912,False
1785313153.519992,08:00:27:a5:9e:2d,0.10106695228638912,False
1785313163.519992,08:00:27:5a:87:bc,-0.1694258603468186,True
1785313163.519992,08:00:27:8a:0d:75,0.10106695228638912,False
1785313163.519992,08:00:27:a5:9e:2d,0.10106695228638912,False
1785313173.519992,08:00:27:5a:87:bc,-0.1694258603468186,True
1785313173.519992,08:00:27:8a:0d:75,0.10106695228638912,False
1785313173.519992,08:00:27:a5:9e:2d,0.10106695228638912,False
1785313183.519992,08:00:27:5a:87:bc,-0.15829474773329655,True
1785313183.519992,08:00:27:8a:0d:75,0.0973813775630698,False
1785313183.519992,08:00:27:a5:9e:2d,0.0973813775630698,False
1785313193.519992,08:00:27:5a:87:bc,-0.23768573753444489,True
1785313193.519992,08:00:27:8a:0d:75,0.06277209143727447,False
1785313193.519992,08:00:27:a5:9e:2d,0.06277209143727447,False
1785313203.519992,08:00:27:5a:87:bc,-0.20490550426739562,True
1785313203.519992,08:00:27:8a:0d:75,-0.002686146569315151,True
1785313203.519992,08:00:27:a5:9e:2d,-0.002686146569315151,True
1785313213.519992,08:00:27:5a:87:bc,-0.1510523616179854,True
1785313213.519992,08:00:27:8a:0d:75,0.07123171868271366,False
1785313213.519992,08:00:27:a5:9e:2d,0.07159007267925516,False
1785313223.519992,08:00:27:5a:87:bc,-0.14936481808699975,True
1785313223.519992,08:00:27:8a:0d:75,0.07123171868271366,False
1785313223.519992,08:00:27:a5:9e:2d,0.07159007267925516,False
1785313233.519992,08:00:27:5a:87:bc,-0.1512510395905463,True
1785313233.519992,08:00:27:8a:0d:75,0.06392564329336187,False
1785313233.519992,08:00:27:a5:9e:2d,0.07039944780242302,False
1785313243.519992,08:00:27:5a:87:bc,-0.1694258603468186,True
1785313243.519992,08:00:27:8a:0d:75,0.054179958155671615,False
1785313243.519992,08:00:27:a5:9e:2d,0.0608521031008587,False
1785313253.519992,08:00:27:5a:87:bc,0.10106695228638912,False
1785313253.519992,08:00:27:8a:0d:75,0.10106695228638912,False
1785313253.519992,08:00:27:a5:9e:2d,0.10106695228638912,False
1785313263.519992,08:00:27:5a:87:bc,0.10106695228638912,False
1785313263.519992,08:00:27:8a:0d:75,0.06315482222563895,False
1785313263.519992,08:00:27:a5:9e:2d,0.06990728438819055,False
1785313273.519992,08:00:27:5a:87:bc,0.10106695228638912,False
1785313273.519992,08:00:27:8a:0d:75,0.00014185891305285026,False
1785313273.519992,08:00:27:a5:9e:2d,0.017591517286155323,False
1785313283.519992,08:00:27:5a:87:bc,0.10106695228638912,False
1785313283.519992,08:00:27:8a:0d:75,-0.12670227673692103,True
1785313283.519992,08:00:27:a5:9e:2d,-0.14730836327260877,True
1785313293.519992,08:00:27:5a:87:bc,0.10106695228638912,False
1785313293.519992,08:00:27:8a:0d:75,0.09656281280357665,False
1785313293.519992,08:00:27:a5:9e:2d,0.09249741313823134,False
1785313303.519992,08:00:27:5a:87:bc,0.10106695228638912,False
1785313303.519992,08:00:27:8a:0d:75,0.10106695228638912,False
1785313303.519992,08:00:27:a5:9e:2d,0.10106695228638912,False
1785313313.519992,08:00:27:5a:87:bc,-0.32276933594547874,True
1785313313.519992,08:00:27:8a:0d:75,0.09806002870546854,False
1785313313.519992,08:00:27:a5:9e:2d,0.09806002870546854,False
1785313323.519992,08:00:27:5a:87:bc,-0.3617145118865831,True
1785313323.519992,08:00:27:8a:0d:75,-0.11847284808567393,True
1785313323.519992,08:00:27:a5:9e:2d,-0.11847284808567393,True
1785313333.519992,08:00:27:5a:87:bc,-0.36357854100372466,True
1785313333.519992,08:00:27:8a:0d:75,0.09910763572858139,False
1785313333.519992,08:00:27:a5:9e:2d,0.09910763572858139,False
1785313343.519992,08:00:27:5a:87:bc,-0.36198053158453625,True
1785313343.519992,08:00:27:8a:0d:75,0.0026953984572453127,False
1785313343.519992,08:00:27:a5:9e:2d,0.0032824585407104645,False
1785313353.519992,08:00:27:5a:87:bc,-0.3595895909350736,True
1785313353.519992,08:00:27:8a:0d:75,0.0824151138931779,False
1785313353.519992,08:00:27:a5:9e:2d,0.08383815857898658,False
1785313363.519992,08:00:27:5a:87:bc,-0.36357854100372466,True
1785313363.519992,08:00:27:8a:0d:75,0.0036062587297290283,False
1785313363.519992,08:00:27:a5:9e:2d,0.0036062587297290283,False
1785313373.519992,08:00:27:5a:87:bc,-0.3595895909350736,True
1785313373.519992,08:00:27:8a:0d:75,-0.12231685827483141,True
1785313373.519992,08:00:27:a5:9e:2d,-0.12231685827483141,True
1785313383.519992,08:00:27:5a:87:bc,-0.35592395321416703,True
1785313383.519992,08:00:27:8a:0d:75,-0.0068739287208128275,True
1785313383.519992,08:00:27:a5:9e:2d,0.0042713196493529,False
1785313393.519992,08:00:27:5a:87:bc,-0.36357854100372466,True
1785313393.519992,08:00:27:8a:0d:75,-0.13569350442644335,True
1785313393.519992,08:00:27:a5:9e:2d,-0.16271396340852107,True
1785313403.519992,08:00:27:5a:87:bc,-0.32825416811037034,True
1785313403.519992,08:00:27:8a:0d:75,0.10106695228638912,False
1785313403.519992,08:00:27:a5:9e:2d,0.10106695228638912,False
1785313413.519992,08:00:27:5a:87:bc,0.10106695228638912,False
1785313413.519992,08:00:27:8a:0d:75,0.10106695228638912,False
1785313413.519992,08:00:27:a5:9e:2d,0.10106695228638912,False
1785313423.519992,08:00:27:5a:87:bc,0.10106695228638912,False
1785313423.519992,08:00:27:8a:0d:75,0.10106695228638912,False
1785313423.519992,08:00:27:a5:9e:2d,0.10106695228638912,False
1785313433.519992,08:00:27:5a:87:bc,0.10106695228638912,False
1785313433.519992,08:00:27:8a:0d:75,0.10106695228638912,False
1785313433.519992,08:00:27:a5:9e:2d,0.10106695228638912,False
1785313443.519992,08:00:27:5a:87:bc,0.10106695228638912,False
1785313443.519992,08:00:27:8a:0d:75,0.10106695228638912,False
1785313443.519992,08:00:27:a5:9e:2d,0.10106695228638912,False
1785313453.519992,08:00:27:5a:87:bc,0.10106695228638912,False
1785313453.519992,08:00:27:8a:0d:75,0.10106695228638912,False
1785313453.519992,08:00:27:a5:9e:2d,0.10106695228638912,False
1785313463.519992,08:00:27:5a:87:bc,0.10106695228638912,False
1785313463.519992,08:00:27:8a:0d:75,0.10106695228638912,False
1785313463.519992,08:00:27:a5:9e:2d,0.10106695228638912,False
1785313473.519992,08:00:27:5a:87:bc,0.10106695228638912,False
1785313473.519992,08:00:27:8a:0d:75,0.10106695228638912,False
1785313473.519992,08:00:27:a5:9e:2d,0.10106695228638912,False
1785313483.519992,08:00:27:5a:87:bc,0.10106695228638912,False
1785313483.519992,08:00:27:8a:0d:75,0.10106695228638912,False
1785313483.519992,08:00:27:a5:9e:2d,0.10106695228638912,False
1785313493.519992,08:00:27:5a:87:bc,0.10106695228638912,False
1785313493.519992,08:00:27:8a:0d:75,0.10106695228638912,False
1785313493.519992,08:00:27:a5:9e:2d,0.10106695228638912,False
1785313503.519992,08:00:27:5a:87:bc,0.10106695228638912,False
1785313503.519992,08:00:27:8a:0d:75,0.10106695228638912,False
1785313503.519992,08:00:27:a5:9e:2d,0.10106695228638912,False
1785313513.519992,08:00:27:5a:87:bc,0.10106695228638912,False
1785313513.519992,08:00:27:8a:0d:75,0.10106695228638912,False
1785313513.519992,08:00:27:a5:9e:2d,0.10106695228638912,False
1785313523.519992,08:00:27:5a:87:bc,0.10106695228638912,False
1785313523.519992,08:00:27:8a:0d:75,0.10106695228638912,False
1785313523.519992,08:00:27:a5:9e:2d,0.10106695228638912,False
1785313533.519992,08:00:27:5a:87:bc,0.10106695228638912,False
1785313533.519992,08:00:27:8a:0d:75,0.10106695228638912,False
1785313533.519992,08:00:27:a5:9e:2d,0.10106695228638912,False
1785313543.519992,08:00:27:5a:87:bc,0.10106695228638912,False
1785313543.519992,08:00:27:8a:0d:75,0.10106695228638912,False
1785313543.519992,08:00:27:a5:9e:2d,0.10106695228638912,False
1785313553.519992,08:00:27:5a:87:bc,0.10106695228638912,False
1785313553.519992,08:00:27:8a:0d:75,0.10106695228638912,False
1785313553.519992,08:00:27:a5:9e:2d,0.10106695228638912,False
1785313563.519992,08:00:27:5a:87:bc,0.10106695228638912,False
1785313563.519992,08:00:27:8a:0d:75,0.10106695228638912,False
1785313563.519992,08:00:27:a5:9e:2d,0.10106695228638912,False
1785313573.519992,08:00:27:5a:87:bc,0.10106695228638912,False
1785313573.519992,08:00:27:8a:0d:75,0.10106695228638912,False
1785313573.519992,08:00:27:a5:9e:2d,0.10106695228638912,False
1785313583.519992,08:00:27:5a:87:bc,0.10106695228638912,False
1785313583.519992,08:00:27:8a:0d:75,0.10106695228638912,False
1785313583.519992,08:00:27:a5:9e:2d,0.10106695228638912,False
1785313593.519992,08:00:27:5a:87:bc,0.10106695228638912,False
1785313593.519992,08:00:27:8a:0d:75,0.10106695228638912,False
1785313593.519992,08:00:27:a5:9e:2d,0.10106695228638912,False
1785313603.519992,08:00:27:5a:87:bc,0.10106695228638912,False
1785313603.519992,08:00:27:8a:0d:75,0.10106695228638912,False
1785313603.519992,08:00:27:a5:9e:2d,0.10106695228638912,False
1785313613.519992,08:00:27:5a:87:bc,0.10106695228638912,False
1785313613.519992,08:00:27:8a:0d:75,0.10106695228638912,False
1785313613.519992,08:00:27:a5:9e:2d,0.10106695228638912,False
1785313623.519992,08:00:27:5a:87:bc,0.10106695228638912,False
1785313623.519992,08:00:27:8a:0d:75,0.10106695228638912,False
1785313623.519992,08:00:27:a5:9e:2d,0.10106695228638912,False
1785313633.519992,08:00:27:5a:87:bc,0.10106695228638912,False
1785313633.519992,08:00:27:8a:0d:75,0.10106695228638912,False
1785313633.519992,08:00:27:a5:9e:2d,0.10106695228638912,False
1785313643.519992,08:00:27:5a:87:bc,0.10106695228638912,False
1785313643.519992,08:00:27:8a:0d:75,0.10106695228638912,False
1785313643.519992,08:00:27:a5:9e:2d,0.10106695228638912,False
1785313653.519992,08:00:27:5a:87:bc,0.10106695228638912,False
1785313653.519992,08:00:27:8a:0d:75,0.10106695228638912,False
1785313653.519992,08:00:27:a5:9e:2d,0.10106695228638912,False
1785313663.519992,08:00:27:5a:87:bc,0.10106695228638912,False
1785313663.519992,08:00:27:8a:0d:75,0.10106695228638912,False
1785313663.519992,08:00:27:a5:9e:2d,0.10106695228638912,False
1785313673.519992,08:00:27:5a:87:bc,0.10106695228638912,False
1785313673.519992,08:00:27:8a:0d:75,0.10106695228638912,False
1785313673.519992,08:00:27:a5:9e:2d,0.10106695228638912,False
1785313683.519992,08:00:27:5a:87:bc,0.10106695228638912,False
1785313683.519992,08:00:27:8a:0d:75,0.10106695228638912,False
1785313683.519992,08:00:27:a5:9e:2d,0.10106695228638912,False
1785313693.519992,08:00:27:5a:87:bc,0.10106695228638912,False
1785313693.519992,08:00:27:8a:0d:75,0.10106695228638912,False
1785313693.519992,08:00:27:a5:9e:2d,0.10106695228638912,False
1785313703.519992,08:00:27:5a:87:bc,0.10106695228638912,False
1785313703.519992,08:00:27:8a:0d:75,0.10106695228638912,False
1785313703.519992,08:00:27:a5:9e:2d,0.10106695228638912,False
1785313713.519992,08:00:27:5a:87:bc,0.10106695228638912,False
1785313713.519992,08:00:27:8a:0d:75,0.10106695228638912,False
1785313713.519992,08:00:27:a5:9e:2d,0.10106695228638912,False
1785313723.519992,08:00:27:5a:87:bc,0.10106695228638912,False
1785313723.519992,08:00:27:8a:0d:75,0.10106695228638912,False
1785313723.519992,08:00:27:a5:9e:2d,0.10106695228638912,False
1785313733.519992,08:00:27:5a:87:bc,0.10106695228638912,False
1785313733.519992,08:00:27:8a:0d:75,0.10106695228638912,False
1785313733.519992,08:00:27:a5:9e:2d,0.10106695228638912,False
1785313743.519992,08:00:27:5a:87:bc,0.10106695228638912,False
1785313743.519992,08:00:27:8a:0d:75,0.10106695228638912,False
1785313743.519992,08:00:27:a5:9e:2d,0.10106695228638912,False
1785313753.519992,08:00:27:5a:87:bc,0.10106695228638912,False
1785313753.519992,08:00:27:8a:0d:75,0.10106695228638912,False
1785313753.519992,08:00:27:a5:9e:2d,0.10106695228638912,False
1785313763.519992,08:00:27:5a:87:bc,0.10106695228638912,False
1785313763.519992,08:00:27:8a:0d:75,0.10106695228638912,False
1785313763.519992,08:00:27:a5:9e:2d,0.10106695228638912,False
1785313773.519992,08:00:27:5a:87:bc,0.10106695228638912,False
1785313773.519992,08:00:27:8a:0d:75,0.10106695228638912,False
1785313773.519992,08:00:27:a5:9e:2d,0.10106695228638912,False
1785313783.519992,08:00:27:5a:87:bc,0.10106695228638912,False
1785313783.519992,08:00:27:8a:0d:75,0.10106695228638912,False
1785313783.519992,08:00:27:a5:9e:2d,0.10106695228638912,False
1785313793.519992,08:00:27:5a:87:bc,0.10106695228638912,False
1785313793.519992,08:00:27:8a:0d:75,0.10106695228638912,False
1785313793.519992,08:00:27:a5:9e:2d,0.10106695228638912,False
1785313803.519992,08:00:27:5a:87:bc,0.10106695228638912,False
1785313803.519992,08:00:27:8a:0d:75,0.10106695228638912,False
1785313803.519992,08:00:27:a5:9e:2d,0.10106695228638912,False
1785313813.519992,08:00:27:5a:87:bc,0.10106695228638912,False
1785313813.519992,08:00:27:8a:0d:75,0.10106695228638912,False
1785313813.519992,08:00:27:a5:9e:2d,0.10106695228638912,False
1785313823.519992,08:00:27:5a:87:bc,0.10106695228638912,False
1785313823.519992,08:00:27:8a:0d:75,0.10106695228638912,False
1785313823.519992,08:00:27:a5:9e:2d,0.10106695228638912,False
1785313833.519992,08:00:27:5a:87:bc,0.10106695228638912,False
1785313833.519992,08:00:27:8a:0d:75,0.10106695228638912,False
1785313833.519992,08:00:27:a5:9e:2d,0.10106695228638912,False
1785313843.519992,08:00:27:5a:87:bc,0.10106695228638912,False
1785313843.519992,08:00:27:8a:0d:75,0.10106695228638912,False
1785313843.519992,08:00:27:a5:9e:2d,0.10106695228638912,False
1785313853.519992,08:00:27:5a:87:bc,0.10106695228638912,False
1785313853.519992,08:00:27:8a:0d:75,0.10106695228638912,False
1785313853.519992,08:00:27:a5:9e:2d,0.10106695228638912,False
1785313863.519992,08:00:27:5a:87:bc,0.10106695228638912,False
1785313863.519992,08:00:27:8a:0d:75,0.10106695228638912,False
1785313863.519992,08:00:27:a5:9e:2d,0.10106695228638912,False
1785313873.519992,08:00:27:5a:87:bc,0.10106695228638912,False
1785313873.519992,08:00:27:8a:0d:75,0.10106695228638912,False
1785313873.519992,08:00:27:a5:9e:2d,0.10106695228638912,False
1785313883.519992,08:00:27:5a:87:bc,0.10106695228638912,False
1785313883.519992,08:00:27:8a:0d:75,0.10106695228638912,False
1785313883.519992,08:00:27:a5:9e:2d,0.10106695228638912,False
1785313893.519992,08:00:27:5a:87:bc,0.10106695228638912,False
1785313893.519992,08:00:27:8a:0d:75,0.10106695228638912,False
1785313893.519992,08:00:27:a5:9e:2d,0.10106695228638912,False
1785313903.519992,08:00:27:5a:87:bc,0.10106695228638912,False
1785313903.519992,08:00:27:8a:0d:75,0.10106695228638912,False
1785313903.519992,08:00:27:a5:9e:2d,0.10106695228638912,False
1785313913.519992,08:00:27:5a:87:bc,0.10106695228638912,False
1785313913.519992,08:00:27:8a:0d:75,0.10106695228638912,False
1785313913.519992,08:00:27:a5:9e:2d,0.10106695228638912,False
1785313923.519992,08:00:27:5a:87:bc,0.10106695228638912,False
1785313923.519992,08:00:27:8a:0d:75,0.10106695228638912,False
1785313923.519992,08:00:27:a5:9e:2d,0.10106695228638912,False
1785313933.519992,08:00:27:5a:87:bc,0.10106695228638912,False
1785313933.519992,08:00:27:8a:0d:75,0.10106695228638912,False
1785313933.519992,08:00:27:a5:9e:2d,0.10106695228638912,False
1785313943.519992,08:00:27:5a:87:bc,0.10106695228638912,False
1785313943.519992,08:00:27:8a:0d:75,0.10106695228638912,False
1785313943.519992,08:00:27:a5:9e:2d,0.10106695228638912,False
1785313953.519992,08:00:27:5a:87:bc,0.10106695228638912,False
1785313953.519992,08:00:27:8a:0d:75,0.10106695228638912,False
1785313953.519992,08:00:27:a5:9e:2d,0.10106695228638912,False
1785313963.519992,08:00:27:5a:87:bc,0.10106695228638912,False
1785313963.519992,08:00:27:8a:0d:75,0.10106695228638912,False
1785313963.519992,08:00:27:a5:9e:2d,0.10106695228638912,False
1785313973.519992,08:00:27:5a:87:bc,0.10106695228638912,False
1785313973.519992,08:00:27:8a:0d:75,0.10106695228638912,False
1785313973.519992,08:00:27:a5:9e:2d,0.10106695228638912,False
1785313983.519992,08:00:27:5a:87:bc,0.10106695228638912,False
1785313983.519992,08:00:27:8a:0d:75,0.10106695228638912,False
1785313983.519992,08:00:27:a5:9e:2d,0.10106695228638912,False
1785313993.519992,08:00:27:5a:87:bc,0.10106695228638912,False
1785313993.519992,08:00:27:8a:0d:75,0.10106695228638912,False
1785313993.519992,08:00:27:a5:9e:2d,0.10106695228638912,False
1785314003.519992,08:00:27:5a:87:bc,0.10106695228638912,False
1785314003.519992,08:00:27:8a:0d:75,0.10106695228638912,False
1785314003.519992,08:00:27:a5:9e:2d,0.10106695228638912,False
1785314013.519992,08:00:27:5a:87:bc,0.10106695228638912,False
1785314013.519992,08:00:27:8a:0d:75,0.10106695228638912,False
1785314013.519992,08:00:27:a5:9e:2d,0.10106695228638912,False
1785314023.519992,08:00:27:5a:87:bc,0.10106695228638912,False
1785314023.519992,08:00:27:8a:0d:75,0.10106695228638912,False
1785314023.519992,08:00:27:a5:9e:2d,0.10106695228638912,False
1785314033.519992,08:00:27:5a:87:bc,0.10106695228638912,False
1785314033.519992,08:00:27:8a:0d:75,0.10106695228638912,False
1785314033.519992,08:00:27:a5:9e:2d,0.10106695228638912,False
1785314043.519992,08:00:27:5a:87:bc,0.10106695228638912,False
1785314043.519992,08:00:27:8a:0d:75,0.10106695228638912,False
1785314043.519992,08:00:27:a5:9e:2d,0.10106695228638912,False
1785314053.519992,08:00:27:5a:87:bc,0.10106695228638912,False
1785314053.519992,08:00:27:8a:0d:75,0.10106695228638912,False
1785314053.519992,08:00:27:a5:9e:2d,0.10106695228638912,False
1785314063.519992,08:00:27:5a:87:bc,0.10106695228638912,False
1785314063.519992,08:00:27:8a:0d:75,0.10106695228638912,False
1785314063.519992,08:00:27:a5:9e:2d,0.10106695228638912,False
1785314073.519992,08:00:27:5a:87:bc,0.10106695228638912,False
1785314073.519992,08:00:27:8a:0d:75,0.10106695228638912,False
1785314073.519992,08:00:27:a5:9e:2d,0.10106695228638912,False
1785314083.519992,08:00:27:5a:87:bc,0.10106695228638912,False
1785314083.519992,08:00:27:8a:0d:75,0.10106695228638912,False
1785314083.519992,08:00:27:a5:9e:2d,0.10106695228638912,False
1785314093.519992,08:00:27:5a:87:bc,0.10106695228638912,False
1785314093.519992,08:00:27:8a:0d:75,0.008057789100377022,False
1785314093.519992,08:00:27:a5:9e:2d,0.007224539343260894,False
1785314103.519992,08:00:27:5a:87:bc,0.10106695228638912,False
1785314103.519992,08:00:27:8a:0d:75,0.0744169450886229,False
1785314103.519992,08:00:27:a5:9e:2d,0.07408324057614829,False
1785314113.519992,08:00:27:5a:87:bc,0.10106695228638912,False
1785314113.519992,08:00:27:8a:0d:75,0.0716186066938439,False
1785314113.519992,08:00:27:a5:9e:2d,0.0716186066938439,False
1785314123.519992,08:00:27:5a:87:bc,0.10106695228638912,False
1785314123.519992,08:00:27:8a:0d:75,0.06986362190773815,False
1785314123.519992,08:00:27:a5:9e:2d,0.06855653193487538,False
1785314133.519992,08:00:27:5a:87:bc,0.10106695228638912,False
1785314133.519992,08:00:27:8a:0d:75,0.10106695228638912,False
1785314133.519992,08:00:27:a5:9e:2d,0.10106695228638912,False
1785314143.519992,08:00:27:5a:87:bc,0.10106695228638912,False
1785314143.519992,08:00:27:8a:0d:75,0.10106695228638912,False
1785314143.519992,08:00:27:a5:9e:2d,0.10106695228638912,False
1785314153.519992,08:00:27:5a:87:bc,0.10106695228638912,False
1785314153.519992,08:00:27:8a:0d:75,0.10106695228638912,False
1785314153.519992,08:00:27:a5:9e:2d,0.10106695228638912,False
1785314163.519992,08:00:27:5a:87:bc,0.10106695228638912,False
1785314163.519992,08:00:27:8a:0d:75,0.10106695228638912,False
1785314163.519992,08:00:27:a5:9e:2d,0.10106695228638912,False
1785314173.519992,08:00:27:5a:87:bc,0.10106695228638912,False
1785314173.519992,08:00:27:8a:0d:75,0.10106695228638912,False
1785314173.519992,08:00:27:a5:9e:2d,0.10106695228638912,False
1785314183.519992,08:00:27:5a:87:bc,0.10106695228638912,False
1785314183.519992,08:00:27:8a:0d:75,0.10106695228638912,False
1785314183.519992,08:00:27:a5:9e:2d,0.10106695228638912,False
1785314193.519992,08:00:27:5a:87:bc,0.10106695228638912,False
1785314193.519992,08:00:27:8a:0d:75,0.10106695228638912,False
1785314193.519992,08:00:27:a5:9e:2d,0.10106695228638912,False
1785314203.519992,08:00:27:5a:87:bc,0.10106695228638912,False
1785314203.519992,08:00:27:8a:0d:75,0.10106695228638912,False
1785314203.519992,08:00:27:a5:9e:2d,0.10106695228638912,False
1785314213.519992,08:00:27:5a:87:bc,0.10106695228638912,False
1785314213.519992,08:00:27:8a:0d:75,0.10106695228638912,False
1785314213.519992,08:00:27:a5:9e:2d,0.10106695228638912,False
1785314223.519992,08:00:27:5a:87:bc,0.10106695228638912,False
1785314223.519992,08:00:27:8a:0d:75,0.10106695228638912,False
1785314223.519992,08:00:27:a5:9e:2d,0.10106695228638912,False
1785314233.519992,08:00:27:5a:87:bc,0.10106695228638912,False
1785314233.519992,08:00:27:8a:0d:75,0.10106695228638912,False
1785314233.519992,08:00:27:a5:9e:2d,0.10106695228638912,False
1785314243.519992,08:00:27:5a:87:bc,0.10106695228638912,False
1785314243.519992,08:00:27:8a:0d:75,0.10106695228638912,False
1785314243.519992,08:00:27:a5:9e:2d,0.10106695228638912,False
1785314253.519992,08:00:27:5a:87:bc,0.10106695228638912,False
1785314253.519992,08:00:27:8a:0d:75,0.10106695228638912,False
1785314253.519992,08:00:27:a5:9e:2d,0.10106695228638912,False
1785314263.519992,08:00:27:5a:87:bc,0.10106695228638912,False
1785314263.519992,08:00:27:8a:0d:75,0.10106695228638912,False
1785314263.519992,08:00:27:a5:9e:2d,0.10106695228638912,False
1785314273.519992,08:00:27:5a:87:bc,0.10106695228638912,False
1785314273.519992,08:00:27:8a:0d:75,0.10106695228638912,False
1785314273.519992,08:00:27:a5:9e:2d,0.10106695228638912,False
1785314283.519992,08:00:27:5a:87:bc,0.10106695228638912,False
1785314283.519992,08:00:27:8a:0d:75,0.10106695228638912,False
1785314283.519992,08:00:27:a5:9e:2d,0.10106695228638912,False
1785314293.519992,08:00:27:5a:87:bc,0.10106695228638912,False
1785314293.519992,08:00:27:8a:0d:75,0.10106695228638912,False
1785314293.519992,08:00:27:a5:9e:2d,0.10106695228638912,False
1785314303.519992,08:00:27:5a:87:bc,0.10106695228638912,False
1785314303.519992,08:00:27:8a:0d:75,0.10106695228638912,False
1785314303.519992,08:00:27:a5:9e:2d,0.10106695228638912,False
1785314313.519992,08:00:27:5a:87:bc,0.10106695228638912,False
1785314313.519992,08:00:27:8a:0d:75,0.10106695228638912,False
1785314313.519992,08:00:27:a5:9e:2d,0.10106695228638912,False
1785314323.519992,08:00:27:5a:87:bc,0.10106695228638912,False
1785314323.519992,08:00:27:8a:0d:75,0.10106695228638912,False
1785314323.519992,08:00:27:a5:9e:2d,0.10106695228638912,False
1785314333.519992,08:00:27:5a:87:bc,0.10106695228638912,False
1785314333.519992,08:00:27:8a:0d:75,0.10106695228638912,False
1785314333.519992,08:00:27:a5:9e:2d,0.10106695228638912,False
1785314343.519992,08:00:27:5a:87:bc,0.10106695228638912,False
1785314343.519992,08:00:27:8a:0d:75,0.10106695228638912,False
1785314343.519992,08:00:27:a5:9e:2d,0.10106695228638912,False
1785314353.519992,08:00:27:5a:87:bc,0.10106695228638912,False
1785314353.519992,08:00:27:8a:0d:75,0.10106695228638912,False
1785314353.519992,08:00:27:a5:9e:2d,0.10106695228638912,False
1785314363.519992,08:00:27:5a:87:bc,0.10106695228638912,False
1785314363.519992,08:00:27:8a:0d:75,0.10106695228638912,False
1785314363.519992,08:00:27:a5:9e:2d,0.10106695228638912,False
1785314373.519992,08:00:27:5a:87:bc,0.10106695228638912,False
1785314373.519992,08:00:27:8a:0d:75,0.10106695228638912,False
1785314373.519992,08:00:27:a5:9e:2d,0.10106695228638912,False
1785314383.519992,08:00:27:5a:87:bc,0.10106695228638912,False
1785314383.519992,08:00:27:8a:0d:75,0.10106695228638912,False
1785314383.519992,08:00:27:a5:9e:2d,0.10106695228638912,False
1785314393.519992,08:00:27:5a:87:bc,0.10106695228638912,False
1785314393.519992,08:00:27:8a:0d:75,0.10106695228638912,False
1785314393.519992,08:00:27:a5:9e:2d,0.10106695228638912,False
1785314403.519992,08:00:27:5a:87:bc,0.10106695228638912,False
1785314403.519992,08:00:27:8a:0d:75,0.10106695228638912,False
1785314403.519992,08:00:27:a5:9e:2d,0.10106695228638912,False
1785314413.519992,08:00:27:5a:87:bc,0.10106695228638912,False
1785314413.519992,08:00:27:8a:0d:75,0.10106695228638912,False
1785314413.519992,08:00:27:a5:9e:2d,0.10106695228638912,False
1785314423.519992,08:00:27:5a:87:bc,0.10106695228638912,False
1785314423.519992,08:00:27:8a:0d:75,0.10106695228638912,False
1785314423.519992,08:00:27:a5:9e:2d,0.10106695228638912,False
1785314433.519992,08:00:27:5a:87:bc,0.10106695228638912,False
1785314433.519992,08:00:27:8a:0d:75,0.10106695228638912,False
1785314433.519992,08:00:27:a5:9e:2d,0.10106695228638912,False
1785314443.519992,08:00:27:5a:87:bc,0.10106695228638912,False
1785314443.519992,08:00:27:8a:0d:75,0.10106695228638912,False
1785314443.519992,08:00:27:a5:9e:2d,0.10106695228638912,False
1785314453.519992,08:00:27:5a:87:bc,0.10106695228638912,False
1785314453.519992,08:00:27:8a:0d:75,0.10106695228638912,False
1785314453.519992,08:00:27:a5:9e:2d,0.10106695228638912,False
1785314463.519992,08:00:27:5a:87:bc,0.10106695228638912,False
1785314463.519992,08:00:27:8a:0d:75,0.10106695228638912,False
1785314463.519992,08:00:27:a5:9e:2d,0.10106695228638912,False
1785314473.519992,08:00:27:5a:87:bc,0.10106695228638912,False
1785314473.519992,08:00:27:8a:0d:75,0.10106695228638912,False
1785314473.519992,08:00:27:a5:9e:2d,0.10106695228638912,False
1785314483.519992,08:00:27:5a:87:bc,0.10106695228638912,False
1785314483.519992,08:00:27:8a:0d:75,0.10106695228638912,False
1785314483.519992,08:00:27:a5:9e:2d,0.10106695228638912,False
1785314493.519992,08:00:27:5a:87:bc,0.10106695228638912,False
1785314493.519992,08:00:27:8a:0d:75,0.10106695228638912,False
1785314493.519992,08:00:27:a5:9e:2d,0.10106695228638912,False
1785314503.519992,08:00:27:5a:87:bc,0.10106695228638912,False
1785314503.519992,08:00:27:8a:0d:75,0.10106695228638912,False
1785314503.519992,08:00:27:a5:9e:2d,0.10106695228638912,False
1785314513.519992,08:00:27:5a:87:bc,0.10106695228638912,False
1785314513.519992,08:00:27:8a:0d:75,0.10106695228638912,False
1785314513.519992,08:00:27:a5:9e:2d,0.10106695228638912,False
1785314523.519992,08:00:27:5a:87:bc,0.10106695228638912,False
1785314523.519992,08:00:27:8a:0d:75,0.10106695228638912,False
1785314523.519992,08:00:27:a5:9e:2d,0.10106695228638912,False
1785314533.519992,08:00:27:5a:87:bc,0.10106695228638912,False
1785314533.519992,08:00:27:8a:0d:75,0.10106695228638912,False
1785314533.519992,08:00:27:a5:9e:2d,0.10106695228638912,False
1785314543.519992,08:00:27:5a:87:bc,0.10106695228638912,False
1785314543.519992,08:00:27:8a:0d:75,0.10106695228638912,False
1785314543.519992,08:00:27:a5:9e:2d,0.10106695228638912,False
1785314553.519992,08:00:27:5a:87:bc,0.10106695228638912,False
1785314553.519992,08:00:27:8a:0d:75,0.10106695228638912,False
1785314553.519992,08:00:27:a5:9e:2d,0.10106695228638912,False
1785314563.519992,08:00:27:5a:87:bc,0.10106695228638912,False
1785314563.519992,08:00:27:8a:0d:75,0.10106695228638912,False
1785314563.519992,08:00:27:a5:9e:2d,0.10106695228638912,False
1785314573.519992,08:00:27:5a:87:bc,0.10106695228638912,False
1785314573.519992,08:00:27:8a:0d:75,0.10106695228638912,False
1785314573.519992,08:00:27:a5:9e:2d,0.10106695228638912,False
1785314583.519992,08:00:27:5a:87:bc,0.10106695228638912,False
1785314583.519992,08:00:27:8a:0d:75,0.10106695228638912,False
1785314583.519992,08:00:27:a5:9e:2d,0.10106695228638912,False
1785314593.519992,08:00:27:5a:87:bc,0.10106695228638912,False
1785314593.519992,08:00:27:8a:0d:75,0.10106695228638912,False
1785314593.519992,08:00:27:a5:9e:2d,0.10106695228638912,False
1785314603.519992,08:00:27:5a:87:bc,0.10106695228638912,False
1785314603.519992,08:00:27:8a:0d:75,0.10106695228638912,False
1785314603.519992,08:00:27:a5:9e:2d,0.10106695228638912,False
1785314613.519992,08:00:27:5a:87:bc,0.10106695228638912,False
1785314613.519992,08:00:27:8a:0d:75,0.10106695228638912,False
1785314613.519992,08:00:27:a5:9e:2d,0.10106695228638912,False
1785314623.519992,08:00:27:5a:87:bc,0.10106695228638912,False
1785314623.519992,08:00:27:8a:0d:75,0.10106695228638912,False
1785314623.519992,08:00:27:a5:9e:2d,0.10106695228638912,False
1785314633.519992,08:00:27:5a:87:bc,0.10106695228638912,False
1785314633.519992,08:00:27:8a:0d:75,0.10106695228638912,False
1785314633.519992,08:00:27:a5:9e:2d,0.10106695228638912,False
1785314643.519992,08:00:27:5a:87:bc,0.10106695228638912,False
1785314643.519992,08:00:27:8a:0d:75,0.10106695228638912,False
1785314643.519992,08:00:27:a5:9e:2d,0.10106695228638912,False
1785314653.519992,08:00:27:5a:87:bc,0.10106695228638912,False
1785314653.519992,08:00:27:8a:0d:75,0.10106695228638912,False
1785314653.519992,08:00:27:a5:9e:2d,0.10106695228638912,False
1785314663.519992,08:00:27:5a:87:bc,0.10106695228638912,False
1785314663.519992,08:00:27:8a:0d:75,0.10106695228638912,False
1785314663.519992,08:00:27:a5:9e:2d,0.10106695228638912,False
1785314673.519992,08:00:27:5a:87:bc,0.10106695228638912,False
1785314673.519992,08:00:27:8a:0d:75,0.10106695228638912,False
1785314673.519992,08:00:27:a5:9e:2d,0.10106695228638912,False
1785314683.519992,08:00:27:5a:87:bc,0.10106695228638912,False
1785314683.519992,08:00:27:8a:0d:75,0.10106695228638912,False
1785314683.519992,08:00:27:a5:9e:2d,0.10106695228638912,False
1785314693.519992,08:00:27:5a:87:bc,0.10106695228638912,False
1785314693.519992,08:00:27:8a:0d:75,0.10106695228638912,False
1785314693.519992,08:00:27:a5:9e:2d,0.10106695228638912,False
1785314703.519992,08:00:27:5a:87:bc,0.10106695228638912,False
1785314703.519992,08:00:27:8a:0d:75,0.10106695228638912,False
1785314703.519992,08:00:27:a5:9e:2d,0.10106695228638912,False
1785314713.519992,08:00:27:5a:87:bc,0.10106695228638912,False
1785314713.519992,08:00:27:8a:0d:75,0.10106695228638912,False
1785314713.519992,08:00:27:a5:9e:2d,0.10106695228638912,False
1785314723.519992,08:00:27:5a:87:bc,0.10106695228638912,False
1785314723.519992,08:00:27:8a:0d:75,0.10106695228638912,False
1785314723.519992,08:00:27:a5:9e:2d,0.10106695228638912,False
1785314733.519992,08:00:27:5a:87:bc,0.10106695228638912,False
1785314733.519992,08:00:27:8a:0d:75,0.10106695228638912,False
1785314733.519992,08:00:27:a5:9e:2d,0.10106695228638912,False
1785314743.519992,08:00:27:5a:87:bc,0.10106695228638912,False
1785314743.519992,08:00:27:8a:0d:75,0.10106695228638912,False
1785314743.519992,08:00:27:a5:9e:2d,0.10106695228638912,False
1785314753.519992,08:00:27:5a:87:bc,0.10106695228638912,False
1785314753.519992,08:00:27:8a:0d:75,0.10106695228638912,False
1785314753.519992,08:00:27:a5:9e:2d,0.10106695228638912,False
1785314763.519992,08:00:27:5a:87:bc,0.10106695228638912,False
1785314763.519992,08:00:27:8a:0d:75,0.10106695228638912,False
1785314763.519992,08:00:27:a5:9e:2d,0.10106695228638912,False
1785314773.519992,08:00:27:5a:87:bc,0.10106695228638912,False
1785314773.519992,08:00:27:8a:0d:75,0.10106695228638912,False
1785314773.519992,08:00:27:a5:9e:2d,0.10106695228638912,False
1785314783.519992,08:00:27:5a:87:bc,0.10106695228638912,False
1785314783.519992,08:00:27:8a:0d:75,0.10106695228638912,False
1785314783.519992,08:00:27:a5:9e:2d,0.10106695228638912,False
1785314793.519992,08:00:27:5a:87:bc,0.10106695228638912,False
1785314793.519992,08:00:27:8a:0d:75,0.10106695228638912,False
1785314793.519992,08:00:27:a5:9e:2d,0.10106695228638912,False
1785314803.519992,08:00:27:5a:87:bc,0.10106695228638912,False
1785314803.519992,08:00:27:8a:0d:75,0.10106695228638912,False
1785314803.519992,08:00:27:a5:9e:2d,0.10106695228638912,False
1785314813.519992,08:00:27:5a:87:bc,0.10106695228638912,False
1785314813.519992,08:00:27:8a:0d:75,0.10106695228638912,False
1785314813.519992,08:00:27:a5:9e:2d,0.10106695228638912,False
1785314823.519992,08:00:27:5a:87:bc,0.10106695228638912,False
1785314823.519992,08:00:27:8a:0d:75,0.10106695228638912,False
1785314823.519992,08:00:27:a5:9e:2d,0.10106695228638912,False
1785314833.519992,08:00:27:5a:87:bc,0.10106695228638912,False
1785314833.519992,08:00:27:8a:0d:75,0.10106695228638912,False
1785314833.519992,08:00:27:a5:9e:2d,0.10106695228638912,False
1785314843.519992,08:00:27:5a:87:bc,0.10106695228638912,False
1785314843.519992,08:00:27:8a:0d:75,0.10106695228638912,False
1785314843.519992,08:00:27:a5:9e:2d,0.10106695228638912,False
1785314853.519992,08:00:27:5a:87:bc,0.10106695228638912,False
1785314853.519992,08:00:27:8a:0d:75,0.10106695228638912,False
1785314853.519992,08:00:27:a5:9e:2d,0.10106695228638912,False
1785314863.519992,08:00:27:5a:87:bc,0.10106695228638912,False
1785314863.519992,08:00:27:8a:0d:75,0.10106695228638912,False
1785314863.519992,08:00:27:a5:9e:2d,0.10106695228638912,False
1785314873.519992,08:00:27:5a:87:bc,0.10106695228638912,False
1785314873.519992,08:00:27:8a:0d:75,0.10106695228638912,False
1785314873.519992,08:00:27:a5:9e:2d,0.10106695228638912,False
1785314883.519992,08:00:27:5a:87:bc,0.10106695228638912,False
1785314883.519992,08:00:27:8a:0d:75,0.10106695228638912,False
1785314883.519992,08:00:27:a5:9e:2d,0.10106695228638912,False
1785314893.519992,08:00:27:5a:87:bc,0.10106695228638912,False
1785314893.519992,08:00:27:8a:0d:75,0.10106695228638912,False
1785314893.519992,08:00:27:a5:9e:2d,0.10106695228638912,False
1785314903.519992,08:00:27:5a:87:bc,0.10106695228638912,False
1785314903.519992,08:00:27:8a:0d:75,0.10106695228638912,False
1785314903.519992,08:00:27:a5:9e:2d,0.10106695228638912,False
1785314913.519992,08:00:27:5a:87:bc,0.10106695228638912,False
1785314913.519992,08:00:27:8a:0d:75,0.10106695228638912,False
1785314913.519992,08:00:27:a5:9e:2d,0.10106695228638912,False
1785314923.519992,08:00:27:5a:87:bc,0.10106695228638912,False
1785314923.519992,08:00:27:8a:0d:75,0.10106695228638912,False
1785314923.519992,08:00:27:a5:9e:2d,0.10106695228638912,False
1785314933.519992,08:00:27:5a:87:bc,0.10106695228638912,False
1785314933.519992,08:00:27:8a:0d:75,0.10106695228638912,False
1785314933.519992,08:00:27:a5:9e:2d,0.10106695228638912,False
1785314943.519992,08:00:27:5a:87:bc,0.10106695228638912,False
1785314943.519992,08:00:27:8a:0d:75,0.10106695228638912,False
1785314943.519992,08:00:27:a5:9e:2d,0.10106695228638912,False
1785314953.519992,08:00:27:5a:87:bc,0.10106695228638912,False
1785314953.519992,08:00:27:8a:0d:75,0.10106695228638912,False
1785314953.519992,08:00:27:a5:9e:2d,0.10106695228638912,False
1785314963.519992,08:00:27:5a:87:bc,0.10106695228638912,False
1785314963.519992,08:00:27:8a:0d:75,0.10106695228638912,False
1785314963.519992,08:00:27:a5:9e:2d,0.10106695228638912,False
1785314973.519992,08:00:27:5a:87:bc,0.10106695228638912,False
1785314973.519992,08:00:27:8a:0d:75,0.10106695228638912,False
1785314973.519992,08:00:27:a5:9e:2d,0.10106695228638912,False
1785314983.519992,08:00:27:5a:87:bc,0.10106695228638912,False
1785314983.519992,08:00:27:8a:0d:75,0.10106695228638912,False
1785314983.519992,08:00:27:a5:9e:2d,0.10106695228638912,False
1785314993.519992,08:00:27:5a:87:bc,0.10106695228638912,False
1785314993.519992,08:00:27:8a:0d:75,0.10106695228638912,False
1785314993.519992,08:00:27:a5:9e:2d,0.10106695228638912,False
1785315003.519992,08:00:27:5a:87:bc,0.10106695228638912,False
1785315003.519992,08:00:27:8a:0d:75,0.10106695228638912,False
1785315003.519992,08:00:27:a5:9e:2d,0.10106695228638912,False
1785315013.519992,08:00:27:5a:87:bc,0.10106695228638912,False
1785315013.519992,08:00:27:8a:0d:75,0.10106695228638912,False
1785315013.519992,08:00:27:a5:9e:2d,0.10106695228638912,False
1785315023.519992,08:00:27:5a:87:bc,0.10106695228638912,False
1785315023.519992,08:00:27:8a:0d:75,0.10106695228638912,False
1785315023.519992,08:00:27:a5:9e:2d,0.10106695228638912,False
1785315033.519992,08:00:27:5a:87:bc,0.10106695228638912,False
1785315033.519992,08:00:27:8a:0d:75,0.10106695228638912,False
1785315033.519992,08:00:27:a5:9e:2d,0.10106695228638912,False
1785315043.519992,08:00:27:5a:87:bc,0.10106695228638912,False
1785315043.519992,08:00:27:8a:0d:75,0.10106695228638912,False
1785315043.519992,08:00:27:a5:9e:2d,0.10106695228638912,False
1785315053.519992,08:00:27:5a:87:bc,0.10106695228638912,False
1785315053.519992,08:00:27:8a:0d:75,0.10106695228638912,False
1785315053.519992,08:00:27:a5:9e:2d,0.10106695228638912,False
1785315063.519992,08:00:27:5a:87:bc,0.10106695228638912,False
1785315063.519992,08:00:27:8a:0d:75,0.10106695228638912,False
1785315063.519992,08:00:27:a5:9e:2d,0.10106695228638912,False
1785315073.519992,08:00:27:5a:87:bc,0.10106695228638912,False
1785315073.519992,08:00:27:8a:0d:75,0.10106695228638912,False
1785315073.519992,08:00:27:a5:9e:2d,0.10106695228638912,False
1785315083.519992,08:00:27:5a:87:bc,0.10106695228638912,False
1785315083.519992,08:00:27:8a:0d:75,0.10106695228638912,False
1785315083.519992,08:00:27:a5:9e:2d,0.10106695228638912,False
1785315093.519992,08:00:27:5a:87:bc,0.10106695228638912,False
1785315093.519992,08:00:27:8a:0d:75,0.10106695228638912,False
1785315093.519992,08:00:27:a5:9e:2d,0.10106695228638912,False
1785315103.519992,08:00:27:5a:87:bc,0.10106695228638912,False
1785315103.519992,08:00:27:8a:0d:75,0.10106695228638912,False
1785315103.519992,08:00:27:a5:9e:2d,0.10106695228638912,False
1785315113.519992,08:00:27:5a:87:bc,0.10106695228638912,False
1785315113.519992,08:00:27:8a:0d:75,0.10106695228638912,False
1785315113.519992,08:00:27:a5:9e:2d,0.10106695228638912,False
1785315123.519992,08:00:27:5a:87:bc,0.10106695228638912,False
1785315123.519992,08:00:27:8a:0d:75,0.10106695228638912,False
1785315123.519992,08:00:27:a5:9e:2d,0.10106695228638912,False
1785315133.519992,08:00:27:5a:87:bc,0.10106695228638912,False
1785315133.519992,08:00:27:8a:0d:75,0.10106695228638912,False
1785315133.519992,08:00:27:a5:9e:2d,0.10106695228638912,False
1785315143.519992,08:00:27:5a:87:bc,0.10106695228638912,False
1785315143.519992,08:00:27:8a:0d:75,0.10106695228638912,False
1785315143.519992,08:00:27:a5:9e:2d,0.10106695228638912,False
1785315153.519992,08:00:27:5a:87:bc,0.10106695228638912,False
1785315153.519992,08:00:27:8a:0d:75,0.10106695228638912,False
1785315153.519992,08:00:27:a5:9e:2d,0.10106695228638912,False
1785315163.519992,08:00:27:5a:87:bc,0.10106695228638912,False
1785315163.519992,08:00:27:8a:0d:75,0.10106695228638912,False
1785315163.519992,08:00:27:a5:9e:2d,0.10106695228638912,False
1785315173.519992,08:00:27:5a:87:bc,0.10106695228638912,False
1785315173.519992,08:00:27:8a:0d:75,0.10106695228638912,False
1785315173.519992,08:00:27:a5:9e:2d,0.10106695228638912,False
1785315183.519992,08:00:27:5a:87:bc,0.10106695228638912,False
1785315183.519992,08:00:27:8a:0d:75,0.10106695228638912,False
1785315183.519992,08:00:27:a5:9e:2d,0.10106695228638912,False
1785315193.519992,08:00:27:5a:87:bc,0.10106695228638912,False
1785315193.519992,08:00:27:8a:0d:75,0.10106695228638912,False
1785315193.519992,08:00:27:a5:9e:2d,0.10106695228638912,False
1785315203.519992,08:00:27:5a:87:bc,0.10106695228638912,False
1785315203.519992,08:00:27:8a:0d:75,0.10106695228638912,False
1785315203.519992,08:00:27:a5:9e:2d,0.10106695228638912,False
1785315213.519992,08:00:27:5a:87:bc,0.10106695228638912,False
1785315213.519992,08:00:27:8a:0d:75,0.10106695228638912,False
1785315213.519992,08:00:27:a5:9e:2d,0.10106695228638912,False
1785315223.519992,08:00:27:5a:87:bc,0.10106695228638912,False
1785315223.519992,08:00:27:8a:0d:75,0.10106695228638912,False
1785315223.519992,08:00:27:a5:9e:2d,0.10106695228638912,False
1785315233.519992,08:00:27:5a:87:bc,0.10106695228638912,False
1785315233.519992,08:00:27:8a:0d:75,0.10106695228638912,False
1785315233.519992,08:00:27:a5:9e:2d,0.10106695228638912,False
1785315243.519992,08:00:27:5a:87:bc,0.10106695228638912,False
1785315243.519992,08:00:27:8a:0d:75,0.10106695228638912,False
1785315243.519992,08:00:27:a5:9e:2d,0.10106695228638912,False
1785315253.519992,08:00:27:5a:87:bc,0.10106695228638912,False
1785315253.519992,08:00:27:8a:0d:75,0.10106695228638912,False
1785315253.519992,08:00:27:a5:9e:2d,0.10106695228638912,False
1785315263.519992,08:00:27:5a:87:bc,0.10106695228638912,False
1785315263.519992,08:00:27:8a:0d:75,0.10106695228638912,False
1785315263.519992,08:00:27:a5:9e:2d,0.10106695228638912,False
1785315273.519992,08:00:27:5a:87:bc,0.10106695228638912,False
1785315273.519992,08:00:27:8a:0d:75,0.10106695228638912,False
1785315273.519992,08:00:27:a5:9e:2d,0.10106695228638912,False
1785315283.519992,08:00:27:5a:87:bc,0.10106695228638912,False
1785315283.519992,08:00:27:8a:0d:75,0.10106695228638912,False
1785315283.519992,08:00:27:a5:9e:2d,0.10106695228638912,False
1785315293.519992,08:00:27:5a:87:bc,0.10106695228638912,False
1785315293.519992,08:00:27:8a:0d:75,0.10106695228638912,False
1785315293.519992,08:00:27:a5:9e:2d,0.10106695228638912,False
1785315303.519992,08:00:27:5a:87:bc,0.10106695228638912,False
1785315303.519992,08:00:27:8a:0d:75,0.10106695228638912,False
1785315303.519992,08:00:27:a5:9e:2d,0.10106695228638912,False
1785315313.519992,08:00:27:5a:87:bc,0.10106695228638912,False
1785315313.519992,08:00:27:8a:0d:75,0.10106695228638912,False
1785315313.519992,08:00:27:a5:9e:2d,0.10106695228638912,False
1785315323.519992,08:00:27:5a:87:bc,0.10106695228638912,False
1785315323.519992,08:00:27:8a:0d:75,0.10106695228638912,False
1785315323.519992,08:00:27:a5:9e:2d,0.10106695228638912,False
1785315333.519992,08:00:27:5a:87:bc,0.10106695228638912,False
1785315333.519992,08:00:27:8a:0d:75,0.10106695228638912,False
1785315333.519992,08:00:27:a5:9e:2d,0.10106695228638912,False
1785315343.519992,08:00:27:5a:87:bc,0.10106695228638912,False
1785315343.519992,08:00:27:8a:0d:75,0.10106695228638912,False
1785315343.519992,08:00:27:a5:9e:2d,0.10106695228638912,False
1785315353.519992,08:00:27:5a:87:bc,0.10106695228638912,False
1785315353.519992,08:00:27:8a:0d:75,0.10106695228638912,False
1785315353.519992,08:00:27:a5:9e:2d,0.10106695228638912,False
1785315363.519992,08:00:27:5a:87:bc,0.10106695228638912,False
1785315363.519992,08:00:27:8a:0d:75,0.10106695228638912,False
1785315363.519992,08:00:27:a5:9e:2d,0.10106695228638912,False
1785315373.519992,08:00:27:5a:87:bc,0.10106695228638912,False
1785315373.519992,08:00:27:8a:0d:75,0.10106695228638912,False
1785315373.519992,08:00:27:a5:9e:2d,0.10106695228638912,False
1785315383.519992,08:00:27:5a:87:bc,0.10106695228638912,False
1785315383.519992,08:00:27:8a:0d:75,0.10106695228638912,False
1785315383.519992,08:00:27:a5:9e:2d,0.10106695228638912,False
1785315393.519992,08:00:27:5a:87:bc,0.10106695228638912,False
1785315393.519992,08:00:27:8a:0d:75,0.10106695228638912,False
1785315393.519992,08:00:27:a5:9e:2d,0.10106695228638912,False
1785315403.519992,08:00:27:5a:87:bc,0.10106695228638912,False
1785315403.519992,08:00:27:8a:0d:75,0.10106695228638912,False
1785315403.519992,08:00:27:a5:9e:2d,0.10106695228638912,False
1785315413.519992,08:00:27:5a:87:bc,0.10106695228638912,False
1785315413.519992,08:00:27:8a:0d:75,0.10106695228638912,False
1785315413.519992,08:00:27:a5:9e:2d,0.10106695228638912,False
1785315423.519992,08:00:27:5a:87:bc,0.10106695228638912,False
1785315423.519992,08:00:27:8a:0d:75,0.10106695228638912,False
1785315423.519992,08:00:27:a5:9e:2d,0.10106695228638912,False
1785315433.519992,08:00:27:5a:87:bc,0.10106695228638912,False
1785315433.519992,08:00:27:8a:0d:75,0.10106695228638912,False
1785315433.519992,08:00:27:a5:9e:2d,0.10106695228638912,False
1785315443.519992,08:00:27:5a:87:bc,0.10106695228638912,False
1785315443.519992,08:00:27:8a:0d:75,0.10106695228638912,False
1785315443.519992,08:00:27:a5:9e:2d,0.10106695228638912,False
1785315453.519992,08:00:27:5a:87:bc,0.10106695228638912,False
1785315453.519992,08:00:27:8a:0d:75,0.10106695228638912,False
1785315453.519992,08:00:27:a5:9e:2d,0.10106695228638912,False
1785315463.519992,08:00:27:5a:87:bc,0.10106695228638912,False
1785315463.519992,08:00:27:8a:0d:75,0.10106695228638912,False
1785315463.519992,08:00:27:a5:9e:2d,0.10106695228638912,False
1785315473.519992,08:00:27:5a:87:bc,0.10106695228638912,False
1785315473.519992,08:00:27:8a:0d:75,0.10106695228638912,False
1785315473.519992,08:00:27:a5:9e:2d,0.10106695228638912,False
1785315483.519992,08:00:27:5a:87:bc,0.10106695228638912,False
1785315483.519992,08:00:27:8a:0d:75,0.10106695228638912,False
1785315483.519992,08:00:27:a5:9e:2d,0.10106695228638912,False
1785315493.519992,08:00:27:5a:87:bc,0.10106695228638912,False
1785315493.519992,08:00:27:8a:0d:75,0.10106695228638912,False
1785315493.519992,08:00:27:a5:9e:2d,0.10106695228638912,False
1785315503.519992,08:00:27:5a:87:bc,0.10106695228638912,False
1785315503.519992,08:00:27:8a:0d:75,0.10106695228638912,False
1785315503.519992,08:00:27:a5:9e:2d,0.10106695228638912,False
1785315513.519992,08:00:27:5a:87:bc,0.10106695228638912,False
1785315513.519992,08:00:27:8a:0d:75,0.10106695228638912,False
1785315513.519992,08:00:27:a5:9e:2d,0.10106695228638912,False
1785315523.519992,08:00:27:5a:87:bc,0.10106695228638912,False
1785315523.519992,08:00:27:8a:0d:75,0.10106695228638912,False
1785315523.519992,08:00:27:a5:9e:2d,0.10106695228638912,False
1785315533.519992,08:00:27:5a:87:bc,0.10106695228638912,False
1785315533.519992,08:00:27:8a:0d:75,0.10106695228638912,False
1785315533.519992,08:00:27:a5:9e:2d,0.10106695228638912,False
1785315543.519992,08:00:27:5a:87:bc,0.10106695228638912,False
1785315543.519992,08:00:27:8a:0d:75,0.10106695228638912,False
1785315543.519992,08:00:27:a5:9e:2d,0.10106695228638912,False
1785315553.519992,08:00:27:5a:87:bc,0.10106695228638912,False
1785315553.519992,08:00:27:8a:0d:75,0.10106695228638912,False
1785315553.519992,08:00:27:a5:9e:2d,0.10106695228638912,False
1785315563.519992,08:00:27:5a:87:bc,0.10106695228638912,False
1785315563.519992,08:00:27:8a:0d:75,0.10106695228638912,False
1785315563.519992,08:00:27:a5:9e:2d,0.10106695228638912,False
1785315573.519992,08:00:27:5a:87:bc,0.10106695228638912,False
1785315573.519992,08:00:27:8a:0d:75,0.10106695228638912,False
1785315573.519992,08:00:27:a5:9e:2d,0.10106695228638912,False
1785315583.519992,08:00:27:5a:87:bc,0.10106695228638912,False
1785315583.519992,08:00:27:8a:0d:75,0.10106695228638912,False
1785315583.519992,08:00:27:a5:9e:2d,0.10106695228638912,False
1785315593.519992,08:00:27:5a:87:bc,0.10106695228638912,False
1785315593.519992,08:00:27:8a:0d:75,0.10106695228638912,False
1785315593.519992,08:00:27:a5:9e:2d,0.10106695228638912,False
1785315603.519992,08:00:27:5a:87:bc,0.10106695228638912,False
1785315603.519992,08:00:27:8a:0d:75,0.10106695228638912,False
1785315603.519992,08:00:27:a5:9e:2d,0.10106695228638912,False
1785315613.519992,08:00:27:5a:87:bc,0.10106695228638912,False
1785315613.519992,08:00:27:8a:0d:75,0.10106695228638912,False
1785315613.519992,08:00:27:a5:9e:2d,0.10106695228638912,False
1785315623.519992,08:00:27:5a:87:bc,0.10106695228638912,False
1785315623.519992,08:00:27:8a:0d:75,0.10106695228638912,False
1785315623.519992,08:00:27:a5:9e:2d,0.10106695228638912,False
1785315633.519992,08:00:27:5a:87:bc,0.10106695228638912,False
1785315633.519992,08:00:27:8a:0d:75,0.10106695228638912,False
1785315633.519992,08:00:27:a5:9e:2d,0.10106695228638912,False
1785315643.519992,08:00:27:5a:87:bc,0.10106695228638912,False
1785315643.519992,08:00:27:8a:0d:75,0.10106695228638912,False
1785315643.519992,08:00:27:a5:9e:2d,0.10106695228638912,False
1785315653.519992,08:00:27:5a:87:bc,0.10106695228638912,False
1785315653.519992,08:00:27:8a:0d:75,0.10106695228638912,False
1785315653.519992,08:00:27:a5:9e:2d,0.10106695228638912,False
1785315663.519992,08:00:27:5a:87:bc,0.10106695228638912,False
1785315663.519992,08:00:27:8a:0d:75,0.10106695228638912,False
1785315663.519992,08:00:27:a5:9e:2d,0.10106695228638912,False
1785315673.519992,08:00:27:5a:87:bc,0.10106695228638912,False
1785315673.519992,08:00:27:8a:0d:75,0.10106695228638912,False
1785315673.519992,08:00:27:a5:9e:2d,0.10106695228638912,False
1785315683.519992,08:00:27:5a:87:bc,0.10106695228638912,False
1785315683.519992,08:00:27:8a:0d:75,0.10106695228638912,False
1785315683.519992,08:00:27:a5:9e:2d,0.10106695228638912,False
1785315693.519992,08:00:27:5a:87:bc,0.10106695228638912,False
1785315693.519992,08:00:27:8a:0d:75,0.10106695228638912,False
1785315693.519992,08:00:27:a5:9e:2d,0.10106695228638912,False
1785315703.519992,08:00:27:5a:87:bc,0.10106695228638912,False
1785315703.519992,08:00:27:8a:0d:75,0.10106695228638912,False
1785315703.519992,08:00:27:a5:9e:2d,0.10106695228638912,False
1785315713.519992,08:00:27:5a:87:bc,0.10106695228638912,False
1785315713.519992,08:00:27:8a:0d:75,0.10106695228638912,False
1785315713.519992,08:00:27:a5:9e:2d,0.10106695228638912,False
1785315723.519992,08:00:27:5a:87:bc,0.10106695228638912,False
1785315723.519992,08:00:27:8a:0d:75,0.10106695228638912,False
1785315723.519992,08:00:27:a5:9e:2d,0.10106695228638912,False
1785315733.519992,08:00:27:5a:87:bc,0.10106695228638912,False
1785315733.519992,08:00:27:8a:0d:75,0.10106695228638912,False
1785315733.519992,08:00:27:a5:9e:2d,0.10106695228638912,False
1785315743.519992,08:00:27:5a:87:bc,0.10106695228638912,False
1785315743.519992,08:00:27:8a:0d:75,0.10106695228638912,False
1785315743.519992,08:00:27:a5:9e:2d,0.10106695228638912,False
1785315753.519992,08:00:27:5a:87:bc,0.10106695228638912,False
1785315753.519992,08:00:27:8a:0d:75,0.10106695228638912,False
1785315753.519992,08:00:27:a5:9e:2d,0.10106695228638912,False
1785315763.519992,08:00:27:5a:87:bc,0.10106695228638912,False
1785315763.519992,08:00:27:8a:0d:75,0.10106695228638912,False
1785315763.519992,08:00:27:a5:9e:2d,0.10106695228638912,False
1785315773.519992,08:00:27:5a:87:bc,0.10106695228638912,False
1785315773.519992,08:00:27:8a:0d:75,0.10106695228638912,False
1785315773.519992,08:00:27:a5:9e:2d,0.10106695228638912,False
1785315783.519992,08:00:27:5a:87:bc,0.10106695228638912,False
1785315783.519992,08:00:27:8a:0d:75,0.10106695228638912,False
1785315783.519992,08:00:27:a5:9e:2d,0.10106695228638912,False
1785315793.519992,08:00:27:5a:87:bc,0.10106695228638912,False
1785315793.519992,08:00:27:8a:0d:75,0.10106695228638912,False
1785315793.519992,08:00:27:a5:9e:2d,0.10106695228638912,False
1785315803.519992,08:00:27:5a:87:bc,0.10106695228638912,False
1785315803.519992,08:00:27:8a:0d:75,0.10106695228638912,False
1785315803.519992,08:00:27:a5:9e:2d,0.10106695228638912,False
1785315813.519992,08:00:27:5a:87:bc,0.10106695228638912,False
1785315813.519992,08:00:27:8a:0d:75,0.10106695228638912,False
1785315813.519992,08:00:27:a5:9e:2d,0.10106695228638912,False
1785315823.519992,08:00:27:5a:87:bc,0.10106695228638912,False
1785315823.519992,08:00:27:8a:0d:75,0.10106695228638912,False
1785315823.519992,08:00:27:a5:9e:2d,0.10106695228638912,False
1785315833.519992,08:00:27:5a:87:bc,0.10106695228638912,False
1785315833.519992,08:00:27:8a:0d:75,0.10106695228638912,False
1785315833.519992,08:00:27:a5:9e:2d,0.10106695228638912,False
1785315843.519992,08:00:27:5a:87:bc,0.10106695228638912,False
1785315843.519992,08:00:27:8a:0d:75,0.10106695228638912,False
1785315843.519992,08:00:27:a5:9e:2d,0.10106695228638912,False
1785315853.519992,08:00:27:5a:87:bc,0.10106695228638912,False
1785315853.519992,08:00:27:8a:0d:75,0.10106695228638912,False
1785315853.519992,08:00:27:a5:9e:2d,0.10106695228638912,False
1785315863.519992,08:00:27:5a:87:bc,0.10106695228638912,False
1785315863.519992,08:00:27:8a:0d:75,0.10106695228638912,False
1785315863.519992,08:00:27:a5:9e:2d,0.10106695228638912,False
1785315873.519992,08:00:27:5a:87:bc,0.10106695228638912,False
1785315873.519992,08:00:27:8a:0d:75,0.10106695228638912,False
1785315873.519992,08:00:27:a5:9e:2d,0.10106695228638912,False
1785315883.519992,08:00:27:5a:87:bc,0.10106695228638912,False
1785315883.519992,08:00:27:8a:0d:75,0.10106695228638912,False
1785315883.519992,08:00:27:a5:9e:2d,0.10106695228638912,False
1785315893.519992,08:00:27:5a:87:bc,0.10106695228638912,False
1785315893.519992,08:00:27:8a:0d:75,0.10106695228638912,False
1785315893.519992,08:00:27:a5:9e:2d,0.10106695228638912,False
1785315903.519992,08:00:27:5a:87:bc,0.10106695228638912,False
1785315903.519992,08:00:27:8a:0d:75,0.10106695228638912,False
1785315903.519992,08:00:27:a5:9e:2d,0.10106695228638912,False
1785315913.519992,08:00:27:5a:87:bc,0.10106695228638912,False
1785315913.519992,08:00:27:8a:0d:75,0.10106695228638912,False
1785315913.519992,08:00:27:a5:9e:2d,0.10106695228638912,False
1785315923.519992,08:00:27:5a:87:bc,0.10106695228638912,False
1785315923.519992,08:00:27:8a:0d:75,0.10106695228638912,False
1785315923.519992,08:00:27:a5:9e:2d,0.10106695228638912,False
1785315933.519992,08:00:27:5a:87:bc,0.10106695228638912,False
1785315933.519992,08:00:27:8a:0d:75,0.10106695228638912,False
1785315933.519992,08:00:27:a5:9e:2d,0.10106695228638912,False
1785315943.519992,08:00:27:5a:87:bc,0.10106695228638912,False
1785315943.519992,08:00:27:8a:0d:75,0.10106695228638912,False
1785315943.519992,08:00:27:a5:9e:2d,0.10106695228638912,False
1785315953.519992,08:00:27:5a:87:bc,0.10106695228638912,False
1785315953.519992,08:00:27:8a:0d:75,0.10106695228638912,False
1785315953.519992,08:00:27:a5:9e:2d,0.10106695228638912,False
1785315963.519992,08:00:27:5a:87:bc,0.10106695228638912,False
1785315963.519992,08:00:27:8a:0d:75,0.10106695228638912,False
1785315963.519992,08:00:27:a5:9e:2d,0.10106695228638912,False
1785315973.519992,08:00:27:5a:87:bc,0.10106695228638912,False
1785315973.519992,08:00:27:8a:0d:75,0.10106695228638912,False
1785315973.519992,08:00:27:a5:9e:2d,0.10106695228638912,False
1785315983.519992,08:00:27:5a:87:bc,0.10106695228638912,False
1785315983.519992,08:00:27:8a:0d:75,0.10106695228638912,False
1785315983.519992,08:00:27:a5:9e:2d,0.10106695228638912,False
1785315993.519992,08:00:27:5a:87:bc,0.10106695228638912,False
1785315993.519992,08:00:27:8a:0d:75,0.10106695228638912,False
1785315993.519992,08:00:27:a5:9e:2d,0.10106695228638912,False
1785316003.519992,08:00:27:5a:87:bc,0.10106695228638912,False
1785316003.519992,08:00:27:8a:0d:75,0.10106695228638912,False
1785316003.519992,08:00:27:a5:9e:2d,0.10106695228638912,False
1785316013.519992,08:00:27:5a:87:bc,0.10106695228638912,False
1785316013.519992,08:00:27:8a:0d:75,0.10106695228638912,False
1785316013.519992,08:00:27:a5:9e:2d,0.10106695228638912,False
1785316023.519992,08:00:27:5a:87:bc,0.10106695228638912,False
1785316023.519992,08:00:27:8a:0d:75,0.10106695228638912,False
1785316023.519992,08:00:27:a5:9e:2d,0.10106695228638912,False
1785316033.519992,08:00:27:5a:87:bc,0.10106695228638912,False
1785316033.519992,08:00:27:8a:0d:75,0.10106695228638912,False
1785316033.519992,08:00:27:a5:9e:2d,0.10106695228638912,False
1785316043.519992,08:00:27:5a:87:bc,0.10106695228638912,False
1785316043.519992,08:00:27:8a:0d:75,0.10106695228638912,False
1785316043.519992,08:00:27:a5:9e:2d,0.10106695228638912,False
1785316053.519992,08:00:27:5a:87:bc,0.10106695228638912,False
1785316053.519992,08:00:27:8a:0d:75,0.10106695228638912,False
1785316053.519992,08:00:27:a5:9e:2d,0.10106695228638912,False
1785316063.519992,08:00:27:5a:87:bc,0.10106695228638912,False
1785316063.519992,08:00:27:8a:0d:75,0.10106695228638912,False
1785316063.519992,08:00:27:a5:9e:2d,0.10106695228638912,False
1785316073.519992,08:00:27:5a:87:bc,0.10106695228638912,False
1785316073.519992,08:00:27:8a:0d:75,0.10106695228638912,False
1785316073.519992,08:00:27:a5:9e:2d,0.10106695228638912,False
1785316083.519992,08:00:27:5a:87:bc,0.10106695228638912,False
1785316083.519992,08:00:27:8a:0d:75,0.10106695228638912,False
1785316083.519992,08:00:27:a5:9e:2d,0.10106695228638912,False
1785316093.519992,08:00:27:5a:87:bc,0.10106695228638912,False
1785316093.519992,08:00:27:8a:0d:75,0.10106695228638912,False
1785316093.519992,08:00:27:a5:9e:2d,0.10106695228638912,False
1785316103.519992,08:00:27:5a:87:bc,0.10106695228638912,False
1785316103.519992,08:00:27:8a:0d:75,0.10106695228638912,False
1785316103.519992,08:00:27:a5:9e:2d,0.10106695228638912,False
1785316113.519992,08:00:27:5a:87:bc,0.10106695228638912,False
1785316113.519992,08:00:27:8a:0d:75,0.10106695228638912,False
1785316113.519992,08:00:27:a5:9e:2d,0.10106695228638912,False
1785316123.519992,08:00:27:5a:87:bc,0.10106695228638912,False
1785316123.519992,08:00:27:8a:0d:75,0.10106695228638912,False
1785316123.519992,08:00:27:a5:9e:2d,0.10106695228638912,False
1785316133.519992,08:00:27:5a:87:bc,0.10106695228638912,False
1785316133.519992,08:00:27:8a:0d:75,0.10106695228638912,False
1785316133.519992,08:00:27:a5:9e:2d,0.10106695228638912,False
1785316143.519992,08:00:27:5a:87:bc,0.10106695228638912,False
1785316143.519992,08:00:27:8a:0d:75,0.10106695228638912,False
1785316143.519992,08:00:27:a5:9e:2d,0.10106695228638912,False
1785316153.519992,08:00:27:5a:87:bc,0.10106695228638912,False
1785316153.519992,08:00:27:8a:0d:75,0.10106695228638912,False
1785316153.519992,08:00:27:a5:9e:2d,0.10106695228638912,False
1785316163.519992,08:00:27:5a:87:bc,0.10106695228638912,False
1785316163.519992,08:00:27:8a:0d:75,0.10106695228638912,False
1785316163.519992,08:00:27:a5:9e:2d,0.10106695228638912,False
1785316173.519992,08:00:27:5a:87:bc,0.10106695228638912,False
1785316173.519992,08:00:27:8a:0d:75,0.10106695228638912,False
1785316173.519992,08:00:27:a5:9e:2d,0.10106695228638912,False
1785316183.519992,08:00:27:5a:87:bc,0.10106695228638912,False
1785316183.519992,08:00:27:8a:0d:75,0.10106695228638912,False
1785316183.519992,08:00:27:a5:9e:2d,0.10106695228638912,False
1785316193.519992,08:00:27:5a:87:bc,0.10106695228638912,False
1785316193.519992,08:00:27:8a:0d:75,0.10106695228638912,False
1785316193.519992,08:00:27:a5:9e:2d,0.10106695228638912,False
1785316203.519992,08:00:27:5a:87:bc,0.10106695228638912,False
1785316203.519992,08:00:27:8a:0d:75,0.10106695228638912,False
1785316203.519992,08:00:27:a5:9e:2d,0.10106695228638912,False
1785316213.519992,08:00:27:5a:87:bc,0.10106695228638912,False
1785316213.519992,08:00:27:8a:0d:75,0.10106695228638912,False
1785316213.519992,08:00:27:a5:9e:2d,0.10106695228638912,False
1785316223.519992,08:00:27:5a:87:bc,0.10106695228638912,False
1785316223.519992,08:00:27:8a:0d:75,0.10106695228638912,False
1785316223.519992,08:00:27:a5:9e:2d,0.10106695228638912,False
1785316233.519992,08:00:27:5a:87:bc,0.10106695228638912,False
1785316233.519992,08:00:27:8a:0d:75,0.10106695228638912,False
1785316233.519992,08:00:27:a5:9e:2d,0.10106695228638912,False
1785316243.519992,08:00:27:5a:87:bc,0.10106695228638912,False
1785316243.519992,08:00:27:8a:0d:75,0.10106695228638912,False
1785316243.519992,08:00:27:a5:9e:2d,0.10106695228638912,False
1785316253.519992,08:00:27:5a:87:bc,0.10106695228638912,False
1785316253.519992,08:00:27:8a:0d:75,0.10106695228638912,False
1785316253.519992,08:00:27:a5:9e:2d,0.10106695228638912,False
1785316263.519992,08:00:27:5a:87:bc,0.10106695228638912,False
1785316263.519992,08:00:27:8a:0d:75,0.10106695228638912,False
1785316263.519992,08:00:27:a5:9e:2d,0.10106695228638912,False
1785316273.519992,08:00:27:5a:87:bc,0.10106695228638912,False
1785316273.519992,08:00:27:8a:0d:75,0.10106695228638912,False
1785316273.519992,08:00:27:a5:9e:2d,0.10106695228638912,False
1785316283.519992,08:00:27:5a:87:bc,0.10106695228638912,False
1785316283.519992,08:00:27:8a:0d:75,0.10106695228638912,False
1785316283.519992,08:00:27:a5:9e:2d,0.10106695228638912,False
1785316293.519992,08:00:27:5a:87:bc,0.10106695228638912,False
1785316293.519992,08:00:27:8a:0d:75,0.10106695228638912,False
1785316293.519992,08:00:27:a5:9e:2d,0.10106695228638912,False
1785316303.519992,08:00:27:5a:87:bc,0.10106695228638912,False
1785316303.519992,08:00:27:8a:0d:75,0.10106695228638912,False
1785316303.519992,08:00:27:a5:9e:2d,0.10106695228638912,False
1785316313.519992,08:00:27:5a:87:bc,0.10106695228638912,False
1785316313.519992,08:00:27:8a:0d:75,0.10106695228638912,False
1785316313.519992,08:00:27:a5:9e:2d,0.10106695228638912,False
1785316323.519992,08:00:27:5a:87:bc,0.10106695228638912,False
1785316323.519992,08:00:27:8a:0d:75,0.10106695228638912,False
1785316323.519992,08:00:27:a5:9e:2d,0.10106695228638912,False
1785316333.519992,08:00:27:5a:87:bc,0.10106695228638912,False
1785316333.519992,08:00:27:8a:0d:75,0.10106695228638912,False
1785316333.519992,08:00:27:a5:9e:2d,0.10106695228638912,False
1785316343.519992,08:00:27:5a:87:bc,0.10106695228638912,False
1785316343.519992,08:00:27:8a:0d:75,0.10106695228638912,False
1785316343.519992,08:00:27:a5:9e:2d,0.10106695228638912,False
1785316353.519992,08:00:27:5a:87:bc,0.10106695228638912,False
1785316353.519992,08:00:27:8a:0d:75,0.10106695228638912,False
1785316353.519992,08:00:27:a5:9e:2d,0.10106695228638912,False
1785316363.519992,08:00:27:5a:87:bc,0.10106695228638912,False
1785316363.519992,08:00:27:8a:0d:75,0.10106695228638912,False
1785316363.519992,08:00:27:a5:9e:2d,0.10106695228638912,False
1785316373.519992,08:00:27:5a:87:bc,0.10106695228638912,False
1785316373.519992,08:00:27:8a:0d:75,0.10106695228638912,False
1785316373.519992,08:00:27:a5:9e:2d,0.10106695228638912,False
1785316383.519992,08:00:27:5a:87:bc,0.10106695228638912,False
1785316383.519992,08:00:27:8a:0d:75,0.10106695228638912,False
1785316383.519992,08:00:27:a5:9e:2d,0.10106695228638912,False
1785316393.519992,08:00:27:5a:87:bc,0.10106695228638912,False
1785316393.519992,08:00:27:8a:0d:75,0.10106695228638912,False
1785316393.519992,08:00:27:a5:9e:2d,0.10106695228638912,False
1785316403.519992,08:00:27:5a:87:bc,0.10106695228638912,False
1785316403.519992,08:00:27:8a:0d:75,0.10106695228638912,False
1785316403.519992,08:00:27:a5:9e:2d,0.10106695228638912,False
1785316413.519992,08:00:27:5a:87:bc,0.10106695228638912,False
1785316413.519992,08:00:27:8a:0d:75,0.10106695228638912,False
1785316413.519992,08:00:27:a5:9e:2d,0.10106695228638912,False
1785316423.519992,08:00:27:5a:87:bc,0.10106695228638912,False
1785316423.519992,08:00:27:8a:0d:75,0.10106695228638912,False
1785316423.519992,08:00:27:a5:9e:2d,0.10106695228638912,False
1785316433.519992,08:00:27:5a:87:bc,0.10106695228638912,False
1785316433.519992,08:00:27:8a:0d:75,0.10106695228638912,False
1785316433.519992,08:00:27:a5:9e:2d,0.10106695228638912,False
1785316443.519992,08:00:27:5a:87:bc,0.10106695228638912,False
1785316443.519992,08:00:27:8a:0d:75,0.10106695228638912,False
1785316443.519992,08:00:27:a5:9e:2d,0.10106695228638912,False
1785316453.519992,08:00:27:5a:87:bc,0.10106695228638912,False
1785316453.519992,08:00:27:8a:0d:75,0.10106695228638912,False
1785316453.519992,08:00:27:a5:9e:2d,0.10106695228638912,False
1785316463.519992,08:00:27:5a:87:bc,0.10106695228638912,False
1785316463.519992,08:00:27:8a:0d:75,0.10106695228638912,False
1785316463.519992,08:00:27:a5:9e:2d,0.10106695228638912,False
1785316473.519992,08:00:27:5a:87:bc,0.10106695228638912,False
1785316473.519992,08:00:27:8a:0d:75,0.10106695228638912,False
1785316473.519992,08:00:27:a5:9e:2d,0.10106695228638912,False
1785316483.519992,08:00:27:5a:87:bc,0.10106695228638912,False
1785316483.519992,08:00:27:8a:0d:75,0.10106695228638912,False
1785316483.519992,08:00:27:a5:9e:2d,0.10106695228638912,False
1785316493.519992,08:00:27:5a:87:bc,0.10106695228638912,False
1785316493.519992,08:00:27:8a:0d:75,0.10106695228638912,False
1785316493.519992,08:00:27:a5:9e:2d,0.10106695228638912,False
1785316503.519992,08:00:27:5a:87:bc,0.10106695228638912,False
1785316503.519992,08:00:27:8a:0d:75,0.10106695228638912,False
1785316503.519992,08:00:27:a5:9e:2d,0.10106695228638912,False
1785316513.519992,08:00:27:5a:87:bc,0.10106695228638912,False
1785316513.519992,08:00:27:8a:0d:75,0.10106695228638912,False
1785316513.519992,08:00:27:a5:9e:2d,0.10106695228638912,False
1785316523.519992,08:00:27:5a:87:bc,0.10106695228638912,False
1785316523.519992,08:00:27:8a:0d:75,0.10106695228638912,False
1785316523.519992,08:00:27:a5:9e:2d,0.10106695228638912,False
1785316533.519992,08:00:27:5a:87:bc,0.10106695228638912,False
1785316533.519992,08:00:27:8a:0d:75,0.10106695228638912,False
1785316533.519992,08:00:27:a5:9e:2d,0.10106695228638912,False
1785316543.519992,08:00:27:5a:87:bc,0.10106695228638912,False
1785316543.519992,08:00:27:8a:0d:75,0.10106695228638912,False
1785316543.519992,08:00:27:a5:9e:2d,0.10106695228638912,False
1785316553.519992,08:00:27:5a:87:bc,0.10106695228638912,False
1785316553.519992,08:00:27:8a:0d:75,0.10106695228638912,False
1785316553.519992,08:00:27:a5:9e:2d,0.10106695228638912,False
1785316563.519992,08:00:27:5a:87:bc,0.10106695228638912,False
1785316563.519992,08:00:27:8a:0d:75,0.10106695228638912,False
1785316563.519992,08:00:27:a5:9e:2d,0.10106695228638912,False
1785316573.519992,08:00:27:5a:87:bc,0.10106695228638912,False
1785316573.519992,08:00:27:8a:0d:75,0.10106695228638912,False
1785316573.519992,08:00:27:a5:9e:2d,0.10106695228638912,False
1785316583.519992,08:00:27:5a:87:bc,0.10106695228638912,False
1785316583.519992,08:00:27:8a:0d:75,0.10106695228638912,False
1785316583.519992,08:00:27:a5:9e:2d,0.10106695228638912,False
1785316593.519992,08:00:27:5a:87:bc,0.10106695228638912,False
1785316593.519992,08:00:27:8a:0d:75,0.10106695228638912,False
1785316593.519992,08:00:27:a5:9e:2d,0.10106695228638912,False
1785316603.519992,08:00:27:5a:87:bc,0.10106695228638912,False
1785316603.519992,08:00:27:8a:0d:75,0.10106695228638912,False
1785316603.519992,08:00:27:a5:9e:2d,0.10106695228638912,False
1785316613.519992,08:00:27:5a:87:bc,0.10106695228638912,False
1785316613.519992,08:00:27:8a:0d:75,0.10106695228638912,False
1785316613.519992,08:00:27:a5:9e:2d,0.10106695228638912,False
1785316623.519992,08:00:27:5a:87:bc,0.10106695228638912,False
1785316623.519992,08:00:27:8a:0d:75,0.10106695228638912,False
1785316623.519992,08:00:27:a5:9e:2d,0.10106695228638912,False
1785316633.519992,08:00:27:5a:87:bc,0.10106695228638912,False
1785316633.519992,08:00:27:8a:0d:75,0.10106695228638912,False
1785316633.519992,08:00:27:a5:9e:2d,0.10106695228638912,False
1785316643.519992,08:00:27:5a:87:bc,0.10106695228638912,False
1785316643.519992,08:00:27:8a:0d:75,0.10106695228638912,False
1785316643.519992,08:00:27:a5:9e:2d,0.10106695228638912,False
1785316653.519992,08:00:27:5a:87:bc,0.10106695228638912,False
1785316653.519992,08:00:27:8a:0d:75,0.10106695228638912,False
1785316653.519992,08:00:27:a5:9e:2d,0.10106695228638912,False
1785316663.519992,08:00:27:5a:87:bc,0.10106695228638912,False
1785316663.519992,08:00:27:8a:0d:75,0.10106695228638912,False
1785316663.519992,08:00:27:a5:9e:2d,0.10106695228638912,False
1785316673.519992,08:00:27:5a:87:bc,0.10106695228638912,False
1785316673.519992,08:00:27:8a:0d:75,0.10106695228638912,False
1785316673.519992,08:00:27:a5:9e:2d,0.10106695228638912,False
1785316683.519992,08:00:27:5a:87:bc,0.10106695228638912,False
1785316683.519992,08:00:27:8a:0d:75,0.10106695228638912,False
1785316683.519992,08:00:27:a5:9e:2d,0.10106695228638912,False
1785316693.519992,08:00:27:5a:87:bc,0.10106695228638912,False
1785316693.519992,08:00:27:8a:0d:75,0.10106695228638912,False
1785316693.519992,08:00:27:a5:9e:2d,0.10106695228638912,False
1785316703.519992,08:00:27:5a:87:bc,0.10106695228638912,False
1785316703.519992,08:00:27:8a:0d:75,0.10106695228638912,False
1785316703.519992,08:00:27:a5:9e:2d,0.10106695228638912,False
1785316713.519992,08:00:27:5a:87:bc,0.10106695228638912,False
1785316713.519992,08:00:27:8a:0d:75,0.10106695228638912,False
1785316713.519992,08:00:27:a5:9e:2d,0.10106695228638912,False
1785316723.519992,08:00:27:5a:87:bc,0.10106695228638912,False
1785316723.519992,08:00:27:8a:0d:75,0.10106695228638912,False
1785316723.519992,08:00:27:a5:9e:2d,0.10106695228638912,False
1785316733.519992,08:00:27:5a:87:bc,0.10106695228638912,False
1785316733.519992,08:00:27:8a:0d:75,0.10106695228638912,False
1785316733.519992,08:00:27:a5:9e:2d,0.10106695228638912,False
1785316743.519992,08:00:27:5a:87:bc,0.10106695228638912,False
1785316743.519992,08:00:27:8a:0d:75,0.10106695228638912,False
1785316743.519992,08:00:27:a5:9e:2d,0.10106695228638912,False
1785316753.519992,08:00:27:5a:87:bc,0.10106695228638912,False
1785316753.519992,08:00:27:8a:0d:75,0.10106695228638912,False
1785316753.519992,08:00:27:a5:9e:2d,0.10106695228638912,False
1785316763.519992,08:00:27:5a:87:bc,0.10106695228638912,False
1785316763.519992,08:00:27:8a:0d:75,0.10106695228638912,False
1785316763.519992,08:00:27:a5:9e:2d,0.10106695228638912,False
1785316773.519992,08:00:27:5a:87:bc,0.10106695228638912,False
1785316773.519992,08:00:27:8a:0d:75,0.10106695228638912,False
1785316773.519992,08:00:27:a5:9e:2d,0.10106695228638912,False
1785316783.519992,08:00:27:5a:87:bc,0.10106695228638912,False
1785316783.519992,08:00:27:8a:0d:75,0.10106695228638912,False
1785316783.519992,08:00:27:a5:9e:2d,0.10106695228638912,False
1785316793.519992,08:00:27:5a:87:bc,0.10106695228638912,False
1785316793.519992,08:00:27:8a:0d:75,0.10106695228638912,False
1785316793.519992,08:00:27:a5:9e:2d,0.10106695228638912,False
1785316803.519992,08:00:27:5a:87:bc,0.10106695228638912,False
1785316803.519992,08:00:27:8a:0d:75,0.10106695228638912,False
1785316803.519992,08:00:27:a5:9e:2d,0.10106695228638912,False
1785316813.519992,08:00:27:5a:87:bc,0.10106695228638912,False
1785316813.519992,08:00:27:8a:0d:75,0.10106695228638912,False
1785316813.519992,08:00:27:a5:9e:2d,0.10106695228638912,False
1785316823.519992,08:00:27:5a:87:bc,0.10106695228638912,False
1785316823.519992,08:00:27:8a:0d:75,0.10106695228638912,False
1785316823.519992,08:00:27:a5:9e:2d,0.10106695228638912,False
1785316833.519992,08:00:27:5a:87:bc,0.10106695228638912,False
1785316833.519992,08:00:27:8a:0d:75,0.10106695228638912,False
1785316833.519992,08:00:27:a5:9e:2d,0.10106695228638912,False
1785316843.519992,08:00:27:5a:87:bc,0.10106695228638912,False
1785316843.519992,08:00:27:8a:0d:75,0.10106695228638912,False
1785316843.519992,08:00:27:a5:9e:2d,0.10106695228638912,False
1785316853.519992,08:00:27:5a:87:bc,0.10106695228638912,False
1785316853.519992,08:00:27:8a:0d:75,0.10106695228638912,False
1785316853.519992,08:00:27:a5:9e:2d,0.10106695228638912,False
1785316863.519992,08:00:27:5a:87:bc,0.10106695228638912,False
1785316863.519992,08:00:27:8a:0d:75,0.10106695228638912,False
1785316863.519992,08:00:27:a5:9e:2d,0.10106695228638912,False
1785316873.519992,08:00:27:5a:87:bc,0.10106695228638912,False
1785316873.519992,08:00:27:8a:0d:75,0.10106695228638912,False
1785316873.519992,08:00:27:a5:9e:2d,0.10106695228638912,False
1785316883.519992,08:00:27:5a:87:bc,0.10106695228638912,False
1785316883.519992,08:00:27:8a:0d:75,0.10106695228638912,False
1785316883.519992,08:00:27:a5:9e:2d,0.10106695228638912,False
1785316893.519992,08:00:27:5a:87:bc,0.10106695228638912,False
1785316893.519992,08:00:27:8a:0d:75,0.10106695228638912,False
1785316893.519992,08:00:27:a5:9e:2d,0.10106695228638912,False
1785316903.519992,08:00:27:5a:87:bc,0.10106695228638912,False
1785316903.519992,08:00:27:8a:0d:75,0.10106695228638912,False
1785316903.519992,08:00:27:a5:9e:2d,0.10106695228638912,False
1785316913.519992,08:00:27:5a:87:bc,0.10106695228638912,False
1785316913.519992,08:00:27:8a:0d:75,0.10106695228638912,False
1785316913.519992,08:00:27:a5:9e:2d,0.10106695228638912,False
1785316923.519992,08:00:27:5a:87:bc,0.10106695228638912,False
1785316923.519992,08:00:27:8a:0d:75,0.10106695228638912,False
1785316923.519992,08:00:27:a5:9e:2d,0.10106695228638912,False
1785316933.519992,08:00:27:5a:87:bc,0.10106695228638912,False
1785316933.519992,08:00:27:8a:0d:75,0.10106695228638912,False
1785316933.519992,08:00:27:a5:9e:2d,0.10106695228638912,False
1785316943.519992,08:00:27:5a:87:bc,0.10106695228638912,False
1785316943.519992,08:00:27:8a:0d:75,0.10106695228638912,False
1785316943.519992,08:00:27:a5:9e:2d,0.10106695228638912,False
1785316953.519992,08:00:27:5a:87:bc,0.10106695228638912,False
1785316953.519992,08:00:27:8a:0d:75,0.10106695228638912,False
1785316953.519992,08:00:27:a5:9e:2d,0.10106695228638912,False
1785316963.519992,08:00:27:5a:87:bc,0.10106695228638912,False
1785316963.519992,08:00:27:8a:0d:75,0.10106695228638912,False
1785316963.519992,08:00:27:a5:9e:2d,0.10106695228638912,False
1785316973.519992,08:00:27:5a:87:bc,0.10106695228638912,False
1785316973.519992,08:00:27:8a:0d:75,0.10106695228638912,False
1785316973.519992,08:00:27:a5:9e:2d,0.10106695228638912,False
1785316983.519992,08:00:27:5a:87:bc,0.10106695228638912,False
1785316983.519992,08:00:27:8a:0d:75,0.10106695228638912,False
1785316983.519992,08:00:27:a5:9e:2d,0.10106695228638912,False
1785316993.519992,08:00:27:5a:87:bc,0.10106695228638912,False
1785316993.519992,08:00:27:8a:0d:75,0.10106695228638912,False
1785316993.519992,08:00:27:a5:9e:2d,0.10106695228638912,False
1785317003.519992,08:00:27:5a:87:bc,0.10106695228638912,False
1785317003.519992,08:00:27:8a:0d:75,0.10106695228638912,False
1785317003.519992,08:00:27:a5:9e:2d,0.10106695228638912,False
1785317013.519992,08:00:27:5a:87:bc,0.10106695228638912,False
1785317013.519992,08:00:27:8a:0d:75,0.10106695228638912,False
1785317013.519992,08:00:27:a5:9e:2d,0.10106695228638912,False
1785317023.519992,08:00:27:5a:87:bc,0.10106695228638912,False
1785317023.519992,08:00:27:8a:0d:75,0.10106695228638912,False
1785317023.519992,08:00:27:a5:9e:2d,0.10106695228638912,False
1785317033.519992,08:00:27:5a:87:bc,0.10106695228638912,False
1785317033.519992,08:00:27:8a:0d:75,0.10106695228638912,False
1785317033.519992,08:00:27:a5:9e:2d,0.10106695228638912,False
1785317043.519992,08:00:27:5a:87:bc,0.10106695228638912,False
1785317043.519992,08:00:27:8a:0d:75,0.10106695228638912,False
1785317043.519992,08:00:27:a5:9e:2d,0.10106695228638912,False
1785317053.519992,08:00:27:5a:87:bc,0.10106695228638912,False
1785317053.519992,08:00:27:8a:0d:75,0.10106695228638912,False
1785317053.519992,08:00:27:a5:9e:2d,0.10106695228638912,False
1785317063.519992,08:00:27:5a:87:bc,0.10106695228638912,False
1785317063.519992,08:00:27:8a:0d:75,0.10106695228638912,False
1785317063.519992,08:00:27:a5:9e:2d,0.10106695228638912,False
1785317073.519992,08:00:27:5a:87:bc,0.10106695228638912,False
1785317073.519992,08:00:27:8a:0d:75,0.10106695228638912,False
1785317073.519992,08:00:27:a5:9e:2d,0.10106695228638912,False
1785317083.519992,08:00:27:5a:87:bc,0.10106695228638912,False
1785317083.519992,08:00:27:8a:0d:75,0.10106695228638912,False
1785317083.519992,08:00:27:a5:9e:2d,0.10106695228638912,False
1785317093.519992,08:00:27:5a:87:bc,0.10106695228638912,False
1785317093.519992,08:00:27:8a:0d:75,0.10106695228638912,False
1785317093.519992,08:00:27:a5:9e:2d,0.10106695228638912,False
1785317103.519992,08:00:27:5a:87:bc,0.10106695228638912,False
1785317103.519992,08:00:27:8a:0d:75,0.10106695228638912,False
1785317103.519992,08:00:27:a5:9e:2d,0.10106695228638912,False
1785317113.519992,08:00:27:5a:87:bc,0.10106695228638912,False
1785317113.519992,08:00:27:8a:0d:75,0.10106695228638912,False
1785317113.519992,08:00:27:a5:9e:2d,0.10106695228638912,False
1785317123.519992,08:00:27:5a:87:bc,0.10106695228638912,False
1785317123.519992,08:00:27:8a:0d:75,0.10106695228638912,False
1785317123.519992,08:00:27:a5:9e:2d,0.10106695228638912,False
1785317133.519992,08:00:27:5a:87:bc,0.10106695228638912,False
1785317133.519992,08:00:27:8a:0d:75,0.10106695228638912,False
1785317133.519992,08:00:27:a5:9e:2d,0.10106695228638912,False
1785317143.519992,08:00:27:5a:87:bc,0.10106695228638912,False
1785317143.519992,08:00:27:8a:0d:75,0.10106695228638912,False
1785317143.519992,08:00:27:a5:9e:2d,0.10106695228638912,False
1785317153.519992,08:00:27:5a:87:bc,0.10106695228638912,False
1785317153.519992,08:00:27:8a:0d:75,0.10106695228638912,False
1785317153.519992,08:00:27:a5:9e:2d,0.10106695228638912,False
1785317163.519992,08:00:27:5a:87:bc,0.10106695228638912,False
1785317163.519992,08:00:27:8a:0d:75,0.10106695228638912,False
1785317163.519992,08:00:27:a5:9e:2d,0.10106695228638912,False
1785317173.519992,08:00:27:5a:87:bc,0.10106695228638912,False
1785317173.519992,08:00:27:8a:0d:75,0.10106695228638912,False
1785317173.519992,08:00:27:a5:9e:2d,0.10106695228638912,False
1785317183.519992,08:00:27:5a:87:bc,0.10106695228638912,False
1785317183.519992,08:00:27:8a:0d:75,0.10106695228638912,False
1785317183.519992,08:00:27:a5:9e:2d,0.10106695228638912,False
1785317193.519992,08:00:27:5a:87:bc,0.10106695228638912,False
1785317193.519992,08:00:27:8a:0d:75,0.10106695228638912,False
1785317193.519992,08:00:27:a5:9e:2d,0.10106695228638912,False
1785317203.519992,08:00:27:5a:87:bc,0.10106695228638912,False
1785317203.519992,08:00:27:8a:0d:75,0.10106695228638912,False
1785317203.519992,08:00:27:a5:9e:2d,0.10106695228638912,False
1785317213.519992,08:00:27:5a:87:bc,0.10106695228638912,False
1785317213.519992,08:00:27:8a:0d:75,0.10106695228638912,False
1785317213.519992,08:00:27:a5:9e:2d,0.10106695228638912,False
1785317223.519992,08:00:27:5a:87:bc,0.10106695228638912,False
1785317223.519992,08:00:27:8a:0d:75,0.10106695228638912,False
1785317223.519992,08:00:27:a5:9e:2d,0.10106695228638912,False
1785317233.519992,08:00:27:5a:87:bc,0.10106695228638912,False
1785317233.519992,08:00:27:8a:0d:75,0.10106695228638912,False
1785317233.519992,08:00:27:a5:9e:2d,0.10106695228638912,False
1785317243.519992,08:00:27:5a:87:bc,0.10106695228638912,False
1785317243.519992,08:00:27:8a:0d:75,0.10106695228638912,False
1785317243.519992,08:00:27:a5:9e:2d,0.10106695228638912,False
1785317253.519992,08:00:27:5a:87:bc,0.10106695228638912,False
1785317253.519992,08:00:27:8a:0d:75,0.10106695228638912,False
1785317253.519992,08:00:27:a5:9e:2d,0.10106695228638912,False
1785317263.519992,08:00:27:5a:87:bc,0.10106695228638912,False
1785317263.519992,08:00:27:8a:0d:75,0.10106695228638912,False
1785317263.519992,08:00:27:a5:9e:2d,0.10106695228638912,False
1785317273.519992,08:00:27:5a:87:bc,0.10106695228638912,False
1785317273.519992,08:00:27:8a:0d:75,0.10106695228638912,False
1785317273.519992,08:00:27:a5:9e:2d,0.10106695228638912,False
1785317283.519992,08:00:27:5a:87:bc,0.10106695228638912,False
1785317283.519992,08:00:27:8a:0d:75,0.10106695228638912,False
1785317283.519992,08:00:27:a5:9e:2d,0.10106695228638912,False
1785317293.519992,08:00:27:5a:87:bc,0.10106695228638912,False
1785317293.519992,08:00:27:8a:0d:75,0.10106695228638912,False
1785317293.519992,08:00:27:a5:9e:2d,0.10106695228638912,False
1785317303.519992,08:00:27:5a:87:bc,0.10106695228638912,False
1785317303.519992,08:00:27:8a:0d:75,0.10106695228638912,False
1785317303.519992,08:00:27:a5:9e:2d,0.10106695228638912,False
1785317313.519992,08:00:27:5a:87:bc,0.10106695228638912,False
1785317313.519992,08:00:27:8a:0d:75,0.10106695228638912,False
1785317313.519992,08:00:27:a5:9e:2d,0.10106695228638912,False
1785317323.519992,08:00:27:5a:87:bc,0.10106695228638912,False
1785317323.519992,08:00:27:8a:0d:75,0.10106695228638912,False
1785317323.519992,08:00:27:a5:9e:2d,0.10106695228638912,False
1785317333.519992,08:00:27:5a:87:bc,0.10106695228638912,False
1785317333.519992,08:00:27:8a:0d:75,0.10106695228638912,False
1785317333.519992,08:00:27:a5:9e:2d,0.10106695228638912,False
1785317343.519992,08:00:27:5a:87:bc,0.10106695228638912,False
1785317343.519992,08:00:27:8a:0d:75,0.10106695228638912,False
1785317343.519992,08:00:27:a5:9e:2d,0.10106695228638912,False
1785317353.519992,08:00:27:5a:87:bc,0.10106695228638912,False
1785317353.519992,08:00:27:8a:0d:75,0.10106695228638912,False
1785317353.519992,08:00:27:a5:9e:2d,0.10106695228638912,False
1785317363.519992,08:00:27:5a:87:bc,0.10106695228638912,False
1785317363.519992,08:00:27:8a:0d:75,0.10106695228638912,False
1785317363.519992,08:00:27:a5:9e:2d,0.10106695228638912,False
1785317373.519992,08:00:27:5a:87:bc,0.10106695228638912,False
1785317373.519992,08:00:27:8a:0d:75,0.10106695228638912,False
1785317373.519992,08:00:27:a5:9e:2d,0.10106695228638912,False
1785317383.519992,08:00:27:5a:87:bc,0.10106695228638912,False
1785317383.519992,08:00:27:8a:0d:75,0.10106695228638912,False
1785317383.519992,08:00:27:a5:9e:2d,0.10106695228638912,False
1785317393.519992,08:00:27:5a:87:bc,0.10106695228638912,False
1785317393.519992,08:00:27:8a:0d:75,0.10106695228638912,False
1785317393.519992,08:00:27:a5:9e:2d,0.10106695228638912,False
1785317403.519992,08:00:27:5a:87:bc,0.10106695228638912,False
1785317403.519992,08:00:27:8a:0d:75,0.10106695228638912,False
1785317403.519992,08:00:27:a5:9e:2d,0.10106695228638912,False
1785317413.519992,08:00:27:5a:87:bc,0.10106695228638912,False
1785317413.519992,08:00:27:8a:0d:75,0.10106695228638912,False
1785317413.519992,08:00:27:a5:9e:2d,0.10106695228638912,False
1785317423.519992,08:00:27:5a:87:bc,0.10106695228638912,False
1785317423.519992,08:00:27:8a:0d:75,0.10106695228638912,False
1785317423.519992,08:00:27:a5:9e:2d,0.10106695228638912,False
1785317433.519992,08:00:27:5a:87:bc,0.10106695228638912,False
1785317433.519992,08:00:27:8a:0d:75,0.10106695228638912,False
1785317433.519992,08:00:27:a5:9e:2d,0.10106695228638912,False
1785317443.519992,08:00:27:5a:87:bc,0.10106695228638912,False
1785317443.519992,08:00:27:8a:0d:75,0.10106695228638912,False
1785317443.519992,08:00:27:a5:9e:2d,0.10106695228638912,False
1785317453.519992,08:00:27:5a:87:bc,0.10106695228638912,False
1785317453.519992,08:00:27:8a:0d:75,0.10106695228638912,False
1785317453.519992,08:00:27:a5:9e:2d,0.10106695228638912,False
1785317463.519992,08:00:27:5a:87:bc,0.10106695228638912,False
1785317463.519992,08:00:27:8a:0d:75,0.10106695228638912,False
1785317463.519992,08:00:27:a5:9e:2d,0.10106695228638912,False
1785317473.519992,08:00:27:5a:87:bc,0.10106695228638912,False
1785317473.519992,08:00:27:8a:0d:75,0.10106695228638912,False
1785317473.519992,08:00:27:a5:9e:2d,0.10106695228638912,False
1785317483.519992,08:00:27:5a:87:bc,0.10106695228638912,False
1785317483.519992,08:00:27:8a:0d:75,0.10106695228638912,False
1785317483.519992,08:00:27:a5:9e:2d,0.10106695228638912,False
1785317493.519992,08:00:27:5a:87:bc,0.10106695228638912,False
1785317493.519992,08:00:27:8a:0d:75,0.10106695228638912,False
1785317493.519992,08:00:27:a5:9e:2d,0.10106695228638912,False
1785317503.519992,08:00:27:5a:87:bc,0.10106695228638912,False
1785317503.519992,08:00:27:8a:0d:75,0.10106695228638912,False
1785317503.519992,08:00:27:a5:9e:2d,0.10106695228638912,False
1785317513.519992,08:00:27:5a:87:bc,0.10106695228638912,False
1785317513.519992,08:00:27:8a:0d:75,0.10106695228638912,False
1785317513.519992,08:00:27:a5:9e:2d,0.10106695228638912,False
1785317523.519992,08:00:27:5a:87:bc,0.10106695228638912,False
1785317523.519992,08:00:27:8a:0d:75,0.10106695228638912,False
1785317523.519992,08:00:27:a5:9e:2d,0.10106695228638912,False
1785317533.519992,08:00:27:5a:87:bc,0.10106695228638912,False
1785317533.519992,08:00:27:8a:0d:75,0.10106695228638912,False
1785317533.519992,08:00:27:a5:9e:2d,0.10106695228638912,False
1785317543.519992,08:00:27:5a:87:bc,0.10106695228638912,False
1785317543.519992,08:00:27:8a:0d:75,0.10106695228638912,False
1785317543.519992,08:00:27:a5:9e:2d,0.10106695228638912,False
1785317553.519992,08:00:27:5a:87:bc,0.10106695228638912,False
1785317553.519992,08:00:27:8a:0d:75,0.10106695228638912,False
1785317553.519992,08:00:27:a5:9e:2d,0.10106695228638912,False
1785317563.519992,08:00:27:5a:87:bc,0.10106695228638912,False
1785317563.519992,08:00:27:8a:0d:75,0.10106695228638912,False
1785317563.519992,08:00:27:a5:9e:2d,0.10106695228638912,False
1785317573.519992,08:00:27:5a:87:bc,0.10106695228638912,False
1785317573.519992,08:00:27:8a:0d:75,0.10106695228638912,False
1785317573.519992,08:00:27:a5:9e:2d,0.10106695228638912,False
1785317583.519992,08:00:27:5a:87:bc,0.10106695228638912,False
1785317583.519992,08:00:27:8a:0d:75,0.10106695228638912,False
1785317583.519992,08:00:27:a5:9e:2d,0.10106695228638912,False
1785317593.519992,08:00:27:5a:87:bc,0.10106695228638912,False
1785317593.519992,08:00:27:8a:0d:75,0.10106695228638912,False
1785317593.519992,08:00:27:a5:9e:2d,0.10106695228638912,False
1785317603.519992,08:00:27:5a:87:bc,0.10106695228638912,False
1785317603.519992,08:00:27:8a:0d:75,0.10106695228638912,False
1785317603.519992,08:00:27:a5:9e:2d,0.10106695228638912,False
1785317613.519992,08:00:27:5a:87:bc,0.10106695228638912,False
1785317613.519992,08:00:27:8a:0d:75,0.10106695228638912,False
1785317613.519992,08:00:27:a5:9e:2d,0.10106695228638912,False
1785317623.519992,08:00:27:5a:87:bc,0.10106695228638912,False
1785317623.519992,08:00:27:8a:0d:75,0.10106695228638912,False
1785317623.519992,08:00:27:a5:9e:2d,0.10106695228638912,False
1785317633.519992,08:00:27:5a:87:bc,0.10106695228638912,False
1785317633.519992,08:00:27:8a:0d:75,0.10106695228638912,False
1785317633.519992,08:00:27:a5:9e:2d,0.10106695228638912,False
1785317643.519992,08:00:27:5a:87:bc,0.10106695228638912,False
1785317643.519992,08:00:27:8a:0d:75,0.10106695228638912,False
1785317643.519992,08:00:27:a5:9e:2d,0.10106695228638912,False
1785317653.519992,08:00:27:5a:87:bc,0.10106695228638912,False
1785317653.519992,08:00:27:8a:0d:75,0.10106695228638912,False
1785317653.519992,08:00:27:a5:9e:2d,0.10106695228638912,False
1785317663.519992,08:00:27:5a:87:bc,0.10106695228638912,False
1785317663.519992,08:00:27:8a:0d:75,0.10106695228638912,False
1785317663.519992,08:00:27:a5:9e:2d,0.10106695228638912,False
1785317673.519992,08:00:27:5a:87:bc,0.10106695228638912,False
1785317673.519992,08:00:27:8a:0d:75,0.10106695228638912,False
1785317673.519992,08:00:27:a5:9e:2d,0.10106695228638912,False
1785317683.519992,08:00:27:5a:87:bc,0.10106695228638912,False
1785317683.519992,08:00:27:8a:0d:75,0.10106695228638912,False
1785317683.519992,08:00:27:a5:9e:2d,0.10106695228638912,False
1785317693.519992,08:00:27:5a:87:bc,0.10106695228638912,False
1785317693.519992,08:00:27:8a:0d:75,0.10106695228638912,False
1785317693.519992,08:00:27:a5:9e:2d,0.10106695228638912,False
1785317703.519992,08:00:27:5a:87:bc,0.10106695228638912,False
1785317703.519992,08:00:27:8a:0d:75,0.10106695228638912,False
1785317703.519992,08:00:27:a5:9e:2d,0.10106695228638912,False
1785317713.519992,08:00:27:5a:87:bc,0.10106695228638912,False
1785317713.519992,08:00:27:8a:0d:75,0.10106695228638912,False
1785317713.519992,08:00:27:a5:9e:2d,0.10106695228638912,False
1785317723.519992,08:00:27:5a:87:bc,0.10106695228638912,False
1785317723.519992,08:00:27:8a:0d:75,0.10106695228638912,False
1785317723.519992,08:00:27:a5:9e:2d,0.10106695228638912,False
1785317733.519992,08:00:27:5a:87:bc,0.10106695228638912,False
1785317733.519992,08:00:27:8a:0d:75,0.10106695228638912,False
1785317733.519992,08:00:27:a5:9e:2d,0.10106695228638912,False
1785317743.519992,08:00:27:5a:87:bc,0.10106695228638912,False
1785317743.519992,08:00:27:8a:0d:75,0.10106695228638912,False
1785317743.519992,08:00:27:a5:9e:2d,0.10106695228638912,False
1785317753.519992,08:00:27:5a:87:bc,0.10106695228638912,False
1785317753.519992,08:00:27:8a:0d:75,0.10106695228638912,False
1785317753.519992,08:00:27:a5:9e:2d,0.10106695228638912,False
1785317763.519992,08:00:27:5a:87:bc,0.10106695228638912,False
1785317763.519992,08:00:27:8a:0d:75,0.10106695228638912,False
1785317763.519992,08:00:27:a5:9e:2d,0.10106695228638912,False
1785317773.519992,08:00:27:5a:87:bc,0.10106695228638912,False
1785317773.519992,08:00:27:8a:0d:75,0.10106695228638912,False
1785317773.519992,08:00:27:a5:9e:2d,0.10106695228638912,False
1785317783.519992,08:00:27:5a:87:bc,0.10106695228638912,False
1785317783.519992,08:00:27:8a:0d:75,0.10106695228638912,False
1785317783.519992,08:00:27:a5:9e:2d,0.10106695228638912,False
1785317793.519992,08:00:27:5a:87:bc,0.10106695228638912,False
1785317793.519992,08:00:27:8a:0d:75,0.10106695228638912,False
1785317793.519992,08:00:27:a5:9e:2d,0.10106695228638912,False
1785317803.519992,08:00:27:5a:87:bc,0.10106695228638912,False
1785317803.519992,08:00:27:8a:0d:75,0.10106695228638912,False
1785317803.519992,08:00:27:a5:9e:2d,0.10106695228638912,False
1785317813.519992,08:00:27:5a:87:bc,0.10106695228638912,False
1785317813.519992,08:00:27:8a:0d:75,0.10106695228638912,False
1785317813.519992,08:00:27:a5:9e:2d,0.10106695228638912,False
1785317823.519992,08:00:27:5a:87:bc,0.10106695228638912,False
1785317823.519992,08:00:27:8a:0d:75,0.10106695228638912,False
1785317823.519992,08:00:27:a5:9e:2d,0.10106695228638912,False
1785317833.519992,08:00:27:5a:87:bc,0.10106695228638912,False
1785317833.519992,08:00:27:8a:0d:75,0.10106695228638912,False
1785317833.519992,08:00:27:a5:9e:2d,0.10106695228638912,False
1785317843.519992,08:00:27:5a:87:bc,0.10106695228638912,False
1785317843.519992,08:00:27:8a:0d:75,0.10106695228638912,False
1785317843.519992,08:00:27:a5:9e:2d,0.10106695228638912,False
1785317853.519992,08:00:27:5a:87:bc,0.10106695228638912,False
1785317853.519992,08:00:27:8a:0d:75,0.10106695228638912,False
1785317853.519992,08:00:27:a5:9e:2d,0.10106695228638912,False
1785317863.519992,08:00:27:5a:87:bc,0.10106695228638912,False
1785317863.519992,08:00:27:8a:0d:75,0.10106695228638912,False
1785317863.519992,08:00:27:a5:9e:2d,0.10106695228638912,False
1785317873.519992,08:00:27:5a:87:bc,0.10106695228638912,False
1785317873.519992,08:00:27:8a:0d:75,0.10106695228638912,False
1785317873.519992,08:00:27:a5:9e:2d,0.10106695228638912,False
1785317883.519992,08:00:27:5a:87:bc,0.10106695228638912,False
1785317883.519992,08:00:27:8a:0d:75,0.10106695228638912,False
1785317883.519992,08:00:27:a5:9e:2d,0.10106695228638912,False
1785317893.519992,08:00:27:5a:87:bc,0.10106695228638912,False
1785317893.519992,08:00:27:8a:0d:75,0.10106695228638912,False
1785317893.519992,08:00:27:a5:9e:2d,0.10106695228638912,False
1785317903.519992,08:00:27:5a:87:bc,0.10106695228638912,False
1785317903.519992,08:00:27:8a:0d:75,0.10106695228638912,False
1785317903.519992,08:00:27:a5:9e:2d,0.10106695228638912,False
1785317913.519992,08:00:27:5a:87:bc,0.10106695228638912,False
1785317913.519992,08:00:27:8a:0d:75,0.10106695228638912,False
1785317913.519992,08:00:27:a5:9e:2d,0.10106695228638912,False
1785317923.519992,08:00:27:5a:87:bc,0.10106695228638912,False
1785317923.519992,08:00:27:8a:0d:75,0.10106695228638912,False
1785317923.519992,08:00:27:a5:9e:2d,0.10106695228638912,False
1785317933.519992,08:00:27:5a:87:bc,0.10106695228638912,False
1785317933.519992,08:00:27:8a:0d:75,0.10106695228638912,False
1785317933.519992,08:00:27:a5:9e:2d,0.10106695228638912,False
1785317943.519992,08:00:27:5a:87:bc,0.10106695228638912,False
1785317943.519992,08:00:27:8a:0d:75,0.10106695228638912,False
1785317943.519992,08:00:27:a5:9e:2d,0.10106695228638912,False
1785317953.519992,08:00:27:5a:87:bc,0.10106695228638912,False
1785317953.519992,08:00:27:8a:0d:75,0.10106695228638912,False
1785317953.519992,08:00:27:a5:9e:2d,0.10106695228638912,False
1785317963.519992,08:00:27:5a:87:bc,0.10106695228638912,False
1785317963.519992,08:00:27:8a:0d:75,0.10106695228638912,False
1785317963.519992,08:00:27:a5:9e:2d,0.10106695228638912,False
1785317973.519992,08:00:27:5a:87:bc,0.10106695228638912,False
1785317973.519992,08:00:27:8a:0d:75,0.10106695228638912,False
1785317973.519992,08:00:27:a5:9e:2d,0.10106695228638912,False
1785317983.519992,08:00:27:5a:87:bc,0.10106695228638912,False
1785317983.519992,08:00:27:8a:0d:75,0.10106695228638912,False
1785317983.519992,08:00:27:a5:9e:2d,0.10106695228638912,False
1785317993.519992,08:00:27:5a:87:bc,0.10106695228638912,False
1785317993.519992,08:00:27:8a:0d:75,0.10106695228638912,False
1785317993.519992,08:00:27:a5:9e:2d,0.10106695228638912,False
1785318003.519992,08:00:27:5a:87:bc,0.10106695228638912,False
1785318003.519992,08:00:27:8a:0d:75,0.10106695228638912,False
1785318003.519992,08:00:27:a5:9e:2d,0.10106695228638912,False
1785318013.519992,08:00:27:5a:87:bc,0.10106695228638912,False
1785318013.519992,08:00:27:8a:0d:75,0.10106695228638912,False
1785318013.519992,08:00:27:a5:9e:2d,0.10106695228638912,False
1785318023.519992,08:00:27:5a:87:bc,0.10106695228638912,False
1785318023.519992,08:00:27:8a:0d:75,0.10106695228638912,False
1785318023.519992,08:00:27:a5:9e:2d,0.10106695228638912,False
1785318033.519992,08:00:27:5a:87:bc,0.10106695228638912,False
1785318033.519992,08:00:27:8a:0d:75,0.10106695228638912,False
1785318033.519992,08:00:27:a5:9e:2d,0.10106695228638912,False
1785318043.519992,08:00:27:5a:87:bc,0.10106695228638912,False
1785318043.519992,08:00:27:8a:0d:75,0.10106695228638912,False
1785318043.519992,08:00:27:a5:9e:2d,0.10106695228638912,False
1785318053.519992,08:00:27:5a:87:bc,0.10106695228638912,False
1785318053.519992,08:00:27:8a:0d:75,0.10106695228638912,False
1785318053.519992,08:00:27:a5:9e:2d,0.10106695228638912,False
1785318063.519992,08:00:27:5a:87:bc,0.10106695228638912,False
1785318063.519992,08:00:27:8a:0d:75,0.10106695228638912,False
1785318063.519992,08:00:27:a5:9e:2d,0.10106695228638912,False
1785318073.519992,08:00:27:5a:87:bc,0.10106695228638912,False
1785318073.519992,08:00:27:8a:0d:75,0.10106695228638912,False
1785318073.519992,08:00:27:a5:9e:2d,0.10106695228638912,False
1785318083.519992,08:00:27:5a:87:bc,0.10106695228638912,False
1785318083.519992,08:00:27:8a:0d:75,0.10106695228638912,False
1785318083.519992,08:00:27:a5:9e:2d,0.10106695228638912,False
1785318093.519992,08:00:27:5a:87:bc,0.10106695228638912,False
1785318093.519992,08:00:27:8a:0d:75,0.10106695228638912,False
1785318093.519992,08:00:27:a5:9e:2d,0.10106695228638912,False
1785318103.519992,08:00:27:5a:87:bc,0.10106695228638912,False
1785318103.519992,08:00:27:8a:0d:75,0.10106695228638912,False
1785318103.519992,08:00:27:a5:9e:2d,0.10106695228638912,False
1785318113.519992,08:00:27:5a:87:bc,0.10106695228638912,False
1785318113.519992,08:00:27:8a:0d:75,0.10106695228638912,False
1785318113.519992,08:00:27:a5:9e:2d,0.10106695228638912,False
1785318123.519992,08:00:27:5a:87:bc,0.10106695228638912,False
1785318123.519992,08:00:27:8a:0d:75,0.10106695228638912,False
1785318123.519992,08:00:27:a5:9e:2d,0.10106695228638912,False
1785318133.519992,08:00:27:5a:87:bc,0.10106695228638912,False
1785318133.519992,08:00:27:8a:0d:75,0.10106695228638912,False
1785318133.519992,08:00:27:a5:9e:2d,0.10106695228638912,False
1785318143.519992,08:00:27:5a:87:bc,0.10106695228638912,False
1785318143.519992,08:00:27:8a:0d:75,0.10106695228638912,False
1785318143.519992,08:00:27:a5:9e:2d,0.10106695228638912,False
1785318153.519992,08:00:27:5a:87:bc,0.10106695228638912,False
1785318153.519992,08:00:27:8a:0d:75,0.10106695228638912,False
1785318153.519992,08:00:27:a5:9e:2d,0.10106695228638912,False
1785318163.519992,08:00:27:5a:87:bc,0.10106695228638912,False
1785318163.519992,08:00:27:8a:0d:75,0.10106695228638912,False
1785318163.519992,08:00:27:a5:9e:2d,0.10106695228638912,False
1785318173.519992,08:00:27:5a:87:bc,0.10106695228638912,False
1785318173.519992,08:00:27:8a:0d:75,0.10106695228638912,False
1785318173.519992,08:00:27:a5:9e:2d,0.10106695228638912,False
1785318183.519992,08:00:27:5a:87:bc,0.10106695228638912,False
1785318183.519992,08:00:27:8a:0d:75,0.10106695228638912,False
1785318183.519992,08:00:27:a5:9e:2d,0.10106695228638912,False
1785318193.519992,08:00:27:5a:87:bc,0.10106695228638912,False
1785318193.519992,08:00:27:8a:0d:75,0.10106695228638912,False
1785318193.519992,08:00:27:a5:9e:2d,0.10106695228638912,False
1785318203.519992,08:00:27:5a:87:bc,0.10106695228638912,False
1785318203.519992,08:00:27:8a:0d:75,0.10106695228638912,False
1785318203.519992,08:00:27:a5:9e:2d,0.10106695228638912,False
1785318213.519992,08:00:27:5a:87:bc,0.10106695228638912,False
1785318213.519992,08:00:27:8a:0d:75,0.10106695228638912,False
1785318213.519992,08:00:27:a5:9e:2d,0.10106695228638912,False
1785318223.519992,08:00:27:5a:87:bc,0.10106695228638912,False
1785318223.519992,08:00:27:8a:0d:75,0.10106695228638912,False
1785318223.519992,08:00:27:a5:9e:2d,0.10106695228638912,False
1785318233.519992,08:00:27:5a:87:bc,0.10106695228638912,False
1785318233.519992,08:00:27:8a:0d:75,0.10106695228638912,False
1785318233.519992,08:00:27:a5:9e:2d,0.10106695228638912,False
1785318243.519992,08:00:27:5a:87:bc,0.10106695228638912,False
1785318243.519992,08:00:27:8a:0d:75,0.10106695228638912,False
1785318243.519992,08:00:27:a5:9e:2d,0.10106695228638912,False
1785318253.519992,08:00:27:5a:87:bc,0.10106695228638912,False
1785318253.519992,08:00:27:8a:0d:75,0.10106695228638912,False
1785318253.519992,08:00:27:a5:9e:2d,0.10106695228638912,False
1785318263.519992,08:00:27:5a:87:bc,0.10106695228638912,False
1785318263.519992,08:00:27:8a:0d:75,0.10106695228638912,False
1785318263.519992,08:00:27:a5:9e:2d,0.10106695228638912,False
1785318273.519992,08:00:27:5a:87:bc,0.10106695228638912,False
1785318273.519992,08:00:27:8a:0d:75,0.10106695228638912,False
1785318273.519992,08:00:27:a5:9e:2d,0.10106695228638912,False
1785318283.519992,08:00:27:5a:87:bc,0.10106695228638912,False
1785318283.519992,08:00:27:8a:0d:75,0.10106695228638912,False
1785318283.519992,08:00:27:a5:9e:2d,0.10106695228638912,False
1785318293.519992,08:00:27:5a:87:bc,0.10106695228638912,False
1785318293.519992,08:00:27:8a:0d:75,0.10106695228638912,False
1785318293.519992,08:00:27:a5:9e:2d,0.10106695228638912,False
1785318303.519992,08:00:27:5a:87:bc,0.10106695228638912,False
1785318303.519992,08:00:27:8a:0d:75,0.10106695228638912,False
1785318303.519992,08:00:27:a5:9e:2d,0.10106695228638912,False
1785318313.519992,08:00:27:5a:87:bc,0.10106695228638912,False
1785318313.519992,08:00:27:8a:0d:75,0.10106695228638912,False
1785318313.519992,08:00:27:a5:9e:2d,0.10106695228638912,False
1785318323.519992,08:00:27:5a:87:bc,0.10106695228638912,False
1785318323.519992,08:00:27:8a:0d:75,0.10106695228638912,False
1785318323.519992,08:00:27:a5:9e:2d,0.10106695228638912,False
1785318333.519992,08:00:27:5a:87:bc,0.10106695228638912,False
1785318333.519992,08:00:27:8a:0d:75,0.10106695228638912,False
1785318333.519992,08:00:27:a5:9e:2d,0.10106695228638912,False
1785318343.519992,08:00:27:5a:87:bc,0.10106695228638912,False
1785318343.519992,08:00:27:8a:0d:75,0.10106695228638912,False
1785318343.519992,08:00:27:a5:9e:2d,0.10106695228638912,False
1785318353.519992,08:00:27:5a:87:bc,0.10106695228638912,False
1785318353.519992,08:00:27:8a:0d:75,0.10106695228638912,False
1785318353.519992,08:00:27:a5:9e:2d,0.10106695228638912,False
1785318363.519992,08:00:27:5a:87:bc,0.10106695228638912,False
1785318363.519992,08:00:27:8a:0d:75,0.10106695228638912,False
1785318363.519992,08:00:27:a5:9e:2d,0.10106695228638912,False
1785318373.519992,08:00:27:5a:87:bc,0.10106695228638912,False
1785318373.519992,08:00:27:8a:0d:75,0.10106695228638912,False
1785318373.519992,08:00:27:a5:9e:2d,0.10106695228638912,False
1785318383.519992,08:00:27:5a:87:bc,0.10106695228638912,False
1785318383.519992,08:00:27:8a:0d:75,0.10106695228638912,False
1785318383.519992,08:00:27:a5:9e:2d,0.10106695228638912,False
1785318393.519992,08:00:27:5a:87:bc,0.10106695228638912,False
1785318393.519992,08:00:27:8a:0d:75,0.10106695228638912,False
1785318393.519992,08:00:27:a5:9e:2d,0.10106695228638912,False
1785318403.519992,08:00:27:5a:87:bc,0.10106695228638912,False
1785318403.519992,08:00:27:8a:0d:75,0.10106695228638912,False
1785318403.519992,08:00:27:a5:9e:2d,0.10106695228638912,False
1785318413.519992,08:00:27:5a:87:bc,0.10106695228638912,False
1785318413.519992,08:00:27:8a:0d:75,0.10106695228638912,False
1785318413.519992,08:00:27:a5:9e:2d,0.10106695228638912,False
1785318423.519992,08:00:27:5a:87:bc,0.10106695228638912,False
1785318423.519992,08:00:27:8a:0d:75,0.10106695228638912,False
1785318423.519992,08:00:27:a5:9e:2d,0.10106695228638912,False
1785318433.519992,08:00:27:5a:87:bc,0.10106695228638912,False
1785318433.519992,08:00:27:8a:0d:75,0.10106695228638912,False
1785318433.519992,08:00:27:a5:9e:2d,0.10106695228638912,False
1785318443.519992,08:00:27:5a:87:bc,0.10106695228638912,False
1785318443.519992,08:00:27:8a:0d:75,0.10106695228638912,False
1785318443.519992,08:00:27:a5:9e:2d,0.10106695228638912,False
1785318453.519992,08:00:27:5a:87:bc,0.10106695228638912,False
1785318453.519992,08:00:27:8a:0d:75,0.10106695228638912,False
1785318453.519992,08:00:27:a5:9e:2d,0.10106695228638912,False
1785318463.519992,08:00:27:5a:87:bc,0.10106695228638912,False
1785318463.519992,08:00:27:8a:0d:75,0.10106695228638912,False
1785318463.519992,08:00:27:a5:9e:2d,0.10106695228638912,False
1785318473.519992,08:00:27:5a:87:bc,0.10106695228638912,False
1785318473.519992,08:00:27:8a:0d:75,0.10106695228638912,False
1785318473.519992,08:00:27:a5:9e:2d,0.10106695228638912,False
1785318483.519992,08:00:27:5a:87:bc,0.10106695228638912,False
1785318483.519992,08:00:27:8a:0d:75,0.10106695228638912,False
1785318483.519992,08:00:27:a5:9e:2d,0.10106695228638912,False
1785318493.519992,08:00:27:5a:87:bc,0.10106695228638912,False
1785318493.519992,08:00:27:8a:0d:75,0.10106695228638912,False
1785318493.519992,08:00:27:a5:9e:2d,0.10106695228638912,False
1785318503.519992,08:00:27:5a:87:bc,0.10106695228638912,False
1785318503.519992,08:00:27:8a:0d:75,0.10106695228638912,False
1785318503.519992,08:00:27:a5:9e:2d,0.10106695228638912,False
1785318513.519992,08:00:27:5a:87:bc,0.10106695228638912,False
1785318513.519992,08:00:27:8a:0d:75,0.10106695228638912,False
1785318513.519992,08:00:27:a5:9e:2d,0.10106695228638912,False
1785318523.519992,08:00:27:5a:87:bc,0.10106695228638912,False
1785318523.519992,08:00:27:8a:0d:75,0.10106695228638912,False
1785318523.519992,08:00:27:a5:9e:2d,0.10106695228638912,False
1785318533.519992,08:00:27:5a:87:bc,0.10106695228638912,False
1785318533.519992,08:00:27:8a:0d:75,0.10106695228638912,False
1785318533.519992,08:00:27:a5:9e:2d,0.10106695228638912,False
1785318543.519992,08:00:27:5a:87:bc,0.10106695228638912,False
1785318543.519992,08:00:27:8a:0d:75,0.10106695228638912,False
1785318543.519992,08:00:27:a5:9e:2d,0.10106695228638912,False
1785318553.519992,08:00:27:5a:87:bc,0.10106695228638912,False
1785318553.519992,08:00:27:8a:0d:75,0.10106695228638912,False
1785318553.519992,08:00:27:a5:9e:2d,0.10106695228638912,False
1785318563.519992,08:00:27:5a:87:bc,0.10106695228638912,False
1785318563.519992,08:00:27:8a:0d:75,0.10106695228638912,False
1785318563.519992,08:00:27:a5:9e:2d,0.10106695228638912,False
1785318573.519992,08:00:27:5a:87:bc,0.10106695228638912,False
1785318573.519992,08:00:27:8a:0d:75,0.10106695228638912,False
1785318573.519992,08:00:27:a5:9e:2d,0.10106695228638912,False
1785318583.519992,08:00:27:5a:87:bc,0.10106695228638912,False
1785318583.519992,08:00:27:8a:0d:75,0.10106695228638912,False
1785318583.519992,08:00:27:a5:9e:2d,0.10106695228638912,False
1785318593.519992,08:00:27:5a:87:bc,0.10106695228638912,False
1785318593.519992,08:00:27:8a:0d:75,0.10106695228638912,False
1785318593.519992,08:00:27:a5:9e:2d,0.10106695228638912,False
1785318603.519992,08:00:27:5a:87:bc,0.10106695228638912,False
1785318603.519992,08:00:27:8a:0d:75,0.10106695228638912,False
1785318603.519992,08:00:27:a5:9e:2d,0.10106695228638912,False
1785318613.519992,08:00:27:5a:87:bc,0.10106695228638912,False
1785318613.519992,08:00:27:8a:0d:75,0.10106695228638912,False
1785318613.519992,08:00:27:a5:9e:2d,0.10106695228638912,False
1785318623.519992,08:00:27:5a:87:bc,0.10106695228638912,False
1785318623.519992,08:00:27:8a:0d:75,0.10106695228638912,False
1785318623.519992,08:00:27:a5:9e:2d,0.10106695228638912,False
1785318633.519992,08:00:27:5a:87:bc,0.10106695228638912,False
1785318633.519992,08:00:27:8a:0d:75,0.10106695228638912,False
1785318633.519992,08:00:27:a5:9e:2d,0.10106695228638912,False
1785318643.519992,08:00:27:5a:87:bc,0.10106695228638912,False
1785318643.519992,08:00:27:8a:0d:75,0.10106695228638912,False
1785318643.519992,08:00:27:a5:9e:2d,0.10106695228638912,False
1785318653.519992,08:00:27:5a:87:bc,0.10106695228638912,False
1785318653.519992,08:00:27:8a:0d:75,0.10106695228638912,False
1785318653.519992,08:00:27:a5:9e:2d,0.10106695228638912,False
1785318663.519992,08:00:27:5a:87:bc,0.10106695228638912,False
1785318663.519992,08:00:27:8a:0d:75,0.10106695228638912,False
1785318663.519992,08:00:27:a5:9e:2d,0.10106695228638912,False
1785318673.519992,08:00:27:5a:87:bc,0.10106695228638912,False
1785318673.519992,08:00:27:8a:0d:75,0.10106695228638912,False
1785318673.519992,08:00:27:a5:9e:2d,0.10106695228638912,False
1785318683.519992,08:00:27:5a:87:bc,0.10106695228638912,False
1785318683.519992,08:00:27:8a:0d:75,0.10106695228638912,False
1785318683.519992,08:00:27:a5:9e:2d,0.10106695228638912,False
1785318693.519992,08:00:27:5a:87:bc,0.10106695228638912,False
1785318693.519992,08:00:27:8a:0d:75,0.10106695228638912,False
1785318693.519992,08:00:27:a5:9e:2d,0.10106695228638912,False
1785318703.519992,08:00:27:5a:87:bc,0.10106695228638912,False
1785318703.519992,08:00:27:8a:0d:75,0.10106695228638912,False
1785318703.519992,08:00:27:a5:9e:2d,0.10106695228638912,False
1785318713.519992,08:00:27:5a:87:bc,0.10106695228638912,False
1785318713.519992,08:00:27:8a:0d:75,0.10106695228638912,False
1785318713.519992,08:00:27:a5:9e:2d,0.10106695228638912,False
1785318723.519992,08:00:27:5a:87:bc,0.10106695228638912,False
1785318723.519992,08:00:27:8a:0d:75,0.10106695228638912,False
1785318723.519992,08:00:27:a5:9e:2d,0.10106695228638912,False
1785318733.519992,08:00:27:5a:87:bc,0.10106695228638912,False
1785318733.519992,08:00:27:8a:0d:75,0.10106695228638912,False
1785318733.519992,08:00:27:a5:9e:2d,0.10106695228638912,False
1785318743.519992,08:00:27:5a:87:bc,0.10106695228638912,False
1785318743.519992,08:00:27:8a:0d:75,0.10106695228638912,False
1785318743.519992,08:00:27:a5:9e:2d,0.10106695228638912,False
1785318753.519992,08:00:27:5a:87:bc,0.10106695228638912,False
1785318753.519992,08:00:27:8a:0d:75,0.10106695228638912,False
1785318753.519992,08:00:27:a5:9e:2d,0.10106695228638912,False
1785318763.519992,08:00:27:5a:87:bc,0.10106695228638912,False
1785318763.519992,08:00:27:8a:0d:75,0.10106695228638912,False
1785318763.519992,08:00:27:a5:9e:2d,0.10106695228638912,False
1785318773.519992,08:00:27:5a:87:bc,0.10106695228638912,False
1785318773.519992,08:00:27:8a:0d:75,0.10106695228638912,False
1785318773.519992,08:00:27:a5:9e:2d,0.10106695228638912,False
1785318783.519992,08:00:27:5a:87:bc,0.10106695228638912,False
1785318783.519992,08:00:27:8a:0d:75,0.10106695228638912,False
1785318783.519992,08:00:27:a5:9e:2d,0.10106695228638912,False
1785318793.519992,08:00:27:5a:87:bc,0.10106695228638912,False
1785318793.519992,08:00:27:8a:0d:75,0.10106695228638912,False
1785318793.519992,08:00:27:a5:9e:2d,0.10106695228638912,False
1785318803.519992,08:00:27:5a:87:bc,0.10106695228638912,False
1785318803.519992,08:00:27:8a:0d:75,0.10106695228638912,False
1785318803.519992,08:00:27:a5:9e:2d,0.10106695228638912,False
1785318813.519992,08:00:27:5a:87:bc,0.10106695228638912,False
1785318813.519992,08:00:27:8a:0d:75,0.10106695228638912,False
1785318813.519992,08:00:27:a5:9e:2d,0.10106695228638912,False
1785318823.519992,08:00:27:5a:87:bc,0.10106695228638912,False
1785318823.519992,08:00:27:8a:0d:75,0.10106695228638912,False
1785318823.519992,08:00:27:a5:9e:2d,0.10106695228638912,False
1785318833.519992,08:00:27:5a:87:bc,0.10106695228638912,False
1785318833.519992,08:00:27:8a:0d:75,0.10106695228638912,False
1785318833.519992,08:00:27:a5:9e:2d,0.10106695228638912,False
1785318843.519992,08:00:27:5a:87:bc,0.10106695228638912,False
1785318843.519992,08:00:27:8a:0d:75,0.10106695228638912,False
1785318843.519992,08:00:27:a5:9e:2d,0.10106695228638912,False
1785318853.519992,08:00:27:5a:87:bc,0.10106695228638912,False
1785318853.519992,08:00:27:8a:0d:75,0.10106695228638912,False
1785318853.519992,08:00:27:a5:9e:2d,0.10106695228638912,False
1785318863.519992,08:00:27:5a:87:bc,0.10106695228638912,False
1785318863.519992,08:00:27:8a:0d:75,0.10106695228638912,False
1785318863.519992,08:00:27:a5:9e:2d,0.10106695228638912,False
1785318873.519992,08:00:27:5a:87:bc,0.10106695228638912,False
1785318873.519992,08:00:27:8a:0d:75,0.10106695228638912,False
1785318873.519992,08:00:27:a5:9e:2d,0.10106695228638912,False
1785318883.519992,08:00:27:5a:87:bc,0.10106695228638912,False
1785318883.519992,08:00:27:8a:0d:75,0.10106695228638912,False
1785318883.519992,08:00:27:a5:9e:2d,0.10106695228638912,False
1785318893.519992,08:00:27:5a:87:bc,0.10106695228638912,False
1785318893.519992,08:00:27:8a:0d:75,0.10106695228638912,False
1785318893.519992,08:00:27:a5:9e:2d,0.10106695228638912,False
1785318903.519992,08:00:27:5a:87:bc,0.10106695228638912,False
1785318903.519992,08:00:27:8a:0d:75,0.10106695228638912,False
1785318903.519992,08:00:27:a5:9e:2d,0.10106695228638912,False
1785318913.519992,08:00:27:5a:87:bc,0.10106695228638912,False
1785318913.519992,08:00:27:8a:0d:75,0.10106695228638912,False
1785318913.519992,08:00:27:a5:9e:2d,0.10106695228638912,False
1785318923.519992,08:00:27:5a:87:bc,0.10106695228638912,False
1785318923.519992,08:00:27:8a:0d:75,0.10106695228638912,False
1785318923.519992,08:00:27:a5:9e:2d,0.10106695228638912,False
1785318933.519992,08:00:27:5a:87:bc,0.10106695228638912,False
1785318933.519992,08:00:27:8a:0d:75,0.10106695228638912,False
1785318933.519992,08:00:27:a5:9e:2d,0.10106695228638912,False
1785318943.519992,08:00:27:5a:87:bc,0.10106695228638912,False
1785318943.519992,08:00:27:8a:0d:75,0.10106695228638912,False
1785318943.519992,08:00:27:a5:9e:2d,0.10106695228638912,False
1785318953.519992,08:00:27:5a:87:bc,0.10106695228638912,False
1785318953.519992,08:00:27:8a:0d:75,0.10106695228638912,False
1785318953.519992,08:00:27:a5:9e:2d,0.10106695228638912,False
1785318963.519992,08:00:27:5a:87:bc,0.10106695228638912,False
1785318963.519992,08:00:27:8a:0d:75,0.10106695228638912,False
1785318963.519992,08:00:27:a5:9e:2d,0.10106695228638912,False
1785318973.519992,08:00:27:5a:87:bc,0.10106695228638912,False
1785318973.519992,08:00:27:8a:0d:75,0.10106695228638912,False
1785318973.519992,08:00:27:a5:9e:2d,0.10106695228638912,False
1785318983.519992,08:00:27:5a:87:bc,0.10106695228638912,False
1785318983.519992,08:00:27:8a:0d:75,0.10106695228638912,False
1785318983.519992,08:00:27:a5:9e:2d,0.10106695228638912,False
1785318993.519992,08:00:27:5a:87:bc,0.10106695228638912,False
1785318993.519992,08:00:27:8a:0d:75,0.10106695228638912,False
1785318993.519992,08:00:27:a5:9e:2d,0.10106695228638912,False
1785319003.519992,08:00:27:5a:87:bc,0.10106695228638912,False
1785319003.519992,08:00:27:8a:0d:75,0.10106695228638912,False
1785319003.519992,08:00:27:a5:9e:2d,0.10106695228638912,False
1785319013.519992,08:00:27:5a:87:bc,0.10106695228638912,False
1785319013.519992,08:00:27:8a:0d:75,0.10106695228638912,False
1785319013.519992,08:00:27:a5:9e:2d,0.10106695228638912,False
1785319023.519992,08:00:27:5a:87:bc,0.10106695228638912,False
1785319023.519992,08:00:27:8a:0d:75,0.10106695228638912,False
1785319023.519992,08:00:27:a5:9e:2d,0.10106695228638912,False
1785319033.519992,08:00:27:5a:87:bc,0.10106695228638912,False
1785319033.519992,08:00:27:8a:0d:75,0.10106695228638912,False
1785319033.519992,08:00:27:a5:9e:2d,0.10106695228638912,False
1785319043.519992,08:00:27:5a:87:bc,0.10106695228638912,False
1785319043.519992,08:00:27:8a:0d:75,0.10106695228638912,False
1785319043.519992,08:00:27:a5:9e:2d,0.10106695228638912,False
1785319053.519992,08:00:27:5a:87:bc,0.10106695228638912,False
1785319053.519992,08:00:27:8a:0d:75,0.10106695228638912,False
1785319053.519992,08:00:27:a5:9e:2d,0.10106695228638912,False
1785319063.519992,08:00:27:5a:87:bc,0.10106695228638912,False
1785319063.519992,08:00:27:8a:0d:75,0.10106695228638912,False
1785319063.519992,08:00:27:a5:9e:2d,0.10106695228638912,False
1785319073.519992,08:00:27:5a:87:bc,0.10106695228638912,False
1785319073.519992,08:00:27:8a:0d:75,0.10106695228638912,False
1785319073.519992,08:00:27:a5:9e:2d,0.10106695228638912,False
1785319083.519992,08:00:27:5a:87:bc,0.10106695228638912,False
1785319083.519992,08:00:27:8a:0d:75,0.10106695228638912,False
1785319083.519992,08:00:27:a5:9e:2d,0.10106695228638912,False
1785319093.519992,08:00:27:5a:87:bc,0.10106695228638912,False
1785319093.519992,08:00:27:8a:0d:75,0.10106695228638912,False
1785319093.519992,08:00:27:a5:9e:2d,0.10106695228638912,False
1785319103.519992,08:00:27:5a:87:bc,0.10106695228638912,False
1785319103.519992,08:00:27:8a:0d:75,0.10106695228638912,False
1785319103.519992,08:00:27:a5:9e:2d,0.10106695228638912,False
1785319113.519992,08:00:27:5a:87:bc,0.10106695228638912,False
1785319113.519992,08:00:27:8a:0d:75,0.10106695228638912,False
1785319113.519992,08:00:27:a5:9e:2d,0.10106695228638912,False
1785319123.519992,08:00:27:5a:87:bc,0.10106695228638912,False
1785319123.519992,08:00:27:8a:0d:75,0.10106695228638912,False
1785319123.519992,08:00:27:a5:9e:2d,0.10106695228638912,False
1785319133.519992,08:00:27:5a:87:bc,0.10106695228638912,False
1785319133.519992,08:00:27:8a:0d:75,0.10106695228638912,False
1785319133.519992,08:00:27:a5:9e:2d,0.10106695228638912,False
1785319143.519992,08:00:27:5a:87:bc,0.10106695228638912,False
1785319143.519992,08:00:27:8a:0d:75,0.10106695228638912,False
1785319143.519992,08:00:27:a5:9e:2d,0.10106695228638912,False
1785319153.519992,08:00:27:5a:87:bc,0.10106695228638912,False
1785319153.519992,08:00:27:8a:0d:75,0.10106695228638912,False
1785319153.519992,08:00:27:a5:9e:2d,0.10106695228638912,False
1785319163.519992,08:00:27:5a:87:bc,0.10106695228638912,False
1785319163.519992,08:00:27:8a:0d:75,0.10106695228638912,False
1785319163.519992,08:00:27:a5:9e:2d,0.10106695228638912,False
1785319173.519992,08:00:27:5a:87:bc,0.10106695228638912,False
1785319173.519992,08:00:27:8a:0d:75,0.10106695228638912,False
1785319173.519992,08:00:27:a5:9e:2d,0.10106695228638912,False
1785319183.519992,08:00:27:5a:87:bc,0.10106695228638912,False
1785319183.519992,08:00:27:8a:0d:75,0.10106695228638912,False
1785319183.519992,08:00:27:a5:9e:2d,0.10106695228638912,False
1785319193.519992,08:00:27:5a:87:bc,0.10106695228638912,False
1785319193.519992,08:00:27:8a:0d:75,0.10106695228638912,False
1785319193.519992,08:00:27:a5:9e:2d,0.10106695228638912,False
1785319203.519992,08:00:27:5a:87:bc,0.10106695228638912,False
1785319203.519992,08:00:27:8a:0d:75,0.10106695228638912,False
1785319203.519992,08:00:27:a5:9e:2d,0.10106695228638912,False
1785319213.519992,08:00:27:5a:87:bc,0.10106695228638912,False
1785319213.519992,08:00:27:8a:0d:75,0.10106695228638912,False
1785319213.519992,08:00:27:a5:9e:2d,0.10106695228638912,False
1785319223.519992,08:00:27:5a:87:bc,0.10106695228638912,False
1785319223.519992,08:00:27:8a:0d:75,0.10106695228638912,False
1785319223.519992,08:00:27:a5:9e:2d,0.10106695228638912,False
1785319233.519992,08:00:27:5a:87:bc,0.10106695228638912,False
1785319233.519992,08:00:27:8a:0d:75,0.10106695228638912,False
1785319233.519992,08:00:27:a5:9e:2d,0.10106695228638912,False
1785319243.519992,08:00:27:5a:87:bc,0.10106695228638912,False
1785319243.519992,08:00:27:8a:0d:75,0.10106695228638912,False
1785319243.519992,08:00:27:a5:9e:2d,0.10106695228638912,False
1785319253.519992,08:00:27:5a:87:bc,0.10106695228638912,False
1785319253.519992,08:00:27:8a:0d:75,0.10106695228638912,False
1785319253.519992,08:00:27:a5:9e:2d,0.10106695228638912,False
1785319263.519992,08:00:27:5a:87:bc,0.10106695228638912,False
1785319263.519992,08:00:27:8a:0d:75,0.10106695228638912,False
1785319263.519992,08:00:27:a5:9e:2d,0.10106695228638912,False
1785319273.519992,08:00:27:5a:87:bc,0.10106695228638912,False
1785319273.519992,08:00:27:8a:0d:75,0.10106695228638912,False
1785319273.519992,08:00:27:a5:9e:2d,0.10106695228638912,False
1785319283.519992,08:00:27:5a:87:bc,0.10106695228638912,False
1785319283.519992,08:00:27:8a:0d:75,0.10106695228638912,False
1785319283.519992,08:00:27:a5:9e:2d,0.10106695228638912,False
1785319293.519992,08:00:27:5a:87:bc,0.10106695228638912,False
1785319293.519992,08:00:27:8a:0d:75,0.10106695228638912,False
1785319293.519992,08:00:27:a5:9e:2d,0.10106695228638912,False
1785319303.519992,08:00:27:5a:87:bc,0.10106695228638912,False
1785319303.519992,08:00:27:8a:0d:75,0.10106695228638912,False
1785319303.519992,08:00:27:a5:9e:2d,0.10106695228638912,False
1785319313.519992,08:00:27:5a:87:bc,0.10106695228638912,False
1785319313.519992,08:00:27:8a:0d:75,0.10106695228638912,False
1785319313.519992,08:00:27:a5:9e:2d,0.10106695228638912,False
1785319323.519992,08:00:27:5a:87:bc,0.10106695228638912,False
1785319323.519992,08:00:27:8a:0d:75,0.10106695228638912,False
1785319323.519992,08:00:27:a5:9e:2d,0.10106695228638912,False
1785319333.519992,08:00:27:5a:87:bc,0.10106695228638912,False
1785319333.519992,08:00:27:8a:0d:75,0.10106695228638912,False
1785319333.519992,08:00:27:a5:9e:2d,0.10106695228638912,False
1785319343.519992,08:00:27:5a:87:bc,0.10106695228638912,False
1785319343.519992,08:00:27:8a:0d:75,0.10106695228638912,False
1785319343.519992,08:00:27:a5:9e:2d,0.10106695228638912,False
1785319353.519992,08:00:27:5a:87:bc,0.10106695228638912,False
1785319353.519992,08:00:27:8a:0d:75,0.10106695228638912,False
1785319353.519992,08:00:27:a5:9e:2d,0.10106695228638912,False
1785319363.519992,08:00:27:5a:87:bc,0.10106695228638912,False
1785319363.519992,08:00:27:8a:0d:75,0.10106695228638912,False
1785319363.519992,08:00:27:a5:9e:2d,0.10106695228638912,False
1785319373.519992,08:00:27:5a:87:bc,0.10106695228638912,False
1785319373.519992,08:00:27:8a:0d:75,0.10106695228638912,False
1785319373.519992,08:00:27:a5:9e:2d,0.10106695228638912,False
1785319383.519992,08:00:27:5a:87:bc,0.10106695228638912,False
1785319383.519992,08:00:27:8a:0d:75,0.10106695228638912,False
1785319383.519992,08:00:27:a5:9e:2d,0.10106695228638912,False
1785319393.519992,08:00:27:5a:87:bc,0.10106695228638912,False
1785319393.519992,08:00:27:8a:0d:75,0.10106695228638912,False
1785319393.519992,08:00:27:a5:9e:2d,0.10106695228638912,False
1785319403.519992,08:00:27:5a:87:bc,0.10106695228638912,False
1785319403.519992,08:00:27:8a:0d:75,0.10106695228638912,False
1785319403.519992,08:00:27:a5:9e:2d,0.10106695228638912,False
1785319413.519992,08:00:27:5a:87:bc,0.10106695228638912,False
1785319413.519992,08:00:27:8a:0d:75,0.10106695228638912,False
1785319413.519992,08:00:27:a5:9e:2d,0.10106695228638912,False
1785319423.519992,08:00:27:5a:87:bc,0.10106695228638912,False
1785319423.519992,08:00:27:8a:0d:75,0.10106695228638912,False
1785319423.519992,08:00:27:a5:9e:2d,0.10106695228638912,False
1785319433.519992,08:00:27:5a:87:bc,0.10106695228638912,False
1785319433.519992,08:00:27:8a:0d:75,0.10106695228638912,False
1785319433.519992,08:00:27:a5:9e:2d,0.10106695228638912,False
1785319443.519992,08:00:27:5a:87:bc,0.10106695228638912,False
1785319443.519992,08:00:27:8a:0d:75,0.10106695228638912,False
1785319443.519992,08:00:27:a5:9e:2d,0.10106695228638912,False
1785319453.519992,08:00:27:5a:87:bc,0.10106695228638912,False
1785319453.519992,08:00:27:8a:0d:75,0.10106695228638912,False
1785319453.519992,08:00:27:a5:9e:2d,0.10106695228638912,False
1785319463.519992,08:00:27:5a:87:bc,0.10106695228638912,False
1785319463.519992,08:00:27:8a:0d:75,0.10106695228638912,False
1785319463.519992,08:00:27:a5:9e:2d,0.10106695228638912,False
1785319473.519992,08:00:27:5a:87:bc,0.10106695228638912,False
1785319473.519992,08:00:27:8a:0d:75,0.10106695228638912,False
1785319473.519992,08:00:27:a5:9e:2d,0.10106695228638912,False
1785319483.519992,08:00:27:5a:87:bc,0.10106695228638912,False
1785319483.519992,08:00:27:8a:0d:75,0.10106695228638912,False
1785319483.519992,08:00:27:a5:9e:2d,0.10106695228638912,False
1785319493.519992,08:00:27:5a:87:bc,0.10106695228638912,False
1785319493.519992,08:00:27:8a:0d:75,0.10106695228638912,False
1785319493.519992,08:00:27:a5:9e:2d,0.10106695228638912,False
1785319503.519992,08:00:27:5a:87:bc,0.10106695228638912,False
1785319503.519992,08:00:27:8a:0d:75,0.10106695228638912,False
1785319503.519992,08:00:27:a5:9e:2d,0.10106695228638912,False
1785319513.519992,08:00:27:5a:87:bc,0.10106695228638912,False
1785319513.519992,08:00:27:8a:0d:75,0.10106695228638912,False
1785319513.519992,08:00:27:a5:9e:2d,0.10106695228638912,False
1785319523.519992,08:00:27:5a:87:bc,0.10106695228638912,False
1785319523.519992,08:00:27:8a:0d:75,0.10106695228638912,False
1785319523.519992,08:00:27:a5:9e:2d,0.10106695228638912,False
1785319533.519992,08:00:27:5a:87:bc,0.10106695228638912,False
1785319533.519992,08:00:27:8a:0d:75,0.10106695228638912,False
1785319533.519992,08:00:27:a5:9e:2d,0.10106695228638912,False
1785319543.519992,08:00:27:5a:87:bc,0.10106695228638912,False
1785319543.519992,08:00:27:8a:0d:75,0.10106695228638912,False
1785319543.519992,08:00:27:a5:9e:2d,0.10106695228638912,False
1785319553.519992,08:00:27:5a:87:bc,0.10106695228638912,False
1785319553.519992,08:00:27:8a:0d:75,0.10106695228638912,False
1785319553.519992,08:00:27:a5:9e:2d,0.10106695228638912,False
1785319563.519992,08:00:27:5a:87:bc,0.10106695228638912,False
1785319563.519992,08:00:27:8a:0d:75,0.10106695228638912,False
1785319563.519992,08:00:27:a5:9e:2d,0.10106695228638912,False
1785319573.519992,08:00:27:5a:87:bc,0.10106695228638912,False
1785319573.519992,08:00:27:8a:0d:75,0.10106695228638912,False
1785319573.519992,08:00:27:a5:9e:2d,0.10106695228638912,False
1785319583.519992,08:00:27:5a:87:bc,0.10106695228638912,False
1785319583.519992,08:00:27:8a:0d:75,0.10106695228638912,False
1785319583.519992,08:00:27:a5:9e:2d,0.10106695228638912,False
1785319593.519992,08:00:27:5a:87:bc,0.10106695228638912,False
1785319593.519992,08:00:27:8a:0d:75,0.10106695228638912,False
1785319593.519992,08:00:27:a5:9e:2d,0.10106695228638912,False
1785319603.519992,08:00:27:5a:87:bc,0.10106695228638912,False
1785319603.519992,08:00:27:8a:0d:75,0.10106695228638912,False
1785319603.519992,08:00:27:a5:9e:2d,0.10106695228638912,False
1785319613.519992,08:00:27:5a:87:bc,0.10106695228638912,False
1785319613.519992,08:00:27:8a:0d:75,0.10106695228638912,False
1785319613.519992,08:00:27:a5:9e:2d,0.10106695228638912,False
1785319623.519992,08:00:27:5a:87:bc,0.10106695228638912,False
1785319623.519992,08:00:27:8a:0d:75,0.10106695228638912,False
1785319623.519992,08:00:27:a5:9e:2d,0.10106695228638912,False
1785319633.519992,08:00:27:5a:87:bc,0.10106695228638912,False
1785319633.519992,08:00:27:8a:0d:75,0.10106695228638912,False
1785319633.519992,08:00:27:a5:9e:2d,0.10106695228638912,False
1785319643.519992,08:00:27:5a:87:bc,0.10106695228638912,False
1785319643.519992,08:00:27:8a:0d:75,0.10106695228638912,False
1785319643.519992,08:00:27:a5:9e:2d,0.10106695228638912,False
1785319653.519992,08:00:27:5a:87:bc,0.10106695228638912,False
1785319653.519992,08:00:27:8a:0d:75,0.10106695228638912,False
1785319653.519992,08:00:27:a5:9e:2d,0.10106695228638912,False
1785319663.519992,08:00:27:5a:87:bc,0.10106695228638912,False
1785319663.519992,08:00:27:8a:0d:75,0.10106695228638912,False
1785319663.519992,08:00:27:a5:9e:2d,0.10106695228638912,False
1785319673.519992,08:00:27:5a:87:bc,0.10106695228638912,False
1785319673.519992,08:00:27:8a:0d:75,0.10106695228638912,False
1785319673.519992,08:00:27:a5:9e:2d,0.10106695228638912,False
1785319683.519992,08:00:27:5a:87:bc,0.10106695228638912,False
1785319683.519992,08:00:27:8a:0d:75,0.10106695228638912,False
1785319683.519992,08:00:27:a5:9e:2d,0.10106695228638912,False
1785319693.519992,08:00:27:5a:87:bc,0.10106695228638912,False
1785319693.519992,08:00:27:8a:0d:75,0.10106695228638912,False
1785319693.519992,08:00:27:a5:9e:2d,0.10106695228638912,False
1785319703.519992,08:00:27:5a:87:bc,0.10106695228638912,False
1785319703.519992,08:00:27:8a:0d:75,0.10106695228638912,False
1785319703.519992,08:00:27:a5:9e:2d,0.10106695228638912,False
1785319713.519992,08:00:27:5a:87:bc,0.10106695228638912,False
1785319713.519992,08:00:27:8a:0d:75,0.10106695228638912,False
1785319713.519992,08:00:27:a5:9e:2d,0.10106695228638912,False
1785319723.519992,08:00:27:5a:87:bc,0.10106695228638912,False
1785319723.519992,08:00:27:8a:0d:75,0.10106695228638912,False
1785319723.519992,08:00:27:a5:9e:2d,0.10106695228638912,False
1785319733.519992,08:00:27:5a:87:bc,0.10106695228638912,False
1785319733.519992,08:00:27:8a:0d:75,0.10106695228638912,False
1785319733.519992,08:00:27:a5:9e:2d,0.10106695228638912,False
1785319743.519992,08:00:27:5a:87:bc,0.10106695228638912,False
1785319743.519992,08:00:27:8a:0d:75,0.10106695228638912,False
1785319743.519992,08:00:27:a5:9e:2d,0.10106695228638912,False
1785319753.519992,08:00:27:5a:87:bc,0.10106695228638912,False
1785319753.519992,08:00:27:8a:0d:75,0.10106695228638912,False
1785319753.519992,08:00:27:a5:9e:2d,0.10106695228638912,False
1785319763.519992,08:00:27:5a:87:bc,0.10106695228638912,False
1785319763.519992,08:00:27:8a:0d:75,0.10106695228638912,False
1785319763.519992,08:00:27:a5:9e:2d,0.10106695228638912,False
1785319773.519992,08:00:27:5a:87:bc,0.10106695228638912,False
1785319773.519992,08:00:27:8a:0d:75,0.10106695228638912,False
1785319773.519992,08:00:27:a5:9e:2d,0.10106695228638912,False
1785319783.519992,08:00:27:5a:87:bc,0.10106695228638912,False
1785319783.519992,08:00:27:8a:0d:75,0.10106695228638912,False
1785319783.519992,08:00:27:a5:9e:2d,0.10106695228638912,False
1785319793.519992,08:00:27:5a:87:bc,0.10106695228638912,False
1785319793.519992,08:00:27:8a:0d:75,0.10106695228638912,False
1785319793.519992,08:00:27:a5:9e:2d,0.10106695228638912,False
1785319803.519992,08:00:27:5a:87:bc,0.10106695228638912,False
1785319803.519992,08:00:27:8a:0d:75,0.10106695228638912,False
1785319803.519992,08:00:27:a5:9e:2d,0.10106695228638912,False
1785319813.519992,08:00:27:5a:87:bc,0.10106695228638912,False
1785319813.519992,08:00:27:8a:0d:75,0.10106695228638912,False
1785319813.519992,08:00:27:a5:9e:2d,0.10106695228638912,False
1785319823.519992,08:00:27:5a:87:bc,0.10106695228638912,False
1785319823.519992,08:00:27:8a:0d:75,0.10106695228638912,False
1785319823.519992,08:00:27:a5:9e:2d,0.10106695228638912,False
1785319833.519992,08:00:27:5a:87:bc,0.10106695228638912,False
1785319833.519992,08:00:27:8a:0d:75,0.10106695228638912,False
1785319833.519992,08:00:27:a5:9e:2d,0.10106695228638912,False
1785319843.519992,08:00:27:5a:87:bc,0.10106695228638912,False
1785319843.519992,08:00:27:8a:0d:75,0.10106695228638912,False
1785319843.519992,08:00:27:a5:9e:2d,0.10106695228638912,False
1785319853.519992,08:00:27:5a:87:bc,0.10106695228638912,False
1785319853.519992,08:00:27:8a:0d:75,0.10106695228638912,False
1785319853.519992,08:00:27:a5:9e:2d,0.10106695228638912,False
1785319863.519992,08:00:27:5a:87:bc,0.10106695228638912,False
1785319863.519992,08:00:27:8a:0d:75,0.10106695228638912,False
1785319863.519992,08:00:27:a5:9e:2d,0.10106695228638912,False
1785319873.519992,08:00:27:5a:87:bc,0.10106695228638912,False
1785319873.519992,08:00:27:8a:0d:75,0.10106695228638912,False
1785319873.519992,08:00:27:a5:9e:2d,0.10106695228638912,False
1785319883.519992,08:00:27:5a:87:bc,0.10106695228638912,False
1785319883.519992,08:00:27:8a:0d:75,0.10106695228638912,False
1785319883.519992,08:00:27:a5:9e:2d,0.10106695228638912,False
1785319893.519992,08:00:27:5a:87:bc,0.10106695228638912,False
1785319893.519992,08:00:27:8a:0d:75,0.10106695228638912,False
1785319893.519992,08:00:27:a5:9e:2d,0.10106695228638912,False
1785319903.519992,08:00:27:5a:87:bc,0.10106695228638912,False
1785319903.519992,08:00:27:8a:0d:75,0.10106695228638912,False
1785319903.519992,08:00:27:a5:9e:2d,0.10106695228638912,False
1785319913.519992,08:00:27:5a:87:bc,0.10106695228638912,False
1785319913.519992,08:00:27:8a:0d:75,0.10106695228638912,False
1785319913.519992,08:00:27:a5:9e:2d,0.10106695228638912,False
1785319923.519992,08:00:27:5a:87:bc,0.10106695228638912,False
1785319923.519992,08:00:27:8a:0d:75,0.10106695228638912,False
1785319923.519992,08:00:27:a5:9e:2d,0.10106695228638912,False
1785319933.519992,08:00:27:5a:87:bc,0.10106695228638912,False
1785319933.519992,08:00:27:8a:0d:75,0.10106695228638912,False
1785319933.519992,08:00:27:a5:9e:2d,0.10106695228638912,False
1785319943.519992,08:00:27:5a:87:bc,0.10106695228638912,False
1785319943.519992,08:00:27:8a:0d:75,0.10106695228638912,False
1785319943.519992,08:00:27:a5:9e:2d,0.10106695228638912,False
1785319953.519992,08:00:27:5a:87:bc,0.10106695228638912,False
1785319953.519992,08:00:27:8a:0d:75,0.10106695228638912,False
1785319953.519992,08:00:27:a5:9e:2d,0.10106695228638912,False
1785319963.519992,08:00:27:5a:87:bc,0.10106695228638912,False
1785319963.519992,08:00:27:8a:0d:75,0.10106695228638912,False
1785319963.519992,08:00:27:a5:9e:2d,0.10106695228638912,False
1785319973.519992,08:00:27:5a:87:bc,0.10106695228638912,False
1785319973.519992,08:00:27:8a:0d:75,0.10106695228638912,False
1785319973.519992,08:00:27:a5:9e:2d,0.10106695228638912,False
1785319983.519992,08:00:27:5a:87:bc,0.10106695228638912,False
1785319983.519992,08:00:27:8a:0d:75,0.10106695228638912,False
1785319983.519992,08:00:27:a5:9e:2d,0.10106695228638912,False
1785319993.519992,08:00:27:5a:87:bc,0.10106695228638912,False
1785319993.519992,08:00:27:8a:0d:75,0.10106695228638912,False
1785319993.519992,08:00:27:a5:9e:2d,0.10106695228638912,False
1785320003.519992,08:00:27:5a:87:bc,0.10106695228638912,False
1785320003.519992,08:00:27:8a:0d:75,0.10106695228638912,False
1785320003.519992,08:00:27:a5:9e:2d,0.10106695228638912,False
1785320013.519992,08:00:27:5a:87:bc,0.10106695228638912,False
1785320013.519992,08:00:27:8a:0d:75,0.10106695228638912,False
1785320013.519992,08:00:27:a5:9e:2d,0.10106695228638912,False
1785320023.519992,08:00:27:5a:87:bc,0.10106695228638912,False
1785320023.519992,08:00:27:8a:0d:75,0.10106695228638912,False
1785320023.519992,08:00:27:a5:9e:2d,0.10106695228638912,False
1785320033.519992,08:00:27:5a:87:bc,0.10106695228638912,False
1785320033.519992,08:00:27:8a:0d:75,0.10106695228638912,False
1785320033.519992,08:00:27:a5:9e:2d,0.10106695228638912,False
1785320043.519992,08:00:27:5a:87:bc,0.10106695228638912,False
1785320043.519992,08:00:27:8a:0d:75,0.10106695228638912,False
1785320043.519992,08:00:27:a5:9e:2d,0.10106695228638912,False
1785320053.519992,08:00:27:5a:87:bc,0.10106695228638912,False
1785320053.519992,08:00:27:8a:0d:75,0.10106695228638912,False
1785320053.519992,08:00:27:a5:9e:2d,0.10106695228638912,False
1785320063.519992,08:00:27:5a:87:bc,0.10106695228638912,False
1785320063.519992,08:00:27:8a:0d:75,0.10106695228638912,False
1785320063.519992,08:00:27:a5:9e:2d,0.10106695228638912,False
1785320073.519992,08:00:27:5a:87:bc,0.10106695228638912,False
1785320073.519992,08:00:27:8a:0d:75,0.10106695228638912,False
1785320073.519992,08:00:27:a5:9e:2d,0.10106695228638912,False
1785320083.519992,08:00:27:5a:87:bc,0.10106695228638912,False
1785320083.519992,08:00:27:8a:0d:75,0.10106695228638912,False
1785320083.519992,08:00:27:a5:9e:2d,0.10106695228638912,False
1785320093.519992,08:00:27:5a:87:bc,0.10106695228638912,False
1785320093.519992,08:00:27:8a:0d:75,0.10106695228638912,False
1785320093.519992,08:00:27:a5:9e:2d,0.10106695228638912,False
1785320103.519992,08:00:27:5a:87:bc,0.10106695228638912,False
1785320103.519992,08:00:27:8a:0d:75,0.10106695228638912,False
1785320103.519992,08:00:27:a5:9e:2d,0.10106695228638912,False
1785320113.519992,08:00:27:5a:87:bc,0.10106695228638912,False
1785320113.519992,08:00:27:8a:0d:75,0.10106695228638912,False
1785320113.519992,08:00:27:a5:9e:2d,0.10106695228638912,False
1785320123.519992,08:00:27:5a:87:bc,0.10106695228638912,False
1785320123.519992,08:00:27:8a:0d:75,0.10106695228638912,False
1785320123.519992,08:00:27:a5:9e:2d,0.10106695228638912,False
1785320133.519992,08:00:27:5a:87:bc,0.10106695228638912,False
1785320133.519992,08:00:27:8a:0d:75,0.10106695228638912,False
1785320133.519992,08:00:27:a5:9e:2d,0.10106695228638912,False
1785320143.519992,08:00:27:5a:87:bc,0.10106695228638912,False
1785320143.519992,08:00:27:8a:0d:75,0.10106695228638912,False
1785320143.519992,08:00:27:a5:9e:2d,0.10106695228638912,False
1785320153.519992,08:00:27:5a:87:bc,0.10106695228638912,False
1785320153.519992,08:00:27:8a:0d:75,0.10106695228638912,False
1785320153.519992,08:00:27:a5:9e:2d,0.10106695228638912,False
1785320163.519992,08:00:27:5a:87:bc,0.10106695228638912,False
1785320163.519992,08:00:27:8a:0d:75,0.10106695228638912,False
1785320163.519992,08:00:27:a5:9e:2d,0.10106695228638912,False
1785320173.519992,08:00:27:5a:87:bc,0.10106695228638912,False
1785320173.519992,08:00:27:8a:0d:75,0.10106695228638912,False
1785320173.519992,08:00:27:a5:9e:2d,0.10106695228638912,False
1785320183.519992,08:00:27:5a:87:bc,0.10106695228638912,False
1785320183.519992,08:00:27:8a:0d:75,0.10106695228638912,False
1785320183.519992,08:00:27:a5:9e:2d,0.10106695228638912,False
1785320193.519992,08:00:27:5a:87:bc,0.10106695228638912,False
1785320193.519992,08:00:27:8a:0d:75,0.10106695228638912,False
1785320193.519992,08:00:27:a5:9e:2d,0.10106695228638912,False
1785320203.519992,08:00:27:5a:87:bc,0.10106695228638912,False
1785320203.519992,08:00:27:8a:0d:75,0.10106695228638912,False
1785320203.519992,08:00:27:a5:9e:2d,0.10106695228638912,False
1785320213.519992,08:00:27:5a:87:bc,0.10106695228638912,False
1785320213.519992,08:00:27:8a:0d:75,0.10106695228638912,False
1785320213.519992,08:00:27:a5:9e:2d,0.10106695228638912,False
1785320223.519992,08:00:27:5a:87:bc,0.10106695228638912,False
1785320223.519992,08:00:27:8a:0d:75,0.10106695228638912,False
1785320223.519992,08:00:27:a5:9e:2d,0.10106695228638912,False
1785320233.519992,08:00:27:5a:87:bc,0.10106695228638912,False
1785320233.519992,08:00:27:8a:0d:75,0.10106695228638912,False
1785320233.519992,08:00:27:a5:9e:2d,0.10106695228638912,False
1785320243.519992,08:00:27:5a:87:bc,0.10106695228638912,False
1785320243.519992,08:00:27:8a:0d:75,0.10106695228638912,False
1785320243.519992,08:00:27:a5:9e:2d,0.10106695228638912,False
1785320253.519992,08:00:27:5a:87:bc,0.10106695228638912,False
1785320253.519992,08:00:27:8a:0d:75,0.10106695228638912,False
1785320253.519992,08:00:27:a5:9e:2d,0.10106695228638912,False
1785320263.519992,08:00:27:5a:87:bc,0.10106695228638912,False
1785320263.519992,08:00:27:8a:0d:75,0.10106695228638912,False
1785320263.519992,08:00:27:a5:9e:2d,0.10106695228638912,False
1785320273.519992,08:00:27:5a:87:bc,0.10106695228638912,False
1785320273.519992,08:00:27:8a:0d:75,0.10106695228638912,False
1785320273.519992,08:00:27:a5:9e:2d,0.10106695228638912,False
1785320283.519992,08:00:27:5a:87:bc,0.10106695228638912,False
1785320283.519992,08:00:27:8a:0d:75,0.10106695228638912,False
1785320283.519992,08:00:27:a5:9e:2d,0.10106695228638912,False
1785320293.519992,08:00:27:5a:87:bc,0.10106695228638912,False
1785320293.519992,08:00:27:8a:0d:75,0.10106695228638912,False
1785320293.519992,08:00:27:a5:9e:2d,0.10106695228638912,False
1785320303.519992,08:00:27:5a:87:bc,0.10106695228638912,False
1785320303.519992,08:00:27:8a:0d:75,0.10106695228638912,False
1785320303.519992,08:00:27:a5:9e:2d,0.10106695228638912,False
1785320313.519992,08:00:27:5a:87:bc,0.10106695228638912,False
1785320313.519992,08:00:27:8a:0d:75,0.10106695228638912,False
1785320313.519992,08:00:27:a5:9e:2d,0.10106695228638912,False
1785320323.519992,08:00:27:5a:87:bc,0.10106695228638912,False
1785320323.519992,08:00:27:8a:0d:75,0.10106695228638912,False
1785320323.519992,08:00:27:a5:9e:2d,0.10106695228638912,False
1785320333.519992,08:00:27:5a:87:bc,0.10106695228638912,False
1785320333.519992,08:00:27:8a:0d:75,0.10106695228638912,False
1785320333.519992,08:00:27:a5:9e:2d,0.10106695228638912,False
1785320343.519992,08:00:27:5a:87:bc,0.10106695228638912,False
1785320343.519992,08:00:27:8a:0d:75,0.10106695228638912,False
1785320343.519992,08:00:27:a5:9e:2d,0.10106695228638912,False
1785320353.519992,08:00:27:5a:87:bc,0.10106695228638912,False
1785320353.519992,08:00:27:8a:0d:75,0.10106695228638912,False
1785320353.519992,08:00:27:a5:9e:2d,0.10106695228638912,False
1785320363.519992,08:00:27:5a:87:bc,0.10106695228638912,False
1785320363.519992,08:00:27:8a:0d:75,0.10106695228638912,False
1785320363.519992,08:00:27:a5:9e:2d,0.10106695228638912,False
1785320373.519992,08:00:27:5a:87:bc,0.10106695228638912,False
1785320373.519992,08:00:27:8a:0d:75,0.10106695228638912,False
1785320373.519992,08:00:27:a5:9e:2d,0.10106695228638912,False
1785320383.519992,08:00:27:5a:87:bc,0.10106695228638912,False
1785320383.519992,08:00:27:8a:0d:75,0.10106695228638912,False
1785320383.519992,08:00:27:a5:9e:2d,0.10106695228638912,False
1785320393.519992,08:00:27:5a:87:bc,0.10106695228638912,False
1785320393.519992,08:00:27:8a:0d:75,0.10106695228638912,False
1785320393.519992,08:00:27:a5:9e:2d,0.10106695228638912,False
1785320403.519992,08:00:27:5a:87:bc,0.10106695228638912,False
1785320403.519992,08:00:27:8a:0d:75,0.10106695228638912,False
1785320403.519992,08:00:27:a5:9e:2d,0.10106695228638912,False
1785320413.519992,08:00:27:5a:87:bc,0.10106695228638912,False
1785320413.519992,08:00:27:8a:0d:75,0.10106695228638912,False
1785320413.519992,08:00:27:a5:9e:2d,0.10106695228638912,False
1785320423.519992,08:00:27:5a:87:bc,0.10106695228638912,False
1785320423.519992,08:00:27:8a:0d:75,0.10106695228638912,False
1785320423.519992,08:00:27:a5:9e:2d,0.10106695228638912,False
1785320433.519992,08:00:27:5a:87:bc,0.10106695228638912,False
1785320433.519992,08:00:27:8a:0d:75,0.10106695228638912,False
1785320433.519992,08:00:27:a5:9e:2d,0.10106695228638912,False
1785320443.519992,08:00:27:5a:87:bc,0.10106695228638912,False
1785320443.519992,08:00:27:8a:0d:75,0.10106695228638912,False
1785320443.519992,08:00:27:a5:9e:2d,0.10106695228638912,False
1785320453.519992,08:00:27:5a:87:bc,0.10106695228638912,False
1785320453.519992,08:00:27:8a:0d:75,0.10106695228638912,False
1785320453.519992,08:00:27:a5:9e:2d,0.10106695228638912,False
1785320463.519992,08:00:27:5a:87:bc,0.10106695228638912,False
1785320463.519992,08:00:27:8a:0d:75,0.10106695228638912,False
1785320463.519992,08:00:27:a5:9e:2d,0.10106695228638912,False
1785320473.519992,08:00:27:5a:87:bc,0.10106695228638912,False
1785320473.519992,08:00:27:8a:0d:75,0.10106695228638912,False
1785320473.519992,08:00:27:a5:9e:2d,0.10106695228638912,False
1785320483.519992,08:00:27:5a:87:bc,0.10106695228638912,False
1785320483.519992,08:00:27:8a:0d:75,0.10106695228638912,False
1785320483.519992,08:00:27:a5:9e:2d,0.10106695228638912,False
1785320493.519992,08:00:27:5a:87:bc,0.10106695228638912,False
1785320493.519992,08:00:27:8a:0d:75,0.10106695228638912,False
1785320493.519992,08:00:27:a5:9e:2d,0.10106695228638912,False
1785320503.519992,08:00:27:5a:87:bc,0.10106695228638912,False
1785320503.519992,08:00:27:8a:0d:75,0.10106695228638912,False
1785320503.519992,08:00:27:a5:9e:2d,0.10106695228638912,False
1785320513.519992,08:00:27:5a:87:bc,0.10106695228638912,False
1785320513.519992,08:00:27:8a:0d:75,0.10106695228638912,False
1785320513.519992,08:00:27:a5:9e:2d,0.10106695228638912,False
1785320523.519992,08:00:27:5a:87:bc,0.10106695228638912,False
1785320523.519992,08:00:27:8a:0d:75,0.10106695228638912,False
1785320523.519992,08:00:27:a5:9e:2d,0.10106695228638912,False
1785320533.519992,08:00:27:5a:87:bc,0.10106695228638912,False
1785320533.519992,08:00:27:8a:0d:75,0.10106695228638912,False
1785320533.519992,08:00:27:a5:9e:2d,0.10106695228638912,False
1785320543.519992,08:00:27:5a:87:bc,0.10106695228638912,False
1785320543.519992,08:00:27:8a:0d:75,0.10106695228638912,False
1785320543.519992,08:00:27:a5:9e:2d,0.10106695228638912,False
1785320553.519992,08:00:27:5a:87:bc,0.10106695228638912,False
1785320553.519992,08:00:27:8a:0d:75,0.10106695228638912,False
1785320553.519992,08:00:27:a5:9e:2d,0.10106695228638912,False
1785320563.519992,08:00:27:5a:87:bc,0.10106695228638912,False
1785320563.519992,08:00:27:8a:0d:75,0.10106695228638912,False
1785320563.519992,08:00:27:a5:9e:2d,0.10106695228638912,False
1785320573.519992,08:00:27:5a:87:bc,0.10106695228638912,False
1785320573.519992,08:00:27:8a:0d:75,0.10106695228638912,False
1785320573.519992,08:00:27:a5:9e:2d,0.10106695228638912,False
1785320583.519992,08:00:27:5a:87:bc,0.10106695228638912,False
1785320583.519992,08:00:27:8a:0d:75,0.10106695228638912,False
1785320583.519992,08:00:27:a5:9e:2d,0.10106695228638912,False
1785320593.519992,08:00:27:5a:87:bc,0.10106695228638912,False
1785320593.519992,08:00:27:8a:0d:75,0.10106695228638912,False
1785320593.519992,08:00:27:a5:9e:2d,0.10106695228638912,False
1785320603.519992,08:00:27:5a:87:bc,0.10106695228638912,False
1785320603.519992,08:00:27:8a:0d:75,0.10106695228638912,False
1785320603.519992,08:00:27:a5:9e:2d,0.10106695228638912,False
1785320613.519992,08:00:27:5a:87:bc,0.10106695228638912,False
1785320613.519992,08:00:27:8a:0d:75,0.10106695228638912,False
1785320613.519992,08:00:27:a5:9e:2d,0.10106695228638912,False
1785320623.519992,08:00:27:5a:87:bc,0.10106695228638912,False
1785320623.519992,08:00:27:8a:0d:75,0.10106695228638912,False
1785320623.519992,08:00:27:a5:9e:2d,0.10106695228638912,False
1785320633.519992,08:00:27:5a:87:bc,0.10106695228638912,False
1785320633.519992,08:00:27:8a:0d:75,0.10106695228638912,False
1785320633.519992,08:00:27:a5:9e:2d,0.10106695228638912,False
1785320643.519992,08:00:27:5a:87:bc,0.10106695228638912,False
1785320643.519992,08:00:27:8a:0d:75,0.10106695228638912,False
1785320643.519992,08:00:27:a5:9e:2d,0.10106695228638912,False
1785320653.519992,08:00:27:5a:87:bc,0.10106695228638912,False
1785320653.519992,08:00:27:8a:0d:75,0.10106695228638912,False
1785320653.519992,08:00:27:a5:9e:2d,0.10106695228638912,False
1785320663.519992,08:00:27:5a:87:bc,0.10106695228638912,False
1785320663.519992,08:00:27:8a:0d:75,0.10106695228638912,False
1785320663.519992,08:00:27:a5:9e:2d,0.10106695228638912,False
1785320673.519992,08:00:27:5a:87:bc,0.10106695228638912,False
1785320673.519992,08:00:27:8a:0d:75,0.10106695228638912,False
1785320673.519992,08:00:27:a5:9e:2d,0.10106695228638912,False
1785320683.519992,08:00:27:5a:87:bc,0.10106695228638912,False
1785320683.519992,08:00:27:8a:0d:75,0.10106695228638912,False
1785320683.519992,08:00:27:a5:9e:2d,0.10106695228638912,False
1785320693.519992,08:00:27:5a:87:bc,0.10106695228638912,False
1785320693.519992,08:00:27:8a:0d:75,0.10106695228638912,False
1785320693.519992,08:00:27:a5:9e:2d,0.10106695228638912,False
1785320703.519992,08:00:27:5a:87:bc,0.10106695228638912,False
1785320703.519992,08:00:27:8a:0d:75,0.10106695228638912,False
1785320703.519992,08:00:27:a5:9e:2d,0.10106695228638912,False
1785320713.519992,08:00:27:5a:87:bc,0.10106695228638912,False
1785320713.519992,08:00:27:8a:0d:75,0.10106695228638912,False
1785320713.519992,08:00:27:a5:9e:2d,0.10106695228638912,False
1785320723.519992,08:00:27:5a:87:bc,0.10106695228638912,False
1785320723.519992,08:00:27:8a:0d:75,0.10106695228638912,False
1785320723.519992,08:00:27:a5:9e:2d,0.10106695228638912,False
1785320733.519992,08:00:27:5a:87:bc,0.10106695228638912,False
1785320733.519992,08:00:27:8a:0d:75,0.10106695228638912,False
1785320733.519992,08:00:27:a5:9e:2d,0.10106695228638912,False
1785320743.519992,08:00:27:5a:87:bc,0.10106695228638912,False
1785320743.519992,08:00:27:8a:0d:75,0.10106695228638912,False
1785320743.519992,08:00:27:a5:9e:2d,0.10106695228638912,False
1785320753.519992,08:00:27:5a:87:bc,0.10106695228638912,False
1785320753.519992,08:00:27:8a:0d:75,0.10106695228638912,False
1785320753.519992,08:00:27:a5:9e:2d,0.10106695228638912,False
1785320763.519992,08:00:27:5a:87:bc,0.10106695228638912,False
1785320763.519992,08:00:27:8a:0d:75,0.10106695228638912,False
1785320763.519992,08:00:27:a5:9e:2d,0.10106695228638912,False
1785320773.519992,08:00:27:5a:87:bc,0.10106695228638912,False
1785320773.519992,08:00:27:8a:0d:75,0.10106695228638912,False
1785320773.519992,08:00:27:a5:9e:2d,0.10106695228638912,False
1785320783.519992,08:00:27:5a:87:bc,0.10106695228638912,False
1785320783.519992,08:00:27:8a:0d:75,0.10106695228638912,False
1785320783.519992,08:00:27:a5:9e:2d,0.10106695228638912,False
1785320793.519992,08:00:27:5a:87:bc,0.10106695228638912,False
1785320793.519992,08:00:27:8a:0d:75,0.10106695228638912,False
1785320793.519992,08:00:27:a5:9e:2d,0.10106695228638912,False
1785320803.519992,08:00:27:5a:87:bc,0.10106695228638912,False
1785320803.519992,08:00:27:8a:0d:75,0.10106695228638912,False
1785320803.519992,08:00:27:a5:9e:2d,0.10106695228638912,False
1785320813.519992,08:00:27:5a:87:bc,0.10106695228638912,False
1785320813.519992,08:00:27:8a:0d:75,0.10106695228638912,False
1785320813.519992,08:00:27:a5:9e:2d,0.10106695228638912,False
1785320823.519992,08:00:27:5a:87:bc,0.10106695228638912,False
1785320823.519992,08:00:27:8a:0d:75,0.10106695228638912,False
1785320823.519992,08:00:27:a5:9e:2d,0.10106695228638912,False
1785320833.519992,08:00:27:5a:87:bc,0.10106695228638912,False
1785320833.519992,08:00:27:8a:0d:75,0.10106695228638912,False
1785320833.519992,08:00:27:a5:9e:2d,0.10106695228638912,False
1785320843.519992,08:00:27:5a:87:bc,0.10106695228638912,False
1785320843.519992,08:00:27:8a:0d:75,0.10106695228638912,False
1785320843.519992,08:00:27:a5:9e:2d,0.10106695228638912,False
1785320853.519992,08:00:27:5a:87:bc,0.10106695228638912,False
1785320853.519992,08:00:27:8a:0d:75,0.10106695228638912,False
1785320853.519992,08:00:27:a5:9e:2d,0.10106695228638912,False
1785320863.519992,08:00:27:5a:87:bc,0.10106695228638912,False
1785320863.519992,08:00:27:8a:0d:75,0.10106695228638912,False
1785320863.519992,08:00:27:a5:9e:2d,0.10106695228638912,False
1785320873.519992,08:00:27:5a:87:bc,0.10106695228638912,False
1785320873.519992,08:00:27:8a:0d:75,0.10106695228638912,False
1785320873.519992,08:00:27:a5:9e:2d,0.10106695228638912,False
1785320883.519992,08:00:27:5a:87:bc,0.10106695228638912,False
1785320883.519992,08:00:27:8a:0d:75,0.10106695228638912,False
1785320883.519992,08:00:27:a5:9e:2d,0.10106695228638912,False
1785320893.519992,08:00:27:5a:87:bc,0.10106695228638912,False
1785320893.519992,08:00:27:8a:0d:75,0.10106695228638912,False
1785320893.519992,08:00:27:a5:9e:2d,0.10106695228638912,False
1785320903.519992,08:00:27:5a:87:bc,0.10106695228638912,False
1785320903.519992,08:00:27:8a:0d:75,0.10106695228638912,False
1785320903.519992,08:00:27:a5:9e:2d,0.10106695228638912,False
1785320913.519992,08:00:27:5a:87:bc,0.10106695228638912,False
1785320913.519992,08:00:27:8a:0d:75,0.10106695228638912,False
1785320913.519992,08:00:27:a5:9e:2d,0.10106695228638912,False
1785320923.519992,08:00:27:5a:87:bc,0.10106695228638912,False
1785320923.519992,08:00:27:8a:0d:75,0.10106695228638912,False
1785320923.519992,08:00:27:a5:9e:2d,0.10106695228638912,False
1785320933.519992,08:00:27:5a:87:bc,0.10106695228638912,False
1785320933.519992,08:00:27:8a:0d:75,0.10106695228638912,False
1785320933.519992,08:00:27:a5:9e:2d,0.10106695228638912,False
1785320943.519992,08:00:27:5a:87:bc,0.10106695228638912,False
1785320943.519992,08:00:27:8a:0d:75,0.10106695228638912,False
1785320943.519992,08:00:27:a5:9e:2d,0.10106695228638912,False
1785320953.519992,08:00:27:5a:87:bc,0.10106695228638912,False
1785320953.519992,08:00:27:8a:0d:75,0.10106695228638912,False
1785320953.519992,08:00:27:a5:9e:2d,0.10106695228638912,False
1785320963.519992,08:00:27:5a:87:bc,0.10106695228638912,False
1785320963.519992,08:00:27:8a:0d:75,0.10106695228638912,False
1785320963.519992,08:00:27:a5:9e:2d,0.10106695228638912,False
1785320973.519992,08:00:27:5a:87:bc,0.10106695228638912,False
1785320973.519992,08:00:27:8a:0d:75,0.10106695228638912,False
1785320973.519992,08:00:27:a5:9e:2d,0.10106695228638912,False
1785320983.519992,08:00:27:5a:87:bc,0.10106695228638912,False
1785320983.519992,08:00:27:8a:0d:75,0.10106695228638912,False
1785320983.519992,08:00:27:a5:9e:2d,0.10106695228638912,False
1785320993.519992,08:00:27:5a:87:bc,0.10106695228638912,False
1785320993.519992,08:00:27:8a:0d:75,0.10106695228638912,False
1785320993.519992,08:00:27:a5:9e:2d,0.10106695228638912,False
1785321003.519992,08:00:27:5a:87:bc,0.10106695228638912,False
1785321003.519992,08:00:27:8a:0d:75,0.10106695228638912,False
1785321003.519992,08:00:27:a5:9e:2d,0.10106695228638912,False
1785321013.519992,08:00:27:5a:87:bc,0.10106695228638912,False
1785321013.519992,08:00:27:8a:0d:75,0.10106695228638912,False
1785321013.519992,08:00:27:a5:9e:2d,0.10106695228638912,False
1785321023.519992,08:00:27:5a:87:bc,0.10106695228638912,False
1785321023.519992,08:00:27:8a:0d:75,0.10106695228638912,False
1785321023.519992,08:00:27:a5:9e:2d,0.10106695228638912,False
1785321033.519992,08:00:27:5a:87:bc,0.10106695228638912,False
1785321033.519992,08:00:27:8a:0d:75,0.10106695228638912,False
1785321033.519992,08:00:27:a5:9e:2d,0.10106695228638912,False
1785321043.519992,08:00:27:5a:87:bc,0.10106695228638912,False
1785321043.519992,08:00:27:8a:0d:75,0.10106695228638912,False
1785321043.519992,08:00:27:a5:9e:2d,0.10106695228638912,False
1785321053.519992,08:00:27:5a:87:bc,0.10106695228638912,False
1785321053.519992,08:00:27:8a:0d:75,0.10106695228638912,False
1785321053.519992,08:00:27:a5:9e:2d,0.10106695228638912,False
1785321063.519992,08:00:27:5a:87:bc,0.10106695228638912,False
1785321063.519992,08:00:27:8a:0d:75,0.10106695228638912,False
1785321063.519992,08:00:27:a5:9e:2d,0.10106695228638912,False
1785321073.519992,08:00:27:5a:87:bc,0.10106695228638912,False
1785321073.519992,08:00:27:8a:0d:75,0.10106695228638912,False
1785321073.519992,08:00:27:a5:9e:2d,0.10106695228638912,False
1785321083.519992,08:00:27:5a:87:bc,0.10106695228638912,False
1785321083.519992,08:00:27:8a:0d:75,0.10106695228638912,False
1785321083.519992,08:00:27:a5:9e:2d,0.10106695228638912,False
1785321093.519992,08:00:27:5a:87:bc,0.10106695228638912,False
1785321093.519992,08:00:27:8a:0d:75,0.10106695228638912,False
1785321093.519992,08:00:27:a5:9e:2d,0.10106695228638912,False
1785321103.519992,08:00:27:5a:87:bc,0.10106695228638912,False
1785321103.519992,08:00:27:8a:0d:75,0.10106695228638912,False
1785321103.519992,08:00:27:a5:9e:2d,0.10106695228638912,False
1785321113.519992,08:00:27:5a:87:bc,0.10106695228638912,False
1785321113.519992,08:00:27:8a:0d:75,0.10106695228638912,False
1785321113.519992,08:00:27:a5:9e:2d,0.10106695228638912,False
1785321123.519992,08:00:27:5a:87:bc,0.10106695228638912,False
1785321123.519992,08:00:27:8a:0d:75,0.10106695228638912,False
1785321123.519992,08:00:27:a5:9e:2d,0.10106695228638912,False
1785321133.519992,08:00:27:5a:87:bc,0.10106695228638912,False
1785321133.519992,08:00:27:8a:0d:75,0.10106695228638912,False
1785321133.519992,08:00:27:a5:9e:2d,0.10106695228638912,False
1785321143.519992,08:00:27:5a:87:bc,0.10106695228638912,False
1785321143.519992,08:00:27:8a:0d:75,0.10106695228638912,False
1785321143.519992,08:00:27:a5:9e:2d,0.10106695228638912,False
1785321153.519992,08:00:27:5a:87:bc,0.10106695228638912,False
1785321153.519992,08:00:27:8a:0d:75,0.10106695228638912,False
1785321153.519992,08:00:27:a5:9e:2d,0.10106695228638912,False
1785321163.519992,08:00:27:5a:87:bc,0.10106695228638912,False
1785321163.519992,08:00:27:8a:0d:75,0.10106695228638912,False
1785321163.519992,08:00:27:a5:9e:2d,0.10106695228638912,False
1785321173.519992,08:00:27:5a:87:bc,0.10106695228638912,False
1785321173.519992,08:00:27:8a:0d:75,0.10106695228638912,False
1785321173.519992,08:00:27:a5:9e:2d,0.10106695228638912,False
1785321183.519992,08:00:27:5a:87:bc,0.10106695228638912,False
1785321183.519992,08:00:27:8a:0d:75,0.10106695228638912,False
1785321183.519992,08:00:27:a5:9e:2d,0.10106695228638912,False
1785321193.519992,08:00:27:5a:87:bc,0.10106695228638912,False
1785321193.519992,08:00:27:8a:0d:75,0.10106695228638912,False
1785321193.519992,08:00:27:a5:9e:2d,0.10106695228638912,False
1785321203.519992,08:00:27:5a:87:bc,0.10106695228638912,False
1785321203.519992,08:00:27:8a:0d:75,0.10106695228638912,False
1785321203.519992,08:00:27:a5:9e:2d,0.10106695228638912,False
1785321213.519992,08:00:27:5a:87:bc,0.10106695228638912,False
1785321213.519992,08:00:27:8a:0d:75,0.10106695228638912,False
1785321213.519992,08:00:27:a5:9e:2d,0.10106695228638912,False
1785321223.519992,08:00:27:5a:87:bc,0.10106695228638912,False
1785321223.519992,08:00:27:8a:0d:75,0.10106695228638912,False
1785321223.519992,08:00:27:a5:9e:2d,0.10106695228638912,False
1785321233.519992,08:00:27:5a:87:bc,0.10106695228638912,False
1785321233.519992,08:00:27:8a:0d:75,0.10106695228638912,False
1785321233.519992,08:00:27:a5:9e:2d,0.10106695228638912,False
1785321243.519992,08:00:27:5a:87:bc,0.10106695228638912,False
1785321243.519992,08:00:27:8a:0d:75,0.10106695228638912,False
1785321243.519992,08:00:27:a5:9e:2d,0.10106695228638912,False
1785321253.519992,08:00:27:5a:87:bc,0.10106695228638912,False
1785321253.519992,08:00:27:8a:0d:75,0.10106695228638912,False
1785321253.519992,08:00:27:a5:9e:2d,0.10106695228638912,False
1785321263.519992,08:00:27:5a:87:bc,0.10106695228638912,False
1785321263.519992,08:00:27:8a:0d:75,0.10106695228638912,False
1785321263.519992,08:00:27:a5:9e:2d,0.10106695228638912,False
1785321273.519992,08:00:27:5a:87:bc,0.10106695228638912,False
1785321273.519992,08:00:27:8a:0d:75,0.10106695228638912,False
1785321273.519992,08:00:27:a5:9e:2d,0.10106695228638912,False
1785321283.519992,08:00:27:5a:87:bc,0.10106695228638912,False
1785321283.519992,08:00:27:8a:0d:75,0.10106695228638912,False
1785321283.519992,08:00:27:a5:9e:2d,0.10106695228638912,False
1785321293.519992,08:00:27:5a:87:bc,0.10106695228638912,False
1785321293.519992,08:00:27:8a:0d:75,0.10106695228638912,False
1785321293.519992,08:00:27:a5:9e:2d,0.10106695228638912,False
1785321303.519992,08:00:27:5a:87:bc,0.10106695228638912,False
1785321303.519992,08:00:27:8a:0d:75,0.10106695228638912,False
1785321303.519992,08:00:27:a5:9e:2d,0.10106695228638912,False
1785321313.519992,08:00:27:5a:87:bc,0.10106695228638912,False
1785321313.519992,08:00:27:8a:0d:75,0.10106695228638912,False
1785321313.519992,08:00:27:a5:9e:2d,0.10106695228638912,False
1785321323.519992,08:00:27:5a:87:bc,0.10106695228638912,False
1785321323.519992,08:00:27:8a:0d:75,0.10106695228638912,False
1785321323.519992,08:00:27:a5:9e:2d,0.10106695228638912,False
1785321333.519992,08:00:27:5a:87:bc,0.10106695228638912,False
1785321333.519992,08:00:27:8a:0d:75,0.10106695228638912,False
1785321333.519992,08:00:27:a5:9e:2d,0.10106695228638912,False
1785321343.519992,08:00:27:5a:87:bc,0.10106695228638912,False
1785321343.519992,08:00:27:8a:0d:75,0.10106695228638912,False
1785321343.519992,08:00:27:a5:9e:2d,0.10106695228638912,False
1785321353.519992,08:00:27:5a:87:bc,0.10106695228638912,False
1785321353.519992,08:00:27:8a:0d:75,0.10106695228638912,False
1785321353.519992,08:00:27:a5:9e:2d,0.10106695228638912,False
1785321363.519992,08:00:27:5a:87:bc,0.10106695228638912,False
1785321363.519992,08:00:27:8a:0d:75,0.10106695228638912,False
1785321363.519992,08:00:27:a5:9e:2d,0.10106695228638912,False
1785321373.519992,08:00:27:5a:87:bc,0.10106695228638912,False
1785321373.519992,08:00:27:8a:0d:75,0.10106695228638912,False
1785321373.519992,08:00:27:a5:9e:2d,0.10106695228638912,False
1785321383.519992,08:00:27:5a:87:bc,0.10106695228638912,False
1785321383.519992,08:00:27:8a:0d:75,0.10106695228638912,False
1785321383.519992,08:00:27:a5:9e:2d,0.10106695228638912,False
1785321393.519992,08:00:27:5a:87:bc,0.10106695228638912,False
1785321393.519992,08:00:27:8a:0d:75,0.10106695228638912,False
1785321393.519992,08:00:27:a5:9e:2d,0.10106695228638912,False
1785321403.519992,08:00:27:5a:87:bc,0.10106695228638912,False
1785321403.519992,08:00:27:8a:0d:75,0.10106695228638912,False
1785321403.519992,08:00:27:a5:9e:2d,0.10106695228638912,False
1785321413.519992,08:00:27:5a:87:bc,0.10106695228638912,False
1785321413.519992,08:00:27:8a:0d:75,0.10106695228638912,False
1785321413.519992,08:00:27:a5:9e:2d,0.10106695228638912,False
1785321423.519992,08:00:27:5a:87:bc,0.10106695228638912,False
1785321423.519992,08:00:27:8a:0d:75,0.10106695228638912,False
1785321423.519992,08:00:27:a5:9e:2d,0.10106695228638912,False
1785321433.519992,08:00:27:5a:87:bc,0.10106695228638912,False
1785321433.519992,08:00:27:8a:0d:75,0.10106695228638912,False
1785321433.519992,08:00:27:a5:9e:2d,0.10106695228638912,False
1785321443.519992,08:00:27:5a:87:bc,0.10106695228638912,False
1785321443.519992,08:00:27:8a:0d:75,0.10106695228638912,False
1785321443.519992,08:00:27:a5:9e:2d,0.10106695228638912,False
1785321453.519992,08:00:27:5a:87:bc,0.10106695228638912,False
1785321453.519992,08:00:27:8a:0d:75,0.10106695228638912,False
1785321453.519992,08:00:27:a5:9e:2d,0.10106695228638912,False
1785321463.519992,08:00:27:5a:87:bc,0.10106695228638912,False
1785321463.519992,08:00:27:8a:0d:75,0.10106695228638912,False
1785321463.519992,08:00:27:a5:9e:2d,0.10106695228638912,False
1785321473.519992,08:00:27:5a:87:bc,0.10106695228638912,False
1785321473.519992,08:00:27:8a:0d:75,0.10106695228638912,False
1785321473.519992,08:00:27:a5:9e:2d,0.10106695228638912,False
1785321483.519992,08:00:27:5a:87:bc,0.10106695228638912,False
1785321483.519992,08:00:27:8a:0d:75,0.10106695228638912,False
1785321483.519992,08:00:27:a5:9e:2d,0.10106695228638912,False
1785321493.519992,08:00:27:5a:87:bc,0.10106695228638912,False
1785321493.519992,08:00:27:8a:0d:75,0.10106695228638912,False
1785321493.519992,08:00:27:a5:9e:2d,0.10106695228638912,False
1785321503.519992,08:00:27:5a:87:bc,0.10106695228638912,False
1785321503.519992,08:00:27:8a:0d:75,0.10106695228638912,False
1785321503.519992,08:00:27:a5:9e:2d,0.10106695228638912,False
1785321513.519992,08:00:27:5a:87:bc,0.10106695228638912,False
1785321513.519992,08:00:27:8a:0d:75,0.10106695228638912,False
1785321513.519992,08:00:27:a5:9e:2d,0.10106695228638912,False
1785321523.519992,08:00:27:5a:87:bc,0.10106695228638912,False
1785321523.519992,08:00:27:8a:0d:75,0.10106695228638912,False
1785321523.519992,08:00:27:a5:9e:2d,0.10106695228638912,False
1785321533.519992,08:00:27:5a:87:bc,0.10106695228638912,False
1785321533.519992,08:00:27:8a:0d:75,0.10106695228638912,False
1785321533.519992,08:00:27:a5:9e:2d,0.10106695228638912,False
1785321543.519992,08:00:27:5a:87:bc,0.10106695228638912,False
1785321543.519992,08:00:27:8a:0d:75,0.10106695228638912,False
1785321543.519992,08:00:27:a5:9e:2d,0.10106695228638912,False
1785321553.519992,08:00:27:5a:87:bc,0.10106695228638912,False
1785321553.519992,08:00:27:8a:0d:75,0.10106695228638912,False
1785321553.519992,08:00:27:a5:9e:2d,0.10106695228638912,False
1785321563.519992,08:00:27:5a:87:bc,0.10106695228638912,False
1785321563.519992,08:00:27:8a:0d:75,0.10106695228638912,False
1785321563.519992,08:00:27:a5:9e:2d,0.10106695228638912,False
1785321573.519992,08:00:27:5a:87:bc,0.10106695228638912,False
1785321573.519992,08:00:27:8a:0d:75,0.10106695228638912,False
1785321573.519992,08:00:27:a5:9e:2d,0.10106695228638912,False
1785321583.519992,08:00:27:5a:87:bc,0.10106695228638912,False
1785321583.519992,08:00:27:8a:0d:75,0.10106695228638912,False
1785321583.519992,08:00:27:a5:9e:2d,0.10106695228638912,False
1785321593.519992,08:00:27:5a:87:bc,0.10106695228638912,False
1785321593.519992,08:00:27:8a:0d:75,0.10106695228638912,False
1785321593.519992,08:00:27:a5:9e:2d,0.10106695228638912,False
1785321603.519992,08:00:27:5a:87:bc,0.10106695228638912,False
1785321603.519992,08:00:27:8a:0d:75,0.10106695228638912,False
1785321603.519992,08:00:27:a5:9e:2d,0.10106695228638912,False
1785321613.519992,08:00:27:5a:87:bc,0.10106695228638912,False
1785321613.519992,08:00:27:8a:0d:75,0.10106695228638912,False
1785321613.519992,08:00:27:a5:9e:2d,0.10106695228638912,False
1785321623.519992,08:00:27:5a:87:bc,0.10106695228638912,False
1785321623.519992,08:00:27:8a:0d:75,0.10106695228638912,False
1785321623.519992,08:00:27:a5:9e:2d,0.10106695228638912,False
1785321633.519992,08:00:27:5a:87:bc,0.10106695228638912,False
1785321633.519992,08:00:27:8a:0d:75,0.10106695228638912,False
1785321633.519992,08:00:27:a5:9e:2d,0.10106695228638912,False
1785321643.519992,08:00:27:5a:87:bc,0.10106695228638912,False
1785321643.519992,08:00:27:8a:0d:75,0.10106695228638912,False
1785321643.519992,08:00:27:a5:9e:2d,0.10106695228638912,False
1785321653.519992,08:00:27:5a:87:bc,0.10106695228638912,False
1785321653.519992,08:00:27:8a:0d:75,0.10106695228638912,False
1785321653.519992,08:00:27:a5:9e:2d,0.10106695228638912,False
1785321663.519992,08:00:27:5a:87:bc,0.10106695228638912,False
1785321663.519992,08:00:27:8a:0d:75,0.10106695228638912,False
1785321663.519992,08:00:27:a5:9e:2d,0.10106695228638912,False
1785321673.519992,08:00:27:5a:87:bc,0.10106695228638912,False
1785321673.519992,08:00:27:8a:0d:75,0.10106695228638912,False
1785321673.519992,08:00:27:a5:9e:2d,0.10106695228638912,False
1785321683.519992,08:00:27:5a:87:bc,0.10106695228638912,False
1785321683.519992,08:00:27:8a:0d:75,0.10106695228638912,False
1785321683.519992,08:00:27:a5:9e:2d,0.10106695228638912,False
1785321693.519992,08:00:27:5a:87:bc,0.10106695228638912,False
1785321693.519992,08:00:27:8a:0d:75,0.10106695228638912,False
1785321693.519992,08:00:27:a5:9e:2d,0.10106695228638912,False
1785321703.519992,08:00:27:5a:87:bc,0.10106695228638912,False
1785321703.519992,08:00:27:8a:0d:75,0.10106695228638912,False
1785321703.519992,08:00:27:a5:9e:2d,0.10106695228638912,False
1785321713.519992,08:00:27:5a:87:bc,0.10106695228638912,False
1785321713.519992,08:00:27:8a:0d:75,0.10106695228638912,False
1785321713.519992,08:00:27:a5:9e:2d,0.10106695228638912,False
1785321723.519992,08:00:27:5a:87:bc,0.10106695228638912,False
1785321723.519992,08:00:27:8a:0d:75,0.10106695228638912,False
1785321723.519992,08:00:27:a5:9e:2d,0.10106695228638912,False
1785321733.519992,08:00:27:5a:87:bc,0.10106695228638912,False
1785321733.519992,08:00:27:8a:0d:75,0.10106695228638912,False
1785321733.519992,08:00:27:a5:9e:2d,0.10106695228638912,False
1785321743.519992,08:00:27:5a:87:bc,0.10106695228638912,False
1785321743.519992,08:00:27:8a:0d:75,0.10106695228638912,False
1785321743.519992,08:00:27:a5:9e:2d,0.10106695228638912,False
1785321753.519992,08:00:27:5a:87:bc,0.10106695228638912,False
1785321753.519992,08:00:27:8a:0d:75,0.10106695228638912,False
1785321753.519992,08:00:27:a5:9e:2d,0.10106695228638912,False
1785321763.519992,08:00:27:5a:87:bc,0.10106695228638912,False
1785321763.519992,08:00:27:8a:0d:75,0.10106695228638912,False
1785321763.519992,08:00:27:a5:9e:2d,0.10106695228638912,False
1785321773.519992,08:00:27:5a:87:bc,0.10106695228638912,False
1785321773.519992,08:00:27:8a:0d:75,0.10106695228638912,False
1785321773.519992,08:00:27:a5:9e:2d,0.10106695228638912,False
1785321783.519992,08:00:27:5a:87:bc,0.10106695228638912,False
1785321783.519992,08:00:27:8a:0d:75,0.10106695228638912,False
1785321783.519992,08:00:27:a5:9e:2d,0.10106695228638912,False
1785321793.519992,08:00:27:5a:87:bc,0.10106695228638912,False
1785321793.519992,08:00:27:8a:0d:75,0.10106695228638912,False
1785321793.519992,08:00:27:a5:9e:2d,0.10106695228638912,False
1785321803.519992,08:00:27:5a:87:bc,0.10106695228638912,False
1785321803.519992,08:00:27:8a:0d:75,0.10106695228638912,False
1785321803.519992,08:00:27:a5:9e:2d,0.10106695228638912,False
1785321813.519992,08:00:27:5a:87:bc,0.10106695228638912,False
1785321813.519992,08:00:27:8a:0d:75,0.10106695228638912,False
1785321813.519992,08:00:27:a5:9e:2d,0.10106695228638912,False
1785321823.519992,08:00:27:5a:87:bc,0.10106695228638912,False
1785321823.519992,08:00:27:8a:0d:75,0.10106695228638912,False
1785321823.519992,08:00:27:a5:9e:2d,0.10106695228638912,False
1785321833.519992,08:00:27:5a:87:bc,0.10106695228638912,False
1785321833.519992,08:00:27:8a:0d:75,0.10106695228638912,False
1785321833.519992,08:00:27:a5:9e:2d,0.10106695228638912,False
1785321843.519992,08:00:27:5a:87:bc,0.10106695228638912,False
1785321843.519992,08:00:27:8a:0d:75,0.10106695228638912,False
1785321843.519992,08:00:27:a5:9e:2d,0.10106695228638912,False
1785321853.519992,08:00:27:5a:87:bc,0.10106695228638912,False
1785321853.519992,08:00:27:8a:0d:75,0.10106695228638912,False
1785321853.519992,08:00:27:a5:9e:2d,0.10106695228638912,False
1785321863.519992,08:00:27:5a:87:bc,0.10106695228638912,False
1785321863.519992,08:00:27:8a:0d:75,0.10106695228638912,False
1785321863.519992,08:00:27:a5:9e:2d,0.10106695228638912,False
1785321873.519992,08:00:27:5a:87:bc,0.10106695228638912,False
1785321873.519992,08:00:27:8a:0d:75,0.10106695228638912,False
1785321873.519992,08:00:27:a5:9e:2d,0.10106695228638912,False
1785321883.519992,08:00:27:5a:87:bc,0.10106695228638912,False
1785321883.519992,08:00:27:8a:0d:75,0.10106695228638912,False
1785321883.519992,08:00:27:a5:9e:2d,0.10106695228638912,False
1785321893.519992,08:00:27:5a:87:bc,0.10106695228638912,False
1785321893.519992,08:00:27:8a:0d:75,0.10106695228638912,False
1785321893.519992,08:00:27:a5:9e:2d,0.10106695228638912,False
1785321903.519992,08:00:27:5a:87:bc,0.10106695228638912,False
1785321903.519992,08:00:27:8a:0d:75,0.10106695228638912,False
1785321903.519992,08:00:27:a5:9e:2d,0.10106695228638912,False
1785321913.519992,08:00:27:5a:87:bc,0.10106695228638912,False
1785321913.519992,08:00:27:8a:0d:75,0.10106695228638912,False
1785321913.519992,08:00:27:a5:9e:2d,0.10106695228638912,False
1785321923.519992,08:00:27:5a:87:bc,0.10106695228638912,False
1785321923.519992,08:00:27:8a:0d:75,0.10106695228638912,False
1785321923.519992,08:00:27:a5:9e:2d,0.10106695228638912,False
1785321933.519992,08:00:27:5a:87:bc,0.10106695228638912,False
1785321933.519992,08:00:27:8a:0d:75,0.10106695228638912,False
1785321933.519992,08:00:27:a5:9e:2d,0.10106695228638912,False
1785321943.519992,08:00:27:5a:87:bc,0.10106695228638912,False
1785321943.519992,08:00:27:8a:0d:75,0.10106695228638912,False
1785321943.519992,08:00:27:a5:9e:2d,0.10106695228638912,False
1785321953.519992,08:00:27:5a:87:bc,0.10106695228638912,False
1785321953.519992,08:00:27:8a:0d:75,0.10106695228638912,False
1785321953.519992,08:00:27:a5:9e:2d,0.10106695228638912,False
1785321963.519992,08:00:27:5a:87:bc,0.10106695228638912,False
1785321963.519992,08:00:27:8a:0d:75,0.10106695228638912,False
1785321963.519992,08:00:27:a5:9e:2d,0.10106695228638912,False
1785321973.519992,08:00:27:5a:87:bc,0.10106695228638912,False
1785321973.519992,08:00:27:8a:0d:75,0.10106695228638912,False
1785321973.519992,08:00:27:a5:9e:2d,0.10106695228638912,False
1785321983.519992,08:00:27:5a:87:bc,0.10106695228638912,False
1785321983.519992,08:00:27:8a:0d:75,0.10106695228638912,False
1785321983.519992,08:00:27:a5:9e:2d,0.10106695228638912,False
1785321993.519992,08:00:27:5a:87:bc,0.10106695228638912,False
1785321993.519992,08:00:27:8a:0d:75,0.10106695228638912,False
1785321993.519992,08:00:27:a5:9e:2d,0.10106695228638912,False
1785322003.519992,08:00:27:5a:87:bc,0.10106695228638912,False
1785322003.519992,08:00:27:8a:0d:75,0.10106695228638912,False
1785322003.519992,08:00:27:a5:9e:2d,0.10106695228638912,False
1785322013.519992,08:00:27:5a:87:bc,0.10106695228638912,False
1785322013.519992,08:00:27:8a:0d:75,0.10106695228638912,False
1785322013.519992,08:00:27:a5:9e:2d,0.10106695228638912,False
1785322023.519992,08:00:27:5a:87:bc,0.10106695228638912,False
1785322023.519992,08:00:27:8a:0d:75,0.10106695228638912,False
1785322023.519992,08:00:27:a5:9e:2d,0.10106695228638912,False
1785322033.519992,08:00:27:5a:87:bc,0.10106695228638912,False
1785322033.519992,08:00:27:8a:0d:75,0.10106695228638912,False
1785322033.519992,08:00:27:a5:9e:2d,0.10106695228638912,False
1785322043.519992,08:00:27:5a:87:bc,0.10106695228638912,False
1785322043.519992,08:00:27:8a:0d:75,0.10106695228638912,False
1785322043.519992,08:00:27:a5:9e:2d,0.10106695228638912,False
1785322053.519992,08:00:27:5a:87:bc,0.10106695228638912,False
1785322053.519992,08:00:27:8a:0d:75,0.10106695228638912,False
1785322053.519992,08:00:27:a5:9e:2d,0.10106695228638912,False
1785322063.519992,08:00:27:5a:87:bc,0.10106695228638912,False
1785322063.519992,08:00:27:8a:0d:75,0.10106695228638912,False
1785322063.519992,08:00:27:a5:9e:2d,0.10106695228638912,False
1785322073.519992,08:00:27:5a:87:bc,0.10106695228638912,False
1785322073.519992,08:00:27:8a:0d:75,0.10106695228638912,False
1785322073.519992,08:00:27:a5:9e:2d,0.10106695228638912,False
1785322083.519992,08:00:27:5a:87:bc,0.10106695228638912,False
1785322083.519992,08:00:27:8a:0d:75,0.10106695228638912,False
1785322083.519992,08:00:27:a5:9e:2d,0.10106695228638912,False
1785322093.519992,08:00:27:5a:87:bc,0.10106695228638912,False
1785322093.519992,08:00:27:8a:0d:75,0.10106695228638912,False
1785322093.519992,08:00:27:a5:9e:2d,0.10106695228638912,False
1785322103.519992,08:00:27:5a:87:bc,0.10106695228638912,False
1785322103.519992,08:00:27:8a:0d:75,0.10106695228638912,False
1785322103.519992,08:00:27:a5:9e:2d,0.10106695228638912,False
1785322113.519992,08:00:27:5a:87:bc,0.10106695228638912,False
1785322113.519992,08:00:27:8a:0d:75,0.10106695228638912,False
1785322113.519992,08:00:27:a5:9e:2d,0.10106695228638912,False
1785322123.519992,08:00:27:5a:87:bc,0.10106695228638912,False
1785322123.519992,08:00:27:8a:0d:75,0.10106695228638912,False
1785322123.519992,08:00:27:a5:9e:2d,0.10106695228638912,False
1785322133.519992,08:00:27:5a:87:bc,0.10106695228638912,False
1785322133.519992,08:00:27:8a:0d:75,0.10106695228638912,False
1785322133.519992,08:00:27:a5:9e:2d,0.10106695228638912,False
1785322143.519992,08:00:27:5a:87:bc,0.10106695228638912,False
1785322143.519992,08:00:27:8a:0d:75,0.10106695228638912,False
1785322143.519992,08:00:27:a5:9e:2d,0.10106695228638912,False
1785322153.519992,08:00:27:5a:87:bc,0.10106695228638912,False
1785322153.519992,08:00:27:8a:0d:75,0.10106695228638912,False
1785322153.519992,08:00:27:a5:9e:2d,0.10106695228638912,False
1785322163.519992,08:00:27:5a:87:bc,0.10106695228638912,False
1785322163.519992,08:00:27:8a:0d:75,0.10106695228638912,False
1785322163.519992,08:00:27:a5:9e:2d,0.10106695228638912,False
1785322173.519992,08:00:27:5a:87:bc,0.10106695228638912,False
1785322173.519992,08:00:27:8a:0d:75,0.10106695228638912,False
1785322173.519992,08:00:27:a5:9e:2d,0.10106695228638912,False
1785322183.519992,08:00:27:5a:87:bc,0.10106695228638912,False
1785322183.519992,08:00:27:8a:0d:75,0.10106695228638912,False
1785322183.519992,08:00:27:a5:9e:2d,0.10106695228638912,False
1785322193.519992,08:00:27:5a:87:bc,0.10106695228638912,False
1785322193.519992,08:00:27:8a:0d:75,0.10106695228638912,False
1785322193.519992,08:00:27:a5:9e:2d,0.10106695228638912,False
1785322203.519992,08:00:27:5a:87:bc,0.10106695228638912,False
1785322203.519992,08:00:27:8a:0d:75,0.10106695228638912,False
1785322203.519992,08:00:27:a5:9e:2d,0.10106695228638912,False
1785322213.519992,08:00:27:5a:87:bc,0.10106695228638912,False
1785322213.519992,08:00:27:8a:0d:75,0.10106695228638912,False
1785322213.519992,08:00:27:a5:9e:2d,0.10106695228638912,False
1785322223.519992,08:00:27:5a:87:bc,0.10106695228638912,False
1785322223.519992,08:00:27:8a:0d:75,0.10106695228638912,False
1785322223.519992,08:00:27:a5:9e:2d,0.10106695228638912,False
1785322233.519992,08:00:27:5a:87:bc,0.10106695228638912,False
1785322233.519992,08:00:27:8a:0d:75,0.10106695228638912,False
1785322233.519992,08:00:27:a5:9e:2d,0.10106695228638912,False
1785322243.519992,08:00:27:5a:87:bc,0.10106695228638912,False
1785322243.519992,08:00:27:8a:0d:75,0.10106695228638912,False
1785322243.519992,08:00:27:a5:9e:2d,0.10106695228638912,False
1785322253.519992,08:00:27:5a:87:bc,0.10106695228638912,False
1785322253.519992,08:00:27:8a:0d:75,0.10106695228638912,False
1785322253.519992,08:00:27:a5:9e:2d,0.10106695228638912,False
1785322263.519992,08:00:27:5a:87:bc,0.10106695228638912,False
1785322263.519992,08:00:27:8a:0d:75,0.10106695228638912,False
1785322263.519992,08:00:27:a5:9e:2d,0.10106695228638912,False
1785322273.519992,08:00:27:5a:87:bc,0.10106695228638912,False
1785322273.519992,08:00:27:8a:0d:75,0.10106695228638912,False
1785322273.519992,08:00:27:a5:9e:2d,0.10106695228638912,False
1785322283.519992,08:00:27:5a:87:bc,0.10106695228638912,False
1785322283.519992,08:00:27:8a:0d:75,0.10106695228638912,False
1785322283.519992,08:00:27:a5:9e:2d,0.10106695228638912,False
1785322293.519992,08:00:27:5a:87:bc,0.10106695228638912,False
1785322293.519992,08:00:27:8a:0d:75,0.10106695228638912,False
1785322293.519992,08:00:27:a5:9e:2d,0.10106695228638912,False
1785322303.519992,08:00:27:5a:87:bc,0.10106695228638912,False
1785322303.519992,08:00:27:8a:0d:75,0.10106695228638912,False
1785322303.519992,08:00:27:a5:9e:2d,0.10106695228638912,False
1785322313.519992,08:00:27:5a:87:bc,0.10106695228638912,False
1785322313.519992,08:00:27:8a:0d:75,0.10106695228638912,False
1785322313.519992,08:00:27:a5:9e:2d,0.10106695228638912,False
1785322323.519992,08:00:27:5a:87:bc,0.10106695228638912,False
1785322323.519992,08:00:27:8a:0d:75,0.10106695228638912,False
1785322323.519992,08:00:27:a5:9e:2d,0.10106695228638912,False
1785322333.519992,08:00:27:5a:87:bc,0.10106695228638912,False
1785322333.519992,08:00:27:8a:0d:75,0.10106695228638912,False
1785322333.519992,08:00:27:a5:9e:2d,0.10106695228638912,False
1785322343.519992,08:00:27:5a:87:bc,0.10106695228638912,False
1785322343.519992,08:00:27:8a:0d:75,0.10106695228638912,False
1785322343.519992,08:00:27:a5:9e:2d,0.10106695228638912,False
1785322353.519992,08:00:27:5a:87:bc,0.10106695228638912,False
1785322353.519992,08:00:27:8a:0d:75,0.10106695228638912,False
1785322353.519992,08:00:27:a5:9e:2d,0.10106695228638912,False
1785322363.519992,08:00:27:5a:87:bc,0.10106695228638912,False
1785322363.519992,08:00:27:8a:0d:75,0.10106695228638912,False
1785322363.519992,08:00:27:a5:9e:2d,0.10106695228638912,False
1785322373.519992,08:00:27:5a:87:bc,0.10106695228638912,False
1785322373.519992,08:00:27:8a:0d:75,0.10106695228638912,False
1785322373.519992,08:00:27:a5:9e:2d,0.10106695228638912,False
1785322383.519992,08:00:27:5a:87:bc,0.10106695228638912,False
1785322383.519992,08:00:27:8a:0d:75,0.10106695228638912,False
1785322383.519992,08:00:27:a5:9e:2d,0.10106695228638912,False
1785322393.519992,08:00:27:5a:87:bc,0.10106695228638912,False
1785322393.519992,08:00:27:8a:0d:75,0.10106695228638912,False
1785322393.519992,08:00:27:a5:9e:2d,0.10106695228638912,False
1785322403.519992,08:00:27:5a:87:bc,0.10106695228638912,False
1785322403.519992,08:00:27:8a:0d:75,0.10106695228638912,False
1785322403.519992,08:00:27:a5:9e:2d,0.10106695228638912,False
1785322413.519992,08:00:27:5a:87:bc,0.10106695228638912,False
1785322413.519992,08:00:27:8a:0d:75,0.10106695228638912,False
1785322413.519992,08:00:27:a5:9e:2d,0.10106695228638912,False
1785322423.519992,08:00:27:5a:87:bc,0.10106695228638912,False
1785322423.519992,08:00:27:8a:0d:75,0.10106695228638912,False
1785322423.519992,08:00:27:a5:9e:2d,0.10106695228638912,False
1785322433.519992,08:00:27:5a:87:bc,0.10106695228638912,False
1785322433.519992,08:00:27:8a:0d:75,0.10106695228638912,False
1785322433.519992,08:00:27:a5:9e:2d,0.10106695228638912,False
1785322443.519992,08:00:27:5a:87:bc,0.10106695228638912,False
1785322443.519992,08:00:27:8a:0d:75,0.10106695228638912,False
1785322443.519992,08:00:27:a5:9e:2d,0.10106695228638912,False
1785322453.519992,08:00:27:5a:87:bc,0.10106695228638912,False
1785322453.519992,08:00:27:8a:0d:75,0.10106695228638912,False
1785322453.519992,08:00:27:a5:9e:2d,0.10106695228638912,False
1785322463.519992,08:00:27:5a:87:bc,0.10106695228638912,False
1785322463.519992,08:00:27:8a:0d:75,0.10106695228638912,False
1785322463.519992,08:00:27:a5:9e:2d,0.10106695228638912,False
1785322473.519992,08:00:27:5a:87:bc,0.10106695228638912,False
1785322473.519992,08:00:27:8a:0d:75,0.10106695228638912,False
1785322473.519992,08:00:27:a5:9e:2d,0.10106695228638912,False
1785322483.519992,08:00:27:5a:87:bc,0.10106695228638912,False
1785322483.519992,08:00:27:8a:0d:75,0.10106695228638912,False
1785322483.519992,08:00:27:a5:9e:2d,0.10106695228638912,False
1785322493.519992,08:00:27:5a:87:bc,0.10106695228638912,False
1785322493.519992,08:00:27:8a:0d:75,0.10106695228638912,False
1785322493.519992,08:00:27:a5:9e:2d,0.10106695228638912,False
1785322503.519992,08:00:27:5a:87:bc,0.10106695228638912,False
1785322503.519992,08:00:27:8a:0d:75,0.10106695228638912,False
1785322503.519992,08:00:27:a5:9e:2d,0.10106695228638912,False
1785322513.519992,08:00:27:5a:87:bc,0.10106695228638912,False
1785322513.519992,08:00:27:8a:0d:75,0.10106695228638912,False
1785322513.519992,08:00:27:a5:9e:2d,0.10106695228638912,False
1785322523.519992,08:00:27:5a:87:bc,0.10106695228638912,False
1785322523.519992,08:00:27:8a:0d:75,0.10106695228638912,False
1785322523.519992,08:00:27:a5:9e:2d,0.10106695228638912,False
1785322533.519992,08:00:27:5a:87:bc,0.10106695228638912,False
1785322533.519992,08:00:27:8a:0d:75,0.10106695228638912,False
1785322533.519992,08:00:27:a5:9e:2d,0.10106695228638912,False
1785322543.519992,08:00:27:5a:87:bc,0.10106695228638912,False
1785322543.519992,08:00:27:8a:0d:75,0.10106695228638912,False
1785322543.519992,08:00:27:a5:9e:2d,0.10106695228638912,False
1785322553.519992,08:00:27:5a:87:bc,0.10106695228638912,False
1785322553.519992,08:00:27:8a:0d:75,0.10106695228638912,False
1785322553.519992,08:00:27:a5:9e:2d,0.10106695228638912,False
1785322563.519992,08:00:27:5a:87:bc,0.10106695228638912,False
1785322563.519992,08:00:27:8a:0d:75,0.10106695228638912,False
1785322563.519992,08:00:27:a5:9e:2d,0.10106695228638912,False
1785322573.519992,08:00:27:5a:87:bc,0.10106695228638912,False
1785322573.519992,08:00:27:8a:0d:75,0.10106695228638912,False
1785322573.519992,08:00:27:a5:9e:2d,0.10106695228638912,False
1785322583.519992,08:00:27:5a:87:bc,0.10106695228638912,False
1785322583.519992,08:00:27:8a:0d:75,0.10106695228638912,False
1785322583.519992,08:00:27:a5:9e:2d,0.10106695228638912,False
1785322593.519992,08:00:27:5a:87:bc,0.10106695228638912,False
1785322593.519992,08:00:27:8a:0d:75,0.10106695228638912,False
1785322593.519992,08:00:27:a5:9e:2d,0.10106695228638912,False
1785322603.519992,08:00:27:5a:87:bc,0.10106695228638912,False
1785322603.519992,08:00:27:8a:0d:75,0.10106695228638912,False
1785322603.519992,08:00:27:a5:9e:2d,0.10106695228638912,False
1785322613.519992,08:00:27:5a:87:bc,0.10106695228638912,False
1785322613.519992,08:00:27:8a:0d:75,0.10106695228638912,False
1785322613.519992,08:00:27:a5:9e:2d,0.10106695228638912,False
1785322623.519992,08:00:27:5a:87:bc,0.10106695228638912,False
1785322623.519992,08:00:27:8a:0d:75,0.10106695228638912,False
1785322623.519992,08:00:27:a5:9e:2d,0.10106695228638912,False
1785322633.519992,08:00:27:5a:87:bc,0.10106695228638912,False
1785322633.519992,08:00:27:8a:0d:75,0.10106695228638912,False
1785322633.519992,08:00:27:a5:9e:2d,0.10106695228638912,False
1785322643.519992,08:00:27:5a:87:bc,0.10106695228638912,False
1785322643.519992,08:00:27:8a:0d:75,0.10106695228638912,False
1785322643.519992,08:00:27:a5:9e:2d,0.10106695228638912,False
1785322653.519992,08:00:27:5a:87:bc,0.10106695228638912,False
1785322653.519992,08:00:27:8a:0d:75,0.10106695228638912,False
1785322653.519992,08:00:27:a5:9e:2d,0.10106695228638912,False
1785322663.519992,08:00:27:5a:87:bc,0.10106695228638912,False
1785322663.519992,08:00:27:8a:0d:75,0.10106695228638912,False
1785322663.519992,08:00:27:a5:9e:2d,0.10106695228638912,False
1785322673.519992,08:00:27:5a:87:bc,0.10106695228638912,False
1785322673.519992,08:00:27:8a:0d:75,0.10106695228638912,False
1785322673.519992,08:00:27:a5:9e:2d,0.10106695228638912,False
1785322683.519992,08:00:27:5a:87:bc,0.10106695228638912,False
1785322683.519992,08:00:27:8a:0d:75,0.10106695228638912,False
1785322683.519992,08:00:27:a5:9e:2d,0.10106695228638912,False
1785322693.519992,08:00:27:5a:87:bc,0.10106695228638912,False
1785322693.519992,08:00:27:8a:0d:75,0.10106695228638912,False
1785322693.519992,08:00:27:a5:9e:2d,0.10106695228638912,False
1785322703.519992,08:00:27:5a:87:bc,0.10106695228638912,False
1785322703.519992,08:00:27:8a:0d:75,0.10106695228638912,False
1785322703.519992,08:00:27:a5:9e:2d,0.10106695228638912,False
1785322713.519992,08:00:27:5a:87:bc,0.10106695228638912,False
1785322713.519992,08:00:27:8a:0d:75,0.10106695228638912,False
1785322713.519992,08:00:27:a5:9e:2d,0.10106695228638912,False
1785322723.519992,08:00:27:5a:87:bc,0.10106695228638912,False
1785322723.519992,08:00:27:8a:0d:75,0.10106695228638912,False
1785322723.519992,08:00:27:a5:9e:2d,0.10106695228638912,False
1785322733.519992,08:00:27:5a:87:bc,0.10106695228638912,False
1785322733.519992,08:00:27:8a:0d:75,0.10106695228638912,False
1785322733.519992,08:00:27:a5:9e:2d,0.10106695228638912,False
1785322743.519992,08:00:27:5a:87:bc,0.10106695228638912,False
1785322743.519992,08:00:27:8a:0d:75,0.10106695228638912,False
1785322743.519992,08:00:27:a5:9e:2d,0.10106695228638912,False
1785322753.519992,08:00:27:5a:87:bc,0.10106695228638912,False
1785322753.519992,08:00:27:8a:0d:75,0.10106695228638912,False
1785322753.519992,08:00:27:a5:9e:2d,0.10106695228638912,False
1785322763.519992,08:00:27:5a:87:bc,0.10106695228638912,False
1785322763.519992,08:00:27:8a:0d:75,0.10106695228638912,False
1785322763.519992,08:00:27:a5:9e:2d,0.10106695228638912,False
1785322773.519992,08:00:27:5a:87:bc,0.10106695228638912,False
1785322773.519992,08:00:27:8a:0d:75,0.10106695228638912,False
1785322773.519992,08:00:27:a5:9e:2d,0.10106695228638912,False
1785322783.519992,08:00:27:5a:87:bc,0.10106695228638912,False
1785322783.519992,08:00:27:8a:0d:75,0.10106695228638912,False
1785322783.519992,08:00:27:a5:9e:2d,0.10106695228638912,False
1785322793.519992,08:00:27:5a:87:bc,0.10106695228638912,False
1785322793.519992,08:00:27:8a:0d:75,0.10106695228638912,False
1785322793.519992,08:00:27:a5:9e:2d,0.10106695228638912,False
1785322803.519992,08:00:27:5a:87:bc,0.10106695228638912,False
1785322803.519992,08:00:27:8a:0d:75,0.10106695228638912,False
1785322803.519992,08:00:27:a5:9e:2d,0.10106695228638912,False
1785322813.519992,08:00:27:5a:87:bc,0.10106695228638912,False
1785322813.519992,08:00:27:8a:0d:75,0.10106695228638912,False
1785322813.519992,08:00:27:a5:9e:2d,0.10106695228638912,False
1785322823.519992,08:00:27:5a:87:bc,0.10106695228638912,False
1785322823.519992,08:00:27:8a:0d:75,0.10106695228638912,False
1785322823.519992,08:00:27:a5:9e:2d,0.10106695228638912,False
1785322833.519992,08:00:27:5a:87:bc,0.10106695228638912,False
1785322833.519992,08:00:27:8a:0d:75,0.10106695228638912,False
1785322833.519992,08:00:27:a5:9e:2d,0.10106695228638912,False
1785322843.519992,08:00:27:5a:87:bc,0.10106695228638912,False
1785322843.519992,08:00:27:8a:0d:75,0.10106695228638912,False
1785322843.519992,08:00:27:a5:9e:2d,0.10106695228638912,False
1785322853.519992,08:00:27:5a:87:bc,0.10106695228638912,False
1785322853.519992,08:00:27:8a:0d:75,0.10106695228638912,False
1785322853.519992,08:00:27:a5:9e:2d,0.10106695228638912,False
1785322863.519992,08:00:27:5a:87:bc,0.10106695228638912,False
1785322863.519992,08:00:27:8a:0d:75,0.10106695228638912,False
1785322863.519992,08:00:27:a5:9e:2d,0.10106695228638912,False
1785322873.519992,08:00:27:5a:87:bc,0.10106695228638912,False
1785322873.519992,08:00:27:8a:0d:75,0.10106695228638912,False
1785322873.519992,08:00:27:a5:9e:2d,0.10106695228638912,False
1785322883.519992,08:00:27:5a:87:bc,0.10106695228638912,False
1785322883.519992,08:00:27:8a:0d:75,0.10106695228638912,False
1785322883.519992,08:00:27:a5:9e:2d,0.10106695228638912,False
1785322893.519992,08:00:27:5a:87:bc,0.10106695228638912,False
1785322893.519992,08:00:27:8a:0d:75,0.10106695228638912,False
1785322893.519992,08:00:27:a5:9e:2d,0.10106695228638912,False
1785322903.519992,08:00:27:5a:87:bc,0.10106695228638912,False
1785322903.519992,08:00:27:8a:0d:75,0.10106695228638912,False
1785322903.519992,08:00:27:a5:9e:2d,0.10106695228638912,False
1785322913.519992,08:00:27:5a:87:bc,0.10106695228638912,False
1785322913.519992,08:00:27:8a:0d:75,0.10106695228638912,False
1785322913.519992,08:00:27:a5:9e:2d,0.10106695228638912,False
1785322923.519992,08:00:27:5a:87:bc,0.10106695228638912,False
1785322923.519992,08:00:27:8a:0d:75,0.10106695228638912,False
1785322923.519992,08:00:27:a5:9e:2d,0.10106695228638912,False
1785322933.519992,08:00:27:5a:87:bc,0.10106695228638912,False
1785322933.519992,08:00:27:8a:0d:75,0.10106695228638912,False
1785322933.519992,08:00:27:a5:9e:2d,0.10106695228638912,False
1785322943.519992,08:00:27:5a:87:bc,0.10106695228638912,False
1785322943.519992,08:00:27:8a:0d:75,0.10106695228638912,False
1785322943.519992,08:00:27:a5:9e:2d,0.10106695228638912,False
1785322953.519992,08:00:27:5a:87:bc,0.10106695228638912,False
1785322953.519992,08:00:27:8a:0d:75,0.10106695228638912,False
1785322953.519992,08:00:27:a5:9e:2d,0.10106695228638912,False
1785322963.519992,08:00:27:5a:87:bc,0.10106695228638912,False
1785322963.519992,08:00:27:8a:0d:75,0.10106695228638912,False
1785322963.519992,08:00:27:a5:9e:2d,0.10106695228638912,False
1785322973.519992,08:00:27:5a:87:bc,0.10106695228638912,False
1785322973.519992,08:00:27:8a:0d:75,0.10106695228638912,False
1785322973.519992,08:00:27:a5:9e:2d,0.10106695228638912,False
1785322983.519992,08:00:27:5a:87:bc,0.10106695228638912,False
1785322983.519992,08:00:27:8a:0d:75,0.10106695228638912,False
1785322983.519992,08:00:27:a5:9e:2d,0.10106695228638912,False
1785322993.519992,08:00:27:5a:87:bc,0.10106695228638912,False
1785322993.519992,08:00:27:8a:0d:75,0.10106695228638912,False
1785322993.519992,08:00:27:a5:9e:2d,0.10106695228638912,False
1785323003.519992,08:00:27:5a:87:bc,0.10106695228638912,False
1785323003.519992,08:00:27:8a:0d:75,0.10106695228638912,False
1785323003.519992,08:00:27:a5:9e:2d,0.10106695228638912,False
1785323013.519992,08:00:27:5a:87:bc,0.10106695228638912,False
1785323013.519992,08:00:27:8a:0d:75,0.10106695228638912,False
1785323013.519992,08:00:27:a5:9e:2d,0.10106695228638912,False
1785323023.519992,08:00:27:5a:87:bc,0.10106695228638912,False
1785323023.519992,08:00:27:8a:0d:75,0.10106695228638912,False
1785323023.519992,08:00:27:a5:9e:2d,0.10106695228638912,False
1785323033.519992,08:00:27:5a:87:bc,0.10106695228638912,False
1785323033.519992,08:00:27:8a:0d:75,0.10106695228638912,False
1785323033.519992,08:00:27:a5:9e:2d,0.10106695228638912,False
1785323043.519992,08:00:27:5a:87:bc,0.10106695228638912,False
1785323043.519992,08:00:27:8a:0d:75,0.10106695228638912,False
1785323043.519992,08:00:27:a5:9e:2d,0.10106695228638912,False
1785323053.519992,08:00:27:5a:87:bc,0.10106695228638912,False
1785323053.519992,08:00:27:8a:0d:75,0.10106695228638912,False
1785323053.519992,08:00:27:a5:9e:2d,0.10106695228638912,False
1785323063.519992,08:00:27:5a:87:bc,0.10106695228638912,False
1785323063.519992,08:00:27:8a:0d:75,0.10106695228638912,False
1785323063.519992,08:00:27:a5:9e:2d,0.10106695228638912,False
1785323073.519992,08:00:27:5a:87:bc,0.10106695228638912,False
1785323073.519992,08:00:27:8a:0d:75,0.10106695228638912,False
1785323073.519992,08:00:27:a5:9e:2d,0.10106695228638912,False
1785323083.519992,08:00:27:5a:87:bc,0.10106695228638912,False
1785323083.519992,08:00:27:8a:0d:75,0.10106695228638912,False
1785323083.519992,08:00:27:a5:9e:2d,0.10106695228638912,False
1785323093.519992,08:00:27:5a:87:bc,0.10106695228638912,False
1785323093.519992,08:00:27:8a:0d:75,0.10106695228638912,False
1785323093.519992,08:00:27:a5:9e:2d,0.10106695228638912,False
1785323103.519992,08:00:27:5a:87:bc,0.10106695228638912,False
1785323103.519992,08:00:27:8a:0d:75,0.10106695228638912,False
1785323103.519992,08:00:27:a5:9e:2d,0.10106695228638912,False
1785323113.519992,08:00:27:5a:87:bc,0.10106695228638912,False
1785323113.519992,08:00:27:8a:0d:75,0.10106695228638912,False
1785323113.519992,08:00:27:a5:9e:2d,0.10106695228638912,False
1785323123.519992,08:00:27:5a:87:bc,0.10106695228638912,False
1785323123.519992,08:00:27:8a:0d:75,0.10106695228638912,False
1785323123.519992,08:00:27:a5:9e:2d,0.10106695228638912,False
1785323133.519992,08:00:27:5a:87:bc,0.10106695228638912,False
1785323133.519992,08:00:27:8a:0d:75,0.10106695228638912,False
1785323133.519992,08:00:27:a5:9e:2d,0.10106695228638912,False
1785323143.519992,08:00:27:5a:87:bc,0.10106695228638912,False
1785323143.519992,08:00:27:8a:0d:75,0.10106695228638912,False
1785323143.519992,08:00:27:a5:9e:2d,0.10106695228638912,False
1785323153.519992,08:00:27:5a:87:bc,0.10106695228638912,False
1785323153.519992,08:00:27:8a:0d:75,0.10106695228638912,False
1785323153.519992,08:00:27:a5:9e:2d,0.10106695228638912,False
1785323163.519992,08:00:27:5a:87:bc,0.10106695228638912,False
1785323163.519992,08:00:27:8a:0d:75,0.10106695228638912,False
1785323163.519992,08:00:27:a5:9e:2d,0.10106695228638912,False
1785323173.519992,08:00:27:5a:87:bc,0.10106695228638912,False
1785323173.519992,08:00:27:8a:0d:75,0.10106695228638912,False
1785323173.519992,08:00:27:a5:9e:2d,0.10106695228638912,False
1785323183.519992,08:00:27:5a:87:bc,0.10106695228638912,False
1785323183.519992,08:00:27:8a:0d:75,0.10106695228638912,False
1785323183.519992,08:00:27:a5:9e:2d,0.10106695228638912,False
1785323193.519992,08:00:27:5a:87:bc,0.10106695228638912,False
1785323193.519992,08:00:27:8a:0d:75,0.10106695228638912,False
1785323193.519992,08:00:27:a5:9e:2d,0.10106695228638912,False
1785323203.519992,08:00:27:5a:87:bc,0.10106695228638912,False
1785323203.519992,08:00:27:8a:0d:75,0.10106695228638912,False
1785323203.519992,08:00:27:a5:9e:2d,0.10106695228638912,False
1785323213.519992,08:00:27:5a:87:bc,0.10106695228638912,False
1785323213.519992,08:00:27:8a:0d:75,0.10106695228638912,False
1785323213.519992,08:00:27:a5:9e:2d,0.10106695228638912,False
1785323223.519992,08:00:27:5a:87:bc,0.10106695228638912,False
1785323223.519992,08:00:27:8a:0d:75,0.10106695228638912,False
1785323223.519992,08:00:27:a5:9e:2d,0.10106695228638912,False
1785323233.519992,08:00:27:5a:87:bc,0.10106695228638912,False
1785323233.519992,08:00:27:8a:0d:75,0.10106695228638912,False
1785323233.519992,08:00:27:a5:9e:2d,0.10106695228638912,False
1785323243.519992,08:00:27:5a:87:bc,0.10106695228638912,False
1785323243.519992,08:00:27:8a:0d:75,0.10106695228638912,False
1785323243.519992,08:00:27:a5:9e:2d,0.10106695228638912,False
1785323253.519992,08:00:27:5a:87:bc,0.10106695228638912,False
1785323253.519992,08:00:27:8a:0d:75,0.10106695228638912,False
1785323253.519992,08:00:27:a5:9e:2d,0.10106695228638912,False
1785323263.519992,08:00:27:5a:87:bc,0.10106695228638912,False
1785323263.519992,08:00:27:8a:0d:75,0.10106695228638912,False
1785323263.519992,08:00:27:a5:9e:2d,0.10106695228638912,False
1785323273.519992,08:00:27:5a:87:bc,0.10106695228638912,False
1785323273.519992,08:00:27:8a:0d:75,0.10106695228638912,False
1785323273.519992,08:00:27:a5:9e:2d,0.10106695228638912,False
1785323283.519992,08:00:27:5a:87:bc,0.10106695228638912,False
1785323283.519992,08:00:27:8a:0d:75,0.10106695228638912,False
1785323283.519992,08:00:27:a5:9e:2d,0.10106695228638912,False
1785323293.519992,08:00:27:5a:87:bc,0.10106695228638912,False
1785323293.519992,08:00:27:8a:0d:75,0.10106695228638912,False
1785323293.519992,08:00:27:a5:9e:2d,0.10106695228638912,False
1785323303.519992,08:00:27:5a:87:bc,0.10106695228638912,False
1785323303.519992,08:00:27:8a:0d:75,0.10106695228638912,False
1785323303.519992,08:00:27:a5:9e:2d,0.10106695228638912,False
1785323313.519992,08:00:27:5a:87:bc,0.10106695228638912,False
1785323313.519992,08:00:27:8a:0d:75,0.10106695228638912,False
1785323313.519992,08:00:27:a5:9e:2d,0.10106695228638912,False
1785323323.519992,08:00:27:5a:87:bc,0.10106695228638912,False
1785323323.519992,08:00:27:8a:0d:75,0.10106695228638912,False
1785323323.519992,08:00:27:a5:9e:2d,0.10106695228638912,False
1785323333.519992,08:00:27:5a:87:bc,0.10106695228638912,False
1785323333.519992,08:00:27:8a:0d:75,0.10106695228638912,False
1785323333.519992,08:00:27:a5:9e:2d,0.10106695228638912,False
1785323343.519992,08:00:27:5a:87:bc,0.10106695228638912,False
1785323343.519992,08:00:27:8a:0d:75,0.10106695228638912,False
1785323343.519992,08:00:27:a5:9e:2d,0.10106695228638912,False
1785323353.519992,08:00:27:5a:87:bc,0.10106695228638912,False
1785323353.519992,08:00:27:8a:0d:75,0.10106695228638912,False
1785323353.519992,08:00:27:a5:9e:2d,0.10106695228638912,False
1785323363.519992,08:00:27:5a:87:bc,0.10106695228638912,False
1785323363.519992,08:00:27:8a:0d:75,0.10106695228638912,False
1785323363.519992,08:00:27:a5:9e:2d,0.10106695228638912,False
1785323373.519992,08:00:27:5a:87:bc,0.10106695228638912,False
1785323373.519992,08:00:27:8a:0d:75,0.10106695228638912,False
1785323373.519992,08:00:27:a5:9e:2d,0.10106695228638912,False
1785323383.519992,08:00:27:5a:87:bc,0.10106695228638912,False
1785323383.519992,08:00:27:8a:0d:75,0.10106695228638912,False
1785323383.519992,08:00:27:a5:9e:2d,0.10106695228638912,False
1785323393.519992,08:00:27:5a:87:bc,0.10106695228638912,False
1785323393.519992,08:00:27:8a:0d:75,0.10106695228638912,False
1785323393.519992,08:00:27:a5:9e:2d,0.10106695228638912,False
1785323403.519992,08:00:27:5a:87:bc,0.10106695228638912,False
1785323403.519992,08:00:27:8a:0d:75,0.10106695228638912,False
1785323403.519992,08:00:27:a5:9e:2d,0.10106695228638912,False
1785323413.519992,08:00:27:5a:87:bc,0.10106695228638912,False
1785323413.519992,08:00:27:8a:0d:75,0.10106695228638912,False
1785323413.519992,08:00:27:a5:9e:2d,0.10106695228638912,False
1785323423.519992,08:00:27:5a:87:bc,0.10106695228638912,False
1785323423.519992,08:00:27:8a:0d:75,0.10106695228638912,False
1785323423.519992,08:00:27:a5:9e:2d,0.10106695228638912,False
1785323433.519992,08:00:27:5a:87:bc,0.10106695228638912,False
1785323433.519992,08:00:27:8a:0d:75,0.10106695228638912,False
1785323433.519992,08:00:27:a5:9e:2d,0.10106695228638912,False
1785323443.519992,08:00:27:5a:87:bc,0.10106695228638912,False
1785323443.519992,08:00:27:8a:0d:75,0.10106695228638912,False
1785323443.519992,08:00:27:a5:9e:2d,0.10106695228638912,False
1785323453.519992,08:00:27:5a:87:bc,0.10106695228638912,False
1785323453.519992,08:00:27:8a:0d:75,0.10106695228638912,False
1785323453.519992,08:00:27:a5:9e:2d,0.10106695228638912,False
1785323463.519992,08:00:27:5a:87:bc,0.10106695228638912,False
1785323463.519992,08:00:27:8a:0d:75,0.10106695228638912,False
1785323463.519992,08:00:27:a5:9e:2d,0.10106695228638912,False
1785323473.519992,08:00:27:5a:87:bc,0.10106695228638912,False
1785323473.519992,08:00:27:8a:0d:75,0.10106695228638912,False
1785323473.519992,08:00:27:a5:9e:2d,0.10106695228638912,False
1785323483.519992,08:00:27:5a:87:bc,0.10106695228638912,False
1785323483.519992,08:00:27:8a:0d:75,0.10106695228638912,False
1785323483.519992,08:00:27:a5:9e:2d,0.10106695228638912,False
1785323493.519992,08:00:27:5a:87:bc,0.10106695228638912,False
1785323493.519992,08:00:27:8a:0d:75,0.10106695228638912,False
1785323493.519992,08:00:27:a5:9e:2d,0.10106695228638912,False
1785323503.519992,08:00:27:5a:87:bc,0.10106695228638912,False
1785323503.519992,08:00:27:8a:0d:75,0.10106695228638912,False
1785323503.519992,08:00:27:a5:9e:2d,0.10106695228638912,False
1785323513.519992,08:00:27:5a:87:bc,0.10106695228638912,False
1785323513.519992,08:00:27:8a:0d:75,0.10106695228638912,False
1785323513.519992,08:00:27:a5:9e:2d,0.10106695228638912,False
1785323523.519992,08:00:27:5a:87:bc,0.10106695228638912,False
1785323523.519992,08:00:27:8a:0d:75,0.10106695228638912,False
1785323523.519992,08:00:27:a5:9e:2d,0.10106695228638912,False
1785323533.519992,08:00:27:5a:87:bc,0.10106695228638912,False
1785323533.519992,08:00:27:8a:0d:75,0.10106695228638912,False
1785323533.519992,08:00:27:a5:9e:2d,0.10106695228638912,False
1785323543.519992,08:00:27:5a:87:bc,0.10106695228638912,False
1785323543.519992,08:00:27:8a:0d:75,0.10106695228638912,False
1785323543.519992,08:00:27:a5:9e:2d,0.10106695228638912,False
1785323553.519992,08:00:27:5a:87:bc,0.10106695228638912,False
1785323553.519992,08:00:27:8a:0d:75,0.10106695228638912,False
1785323553.519992,08:00:27:a5:9e:2d,0.10106695228638912,False
1785323563.519992,08:00:27:5a:87:bc,0.10106695228638912,False
1785323563.519992,08:00:27:8a:0d:75,0.10106695228638912,False
1785323563.519992,08:00:27:a5:9e:2d,0.10106695228638912,False
1785323573.519992,08:00:27:5a:87:bc,0.10106695228638912,False
1785323573.519992,08:00:27:8a:0d:75,0.10106695228638912,False
1785323573.519992,08:00:27:a5:9e:2d,0.10106695228638912,False
1785323583.519992,08:00:27:5a:87:bc,0.10106695228638912,False
1785323583.519992,08:00:27:8a:0d:75,0.10106695228638912,False
1785323583.519992,08:00:27:a5:9e:2d,0.10106695228638912,False
1785323593.519992,08:00:27:5a:87:bc,0.10106695228638912,False
1785323593.519992,08:00:27:8a:0d:75,0.10106695228638912,False
1785323593.519992,08:00:27:a5:9e:2d,0.10106695228638912,False
1785323603.519992,08:00:27:5a:87:bc,0.10106695228638912,False
1785323603.519992,08:00:27:8a:0d:75,0.10106695228638912,False
1785323603.519992,08:00:27:a5:9e:2d,0.10106695228638912,False
1785323613.519992,08:00:27:5a:87:bc,0.10106695228638912,False
1785323613.519992,08:00:27:8a:0d:75,0.10106695228638912,False
1785323613.519992,08:00:27:a5:9e:2d,0.10106695228638912,False
1785323623.519992,08:00:27:5a:87:bc,0.10106695228638912,False
1785323623.519992,08:00:27:8a:0d:75,0.10106695228638912,False
1785323623.519992,08:00:27:a5:9e:2d,0.10106695228638912,False
1785323633.519992,08:00:27:5a:87:bc,0.10106695228638912,False
1785323633.519992,08:00:27:8a:0d:75,0.10106695228638912,False
1785323633.519992,08:00:27:a5:9e:2d,0.10106695228638912,False
1785323643.519992,08:00:27:5a:87:bc,0.10106695228638912,False
1785323643.519992,08:00:27:8a:0d:75,0.10106695228638912,False
1785323643.519992,08:00:27:a5:9e:2d,0.10106695228638912,False
1785323653.519992,08:00:27:5a:87:bc,0.10106695228638912,False
1785323653.519992,08:00:27:8a:0d:75,0.10106695228638912,False
1785323653.519992,08:00:27:a5:9e:2d,0.10106695228638912,False
1785323663.519992,08:00:27:5a:87:bc,0.10106695228638912,False
1785323663.519992,08:00:27:8a:0d:75,0.10106695228638912,False
1785323663.519992,08:00:27:a5:9e:2d,0.10106695228638912,False
1785323673.519992,08:00:27:5a:87:bc,0.10106695228638912,False
1785323673.519992,08:00:27:8a:0d:75,0.10106695228638912,False
1785323673.519992,08:00:27:a5:9e:2d,0.10106695228638912,False
1785323683.519992,08:00:27:5a:87:bc,0.10106695228638912,False
1785323683.519992,08:00:27:8a:0d:75,0.10106695228638912,False
1785323683.519992,08:00:27:a5:9e:2d,0.10106695228638912,False
1785323693.519992,08:00:27:5a:87:bc,0.10106695228638912,False
1785323693.519992,08:00:27:8a:0d:75,0.10106695228638912,False
1785323693.519992,08:00:27:a5:9e:2d,0.10106695228638912,False
1785323703.519992,08:00:27:5a:87:bc,0.10106695228638912,False
1785323703.519992,08:00:27:8a:0d:75,0.10106695228638912,False
1785323703.519992,08:00:27:a5:9e:2d,0.10106695228638912,False
1785323713.519992,08:00:27:5a:87:bc,0.10106695228638912,False
1785323713.519992,08:00:27:8a:0d:75,0.10106695228638912,False
1785323713.519992,08:00:27:a5:9e:2d,0.10106695228638912,False
1785323723.519992,08:00:27:5a:87:bc,0.10106695228638912,False
1785323723.519992,08:00:27:8a:0d:75,0.10106695228638912,False
1785323723.519992,08:00:27:a5:9e:2d,0.10106695228638912,False
1785323733.519992,08:00:27:5a:87:bc,0.10106695228638912,False
1785323733.519992,08:00:27:8a:0d:75,0.10106695228638912,False
1785323733.519992,08:00:27:a5:9e:2d,0.10106695228638912,False
1785323743.519992,08:00:27:5a:87:bc,0.10106695228638912,False
1785323743.519992,08:00:27:8a:0d:75,0.10106695228638912,False
1785323743.519992,08:00:27:a5:9e:2d,0.10106695228638912,False
1785323753.519992,08:00:27:5a:87:bc,0.10106695228638912,False
1785323753.519992,08:00:27:8a:0d:75,0.10106695228638912,False
1785323753.519992,08:00:27:a5:9e:2d,0.10106695228638912,False
1785323763.519992,08:00:27:5a:87:bc,0.10106695228638912,False
1785323763.519992,08:00:27:8a:0d:75,0.10106695228638912,False
1785323763.519992,08:00:27:a5:9e:2d,0.10106695228638912,False
1785323773.519992,08:00:27:5a:87:bc,0.10106695228638912,False
1785323773.519992,08:00:27:8a:0d:75,0.10106695228638912,False
1785323773.519992,08:00:27:a5:9e:2d,0.10106695228638912,False
1785323783.519992,08:00:27:5a:87:bc,0.10106695228638912,False
1785323783.519992,08:00:27:8a:0d:75,0.10106695228638912,False
1785323783.519992,08:00:27:a5:9e:2d,0.10106695228638912,False
1785323793.519992,08:00:27:5a:87:bc,0.10106695228638912,False
1785323793.519992,08:00:27:8a:0d:75,0.10106695228638912,False
1785323793.519992,08:00:27:a5:9e:2d,0.10106695228638912,False
1785323803.519992,08:00:27:5a:87:bc,0.10106695228638912,False
1785323803.519992,08:00:27:8a:0d:75,0.10106695228638912,False
1785323803.519992,08:00:27:a5:9e:2d,0.10106695228638912,False
1785323813.519992,08:00:27:5a:87:bc,0.10106695228638912,False
1785323813.519992,08:00:27:8a:0d:75,0.10106695228638912,False
1785323813.519992,08:00:27:a5:9e:2d,0.10106695228638912,False
1785323823.519992,08:00:27:5a:87:bc,0.10106695228638912,False
1785323823.519992,08:00:27:8a:0d:75,0.10106695228638912,False
1785323823.519992,08:00:27:a5:9e:2d,0.10106695228638912,False
1785323833.519992,08:00:27:5a:87:bc,0.10106695228638912,False
1785323833.519992,08:00:27:8a:0d:75,0.10106695228638912,False
1785323833.519992,08:00:27:a5:9e:2d,0.10106695228638912,False
1785323843.519992,08:00:27:5a:87:bc,0.10106695228638912,False
1785323843.519992,08:00:27:8a:0d:75,0.10106695228638912,False
1785323843.519992,08:00:27:a5:9e:2d,0.10106695228638912,False
1785323853.519992,08:00:27:5a:87:bc,0.10106695228638912,False
1785323853.519992,08:00:27:8a:0d:75,0.10106695228638912,False
1785323853.519992,08:00:27:a5:9e:2d,0.10106695228638912,False
1785323863.519992,08:00:27:5a:87:bc,0.10106695228638912,False
1785323863.519992,08:00:27:8a:0d:75,0.10106695228638912,False
1785323863.519992,08:00:27:a5:9e:2d,0.10106695228638912,False
1785323873.519992,08:00:27:5a:87:bc,0.10106695228638912,False
1785323873.519992,08:00:27:8a:0d:75,0.10106695228638912,False
1785323873.519992,08:00:27:a5:9e:2d,0.10106695228638912,False
1785323883.519992,08:00:27:5a:87:bc,0.10106695228638912,False
1785323883.519992,08:00:27:8a:0d:75,0.10106695228638912,False
1785323883.519992,08:00:27:a5:9e:2d,0.10106695228638912,False
1785323893.519992,08:00:27:5a:87:bc,0.10106695228638912,False
1785323893.519992,08:00:27:8a:0d:75,0.10106695228638912,False
1785323893.519992,08:00:27:a5:9e:2d,0.10106695228638912,False
1785323903.519992,08:00:27:5a:87:bc,0.10106695228638912,False
1785323903.519992,08:00:27:8a:0d:75,0.10106695228638912,False
1785323903.519992,08:00:27:a5:9e:2d,0.10106695228638912,False
1785323913.519992,08:00:27:5a:87:bc,0.10106695228638912,False
1785323913.519992,08:00:27:8a:0d:75,0.10106695228638912,False
1785323913.519992,08:00:27:a5:9e:2d,0.10106695228638912,False
1785323923.519992,08:00:27:5a:87:bc,0.10106695228638912,False
1785323923.519992,08:00:27:8a:0d:75,0.10106695228638912,False
1785323923.519992,08:00:27:a5:9e:2d,0.10106695228638912,False
1785323933.519992,08:00:27:5a:87:bc,0.10106695228638912,False
1785323933.519992,08:00:27:8a:0d:75,0.10106695228638912,False
1785323933.519992,08:00:27:a5:9e:2d,0.10106695228638912,False
1785323943.519992,08:00:27:5a:87:bc,0.10106695228638912,False
1785323943.519992,08:00:27:8a:0d:75,0.10106695228638912,False
1785323943.519992,08:00:27:a5:9e:2d,0.10106695228638912,False
1785323953.519992,08:00:27:5a:87:bc,0.10106695228638912,False
1785323953.519992,08:00:27:8a:0d:75,0.10106695228638912,False
1785323953.519992,08:00:27:a5:9e:2d,0.10106695228638912,False
1785323963.519992,08:00:27:5a:87:bc,0.10106695228638912,False
1785323963.519992,08:00:27:8a:0d:75,0.10106695228638912,False
1785323963.519992,08:00:27:a5:9e:2d,0.10106695228638912,False
1785323973.519992,08:00:27:5a:87:bc,0.10106695228638912,False
1785323973.519992,08:00:27:8a:0d:75,0.10106695228638912,False
1785323973.519992,08:00:27:a5:9e:2d,0.10106695228638912,False
1785323983.519992,08:00:27:5a:87:bc,0.10106695228638912,False
1785323983.519992,08:00:27:8a:0d:75,0.10106695228638912,False
1785323983.519992,08:00:27:a5:9e:2d,0.10106695228638912,False
1785323993.519992,08:00:27:5a:87:bc,0.10106695228638912,False
1785323993.519992,08:00:27:8a:0d:75,0.10106695228638912,False
1785323993.519992,08:00:27:a5:9e:2d,0.10106695228638912,False
1785324003.519992,08:00:27:5a:87:bc,0.10106695228638912,False
1785324003.519992,08:00:27:8a:0d:75,0.10106695228638912,False
1785324003.519992,08:00:27:a5:9e:2d,0.10106695228638912,False
1785324013.519992,08:00:27:5a:87:bc,0.10106695228638912,False
1785324013.519992,08:00:27:8a:0d:75,0.10106695228638912,False
1785324013.519992,08:00:27:a5:9e:2d,0.10106695228638912,False
1785324023.519992,08:00:27:5a:87:bc,0.10106695228638912,False
1785324023.519992,08:00:27:8a:0d:75,0.10106695228638912,False
1785324023.519992,08:00:27:a5:9e:2d,0.10106695228638912,False
1785324033.519992,08:00:27:5a:87:bc,0.10106695228638912,False
1785324033.519992,08:00:27:8a:0d:75,0.10106695228638912,False
1785324033.519992,08:00:27:a5:9e:2d,0.10106695228638912,False
1785324043.519992,08:00:27:5a:87:bc,0.10106695228638912,False
1785324043.519992,08:00:27:8a:0d:75,0.10106695228638912,False
1785324043.519992,08:00:27:a5:9e:2d,0.10106695228638912,False
1785324053.519992,08:00:27:5a:87:bc,0.10106695228638912,False
1785324053.519992,08:00:27:8a:0d:75,0.10106695228638912,False
1785324053.519992,08:00:27:a5:9e:2d,0.10106695228638912,False
1785324063.519992,08:00:27:5a:87:bc,0.10106695228638912,False
1785324063.519992,08:00:27:8a:0d:75,0.10106695228638912,False
1785324063.519992,08:00:27:a5:9e:2d,0.10106695228638912,False
1785324073.519992,08:00:27:5a:87:bc,0.10106695228638912,False
1785324073.519992,08:00:27:8a:0d:75,0.10106695228638912,False
1785324073.519992,08:00:27:a5:9e:2d,0.10106695228638912,False
1785324083.519992,08:00:27:5a:87:bc,0.10106695228638912,False
1785324083.519992,08:00:27:8a:0d:75,0.10106695228638912,False
1785324083.519992,08:00:27:a5:9e:2d,0.10106695228638912,False
1785324093.519992,08:00:27:5a:87:bc,0.10106695228638912,False
1785324093.519992,08:00:27:8a:0d:75,0.10106695228638912,False
1785324093.519992,08:00:27:a5:9e:2d,0.10106695228638912,False
1785324103.519992,08:00:27:5a:87:bc,0.10106695228638912,False
1785324103.519992,08:00:27:8a:0d:75,0.10106695228638912,False
1785324103.519992,08:00:27:a5:9e:2d,0.10106695228638912,False
1785324113.519992,08:00:27:5a:87:bc,0.10106695228638912,False
1785324113.519992,08:00:27:8a:0d:75,0.10106695228638912,False
1785324113.519992,08:00:27:a5:9e:2d,0.10106695228638912,False
1785324123.519992,08:00:27:5a:87:bc,0.10106695228638912,False
1785324123.519992,08:00:27:8a:0d:75,0.10106695228638912,False
1785324123.519992,08:00:27:a5:9e:2d,0.10106695228638912,False
1785324133.519992,08:00:27:5a:87:bc,0.10106695228638912,False
1785324133.519992,08:00:27:8a:0d:75,0.10106695228638912,False
1785324133.519992,08:00:27:a5:9e:2d,0.10106695228638912,False
1785324143.519992,08:00:27:5a:87:bc,0.10106695228638912,False
1785324143.519992,08:00:27:8a:0d:75,0.10106695228638912,False
1785324143.519992,08:00:27:a5:9e:2d,0.10106695228638912,False
1785324153.519992,08:00:27:5a:87:bc,0.10106695228638912,False
1785324153.519992,08:00:27:8a:0d:75,0.10106695228638912,False
1785324153.519992,08:00:27:a5:9e:2d,0.10106695228638912,False
1785324163.519992,08:00:27:5a:87:bc,0.10106695228638912,False
1785324163.519992,08:00:27:8a:0d:75,0.10106695228638912,False
1785324163.519992,08:00:27:a5:9e:2d,0.10106695228638912,False
1785324173.519992,08:00:27:5a:87:bc,0.10106695228638912,False
1785324173.519992,08:00:27:8a:0d:75,0.10106695228638912,False
1785324173.519992,08:00:27:a5:9e:2d,0.10106695228638912,False
1785324183.519992,08:00:27:5a:87:bc,0.10106695228638912,False
1785324183.519992,08:00:27:8a:0d:75,0.10106695228638912,False
1785324183.519992,08:00:27:a5:9e:2d,0.10106695228638912,False
1785324193.519992,08:00:27:5a:87:bc,0.10106695228638912,False
1785324193.519992,08:00:27:8a:0d:75,0.10106695228638912,False
1785324193.519992,08:00:27:a5:9e:2d,0.10106695228638912,False
1785324203.519992,08:00:27:5a:87:bc,0.10106695228638912,False
1785324203.519992,08:00:27:8a:0d:75,0.10106695228638912,False
1785324203.519992,08:00:27:a5:9e:2d,0.10106695228638912,False
1785324213.519992,08:00:27:5a:87:bc,0.10106695228638912,False
1785324213.519992,08:00:27:8a:0d:75,0.10106695228638912,False
1785324213.519992,08:00:27:a5:9e:2d,0.10106695228638912,False
1785324223.519992,08:00:27:5a:87:bc,0.10106695228638912,False
1785324223.519992,08:00:27:8a:0d:75,0.10106695228638912,False
1785324223.519992,08:00:27:a5:9e:2d,0.10106695228638912,False
1785324233.519992,08:00:27:5a:87:bc,0.10106695228638912,False
1785324233.519992,08:00:27:8a:0d:75,0.10106695228638912,False
1785324233.519992,08:00:27:a5:9e:2d,0.10106695228638912,False
1785324243.519992,08:00:27:5a:87:bc,0.10106695228638912,False
1785324243.519992,08:00:27:8a:0d:75,0.10106695228638912,False
1785324243.519992,08:00:27:a5:9e:2d,0.10106695228638912,False
1785324253.519992,08:00:27:5a:87:bc,0.10106695228638912,False
1785324253.519992,08:00:27:8a:0d:75,0.10106695228638912,False
1785324253.519992,08:00:27:a5:9e:2d,0.10106695228638912,False
1785324263.519992,08:00:27:5a:87:bc,0.10106695228638912,False
1785324263.519992,08:00:27:8a:0d:75,0.10106695228638912,False
1785324263.519992,08:00:27:a5:9e:2d,0.10106695228638912,False
1785324273.519992,08:00:27:5a:87:bc,0.10106695228638912,False
1785324273.519992,08:00:27:8a:0d:75,0.10106695228638912,False
1785324273.519992,08:00:27:a5:9e:2d,0.10106695228638912,False
1785324283.519992,08:00:27:5a:87:bc,0.10106695228638912,False
1785324283.519992,08:00:27:8a:0d:75,0.10106695228638912,False
1785324283.519992,08:00:27:a5:9e:2d,0.10106695228638912,False
1785324293.519992,08:00:27:5a:87:bc,0.10106695228638912,False
1785324293.519992,08:00:27:8a:0d:75,0.10106695228638912,False
1785324293.519992,08:00:27:a5:9e:2d,0.10106695228638912,False
1785324303.519992,08:00:27:5a:87:bc,0.10106695228638912,False
1785324303.519992,08:00:27:8a:0d:75,0.10106695228638912,False
1785324303.519992,08:00:27:a5:9e:2d,0.10106695228638912,False
1785324313.519992,08:00:27:5a:87:bc,0.10106695228638912,False
1785324313.519992,08:00:27:8a:0d:75,0.10106695228638912,False
1785324313.519992,08:00:27:a5:9e:2d,0.10106695228638912,False
1785324323.519992,08:00:27:5a:87:bc,0.10106695228638912,False
1785324323.519992,08:00:27:8a:0d:75,0.10106695228638912,False
1785324323.519992,08:00:27:a5:9e:2d,0.10106695228638912,False
1785324333.519992,08:00:27:5a:87:bc,0.10106695228638912,False
1785324333.519992,08:00:27:8a:0d:75,0.10106695228638912,False
1785324333.519992,08:00:27:a5:9e:2d,0.10106695228638912,False
1785324343.519992,08:00:27:5a:87:bc,0.10106695228638912,False
1785324343.519992,08:00:27:8a:0d:75,0.10106695228638912,False
1785324343.519992,08:00:27:a5:9e:2d,0.10106695228638912,False
1785324353.519992,08:00:27:5a:87:bc,0.10106695228638912,False
1785324353.519992,08:00:27:8a:0d:75,0.10106695228638912,False
1785324353.519992,08:00:27:a5:9e:2d,0.10106695228638912,False
1785324363.519992,08:00:27:5a:87:bc,0.10106695228638912,False
1785324363.519992,08:00:27:8a:0d:75,0.10106695228638912,False
1785324363.519992,08:00:27:a5:9e:2d,0.10106695228638912,False
1785324373.519992,08:00:27:5a:87:bc,0.10106695228638912,False
1785324373.519992,08:00:27:8a:0d:75,0.10106695228638912,False
1785324373.519992,08:00:27:a5:9e:2d,0.10106695228638912,False
1785324383.519992,08:00:27:5a:87:bc,0.10106695228638912,False
1785324383.519992,08:00:27:8a:0d:75,0.10106695228638912,False
1785324383.519992,08:00:27:a5:9e:2d,0.10106695228638912,False
1785324393.519992,08:00:27:5a:87:bc,0.10106695228638912,False
1785324393.519992,08:00:27:8a:0d:75,0.10106695228638912,False
1785324393.519992,08:00:27:a5:9e:2d,0.10106695228638912,False
1785324403.519992,08:00:27:5a:87:bc,0.10106695228638912,False
1785324403.519992,08:00:27:8a:0d:75,0.10106695228638912,False
1785324403.519992,08:00:27:a5:9e:2d,0.10106695228638912,False
1785324413.519992,08:00:27:5a:87:bc,0.10106695228638912,False
1785324413.519992,08:00:27:8a:0d:75,0.10106695228638912,False
1785324413.519992,08:00:27:a5:9e:2d,0.10106695228638912,False
1785324423.519992,08:00:27:5a:87:bc,0.10106695228638912,False
1785324423.519992,08:00:27:8a:0d:75,0.10106695228638912,False
1785324423.519992,08:00:27:a5:9e:2d,0.10106695228638912,False
1785324433.519992,08:00:27:5a:87:bc,0.10106695228638912,False
1785324433.519992,08:00:27:8a:0d:75,0.10106695228638912,False
1785324433.519992,08:00:27:a5:9e:2d,0.10106695228638912,False
1785324443.519992,08:00:27:5a:87:bc,0.10106695228638912,False
1785324443.519992,08:00:27:8a:0d:75,0.10106695228638912,False
1785324443.519992,08:00:27:a5:9e:2d,0.10106695228638912,False
1785324453.519992,08:00:27:5a:87:bc,0.10106695228638912,False
1785324453.519992,08:00:27:8a:0d:75,0.10106695228638912,False
1785324453.519992,08:00:27:a5:9e:2d,0.10106695228638912,False
1785324463.519992,08:00:27:5a:87:bc,0.10106695228638912,False
1785324463.519992,08:00:27:8a:0d:75,0.10106695228638912,False
1785324463.519992,08:00:27:a5:9e:2d,0.10106695228638912,False
1785324473.519992,08:00:27:5a:87:bc,0.10106695228638912,False
1785324473.519992,08:00:27:8a:0d:75,0.10106695228638912,False
1785324473.519992,08:00:27:a5:9e:2d,0.10106695228638912,False
1785324483.519992,08:00:27:5a:87:bc,0.10106695228638912,False
1785324483.519992,08:00:27:8a:0d:75,0.10106695228638912,False
1785324483.519992,08:00:27:a5:9e:2d,0.10106695228638912,False
1785324493.519992,08:00:27:5a:87:bc,0.10106695228638912,False
1785324493.519992,08:00:27:8a:0d:75,0.10106695228638912,False
1785324493.519992,08:00:27:a5:9e:2d,0.10106695228638912,False
1785324503.519992,08:00:27:5a:87:bc,0.10106695228638912,False
1785324503.519992,08:00:27:8a:0d:75,0.10106695228638912,False
1785324503.519992,08:00:27:a5:9e:2d,0.10106695228638912,False
1785324513.519992,08:00:27:5a:87:bc,0.10106695228638912,False
1785324513.519992,08:00:27:8a:0d:75,0.10106695228638912,False
1785324513.519992,08:00:27:a5:9e:2d,0.10106695228638912,False
1785324523.519992,08:00:27:5a:87:bc,0.10106695228638912,False
1785324523.519992,08:00:27:8a:0d:75,0.10106695228638912,False
1785324523.519992,08:00:27:a5:9e:2d,0.10106695228638912,False
1785324533.519992,08:00:27:5a:87:bc,0.10106695228638912,False
1785324533.519992,08:00:27:8a:0d:75,0.10106695228638912,False
1785324533.519992,08:00:27:a5:9e:2d,0.10106695228638912,False
1785324543.519992,08:00:27:5a:87:bc,0.10106695228638912,False
1785324543.519992,08:00:27:8a:0d:75,0.10106695228638912,False
1785324543.519992,08:00:27:a5:9e:2d,0.10106695228638912,False
1785324553.519992,08:00:27:5a:87:bc,0.10106695228638912,False
1785324553.519992,08:00:27:8a:0d:75,0.10106695228638912,False
1785324553.519992,08:00:27:a5:9e:2d,0.10106695228638912,False
1785324563.519992,08:00:27:5a:87:bc,0.10106695228638912,False
1785324563.519992,08:00:27:8a:0d:75,0.10106695228638912,False
1785324563.519992,08:00:27:a5:9e:2d,0.10106695228638912,False
1785324573.519992,08:00:27:5a:87:bc,0.10106695228638912,False
1785324573.519992,08:00:27:8a:0d:75,0.10106695228638912,False
1785324573.519992,08:00:27:a5:9e:2d,0.10106695228638912,False
1785324583.519992,08:00:27:5a:87:bc,0.10106695228638912,False
1785324583.519992,08:00:27:8a:0d:75,0.10106695228638912,False
1785324583.519992,08:00:27:a5:9e:2d,0.10106695228638912,False
1785324593.519992,08:00:27:5a:87:bc,0.10106695228638912,False
1785324593.519992,08:00:27:8a:0d:75,0.10106695228638912,False
1785324593.519992,08:00:27:a5:9e:2d,0.10106695228638912,False
1785324603.519992,08:00:27:5a:87:bc,0.10106695228638912,False
1785324603.519992,08:00:27:8a:0d:75,0.10106695228638912,False
1785324603.519992,08:00:27:a5:9e:2d,0.10106695228638912,False
1785324613.519992,08:00:27:5a:87:bc,0.10106695228638912,False
1785324613.519992,08:00:27:8a:0d:75,0.10106695228638912,False
1785324613.519992,08:00:27:a5:9e:2d,0.10106695228638912,False
1785324623.519992,08:00:27:5a:87:bc,0.10106695228638912,False
1785324623.519992,08:00:27:8a:0d:75,0.10106695228638912,False
1785324623.519992,08:00:27:a5:9e:2d,0.10106695228638912,False
1785324633.519992,08:00:27:5a:87:bc,0.10106695228638912,False
1785324633.519992,08:00:27:8a:0d:75,0.10106695228638912,False
1785324633.519992,08:00:27:a5:9e:2d,0.10106695228638912,False
1785324643.519992,08:00:27:5a:87:bc,0.10106695228638912,False
1785324643.519992,08:00:27:8a:0d:75,0.10106695228638912,False
1785324643.519992,08:00:27:a5:9e:2d,0.10106695228638912,False
1785324653.519992,08:00:27:5a:87:bc,0.10106695228638912,False
1785324653.519992,08:00:27:8a:0d:75,0.10106695228638912,False
1785324653.519992,08:00:27:a5:9e:2d,0.10106695228638912,False
1785324663.519992,08:00:27:5a:87:bc,0.10106695228638912,False
1785324663.519992,08:00:27:8a:0d:75,0.10106695228638912,False
1785324663.519992,08:00:27:a5:9e:2d,0.10106695228638912,False
1785324673.519992,08:00:27:5a:87:bc,0.10106695228638912,False
1785324673.519992,08:00:27:8a:0d:75,0.10106695228638912,False
1785324673.519992,08:00:27:a5:9e:2d,0.10106695228638912,False
1785324683.519992,08:00:27:5a:87:bc,0.10106695228638912,False
1785324683.519992,08:00:27:8a:0d:75,0.10106695228638912,False
1785324683.519992,08:00:27:a5:9e:2d,0.10106695228638912,False
1785324693.519992,08:00:27:5a:87:bc,0.10106695228638912,False
1785324693.519992,08:00:27:8a:0d:75,0.10106695228638912,False
1785324693.519992,08:00:27:a5:9e:2d,0.10106695228638912,False
1785324703.519992,08:00:27:5a:87:bc,0.10106695228638912,False
1785324703.519992,08:00:27:8a:0d:75,0.10106695228638912,False
1785324703.519992,08:00:27:a5:9e:2d,0.10106695228638912,False
1785324713.519992,08:00:27:5a:87:bc,0.10106695228638912,False
1785324713.519992,08:00:27:8a:0d:75,0.10106695228638912,False
1785324713.519992,08:00:27:a5:9e:2d,0.10106695228638912,False
1785324723.519992,08:00:27:5a:87:bc,0.10106695228638912,False
1785324723.519992,08:00:27:8a:0d:75,0.10106695228638912,False
1785324723.519992,08:00:27:a5:9e:2d,0.10106695228638912,False
1785324733.519992,08:00:27:5a:87:bc,0.10106695228638912,False
1785324733.519992,08:00:27:8a:0d:75,0.10106695228638912,False
1785324733.519992,08:00:27:a5:9e:2d,0.10106695228638912,False
1785324743.519992,08:00:27:5a:87:bc,0.10106695228638912,False
1785324743.519992,08:00:27:8a:0d:75,0.10106695228638912,False
1785324743.519992,08:00:27:a5:9e:2d,0.10106695228638912,False
1785324753.519992,08:00:27:5a:87:bc,0.10106695228638912,False
1785324753.519992,08:00:27:8a:0d:75,0.10106695228638912,False
1785324753.519992,08:00:27:a5:9e:2d,0.10106695228638912,False
1785324763.519992,08:00:27:5a:87:bc,0.10106695228638912,False
1785324763.519992,08:00:27:8a:0d:75,0.10106695228638912,False
1785324763.519992,08:00:27:a5:9e:2d,0.10106695228638912,False
1785324773.519992,08:00:27:5a:87:bc,0.10106695228638912,False
1785324773.519992,08:00:27:8a:0d:75,0.10106695228638912,False
1785324773.519992,08:00:27:a5:9e:2d,0.10106695228638912,False
1785324783.519992,08:00:27:5a:87:bc,0.10106695228638912,False
1785324783.519992,08:00:27:8a:0d:75,0.10106695228638912,False
1785324783.519992,08:00:27:a5:9e:2d,0.10106695228638912,False
1785324793.519992,08:00:27:5a:87:bc,0.10106695228638912,False
1785324793.519992,08:00:27:8a:0d:75,0.10106695228638912,False
1785324793.519992,08:00:27:a5:9e:2d,0.10106695228638912,False
1785324803.519992,08:00:27:5a:87:bc,0.10106695228638912,False
1785324803.519992,08:00:27:8a:0d:75,0.10106695228638912,False
1785324803.519992,08:00:27:a5:9e:2d,0.10106695228638912,False
1785324813.519992,08:00:27:5a:87:bc,0.10106695228638912,False
1785324813.519992,08:00:27:8a:0d:75,0.10106695228638912,False
1785324813.519992,08:00:27:a5:9e:2d,0.10106695228638912,False
1785324823.519992,08:00:27:5a:87:bc,0.10106695228638912,False
1785324823.519992,08:00:27:8a:0d:75,0.10106695228638912,False
1785324823.519992,08:00:27:a5:9e:2d,0.10106695228638912,False
1785324833.519992,08:00:27:5a:87:bc,0.10106695228638912,False
1785324833.519992,08:00:27:8a:0d:75,0.10106695228638912,False
1785324833.519992,08:00:27:a5:9e:2d,0.10106695228638912,False
1785324843.519992,08:00:27:5a:87:bc,0.10106695228638912,False
1785324843.519992,08:00:27:8a:0d:75,0.10106695228638912,False
1785324843.519992,08:00:27:a5:9e:2d,0.10106695228638912,False
1785324853.519992,08:00:27:5a:87:bc,0.10106695228638912,False
1785324853.519992,08:00:27:8a:0d:75,0.10106695228638912,False
1785324853.519992,08:00:27:a5:9e:2d,0.10106695228638912,False
1785324863.519992,08:00:27:5a:87:bc,0.10106695228638912,False
1785324863.519992,08:00:27:8a:0d:75,0.10106695228638912,False
1785324863.519992,08:00:27:a5:9e:2d,0.10106695228638912,False
1785324873.519992,08:00:27:5a:87:bc,0.10106695228638912,False
1785324873.519992,08:00:27:8a:0d:75,0.10106695228638912,False
1785324873.519992,08:00:27:a5:9e:2d,0.10106695228638912,False
1785324883.519992,08:00:27:5a:87:bc,0.10106695228638912,False
1785324883.519992,08:00:27:8a:0d:75,0.10106695228638912,False
1785324883.519992,08:00:27:a5:9e:2d,0.10106695228638912,False
1785324893.519992,08:00:27:5a:87:bc,0.10106695228638912,False
1785324893.519992,08:00:27:8a:0d:75,0.10106695228638912,False
1785324893.519992,08:00:27:a5:9e:2d,0.10106695228638912,False
1785324903.519992,08:00:27:5a:87:bc,0.10106695228638912,False
1785324903.519992,08:00:27:8a:0d:75,0.10106695228638912,False
1785324903.519992,08:00:27:a5:9e:2d,0.10106695228638912,False
1785324913.519992,08:00:27:5a:87:bc,0.10106695228638912,False
1785324913.519992,08:00:27:8a:0d:75,0.10106695228638912,False
1785324913.519992,08:00:27:a5:9e:2d,0.10106695228638912,False
1785324923.519992,08:00:27:5a:87:bc,0.10106695228638912,False
1785324923.519992,08:00:27:8a:0d:75,0.10106695228638912,False
1785324923.519992,08:00:27:a5:9e:2d,0.10106695228638912,False
1785324933.519992,08:00:27:5a:87:bc,0.10106695228638912,False
1785324933.519992,08:00:27:8a:0d:75,0.10106695228638912,False
1785324933.519992,08:00:27:a5:9e:2d,0.10106695228638912,False
1785324943.519992,08:00:27:5a:87:bc,0.10106695228638912,False
1785324943.519992,08:00:27:8a:0d:75,0.10106695228638912,False
1785324943.519992,08:00:27:a5:9e:2d,0.10106695228638912,False
1785324953.519992,08:00:27:5a:87:bc,0.10106695228638912,False
1785324953.519992,08:00:27:8a:0d:75,0.10106695228638912,False
1785324953.519992,08:00:27:a5:9e:2d,0.10106695228638912,False
1785324963.519992,08:00:27:5a:87:bc,0.10106695228638912,False
1785324963.519992,08:00:27:8a:0d:75,0.10106695228638912,False
1785324963.519992,08:00:27:a5:9e:2d,0.10106695228638912,False
1785324973.519992,08:00:27:5a:87:bc,0.10106695228638912,False
1785324973.519992,08:00:27:8a:0d:75,0.10106695228638912,False
1785324973.519992,08:00:27:a5:9e:2d,0.10106695228638912,False
1785324983.519992,08:00:27:5a:87:bc,0.10106695228638912,False
1785324983.519992,08:00:27:8a:0d:75,0.10106695228638912,False
1785324983.519992,08:00:27:a5:9e:2d,0.10106695228638912,False
1785324993.519992,08:00:27:5a:87:bc,0.10106695228638912,False
1785324993.519992,08:00:27:8a:0d:75,0.10106695228638912,False
1785324993.519992,08:00:27:a5:9e:2d,0.10106695228638912,False
1785325003.519992,08:00:27:5a:87:bc,0.10106695228638912,False
1785325003.519992,08:00:27:8a:0d:75,0.10106695228638912,False
1785325003.519992,08:00:27:a5:9e:2d,0.10106695228638912,False
1785325013.519992,08:00:27:5a:87:bc,0.10106695228638912,False
1785325013.519992,08:00:27:8a:0d:75,0.10106695228638912,False
1785325013.519992,08:00:27:a5:9e:2d,0.10106695228638912,False
1785325023.519992,08:00:27:5a:87:bc,0.10106695228638912,False
1785325023.519992,08:00:27:8a:0d:75,0.10106695228638912,False
1785325023.519992,08:00:27:a5:9e:2d,0.10106695228638912,False
1785325033.519992,08:00:27:5a:87:bc,0.10106695228638912,False
1785325033.519992,08:00:27:8a:0d:75,0.10106695228638912,False
1785325033.519992,08:00:27:a5:9e:2d,0.10106695228638912,False
1785325043.519992,08:00:27:5a:87:bc,0.10106695228638912,False
1785325043.519992,08:00:27:8a:0d:75,0.10106695228638912,False
1785325043.519992,08:00:27:a5:9e:2d,0.10106695228638912,False
1785325053.519992,08:00:27:5a:87:bc,0.10106695228638912,False
1785325053.519992,08:00:27:8a:0d:75,0.10106695228638912,False
1785325053.519992,08:00:27:a5:9e:2d,0.10106695228638912,False
1785325063.519992,08:00:27:5a:87:bc,0.10106695228638912,False
1785325063.519992,08:00:27:8a:0d:75,0.10106695228638912,False
1785325063.519992,08:00:27:a5:9e:2d,0.10106695228638912,False
1785325073.519992,08:00:27:5a:87:bc,0.10106695228638912,False
1785325073.519992,08:00:27:8a:0d:75,0.10106695228638912,False
1785325073.519992,08:00:27:a5:9e:2d,0.10106695228638912,False
1785325083.519992,08:00:27:5a:87:bc,0.10106695228638912,False
1785325083.519992,08:00:27:8a:0d:75,0.10106695228638912,False
1785325083.519992,08:00:27:a5:9e:2d,0.10106695228638912,False
1785325093.519992,08:00:27:5a:87:bc,0.10106695228638912,False
1785325093.519992,08:00:27:8a:0d:75,0.10106695228638912,False
1785325093.519992,08:00:27:a5:9e:2d,0.10106695228638912,False
1785325103.519992,08:00:27:5a:87:bc,0.10106695228638912,False
1785325103.519992,08:00:27:8a:0d:75,0.10106695228638912,False
1785325103.519992,08:00:27:a5:9e:2d,0.10106695228638912,False
1785325113.519992,08:00:27:5a:87:bc,0.10106695228638912,False
1785325113.519992,08:00:27:8a:0d:75,0.10106695228638912,False
1785325113.519992,08:00:27:a5:9e:2d,0.10106695228638912,False
1785325123.519992,08:00:27:5a:87:bc,0.10106695228638912,False
1785325123.519992,08:00:27:8a:0d:75,0.10106695228638912,False
1785325123.519992,08:00:27:a5:9e:2d,0.10106695228638912,False
1785325133.519992,08:00:27:5a:87:bc,0.10106695228638912,False
1785325133.519992,08:00:27:8a:0d:75,0.10106695228638912,False
1785325133.519992,08:00:27:a5:9e:2d,0.10106695228638912,False
1785325143.519992,08:00:27:5a:87:bc,0.10106695228638912,False
1785325143.519992,08:00:27:8a:0d:75,0.10106695228638912,False
1785325143.519992,08:00:27:a5:9e:2d,0.10106695228638912,False
1785325153.519992,08:00:27:5a:87:bc,0.10106695228638912,False
1785325153.519992,08:00:27:8a:0d:75,0.10106695228638912,False
1785325153.519992,08:00:27:a5:9e:2d,0.10106695228638912,False
1785325163.519992,08:00:27:5a:87:bc,0.10106695228638912,False
1785325163.519992,08:00:27:8a:0d:75,0.10106695228638912,False
1785325163.519992,08:00:27:a5:9e:2d,0.10106695228638912,False
1785325173.519992,08:00:27:5a:87:bc,0.10106695228638912,False
1785325173.519992,08:00:27:8a:0d:75,0.10106695228638912,False
1785325173.519992,08:00:27:a5:9e:2d,0.10106695228638912,False
1785325183.519992,08:00:27:5a:87:bc,0.10106695228638912,False
1785325183.519992,08:00:27:8a:0d:75,0.10106695228638912,False
1785325183.519992,08:00:27:a5:9e:2d,0.10106695228638912,False
1785325193.519992,08:00:27:5a:87:bc,0.10106695228638912,False
1785325193.519992,08:00:27:8a:0d:75,0.10106695228638912,False
1785325193.519992,08:00:27:a5:9e:2d,0.10106695228638912,False
1785325203.519992,08:00:27:5a:87:bc,0.10106695228638912,False
1785325203.519992,08:00:27:8a:0d:75,0.10106695228638912,False
1785325203.519992,08:00:27:a5:9e:2d,0.10106695228638912,False
1785325213.519992,08:00:27:5a:87:bc,0.10106695228638912,False
1785325213.519992,08:00:27:8a:0d:75,0.10106695228638912,False
1785325213.519992,08:00:27:a5:9e:2d,0.10106695228638912,False
1785325223.519992,08:00:27:5a:87:bc,0.10106695228638912,False
1785325223.519992,08:00:27:8a:0d:75,0.10106695228638912,False
1785325223.519992,08:00:27:a5:9e:2d,0.10106695228638912,False
1785325233.519992,08:00:27:5a:87:bc,0.10106695228638912,False
1785325233.519992,08:00:27:8a:0d:75,0.10106695228638912,False
1785325233.519992,08:00:27:a5:9e:2d,0.10106695228638912,False
1785325243.519992,08:00:27:5a:87:bc,0.10106695228638912,False
1785325243.519992,08:00:27:8a:0d:75,0.10106695228638912,False
1785325243.519992,08:00:27:a5:9e:2d,0.10106695228638912,False
1785325253.519992,08:00:27:5a:87:bc,0.10106695228638912,False
1785325253.519992,08:00:27:8a:0d:75,0.10106695228638912,False
1785325253.519992,08:00:27:a5:9e:2d,0.10106695228638912,False
1785325263.519992,08:00:27:5a:87:bc,0.10106695228638912,False
1785325263.519992,08:00:27:8a:0d:75,0.10106695228638912,False
1785325263.519992,08:00:27:a5:9e:2d,0.10106695228638912,False
1785325273.519992,08:00:27:5a:87:bc,0.10106695228638912,False
1785325273.519992,08:00:27:8a:0d:75,0.10106695228638912,False
1785325273.519992,08:00:27:a5:9e:2d,0.10106695228638912,False
1785325283.519992,08:00:27:5a:87:bc,0.10106695228638912,False
1785325283.519992,08:00:27:8a:0d:75,0.10106695228638912,False
1785325283.519992,08:00:27:a5:9e:2d,0.10106695228638912,False
1785325293.519992,08:00:27:5a:87:bc,0.10106695228638912,False
1785325293.519992,08:00:27:8a:0d:75,0.10106695228638912,False
1785325293.519992,08:00:27:a5:9e:2d,0.10106695228638912,False
1785325303.519992,08:00:27:5a:87:bc,0.10106695228638912,False
1785325303.519992,08:00:27:8a:0d:75,0.10106695228638912,False
1785325303.519992,08:00:27:a5:9e:2d,0.10106695228638912,False
1785325313.519992,08:00:27:5a:87:bc,0.10106695228638912,False
1785325313.519992,08:00:27:8a:0d:75,0.10106695228638912,False
1785325313.519992,08:00:27:a5:9e:2d,0.10106695228638912,False
1785325323.519992,08:00:27:5a:87:bc,0.10106695228638912,False
1785325323.519992,08:00:27:8a:0d:75,0.10106695228638912,False
1785325323.519992,08:00:27:a5:9e:2d,0.10106695228638912,False
1785325333.519992,08:00:27:5a:87:bc,0.10106695228638912,False
1785325333.519992,08:00:27:8a:0d:75,0.10106695228638912,False
1785325333.519992,08:00:27:a5:9e:2d,0.10106695228638912,False
1785325343.519992,08:00:27:5a:87:bc,0.10106695228638912,False
1785325343.519992,08:00:27:8a:0d:75,0.10106695228638912,False
1785325343.519992,08:00:27:a5:9e:2d,0.10106695228638912,False
1785325353.519992,08:00:27:5a:87:bc,0.10106695228638912,False
1785325353.519992,08:00:27:8a:0d:75,0.10106695228638912,False
1785325353.519992,08:00:27:a5:9e:2d,0.10106695228638912,False
1785325363.519992,08:00:27:5a:87:bc,0.10106695228638912,False
1785325363.519992,08:00:27:8a:0d:75,0.10106695228638912,False
1785325363.519992,08:00:27:a5:9e:2d,0.10106695228638912,False
1785325373.519992,08:00:27:5a:87:bc,0.10106695228638912,False
1785325373.519992,08:00:27:8a:0d:75,0.10106695228638912,False
1785325373.519992,08:00:27:a5:9e:2d,0.10106695228638912,False
1785325383.519992,08:00:27:5a:87:bc,0.10106695228638912,False
1785325383.519992,08:00:27:8a:0d:75,0.10106695228638912,False
1785325383.519992,08:00:27:a5:9e:2d,0.10106695228638912,False
1785325393.519992,08:00:27:5a:87:bc,0.10106695228638912,False
1785325393.519992,08:00:27:8a:0d:75,0.10106695228638912,False
1785325393.519992,08:00:27:a5:9e:2d,0.10106695228638912,False
1785325403.519992,08:00:27:5a:87:bc,0.10106695228638912,False
1785325403.519992,08:00:27:8a:0d:75,0.10106695228638912,False
1785325403.519992,08:00:27:a5:9e:2d,0.10106695228638912,False
1785325413.519992,08:00:27:5a:87:bc,0.10106695228638912,False
1785325413.519992,08:00:27:8a:0d:75,0.10106695228638912,False
1785325413.519992,08:00:27:a5:9e:2d,0.10106695228638912,False
1785325423.519992,08:00:27:5a:87:bc,0.10106695228638912,False
1785325423.519992,08:00:27:8a:0d:75,0.10106695228638912,False
1785325423.519992,08:00:27:a5:9e:2d,0.10106695228638912,False
1785325433.519992,08:00:27:5a:87:bc,0.10106695228638912,False
1785325433.519992,08:00:27:8a:0d:75,0.10106695228638912,False
1785325433.519992,08:00:27:a5:9e:2d,0.10106695228638912,False
1785325443.519992,08:00:27:5a:87:bc,0.10106695228638912,False
1785325443.519992,08:00:27:8a:0d:75,0.10106695228638912,False
1785325443.519992,08:00:27:a5:9e:2d,0.10106695228638912,False
1785325453.519992,08:00:27:5a:87:bc,0.10106695228638912,False
1785325453.519992,08:00:27:8a:0d:75,0.10106695228638912,False
1785325453.519992,08:00:27:a5:9e:2d,0.10106695228638912,False
1785325463.519992,08:00:27:5a:87:bc,0.10106695228638912,False
1785325463.519992,08:00:27:8a:0d:75,0.10106695228638912,False
1785325463.519992,08:00:27:a5:9e:2d,0.10106695228638912,False
1785325473.519992,08:00:27:5a:87:bc,0.10106695228638912,False
1785325473.519992,08:00:27:8a:0d:75,0.10106695228638912,False
1785325473.519992,08:00:27:a5:9e:2d,0.10106695228638912,False
1785325483.519992,08:00:27:5a:87:bc,0.10106695228638912,False
1785325483.519992,08:00:27:8a:0d:75,0.10106695228638912,False
1785325483.519992,08:00:27:a5:9e:2d,0.10106695228638912,False
1785325493.519992,08:00:27:5a:87:bc,0.10106695228638912,False
1785325493.519992,08:00:27:8a:0d:75,0.10106695228638912,False
1785325493.519992,08:00:27:a5:9e:2d,0.10106695228638912,False
1785325503.519992,08:00:27:5a:87:bc,0.10106695228638912,False
1785325503.519992,08:00:27:8a:0d:75,0.10106695228638912,False
1785325503.519992,08:00:27:a5:9e:2d,0.10106695228638912,False
1785325513.519992,08:00:27:5a:87:bc,0.10106695228638912,False
1785325513.519992,08:00:27:8a:0d:75,0.10106695228638912,False
1785325513.519992,08:00:27:a5:9e:2d,0.10106695228638912,False
1785325523.519992,08:00:27:5a:87:bc,0.10106695228638912,False
1785325523.519992,08:00:27:8a:0d:75,0.10106695228638912,False
1785325523.519992,08:00:27:a5:9e:2d,0.10106695228638912,False
1785325533.519992,08:00:27:5a:87:bc,0.10106695228638912,False
1785325533.519992,08:00:27:8a:0d:75,0.10106695228638912,False
1785325533.519992,08:00:27:a5:9e:2d,0.10106695228638912,False
1785325543.519992,08:00:27:5a:87:bc,0.10106695228638912,False
1785325543.519992,08:00:27:8a:0d:75,0.10106695228638912,False
1785325543.519992,08:00:27:a5:9e:2d,0.10106695228638912,False
1785325553.519992,08:00:27:5a:87:bc,0.10106695228638912,False
1785325553.519992,08:00:27:8a:0d:75,0.10106695228638912,False
1785325553.519992,08:00:27:a5:9e:2d,0.10106695228638912,False
1785325563.519992,08:00:27:5a:87:bc,0.10106695228638912,False
1785325563.519992,08:00:27:8a:0d:75,0.10106695228638912,False
1785325563.519992,08:00:27:a5:9e:2d,0.10106695228638912,False
1785325573.519992,08:00:27:5a:87:bc,0.10106695228638912,False
1785325573.519992,08:00:27:8a:0d:75,0.10106695228638912,False
1785325573.519992,08:00:27:a5:9e:2d,0.10106695228638912,False
1785325583.519992,08:00:27:5a:87:bc,0.10106695228638912,False
1785325583.519992,08:00:27:8a:0d:75,0.10106695228638912,False
1785325583.519992,08:00:27:a5:9e:2d,0.10106695228638912,False
1785325593.519992,08:00:27:5a:87:bc,0.10106695228638912,False
1785325593.519992,08:00:27:8a:0d:75,0.10106695228638912,False
1785325593.519992,08:00:27:a5:9e:2d,0.10106695228638912,False
1785325603.519992,08:00:27:5a:87:bc,0.10106695228638912,False
1785325603.519992,08:00:27:8a:0d:75,0.10106695228638912,False
1785325603.519992,08:00:27:a5:9e:2d,0.10106695228638912,False
1785325613.519992,08:00:27:5a:87:bc,0.10106695228638912,False
1785325613.519992,08:00:27:8a:0d:75,0.10106695228638912,False
1785325613.519992,08:00:27:a5:9e:2d,0.10106695228638912,False
1785325623.519992,08:00:27:5a:87:bc,0.10106695228638912,False
1785325623.519992,08:00:27:8a:0d:75,0.10106695228638912,False
1785325623.519992,08:00:27:a5:9e:2d,0.10106695228638912,False
1785325633.519992,08:00:27:5a:87:bc,0.10106695228638912,False
1785325633.519992,08:00:27:8a:0d:75,0.10106695228638912,False
1785325633.519992,08:00:27:a5:9e:2d,0.10106695228638912,False
1785325643.519992,08:00:27:5a:87:bc,0.10106695228638912,False
1785325643.519992,08:00:27:8a:0d:75,0.10106695228638912,False
1785325643.519992,08:00:27:a5:9e:2d,0.10106695228638912,False
1785325653.519992,08:00:27:5a:87:bc,0.10106695228638912,False
1785325653.519992,08:00:27:8a:0d:75,0.10106695228638912,False
1785325653.519992,08:00:27:a5:9e:2d,0.10106695228638912,False
1785325663.519992,08:00:27:5a:87:bc,0.10106695228638912,False
1785325663.519992,08:00:27:8a:0d:75,0.10106695228638912,False
1785325663.519992,08:00:27:a5:9e:2d,0.10106695228638912,False
1785325673.519992,08:00:27:5a:87:bc,0.10106695228638912,False
1785325673.519992,08:00:27:8a:0d:75,0.10106695228638912,False
1785325673.519992,08:00:27:a5:9e:2d,0.10106695228638912,False
1785325683.519992,08:00:27:5a:87:bc,0.10106695228638912,False
1785325683.519992,08:00:27:8a:0d:75,0.10106695228638912,False
1785325683.519992,08:00:27:a5:9e:2d,0.10106695228638912,False
1785325693.519992,08:00:27:5a:87:bc,0.10106695228638912,False
1785325693.519992,08:00:27:8a:0d:75,0.10106695228638912,False
1785325693.519992,08:00:27:a5:9e:2d,0.10106695228638912,False
1785325703.519992,08:00:27:5a:87:bc,0.10106695228638912,False
1785325703.519992,08:00:27:8a:0d:75,0.10106695228638912,False
1785325703.519992,08:00:27:a5:9e:2d,0.10106695228638912,False
1785325713.519992,08:00:27:5a:87:bc,0.10106695228638912,False
1785325713.519992,08:00:27:8a:0d:75,0.10106695228638912,False
1785325713.519992,08:00:27:a5:9e:2d,0.10106695228638912,False
1785325723.519992,08:00:27:5a:87:bc,0.10106695228638912,False
1785325723.519992,08:00:27:8a:0d:75,0.10106695228638912,False
1785325723.519992,08:00:27:a5:9e:2d,0.10106695228638912,False
1785325733.519992,08:00:27:5a:87:bc,0.10106695228638912,False
1785325733.519992,08:00:27:8a:0d:75,0.10106695228638912,False
1785325733.519992,08:00:27:a5:9e:2d,0.10106695228638912,False
1785325743.519992,08:00:27:5a:87:bc,0.10106695228638912,False
1785325743.519992,08:00:27:8a:0d:75,0.10106695228638912,False
1785325743.519992,08:00:27:a5:9e:2d,0.10106695228638912,False
1785325753.519992,08:00:27:5a:87:bc,0.10106695228638912,False
1785325753.519992,08:00:27:8a:0d:75,0.10106695228638912,False
1785325753.519992,08:00:27:a5:9e:2d,0.10106695228638912,False
1785325763.519992,08:00:27:5a:87:bc,0.10106695228638912,False
1785325763.519992,08:00:27:8a:0d:75,0.10106695228638912,False
1785325763.519992,08:00:27:a5:9e:2d,0.10106695228638912,False
1785325773.519992,08:00:27:5a:87:bc,0.10106695228638912,False
1785325773.519992,08:00:27:8a:0d:75,0.10106695228638912,False
1785325773.519992,08:00:27:a5:9e:2d,0.10106695228638912,False
1785325783.519992,08:00:27:5a:87:bc,0.10106695228638912,False
1785325783.519992,08:00:27:8a:0d:75,0.10106695228638912,False
1785325783.519992,08:00:27:a5:9e:2d,0.10106695228638912,False
1785325793.519992,08:00:27:5a:87:bc,0.10106695228638912,False
1785325793.519992,08:00:27:8a:0d:75,0.10106695228638912,False
1785325793.519992,08:00:27:a5:9e:2d,0.10106695228638912,False
1785325803.519992,08:00:27:5a:87:bc,0.10106695228638912,False
1785325803.519992,08:00:27:8a:0d:75,0.10106695228638912,False
1785325803.519992,08:00:27:a5:9e:2d,0.10106695228638912,False
1785325813.519992,08:00:27:5a:87:bc,0.10106695228638912,False
1785325813.519992,08:00:27:8a:0d:75,0.10106695228638912,False
1785325813.519992,08:00:27:a5:9e:2d,0.10106695228638912,False
1785325823.519992,08:00:27:5a:87:bc,0.10106695228638912,False
1785325823.519992,08:00:27:8a:0d:75,0.10106695228638912,False
1785325823.519992,08:00:27:a5:9e:2d,0.10106695228638912,False
1785325833.519992,08:00:27:5a:87:bc,0.10106695228638912,False
1785325833.519992,08:00:27:8a:0d:75,0.10106695228638912,False
1785325833.519992,08:00:27:a5:9e:2d,0.10106695228638912,False
1785325843.519992,08:00:27:5a:87:bc,0.10106695228638912,False
1785325843.519992,08:00:27:8a:0d:75,0.10106695228638912,False
1785325843.519992,08:00:27:a5:9e:2d,0.10106695228638912,False
1785325853.519992,08:00:27:5a:87:bc,0.10106695228638912,False
1785325853.519992,08:00:27:8a:0d:75,0.10106695228638912,False
1785325853.519992,08:00:27:a5:9e:2d,0.10106695228638912,False
1785325863.519992,08:00:27:5a:87:bc,0.10106695228638912,False
1785325863.519992,08:00:27:8a:0d:75,0.10106695228638912,False
1785325863.519992,08:00:27:a5:9e:2d,0.10106695228638912,False
1785325873.519992,08:00:27:5a:87:bc,0.10106695228638912,False
1785325873.519992,08:00:27:8a:0d:75,0.10106695228638912,False
1785325873.519992,08:00:27:a5:9e:2d,0.10106695228638912,False
1785325883.519992,08:00:27:5a:87:bc,0.10106695228638912,False
1785325883.519992,08:00:27:8a:0d:75,0.10106695228638912,False
1785325883.519992,08:00:27:a5:9e:2d,0.10106695228638912,False
1785325893.519992,08:00:27:5a:87:bc,0.10106695228638912,False
1785325893.519992,08:00:27:8a:0d:75,0.10106695228638912,False
1785325893.519992,08:00:27:a5:9e:2d,0.10106695228638912,False
1785325903.519992,08:00:27:5a:87:bc,0.10106695228638912,False
1785325903.519992,08:00:27:8a:0d:75,0.10106695228638912,False
1785325903.519992,08:00:27:a5:9e:2d,0.10106695228638912,False
1785325913.519992,08:00:27:5a:87:bc,0.10106695228638912,False
1785325913.519992,08:00:27:8a:0d:75,0.10106695228638912,False
1785325913.519992,08:00:27:a5:9e:2d,0.10106695228638912,False
1785325923.519992,08:00:27:5a:87:bc,0.10106695228638912,False
1785325923.519992,08:00:27:8a:0d:75,0.10106695228638912,False
1785325923.519992,08:00:27:a5:9e:2d,0.10106695228638912,False
1785325933.519992,08:00:27:5a:87:bc,0.10106695228638912,False
1785325933.519992,08:00:27:8a:0d:75,0.10106695228638912,False
1785325933.519992,08:00:27:a5:9e:2d,0.10106695228638912,False
1785325943.519992,08:00:27:5a:87:bc,0.10106695228638912,False
1785325943.519992,08:00:27:8a:0d:75,0.10106695228638912,False
1785325943.519992,08:00:27:a5:9e:2d,0.10106695228638912,False
1785325953.519992,08:00:27:5a:87:bc,0.10106695228638912,False
1785325953.519992,08:00:27:8a:0d:75,0.10106695228638912,False
1785325953.519992,08:00:27:a5:9e:2d,0.10106695228638912,False
1785325963.519992,08:00:27:5a:87:bc,0.10106695228638912,False
1785325963.519992,08:00:27:8a:0d:75,0.10106695228638912,False
1785325963.519992,08:00:27:a5:9e:2d,0.10106695228638912,False
1785325973.519992,08:00:27:5a:87:bc,0.10106695228638912,False
1785325973.519992,08:00:27:8a:0d:75,0.10106695228638912,False
1785325973.519992,08:00:27:a5:9e:2d,0.10106695228638912,False
1785325983.519992,08:00:27:5a:87:bc,0.10106695228638912,False
1785325983.519992,08:00:27:8a:0d:75,0.10106695228638912,False
1785325983.519992,08:00:27:a5:9e:2d,0.10106695228638912,False
1785325993.519992,08:00:27:5a:87:bc,0.10106695228638912,False
1785325993.519992,08:00:27:8a:0d:75,0.10106695228638912,False
1785325993.519992,08:00:27:a5:9e:2d,0.10106695228638912,False
1785326003.519992,08:00:27:5a:87:bc,0.10106695228638912,False
1785326003.519992,08:00:27:8a:0d:75,0.10106695228638912,False
1785326003.519992,08:00:27:a5:9e:2d,0.10106695228638912,False
1785326013.519992,08:00:27:5a:87:bc,0.10106695228638912,False
1785326013.519992,08:00:27:8a:0d:75,0.10106695228638912,False
1785326013.519992,08:00:27:a5:9e:2d,0.10106695228638912,False
1785326023.519992,08:00:27:5a:87:bc,0.10106695228638912,False
1785326023.519992,08:00:27:8a:0d:75,0.10106695228638912,False
1785326023.519992,08:00:27:a5:9e:2d,0.10106695228638912,False
1785326033.519992,08:00:27:5a:87:bc,0.10106695228638912,False
1785326033.519992,08:00:27:8a:0d:75,0.10106695228638912,False
1785326033.519992,08:00:27:a5:9e:2d,0.10106695228638912,False
1785326043.519992,08:00:27:5a:87:bc,0.10106695228638912,False
1785326043.519992,08:00:27:8a:0d:75,0.10106695228638912,False
1785326043.519992,08:00:27:a5:9e:2d,0.10106695228638912,False
1785326053.519992,08:00:27:5a:87:bc,0.10106695228638912,False
1785326053.519992,08:00:27:8a:0d:75,0.10106695228638912,False
1785326053.519992,08:00:27:a5:9e:2d,0.10106695228638912,False
1785326063.519992,08:00:27:5a:87:bc,0.10106695228638912,False
1785326063.519992,08:00:27:8a:0d:75,0.10106695228638912,False
1785326063.519992,08:00:27:a5:9e:2d,0.10106695228638912,False
1785326073.519992,08:00:27:5a:87:bc,0.10106695228638912,False
1785326073.519992,08:00:27:8a:0d:75,0.10106695228638912,False
1785326073.519992,08:00:27:a5:9e:2d,0.10106695228638912,False
1785326083.519992,08:00:27:5a:87:bc,0.10106695228638912,False
1785326083.519992,08:00:27:8a:0d:75,0.10106695228638912,False
1785326083.519992,08:00:27:a5:9e:2d,0.10106695228638912,False
1785326093.519992,08:00:27:5a:87:bc,0.10106695228638912,False
1785326093.519992,08:00:27:8a:0d:75,0.10106695228638912,False
1785326093.519992,08:00:27:a5:9e:2d,0.10106695228638912,False
1785326103.519992,08:00:27:5a:87:bc,0.10106695228638912,False
1785326103.519992,08:00:27:8a:0d:75,0.10106695228638912,False
1785326103.519992,08:00:27:a5:9e:2d,0.10106695228638912,False
1785326113.519992,08:00:27:5a:87:bc,0.10106695228638912,False
1785326113.519992,08:00:27:8a:0d:75,0.10106695228638912,False
1785326113.519992,08:00:27:a5:9e:2d,0.10106695228638912,False
1785326123.519992,08:00:27:5a:87:bc,0.10106695228638912,False
1785326123.519992,08:00:27:8a:0d:75,0.10106695228638912,False
1785326123.519992,08:00:27:a5:9e:2d,0.10106695228638912,False
1785326133.519992,08:00:27:5a:87:bc,0.10106695228638912,False
1785326133.519992,08:00:27:8a:0d:75,0.10106695228638912,False
1785326133.519992,08:00:27:a5:9e:2d,0.10106695228638912,False
1785326143.519992,08:00:27:5a:87:bc,0.10106695228638912,False
1785326143.519992,08:00:27:8a:0d:75,0.10106695228638912,False
1785326143.519992,08:00:27:a5:9e:2d,0.10106695228638912,False
1785326153.519992,08:00:27:5a:87:bc,0.10106695228638912,False
1785326153.519992,08:00:27:8a:0d:75,0.10106695228638912,False
1785326153.519992,08:00:27:a5:9e:2d,0.10106695228638912,False
1785326163.519992,08:00:27:5a:87:bc,0.10106695228638912,False
1785326163.519992,08:00:27:8a:0d:75,0.10106695228638912,False
1785326163.519992,08:00:27:a5:9e:2d,0.10106695228638912,False
1785326173.519992,08:00:27:5a:87:bc,0.10106695228638912,False
1785326173.519992,08:00:27:8a:0d:75,0.10106695228638912,False
1785326173.519992,08:00:27:a5:9e:2d,0.10106695228638912,False
1785326183.519992,08:00:27:5a:87:bc,0.10106695228638912,False
1785326183.519992,08:00:27:8a:0d:75,0.10106695228638912,False
1785326183.519992,08:00:27:a5:9e:2d,0.10106695228638912,False
1785326193.519992,08:00:27:5a:87:bc,0.10106695228638912,False
1785326193.519992,08:00:27:8a:0d:75,0.10106695228638912,False
1785326193.519992,08:00:27:a5:9e:2d,0.10106695228638912,False
1785326203.519992,08:00:27:5a:87:bc,0.10106695228638912,False
1785326203.519992,08:00:27:8a:0d:75,0.10106695228638912,False
1785326203.519992,08:00:27:a5:9e:2d,0.10106695228638912,False
1785326213.519992,08:00:27:5a:87:bc,0.10106695228638912,False
1785326213.519992,08:00:27:8a:0d:75,0.10106695228638912,False
1785326213.519992,08:00:27:a5:9e:2d,0.10106695228638912,False
1785326223.519992,08:00:27:5a:87:bc,0.10106695228638912,False
1785326223.519992,08:00:27:8a:0d:75,0.10106695228638912,False
1785326223.519992,08:00:27:a5:9e:2d,0.10106695228638912,False
1785326233.519992,08:00:27:5a:87:bc,0.10106695228638912,False
1785326233.519992,08:00:27:8a:0d:75,0.10106695228638912,False
1785326233.519992,08:00:27:a5:9e:2d,0.10106695228638912,False
1785326243.519992,08:00:27:5a:87:bc,0.10106695228638912,False
1785326243.519992,08:00:27:8a:0d:75,0.10106695228638912,False
1785326243.519992,08:00:27:a5:9e:2d,0.10106695228638912,False
1785326253.519992,08:00:27:5a:87:bc,0.10106695228638912,False
1785326253.519992,08:00:27:8a:0d:75,0.10106695228638912,False
1785326253.519992,08:00:27:a5:9e:2d,0.10106695228638912,False
1785326263.519992,08:00:27:5a:87:bc,0.10106695228638912,False
1785326263.519992,08:00:27:8a:0d:75,0.10106695228638912,False
1785326263.519992,08:00:27:a5:9e:2d,0.10106695228638912,False
1785326273.519992,08:00:27:5a:87:bc,0.10106695228638912,False
1785326273.519992,08:00:27:8a:0d:75,0.10106695228638912,False
1785326273.519992,08:00:27:a5:9e:2d,0.10106695228638912,False
1785326283.519992,08:00:27:5a:87:bc,0.10106695228638912,False
1785326283.519992,08:00:27:8a:0d:75,0.10106695228638912,False
1785326283.519992,08:00:27:a5:9e:2d,0.10106695228638912,False
1785326293.519992,08:00:27:5a:87:bc,0.10106695228638912,False
1785326293.519992,08:00:27:8a:0d:75,0.10106695228638912,False
1785326293.519992,08:00:27:a5:9e:2d,0.10106695228638912,False
1785326303.519992,08:00:27:5a:87:bc,0.10106695228638912,False
1785326303.519992,08:00:27:8a:0d:75,0.10106695228638912,False
1785326303.519992,08:00:27:a5:9e:2d,0.10106695228638912,False
1785326313.519992,08:00:27:5a:87:bc,0.10106695228638912,False
1785326313.519992,08:00:27:8a:0d:75,0.10106695228638912,False
1785326313.519992,08:00:27:a5:9e:2d,0.10106695228638912,False
1785326323.519992,08:00:27:5a:87:bc,0.10106695228638912,False
1785326323.519992,08:00:27:8a:0d:75,0.10106695228638912,False
1785326323.519992,08:00:27:a5:9e:2d,0.10106695228638912,False
1785326333.519992,08:00:27:5a:87:bc,0.10106695228638912,False
1785326333.519992,08:00:27:8a:0d:75,0.10106695228638912,False
1785326333.519992,08:00:27:a5:9e:2d,0.10106695228638912,False
1785326343.519992,08:00:27:5a:87:bc,0.10106695228638912,False
1785326343.519992,08:00:27:8a:0d:75,0.10106695228638912,False
1785326343.519992,08:00:27:a5:9e:2d,0.10106695228638912,False
1785326353.519992,08:00:27:5a:87:bc,0.10106695228638912,False
1785326353.519992,08:00:27:8a:0d:75,0.10106695228638912,False
1785326353.519992,08:00:27:a5:9e:2d,0.10106695228638912,False
1785326363.519992,08:00:27:5a:87:bc,0.10106695228638912,False
1785326363.519992,08:00:27:8a:0d:75,0.10106695228638912,False
1785326363.519992,08:00:27:a5:9e:2d,0.10106695228638912,False
1785326373.519992,08:00:27:5a:87:bc,0.10106695228638912,False
1785326373.519992,08:00:27:8a:0d:75,0.10106695228638912,False
1785326373.519992,08:00:27:a5:9e:2d,0.10106695228638912,False
1785326383.519992,08:00:27:5a:87:bc,0.10106695228638912,False
1785326383.519992,08:00:27:8a:0d:75,0.10106695228638912,False
1785326383.519992,08:00:27:a5:9e:2d,0.10106695228638912,False
1785326393.519992,08:00:27:5a:87:bc,0.10106695228638912,False
1785326393.519992,08:00:27:8a:0d:75,0.10106695228638912,False
1785326393.519992,08:00:27:a5:9e:2d,0.10106695228638912,False
1785326403.519992,08:00:27:5a:87:bc,0.10106695228638912,False
1785326403.519992,08:00:27:8a:0d:75,0.10106695228638912,False
1785326403.519992,08:00:27:a5:9e:2d,0.10106695228638912,False
1785326413.519992,08:00:27:5a:87:bc,0.10106695228638912,False
1785326413.519992,08:00:27:8a:0d:75,0.10106695228638912,False
1785326413.519992,08:00:27:a5:9e:2d,0.10106695228638912,False
1785326423.519992,08:00:27:5a:87:bc,0.10106695228638912,False
1785326423.519992,08:00:27:8a:0d:75,0.10106695228638912,False
1785326423.519992,08:00:27:a5:9e:2d,0.10106695228638912,False
1785326433.519992,08:00:27:5a:87:bc,0.10106695228638912,False
1785326433.519992,08:00:27:8a:0d:75,0.10106695228638912,False
1785326433.519992,08:00:27:a5:9e:2d,0.10106695228638912,False
1785326443.519992,08:00:27:5a:87:bc,0.10106695228638912,False
1785326443.519992,08:00:27:8a:0d:75,0.10106695228638912,False
1785326443.519992,08:00:27:a5:9e:2d,0.10106695228638912,False
1785326453.519992,08:00:27:5a:87:bc,0.10106695228638912,False
1785326453.519992,08:00:27:8a:0d:75,0.10106695228638912,False
1785326453.519992,08:00:27:a5:9e:2d,0.10106695228638912,False
1785326463.519992,08:00:27:5a:87:bc,0.10106695228638912,False
1785326463.519992,08:00:27:8a:0d:75,0.10106695228638912,False
1785326463.519992,08:00:27:a5:9e:2d,0.10106695228638912,False
1785326473.519992,08:00:27:5a:87:bc,0.10106695228638912,False
1785326473.519992,08:00:27:8a:0d:75,0.10106695228638912,False
1785326473.519992,08:00:27:a5:9e:2d,0.10106695228638912,False
1785326483.519992,08:00:27:5a:87:bc,0.10106695228638912,False
1785326483.519992,08:00:27:8a:0d:75,0.10106695228638912,False
1785326483.519992,08:00:27:a5:9e:2d,0.10106695228638912,False
1785326493.519992,08:00:27:5a:87:bc,0.10106695228638912,False
1785326493.519992,08:00:27:8a:0d:75,0.10106695228638912,False
1785326493.519992,08:00:27:a5:9e:2d,0.10106695228638912,False
1785326503.519992,08:00:27:5a:87:bc,0.10106695228638912,False
1785326503.519992,08:00:27:8a:0d:75,0.10106695228638912,False
1785326503.519992,08:00:27:a5:9e:2d,0.10106695228638912,False
1785326513.519992,08:00:27:5a:87:bc,0.10106695228638912,False
1785326513.519992,08:00:27:8a:0d:75,0.10106695228638912,False
1785326513.519992,08:00:27:a5:9e:2d,0.10106695228638912,False
1785326523.519992,08:00:27:5a:87:bc,0.10106695228638912,False
1785326523.519992,08:00:27:8a:0d:75,0.10106695228638912,False
1785326523.519992,08:00:27:a5:9e:2d,0.10106695228638912,False
1785326533.519992,08:00:27:5a:87:bc,0.10106695228638912,False
1785326533.519992,08:00:27:8a:0d:75,0.10106695228638912,False
1785326533.519992,08:00:27:a5:9e:2d,0.10106695228638912,False
1785326543.519992,08:00:27:5a:87:bc,0.10106695228638912,False
1785326543.519992,08:00:27:8a:0d:75,0.10106695228638912,False
1785326543.519992,08:00:27:a5:9e:2d,0.10106695228638912,False
1785326553.519992,08:00:27:5a:87:bc,0.10106695228638912,False
1785326553.519992,08:00:27:8a:0d:75,0.10106695228638912,False
1785326553.519992,08:00:27:a5:9e:2d,0.10106695228638912,False
1785326563.519992,08:00:27:5a:87:bc,0.10106695228638912,False
1785326563.519992,08:00:27:8a:0d:75,0.10106695228638912,False
1785326563.519992,08:00:27:a5:9e:2d,0.10106695228638912,False
1785326573.519992,08:00:27:5a:87:bc,0.10106695228638912,False
1785326573.519992,08:00:27:8a:0d:75,0.10106695228638912,False
1785326573.519992,08:00:27:a5:9e:2d,0.10106695228638912,False
1785326583.519992,08:00:27:5a:87:bc,0.10106695228638912,False
1785326583.519992,08:00:27:8a:0d:75,0.10106695228638912,False
1785326583.519992,08:00:27:a5:9e:2d,0.10106695228638912,False
1785326593.519992,08:00:27:5a:87:bc,0.10106695228638912,False
1785326593.519992,08:00:27:8a:0d:75,0.10106695228638912,False
1785326593.519992,08:00:27:a5:9e:2d,0.10106695228638912,False
1785326603.519992,08:00:27:5a:87:bc,0.10106695228638912,False
1785326603.519992,08:00:27:8a:0d:75,0.10106695228638912,False
1785326603.519992,08:00:27:a5:9e:2d,0.10106695228638912,False
1785326613.519992,08:00:27:5a:87:bc,0.10106695228638912,False
1785326613.519992,08:00:27:8a:0d:75,0.10106695228638912,False
1785326613.519992,08:00:27:a5:9e:2d,0.10106695228638912,False
1785326623.519992,08:00:27:5a:87:bc,0.10106695228638912,False
1785326623.519992,08:00:27:8a:0d:75,0.10106695228638912,False
1785326623.519992,08:00:27:a5:9e:2d,0.10106695228638912,False
1785326633.519992,08:00:27:5a:87:bc,0.10106695228638912,False
1785326633.519992,08:00:27:8a:0d:75,0.10106695228638912,False
1785326633.519992,08:00:27:a5:9e:2d,0.10106695228638912,False
1785326643.519992,08:00:27:5a:87:bc,0.10106695228638912,False
1785326643.519992,08:00:27:8a:0d:75,0.10106695228638912,False
1785326643.519992,08:00:27:a5:9e:2d,0.10106695228638912,False
1785326653.519992,08:00:27:5a:87:bc,0.10106695228638912,False
1785326653.519992,08:00:27:8a:0d:75,0.10106695228638912,False
1785326653.519992,08:00:27:a5:9e:2d,0.10106695228638912,False
1785326663.519992,08:00:27:5a:87:bc,0.10106695228638912,False
1785326663.519992,08:00:27:8a:0d:75,0.10106695228638912,False
1785326663.519992,08:00:27:a5:9e:2d,0.10106695228638912,False
1785326673.519992,08:00:27:5a:87:bc,0.10106695228638912,False
1785326673.519992,08:00:27:8a:0d:75,0.10106695228638912,False
1785326673.519992,08:00:27:a5:9e:2d,0.10106695228638912,False
1785326683.519992,08:00:27:5a:87:bc,0.10106695228638912,False
1785326683.519992,08:00:27:8a:0d:75,0.10106695228638912,False
1785326683.519992,08:00:27:a5:9e:2d,0.10106695228638912,False
1785326693.519992,08:00:27:5a:87:bc,0.10106695228638912,False
1785326693.519992,08:00:27:8a:0d:75,0.10106695228638912,False
1785326693.519992,08:00:27:a5:9e:2d,0.10106695228638912,False
1785326703.519992,08:00:27:5a:87:bc,0.10106695228638912,False
1785326703.519992,08:00:27:8a:0d:75,0.10106695228638912,False
1785326703.519992,08:00:27:a5:9e:2d,0.10106695228638912,False
1785326713.519992,08:00:27:5a:87:bc,0.10106695228638912,False
1785326713.519992,08:00:27:8a:0d:75,0.10106695228638912,False
1785326713.519992,08:00:27:a5:9e:2d,0.10106695228638912,False
1785326723.519992,08:00:27:5a:87:bc,0.10106695228638912,False
1785326723.519992,08:00:27:8a:0d:75,0.10106695228638912,False
1785326723.519992,08:00:27:a5:9e:2d,0.10106695228638912,False
1785326733.519992,08:00:27:5a:87:bc,0.10106695228638912,False
1785326733.519992,08:00:27:8a:0d:75,0.10106695228638912,False
1785326733.519992,08:00:27:a5:9e:2d,0.10106695228638912,False
1785326743.519992,08:00:27:5a:87:bc,0.10106695228638912,False
1785326743.519992,08:00:27:8a:0d:75,0.10106695228638912,False
1785326743.519992,08:00:27:a5:9e:2d,0.10106695228638912,False
1785326753.519992,08:00:27:5a:87:bc,0.10106695228638912,False
1785326753.519992,08:00:27:8a:0d:75,0.10106695228638912,False
1785326753.519992,08:00:27:a5:9e:2d,0.10106695228638912,False
1785326763.519992,08:00:27:5a:87:bc,0.10106695228638912,False
1785326763.519992,08:00:27:8a:0d:75,0.10106695228638912,False
1785326763.519992,08:00:27:a5:9e:2d,0.10106695228638912,False
1785326773.519992,08:00:27:5a:87:bc,0.10106695228638912,False
1785326773.519992,08:00:27:8a:0d:75,0.10106695228638912,False
1785326773.519992,08:00:27:a5:9e:2d,0.10106695228638912,False
1785326783.519992,08:00:27:5a:87:bc,0.10106695228638912,False
1785326783.519992,08:00:27:8a:0d:75,0.10106695228638912,False
1785326783.519992,08:00:27:a5:9e:2d,0.10106695228638912,False
1785326793.519992,08:00:27:5a:87:bc,0.10106695228638912,False
1785326793.519992,08:00:27:8a:0d:75,0.10106695228638912,False
1785326793.519992,08:00:27:a5:9e:2d,0.10106695228638912,False
1785326803.519992,08:00:27:5a:87:bc,0.10106695228638912,False
1785326803.519992,08:00:27:8a:0d:75,0.10106695228638912,False
1785326803.519992,08:00:27:a5:9e:2d,0.10106695228638912,False
1785326813.519992,08:00:27:5a:87:bc,0.10106695228638912,False
1785326813.519992,08:00:27:8a:0d:75,0.10106695228638912,False
1785326813.519992,08:00:27:a5:9e:2d,0.10106695228638912,False
1785326823.519992,08:00:27:5a:87:bc,0.10106695228638912,False
1785326823.519992,08:00:27:8a:0d:75,0.10106695228638912,False
1785326823.519992,08:00:27:a5:9e:2d,0.10106695228638912,False
1785326833.519992,08:00:27:5a:87:bc,0.10106695228638912,False
1785326833.519992,08:00:27:8a:0d:75,0.10106695228638912,False
1785326833.519992,08:00:27:a5:9e:2d,0.10106695228638912,False
1785326843.519992,08:00:27:5a:87:bc,0.10106695228638912,False
1785326843.519992,08:00:27:8a:0d:75,0.10106695228638912,False
1785326843.519992,08:00:27:a5:9e:2d,0.10106695228638912,False
1785326853.519992,08:00:27:5a:87:bc,0.10106695228638912,False
1785326853.519992,08:00:27:8a:0d:75,0.10106695228638912,False
1785326853.519992,08:00:27:a5:9e:2d,0.10106695228638912,False
1785326863.519992,08:00:27:5a:87:bc,0.10106695228638912,False
1785326863.519992,08:00:27:8a:0d:75,0.10106695228638912,False
1785326863.519992,08:00:27:a5:9e:2d,0.10106695228638912,False
1785326873.519992,08:00:27:5a:87:bc,0.10106695228638912,False
1785326873.519992,08:00:27:8a:0d:75,0.10106695228638912,False
1785326873.519992,08:00:27:a5:9e:2d,0.10106695228638912,False
1785326883.519992,08:00:27:5a:87:bc,0.10106695228638912,False
1785326883.519992,08:00:27:8a:0d:75,0.10106695228638912,False
1785326883.519992,08:00:27:a5:9e:2d,0.10106695228638912,False
1785326893.519992,08:00:27:5a:87:bc,0.10106695228638912,False
1785326893.519992,08:00:27:8a:0d:75,0.10106695228638912,False
1785326893.519992,08:00:27:a5:9e:2d,0.10106695228638912,False
1785326903.519992,08:00:27:5a:87:bc,0.10106695228638912,False
1785326903.519992,08:00:27:8a:0d:75,0.10106695228638912,False
1785326903.519992,08:00:27:a5:9e:2d,0.10106695228638912,False
1785326913.519992,08:00:27:5a:87:bc,0.10106695228638912,False
1785326913.519992,08:00:27:8a:0d:75,0.10106695228638912,False
1785326913.519992,08:00:27:a5:9e:2d,0.10106695228638912,False
1785326923.519992,08:00:27:5a:87:bc,0.10106695228638912,False
1785326923.519992,08:00:27:8a:0d:75,0.10106695228638912,False
1785326923.519992,08:00:27:a5:9e:2d,0.10106695228638912,False
1785326933.519992,08:00:27:5a:87:bc,0.10106695228638912,False
1785326933.519992,08:00:27:8a:0d:75,0.10106695228638912,False
1785326933.519992,08:00:27:a5:9e:2d,0.10106695228638912,False
1785326943.519992,08:00:27:5a:87:bc,0.10106695228638912,False
1785326943.519992,08:00:27:8a:0d:75,0.10106695228638912,False
1785326943.519992,08:00:27:a5:9e:2d,0.10106695228638912,False
1785326953.519992,08:00:27:5a:87:bc,0.10106695228638912,False
1785326953.519992,08:00:27:8a:0d:75,0.10106695228638912,False
1785326953.519992,08:00:27:a5:9e:2d,0.10106695228638912,False
1785326963.519992,08:00:27:5a:87:bc,0.10106695228638912,False
1785326963.519992,08:00:27:8a:0d:75,0.10106695228638912,False
1785326963.519992,08:00:27:a5:9e:2d,0.10106695228638912,False
1785326973.519992,08:00:27:5a:87:bc,0.10106695228638912,False
1785326973.519992,08:00:27:8a:0d:75,0.10106695228638912,False
1785326973.519992,08:00:27:a5:9e:2d,0.10106695228638912,False
1785326983.519992,08:00:27:5a:87:bc,0.10106695228638912,False
1785326983.519992,08:00:27:8a:0d:75,0.10106695228638912,False
1785326983.519992,08:00:27:a5:9e:2d,0.10106695228638912,False
1785326993.519992,08:00:27:5a:87:bc,0.10106695228638912,False
1785326993.519992,08:00:27:8a:0d:75,0.10106695228638912,False
1785326993.519992,08:00:27:a5:9e:2d,0.10106695228638912,False
1785327003.519992,08:00:27:5a:87:bc,0.10106695228638912,False
1785327003.519992,08:00:27:8a:0d:75,0.10106695228638912,False
1785327003.519992,08:00:27:a5:9e:2d,0.10106695228638912,False
1785327013.519992,08:00:27:5a:87:bc,0.10106695228638912,False
1785327013.519992,08:00:27:8a:0d:75,0.10106695228638912,False
1785327013.519992,08:00:27:a5:9e:2d,0.10106695228638912,False
1785327023.519992,08:00:27:5a:87:bc,0.10106695228638912,False
1785327023.519992,08:00:27:8a:0d:75,0.10106695228638912,False
1785327023.519992,08:00:27:a5:9e:2d,0.10106695228638912,False
1785327033.519992,08:00:27:5a:87:bc,0.10106695228638912,False
1785327033.519992,08:00:27:8a:0d:75,0.10106695228638912,False
1785327033.519992,08:00:27:a5:9e:2d,0.10106695228638912,False
1785327043.519992,08:00:27:5a:87:bc,0.10106695228638912,False
1785327043.519992,08:00:27:8a:0d:75,0.10106695228638912,False
1785327043.519992,08:00:27:a5:9e:2d,0.10106695228638912,False
1785327053.519992,08:00:27:5a:87:bc,0.10106695228638912,False
1785327053.519992,08:00:27:8a:0d:75,0.10106695228638912,False
1785327053.519992,08:00:27:a5:9e:2d,0.10106695228638912,False
1785327063.519992,08:00:27:5a:87:bc,0.10106695228638912,False
1785327063.519992,08:00:27:8a:0d:75,0.10106695228638912,False
1785327063.519992,08:00:27:a5:9e:2d,0.10106695228638912,False
1785327073.519992,08:00:27:5a:87:bc,0.10106695228638912,False
1785327073.519992,08:00:27:8a:0d:75,0.10106695228638912,False
1785327073.519992,08:00:27:a5:9e:2d,0.10106695228638912,False
1785327083.519992,08:00:27:5a:87:bc,0.10106695228638912,False
1785327083.519992,08:00:27:8a:0d:75,0.10106695228638912,False
1785327083.519992,08:00:27:a5:9e:2d,0.10106695228638912,False
1785327093.519992,08:00:27:5a:87:bc,0.10106695228638912,False
1785327093.519992,08:00:27:8a:0d:75,0.10106695228638912,False
1785327093.519992,08:00:27:a5:9e:2d,0.10106695228638912,False
1785327103.519992,08:00:27:5a:87:bc,0.10106695228638912,False
1785327103.519992,08:00:27:8a:0d:75,0.10106695228638912,False
1785327103.519992,08:00:27:a5:9e:2d,0.10106695228638912,False
1785327113.519992,08:00:27:5a:87:bc,0.10106695228638912,False
1785327113.519992,08:00:27:8a:0d:75,0.10106695228638912,False
1785327113.519992,08:00:27:a5:9e:2d,0.10106695228638912,False
1785327123.519992,08:00:27:5a:87:bc,0.10106695228638912,False
1785327123.519992,08:00:27:8a:0d:75,0.10106695228638912,False
1785327123.519992,08:00:27:a5:9e:2d,0.10106695228638912,False
1785327133.519992,08:00:27:5a:87:bc,0.10106695228638912,False
1785327133.519992,08:00:27:8a:0d:75,0.10106695228638912,False
1785327133.519992,08:00:27:a5:9e:2d,0.10106695228638912,False
1785327143.519992,08:00:27:5a:87:bc,0.10106695228638912,False
1785327143.519992,08:00:27:8a:0d:75,0.10106695228638912,False
1785327143.519992,08:00:27:a5:9e:2d,0.10106695228638912,False
1785327153.519992,08:00:27:5a:87:bc,0.10106695228638912,False
1785327153.519992,08:00:27:8a:0d:75,0.10106695228638912,False
1785327153.519992,08:00:27:a5:9e:2d,0.10106695228638912,False
1785327163.519992,08:00:27:5a:87:bc,0.10106695228638912,False
1785327163.519992,08:00:27:8a:0d:75,0.10106695228638912,False
1785327163.519992,08:00:27:a5:9e:2d,0.10106695228638912,False
1785327173.519992,08:00:27:5a:87:bc,0.10106695228638912,False
1785327173.519992,08:00:27:8a:0d:75,0.10106695228638912,False
1785327173.519992,08:00:27:a5:9e:2d,0.10106695228638912,False
1785327183.519992,08:00:27:5a:87:bc,0.10106695228638912,False
1785327183.519992,08:00:27:8a:0d:75,0.10106695228638912,False
1785327183.519992,08:00:27:a5:9e:2d,0.10106695228638912,False
1785327193.519992,08:00:27:5a:87:bc,0.10106695228638912,False
1785327193.519992,08:00:27:8a:0d:75,0.10106695228638912,False
1785327193.519992,08:00:27:a5:9e:2d,0.10106695228638912,False
1785327203.519992,08:00:27:5a:87:bc,0.10106695228638912,False
1785327203.519992,08:00:27:8a:0d:75,0.10106695228638912,False
1785327203.519992,08:00:27:a5:9e:2d,0.10106695228638912,False
1785327213.519992,08:00:27:5a:87:bc,0.10106695228638912,False
1785327213.519992,08:00:27:8a:0d:75,0.10106695228638912,False
1785327213.519992,08:00:27:a5:9e:2d,0.10106695228638912,False
1785327223.519992,08:00:27:5a:87:bc,0.10106695228638912,False
1785327223.519992,08:00:27:8a:0d:75,0.10106695228638912,False
1785327223.519992,08:00:27:a5:9e:2d,0.10106695228638912,False
1785327233.519992,08:00:27:5a:87:bc,0.10106695228638912,False
1785327233.519992,08:00:27:8a:0d:75,0.10106695228638912,False
1785327233.519992,08:00:27:a5:9e:2d,0.10106695228638912,False
1785327243.519992,08:00:27:5a:87:bc,0.10106695228638912,False
1785327243.519992,08:00:27:8a:0d:75,0.10106695228638912,False
1785327243.519992,08:00:27:a5:9e:2d,0.10106695228638912,False
1785327253.519992,08:00:27:5a:87:bc,0.10106695228638912,False
1785327253.519992,08:00:27:8a:0d:75,0.10106695228638912,False
1785327253.519992,08:00:27:a5:9e:2d,0.10106695228638912,False
1785327263.519992,08:00:27:5a:87:bc,0.10106695228638912,False
1785327263.519992,08:00:27:8a:0d:75,0.10106695228638912,False
1785327263.519992,08:00:27:a5:9e:2d,0.10106695228638912,False
1785327273.519992,08:00:27:5a:87:bc,0.10106695228638912,False
1785327273.519992,08:00:27:8a:0d:75,0.10106695228638912,False
1785327273.519992,08:00:27:a5:9e:2d,0.10106695228638912,False
1785327283.519992,08:00:27:5a:87:bc,0.10106695228638912,False
1785327283.519992,08:00:27:8a:0d:75,0.10106695228638912,False
1785327283.519992,08:00:27:a5:9e:2d,0.10106695228638912,False
1785327293.519992,08:00:27:5a:87:bc,0.10106695228638912,False
1785327293.519992,08:00:27:8a:0d:75,0.10106695228638912,False
1785327293.519992,08:00:27:a5:9e:2d,0.10106695228638912,False
1785327303.519992,08:00:27:5a:87:bc,0.10106695228638912,False
1785327303.519992,08:00:27:8a:0d:75,0.10106695228638912,False
1785327303.519992,08:00:27:a5:9e:2d,0.10106695228638912,False
1785327313.519992,08:00:27:5a:87:bc,0.10106695228638912,False
1785327313.519992,08:00:27:8a:0d:75,0.10106695228638912,False
1785327313.519992,08:00:27:a5:9e:2d,0.10106695228638912,False
1785327323.519992,08:00:27:5a:87:bc,0.10106695228638912,False
1785327323.519992,08:00:27:8a:0d:75,0.10106695228638912,False
1785327323.519992,08:00:27:a5:9e:2d,0.10106695228638912,False
1785327333.519992,08:00:27:5a:87:bc,0.10106695228638912,False
1785327333.519992,08:00:27:8a:0d:75,0.10106695228638912,False
1785327333.519992,08:00:27:a5:9e:2d,0.10106695228638912,False
1785327343.519992,08:00:27:5a:87:bc,0.10106695228638912,False
1785327343.519992,08:00:27:8a:0d:75,0.10106695228638912,False
1785327343.519992,08:00:27:a5:9e:2d,0.10106695228638912,False
1785327353.519992,08:00:27:5a:87:bc,0.10106695228638912,False
1785327353.519992,08:00:27:8a:0d:75,0.10106695228638912,False
1785327353.519992,08:00:27:a5:9e:2d,0.10106695228638912,False
1785327363.519992,08:00:27:5a:87:bc,0.10106695228638912,False
1785327363.519992,08:00:27:8a:0d:75,0.10106695228638912,False
1785327363.519992,08:00:27:a5:9e:2d,0.10106695228638912,False
1785327373.519992,08:00:27:5a:87:bc,0.10106695228638912,False
1785327373.519992,08:00:27:8a:0d:75,0.10106695228638912,False
1785327373.519992,08:00:27:a5:9e:2d,0.10106695228638912,False
1785327383.519992,08:00:27:5a:87:bc,0.10106695228638912,False
1785327383.519992,08:00:27:8a:0d:75,0.10106695228638912,False
1785327383.519992,08:00:27:a5:9e:2d,0.10106695228638912,False
1785327393.519992,08:00:27:5a:87:bc,0.10106695228638912,False
1785327393.519992,08:00:27:8a:0d:75,0.10106695228638912,False
1785327393.519992,08:00:27:a5:9e:2d,0.10106695228638912,False
1785327403.519992,08:00:27:5a:87:bc,0.10106695228638912,False
1785327403.519992,08:00:27:8a:0d:75,0.10106695228638912,False
1785327403.519992,08:00:27:a5:9e:2d,0.10106695228638912,False
1785327413.519992,08:00:27:5a:87:bc,0.10106695228638912,False
1785327413.519992,08:00:27:8a:0d:75,0.10106695228638912,False
1785327413.519992,08:00:27:a5:9e:2d,0.10106695228638912,False
1785327423.519992,08:00:27:5a:87:bc,0.10106695228638912,False
1785327423.519992,08:00:27:8a:0d:75,0.10106695228638912,False
1785327423.519992,08:00:27:a5:9e:2d,0.10106695228638912,False
1785327433.519992,08:00:27:5a:87:bc,0.10106695228638912,False
1785327433.519992,08:00:27:8a:0d:75,0.10106695228638912,False
1785327433.519992,08:00:27:a5:9e:2d,0.10106695228638912,False
1785327443.519992,08:00:27:5a:87:bc,0.10106695228638912,False
1785327443.519992,08:00:27:8a:0d:75,0.10106695228638912,False
1785327443.519992,08:00:27:a5:9e:2d,0.10106695228638912,False
1785327453.519992,08:00:27:5a:87:bc,0.10106695228638912,False
1785327453.519992,08:00:27:8a:0d:75,0.10106695228638912,False
1785327453.519992,08:00:27:a5:9e:2d,0.10106695228638912,False
1785327463.519992,08:00:27:5a:87:bc,0.10106695228638912,False
1785327463.519992,08:00:27:8a:0d:75,0.10106695228638912,False
1785327463.519992,08:00:27:a5:9e:2d,0.10106695228638912,False
1785327473.519992,08:00:27:5a:87:bc,0.10106695228638912,False
1785327473.519992,08:00:27:8a:0d:75,0.10106695228638912,False
1785327473.519992,08:00:27:a5:9e:2d,0.10106695228638912,False
1785327483.519992,08:00:27:5a:87:bc,0.10106695228638912,False
1785327483.519992,08:00:27:8a:0d:75,0.10106695228638912,False
1785327483.519992,08:00:27:a5:9e:2d,0.10106695228638912,False
1785327493.519992,08:00:27:5a:87:bc,0.10106695228638912,False
1785327493.519992,08:00:27:8a:0d:75,0.10106695228638912,False
1785327493.519992,08:00:27:a5:9e:2d,0.10106695228638912,False
1785327503.519992,08:00:27:5a:87:bc,0.10106695228638912,False
1785327503.519992,08:00:27:8a:0d:75,0.10106695228638912,False
1785327503.519992,08:00:27:a5:9e:2d,0.10106695228638912,False
1785327513.519992,08:00:27:5a:87:bc,0.10106695228638912,False
1785327513.519992,08:00:27:8a:0d:75,0.10106695228638912,False
1785327513.519992,08:00:27:a5:9e:2d,0.10106695228638912,False
1785327523.519992,08:00:27:5a:87:bc,0.10106695228638912,False
1785327523.519992,08:00:27:8a:0d:75,0.10106695228638912,False
1785327523.519992,08:00:27:a5:9e:2d,0.10106695228638912,False
1785327533.519992,08:00:27:5a:87:bc,0.10106695228638912,False
1785327533.519992,08:00:27:8a:0d:75,0.10106695228638912,False
1785327533.519992,08:00:27:a5:9e:2d,0.10106695228638912,False
1785327543.519992,08:00:27:5a:87:bc,0.10106695228638912,False
1785327543.519992,08:00:27:8a:0d:75,0.10106695228638912,False
1785327543.519992,08:00:27:a5:9e:2d,0.10106695228638912,False
1785327553.519992,08:00:27:5a:87:bc,0.10106695228638912,False
1785327553.519992,08:00:27:8a:0d:75,0.10106695228638912,False
1785327553.519992,08:00:27:a5:9e:2d,0.10106695228638912,False
1785327563.519992,08:00:27:5a:87:bc,0.10106695228638912,False
1785327563.519992,08:00:27:8a:0d:75,0.10106695228638912,False
1785327563.519992,08:00:27:a5:9e:2d,0.10106695228638912,False
1785327573.519992,08:00:27:5a:87:bc,0.10106695228638912,False
1785327573.519992,08:00:27:8a:0d:75,0.10106695228638912,False
1785327573.519992,08:00:27:a5:9e:2d,0.10106695228638912,False
1785327583.519992,08:00:27:5a:87:bc,0.10106695228638912,False
1785327583.519992,08:00:27:8a:0d:75,0.10106695228638912,False
1785327583.519992,08:00:27:a5:9e:2d,0.10106695228638912,False
1785327593.519992,08:00:27:5a:87:bc,0.10106695228638912,False
1785327593.519992,08:00:27:8a:0d:75,0.10106695228638912,False
1785327593.519992,08:00:27:a5:9e:2d,0.10106695228638912,False
1785327603.519992,08:00:27:5a:87:bc,0.10106695228638912,False
1785327603.519992,08:00:27:8a:0d:75,0.10106695228638912,False
1785327603.519992,08:00:27:a5:9e:2d,0.10106695228638912,False
1785327613.519992,08:00:27:5a:87:bc,0.10106695228638912,False
1785327613.519992,08:00:27:8a:0d:75,0.10106695228638912,False
1785327613.519992,08:00:27:a5:9e:2d,0.10106695228638912,False
1785327623.519992,08:00:27:5a:87:bc,0.10106695228638912,False
1785327623.519992,08:00:27:8a:0d:75,0.10106695228638912,False
1785327623.519992,08:00:27:a5:9e:2d,0.10106695228638912,False
1785327633.519992,08:00:27:5a:87:bc,0.10106695228638912,False
1785327633.519992,08:00:27:8a:0d:75,0.10106695228638912,False
1785327633.519992,08:00:27:a5:9e:2d,0.10106695228638912,False
1785327643.519992,08:00:27:5a:87:bc,0.10106695228638912,False
1785327643.519992,08:00:27:8a:0d:75,0.10106695228638912,False
1785327643.519992,08:00:27:a5:9e:2d,0.10106695228638912,False
1785327653.519992,08:00:27:5a:87:bc,0.10106695228638912,False
1785327653.519992,08:00:27:8a:0d:75,0.10106695228638912,False
1785327653.519992,08:00:27:a5:9e:2d,0.10106695228638912,False
1785327663.519992,08:00:27:5a:87:bc,0.10106695228638912,False
1785327663.519992,08:00:27:8a:0d:75,0.10106695228638912,False
1785327663.519992,08:00:27:a5:9e:2d,0.10106695228638912,False
1785327673.519992,08:00:27:5a:87:bc,0.10106695228638912,False
1785327673.519992,08:00:27:8a:0d:75,0.10106695228638912,False
1785327673.519992,08:00:27:a5:9e:2d,0.10106695228638912,False
1785327683.519992,08:00:27:5a:87:bc,0.10106695228638912,False
1785327683.519992,08:00:27:8a:0d:75,0.10106695228638912,False
1785327683.519992,08:00:27:a5:9e:2d,0.10106695228638912,False
1785327693.519992,08:00:27:5a:87:bc,0.10106695228638912,False
1785327693.519992,08:00:27:8a:0d:75,0.10106695228638912,False
1785327693.519992,08:00:27:a5:9e:2d,0.10106695228638912,False
1785327703.519992,08:00:27:5a:87:bc,0.10106695228638912,False
1785327703.519992,08:00:27:8a:0d:75,0.10106695228638912,False
1785327703.519992,08:00:27:a5:9e:2d,0.10106695228638912,False
1785327713.519992,08:00:27:5a:87:bc,0.10106695228638912,False
1785327713.519992,08:00:27:8a:0d:75,0.10106695228638912,False
1785327713.519992,08:00:27:a5:9e:2d,0.10106695228638912,False
1785327723.519992,08:00:27:5a:87:bc,0.10106695228638912,False
1785327723.519992,08:00:27:8a:0d:75,0.10106695228638912,False
1785327723.519992,08:00:27:a5:9e:2d,0.10106695228638912,False
1785327733.519992,08:00:27:5a:87:bc,0.10106695228638912,False
1785327733.519992,08:00:27:8a:0d:75,0.10106695228638912,False
1785327733.519992,08:00:27:a5:9e:2d,0.10106695228638912,False
1785327743.519992,08:00:27:5a:87:bc,0.10106695228638912,False
1785327743.519992,08:00:27:8a:0d:75,0.10106695228638912,False
1785327743.519992,08:00:27:a5:9e:2d,0.10106695228638912,False
1785327753.519992,08:00:27:5a:87:bc,0.10106695228638912,False
1785327753.519992,08:00:27:8a:0d:75,0.10106695228638912,False
1785327753.519992,08:00:27:a5:9e:2d,0.10106695228638912,False
1785327763.519992,08:00:27:5a:87:bc,0.10106695228638912,False
1785327763.519992,08:00:27:8a:0d:75,0.10106695228638912,False
1785327763.519992,08:00:27:a5:9e:2d,0.10106695228638912,False
1785327773.519992,08:00:27:5a:87:bc,0.10106695228638912,False
1785327773.519992,08:00:27:8a:0d:75,0.10106695228638912,False
1785327773.519992,08:00:27:a5:9e:2d,0.10106695228638912,False
1785327783.519992,08:00:27:5a:87:bc,0.10106695228638912,False
1785327783.519992,08:00:27:8a:0d:75,0.10106695228638912,False
1785327783.519992,08:00:27:a5:9e:2d,0.10106695228638912,False
1785327793.519992,08:00:27:5a:87:bc,0.10106695228638912,False
1785327793.519992,08:00:27:8a:0d:75,0.10106695228638912,False
1785327793.519992,08:00:27:a5:9e:2d,0.10106695228638912,False
1785327803.519992,08:00:27:5a:87:bc,0.10106695228638912,False
1785327803.519992,08:00:27:8a:0d:75,0.10106695228638912,False
1785327803.519992,08:00:27:a5:9e:2d,0.10106695228638912,False
1785327813.519992,08:00:27:5a:87:bc,0.10106695228638912,False
1785327813.519992,08:00:27:8a:0d:75,0.10106695228638912,False
1785327813.519992,08:00:27:a5:9e:2d,0.10106695228638912,False
1785327823.519992,08:00:27:5a:87:bc,0.10106695228638912,False
1785327823.519992,08:00:27:8a:0d:75,0.10106695228638912,False
1785327823.519992,08:00:27:a5:9e:2d,0.10106695228638912,False
1785327833.519992,08:00:27:5a:87:bc,0.10106695228638912,False
1785327833.519992,08:00:27:8a:0d:75,0.10106695228638912,False
1785327833.519992,08:00:27:a5:9e:2d,0.10106695228638912,False
1785327843.519992,08:00:27:5a:87:bc,0.10106695228638912,False
1785327843.519992,08:00:27:8a:0d:75,0.10106695228638912,False
1785327843.519992,08:00:27:a5:9e:2d,0.10106695228638912,False
1785327853.519992,08:00:27:5a:87:bc,0.10106695228638912,False
1785327853.519992,08:00:27:8a:0d:75,0.10106695228638912,False
1785327853.519992,08:00:27:a5:9e:2d,0.10106695228638912,False
1785327863.519992,08:00:27:5a:87:bc,0.10106695228638912,False
1785327863.519992,08:00:27:8a:0d:75,0.10106695228638912,False
1785327863.519992,08:00:27:a5:9e:2d,0.10106695228638912,False
1785327873.519992,08:00:27:5a:87:bc,0.10106695228638912,False
1785327873.519992,08:00:27:8a:0d:75,0.10106695228638912,False
1785327873.519992,08:00:27:a5:9e:2d,0.10106695228638912,False
1785327883.519992,08:00:27:5a:87:bc,0.10106695228638912,False
1785327883.519992,08:00:27:8a:0d:75,0.10106695228638912,False
1785327883.519992,08:00:27:a5:9e:2d,0.10106695228638912,False
1785327893.519992,08:00:27:5a:87:bc,0.10106695228638912,False
1785327893.519992,08:00:27:8a:0d:75,0.10106695228638912,False
1785327893.519992,08:00:27:a5:9e:2d,0.10106695228638912,False
1785327903.519992,08:00:27:5a:87:bc,0.10106695228638912,False
1785327903.519992,08:00:27:8a:0d:75,0.10106695228638912,False
1785327903.519992,08:00:27:a5:9e:2d,0.10106695228638912,False
1785327913.519992,08:00:27:5a:87:bc,0.10106695228638912,False
1785327913.519992,08:00:27:8a:0d:75,0.10106695228638912,False
1785327913.519992,08:00:27:a5:9e:2d,0.10106695228638912,False
1785327923.519992,08:00:27:5a:87:bc,0.10106695228638912,False
1785327923.519992,08:00:27:8a:0d:75,0.10106695228638912,False
1785327923.519992,08:00:27:a5:9e:2d,0.10106695228638912,False
1785327933.519992,08:00:27:5a:87:bc,0.10106695228638912,False
1785327933.519992,08:00:27:8a:0d:75,0.10106695228638912,False
1785327933.519992,08:00:27:a5:9e:2d,0.10106695228638912,False
1785327943.519992,08:00:27:5a:87:bc,0.10106695228638912,False
1785327943.519992,08:00:27:8a:0d:75,0.10106695228638912,False
1785327943.519992,08:00:27:a5:9e:2d,0.10106695228638912,False
1785327953.519992,08:00:27:5a:87:bc,0.10106695228638912,False
1785327953.519992,08:00:27:8a:0d:75,0.10106695228638912,False
1785327953.519992,08:00:27:a5:9e:2d,0.10106695228638912,False
1785327963.519992,08:00:27:5a:87:bc,0.10106695228638912,False
1785327963.519992,08:00:27:8a:0d:75,0.10106695228638912,False
1785327963.519992,08:00:27:a5:9e:2d,0.10106695228638912,False
1785327973.519992,08:00:27:5a:87:bc,0.10106695228638912,False
1785327973.519992,08:00:27:8a:0d:75,0.10106695228638912,False
1785327973.519992,08:00:27:a5:9e:2d,0.10106695228638912,False
1785327983.519992,08:00:27:5a:87:bc,0.10106695228638912,False
1785327983.519992,08:00:27:8a:0d:75,0.10106695228638912,False
1785327983.519992,08:00:27:a5:9e:2d,0.10106695228638912,False
1785327993.519992,08:00:27:5a:87:bc,0.10106695228638912,False
1785327993.519992,08:00:27:8a:0d:75,0.10106695228638912,False
1785327993.519992,08:00:27:a5:9e:2d,0.10106695228638912,False
1785328003.519992,08:00:27:5a:87:bc,0.10106695228638912,False
1785328003.519992,08:00:27:8a:0d:75,0.10106695228638912,False
1785328003.519992,08:00:27:a5:9e:2d,0.10106695228638912,False
1785328013.519992,08:00:27:5a:87:bc,0.10106695228638912,False
1785328013.519992,08:00:27:8a:0d:75,0.10106695228638912,False
1785328013.519992,08:00:27:a5:9e:2d,0.10106695228638912,False
1785328023.519992,08:00:27:5a:87:bc,0.10106695228638912,False
1785328023.519992,08:00:27:8a:0d:75,0.10106695228638912,False
1785328023.519992,08:00:27:a5:9e:2d,0.10106695228638912,False
1785328033.519992,08:00:27:5a:87:bc,0.10106695228638912,False
1785328033.519992,08:00:27:8a:0d:75,0.10106695228638912,False
1785328033.519992,08:00:27:a5:9e:2d,0.10106695228638912,False
1785328043.519992,08:00:27:5a:87:bc,0.10106695228638912,False
1785328043.519992,08:00:27:8a:0d:75,0.10106695228638912,False
1785328043.519992,08:00:27:a5:9e:2d,0.10106695228638912,False
1785328053.519992,08:00:27:5a:87:bc,0.10106695228638912,False
1785328053.519992,08:00:27:8a:0d:75,0.10106695228638912,False
1785328053.519992,08:00:27:a5:9e:2d,0.10106695228638912,False
1785328063.519992,08:00:27:5a:87:bc,0.10106695228638912,False
1785328063.519992,08:00:27:8a:0d:75,0.10106695228638912,False
1785328063.519992,08:00:27:a5:9e:2d,0.10106695228638912,False
1785328073.519992,08:00:27:5a:87:bc,0.10106695228638912,False
1785328073.519992,08:00:27:8a:0d:75,0.10106695228638912,False
1785328073.519992,08:00:27:a5:9e:2d,0.10106695228638912,False
1785328083.519992,08:00:27:5a:87:bc,0.10106695228638912,False
1785328083.519992,08:00:27:8a:0d:75,0.10106695228638912,False
1785328083.519992,08:00:27:a5:9e:2d,0.10106695228638912,False
1785328093.519992,08:00:27:5a:87:bc,0.10106695228638912,False
1785328093.519992,08:00:27:8a:0d:75,0.10106695228638912,False
1785328093.519992,08:00:27:a5:9e:2d,0.10106695228638912,False
1785328103.519992,08:00:27:5a:87:bc,0.10106695228638912,False
1785328103.519992,08:00:27:8a:0d:75,0.10106695228638912,False
1785328103.519992,08:00:27:a5:9e:2d,0.10106695228638912,False
1785328113.519992,08:00:27:5a:87:bc,0.10106695228638912,False
1785328113.519992,08:00:27:8a:0d:75,0.10106695228638912,False
1785328113.519992,08:00:27:a5:9e:2d,0.10106695228638912,False
1785328123.519992,08:00:27:5a:87:bc,0.10106695228638912,False
1785328123.519992,08:00:27:8a:0d:75,0.10106695228638912,False
1785328123.519992,08:00:27:a5:9e:2d,0.10106695228638912,False
1785328133.519992,08:00:27:5a:87:bc,0.10106695228638912,False
1785328133.519992,08:00:27:8a:0d:75,0.10106695228638912,False
1785328133.519992,08:00:27:a5:9e:2d,0.10106695228638912,False
1785328143.519992,08:00:27:5a:87:bc,0.10106695228638912,False
1785328143.519992,08:00:27:8a:0d:75,0.10106695228638912,False
1785328143.519992,08:00:27:a5:9e:2d,0.10106695228638912,False
1785328153.519992,08:00:27:5a:87:bc,0.10106695228638912,False
1785328153.519992,08:00:27:8a:0d:75,0.10106695228638912,False
1785328153.519992,08:00:27:a5:9e:2d,0.10106695228638912,False
1785328163.519992,08:00:27:5a:87:bc,0.10106695228638912,False
1785328163.519992,08:00:27:8a:0d:75,0.10106695228638912,False
1785328163.519992,08:00:27:a5:9e:2d,0.10106695228638912,False
1785328173.519992,08:00:27:5a:87:bc,0.10106695228638912,False
1785328173.519992,08:00:27:8a:0d:75,0.10106695228638912,False
1785328173.519992,08:00:27:a5:9e:2d,0.10106695228638912,False
1785328183.519992,08:00:27:5a:87:bc,0.10106695228638912,False
1785328183.519992,08:00:27:8a:0d:75,0.10106695228638912,False
1785328183.519992,08:00:27:a5:9e:2d,0.10106695228638912,False
1785328193.519992,08:00:27:5a:87:bc,0.10106695228638912,False
1785328193.519992,08:00:27:8a:0d:75,0.10106695228638912,False
1785328193.519992,08:00:27:a5:9e:2d,0.10106695228638912,False
1785328203.519992,08:00:27:5a:87:bc,0.10106695228638912,False
1785328203.519992,08:00:27:8a:0d:75,0.10106695228638912,False
1785328203.519992,08:00:27:a5:9e:2d,0.10106695228638912,False
1785328213.519992,08:00:27:5a:87:bc,0.10106695228638912,False
1785328213.519992,08:00:27:8a:0d:75,0.10106695228638912,False
1785328213.519992,08:00:27:a5:9e:2d,0.10106695228638912,False
1785328223.519992,08:00:27:5a:87:bc,0.10106695228638912,False
1785328223.519992,08:00:27:8a:0d:75,0.10106695228638912,False
1785328223.519992,08:00:27:a5:9e:2d,0.10106695228638912,False
1785328233.519992,08:00:27:5a:87:bc,0.10106695228638912,False
1785328233.519992,08:00:27:8a:0d:75,0.10106695228638912,False
1785328233.519992,08:00:27:a5:9e:2d,0.10106695228638912,False
1785328243.519992,08:00:27:5a:87:bc,0.10106695228638912,False
1785328243.519992,08:00:27:8a:0d:75,0.10106695228638912,False
1785328243.519992,08:00:27:a5:9e:2d,0.10106695228638912,False
1785328253.519992,08:00:27:5a:87:bc,0.10106695228638912,False
1785328253.519992,08:00:27:8a:0d:75,0.10106695228638912,False
1785328253.519992,08:00:27:a5:9e:2d,0.10106695228638912,False
1785328263.519992,08:00:27:5a:87:bc,0.10106695228638912,False
1785328263.519992,08:00:27:8a:0d:75,0.10106695228638912,False
1785328263.519992,08:00:27:a5:9e:2d,0.10106695228638912,False
1785328273.519992,08:00:27:5a:87:bc,0.10106695228638912,False
1785328273.519992,08:00:27:8a:0d:75,0.10106695228638912,False
1785328273.519992,08:00:27:a5:9e:2d,0.10106695228638912,False
1785328283.519992,08:00:27:5a:87:bc,0.10106695228638912,False
1785328283.519992,08:00:27:8a:0d:75,0.10106695228638912,False
1785328283.519992,08:00:27:a5:9e:2d,0.10106695228638912,False
1785328293.519992,08:00:27:5a:87:bc,0.10106695228638912,False
1785328293.519992,08:00:27:8a:0d:75,0.10106695228638912,False
1785328293.519992,08:00:27:a5:9e:2d,0.10106695228638912,False
1785328303.519992,08:00:27:5a:87:bc,0.10106695228638912,False
1785328303.519992,08:00:27:8a:0d:75,0.10106695228638912,False
1785328303.519992,08:00:27:a5:9e:2d,0.10106695228638912,False
1785328313.519992,08:00:27:5a:87:bc,0.10106695228638912,False
1785328313.519992,08:00:27:8a:0d:75,0.10106695228638912,False
1785328313.519992,08:00:27:a5:9e:2d,0.10106695228638912,False
1785328323.519992,08:00:27:5a:87:bc,0.10106695228638912,False
1785328323.519992,08:00:27:8a:0d:75,0.10106695228638912,False
1785328323.519992,08:00:27:a5:9e:2d,0.10106695228638912,False
1785328333.519992,08:00:27:5a:87:bc,0.10106695228638912,False
1785328333.519992,08:00:27:8a:0d:75,0.10106695228638912,False
1785328333.519992,08:00:27:a5:9e:2d,0.10106695228638912,False
1785328343.519992,08:00:27:5a:87:bc,0.10106695228638912,False
1785328343.519992,08:00:27:8a:0d:75,0.10106695228638912,False
1785328343.519992,08:00:27:a5:9e:2d,0.10106695228638912,False
1785328353.519992,08:00:27:5a:87:bc,0.10106695228638912,False
1785328353.519992,08:00:27:8a:0d:75,0.10106695228638912,False
1785328353.519992,08:00:27:a5:9e:2d,0.10106695228638912,False
1785328363.519992,08:00:27:5a:87:bc,0.10106695228638912,False
1785328363.519992,08:00:27:8a:0d:75,0.10106695228638912,False
1785328363.519992,08:00:27:a5:9e:2d,0.10106695228638912,False
1785328373.519992,08:00:27:5a:87:bc,0.10106695228638912,False
1785328373.519992,08:00:27:8a:0d:75,0.10106695228638912,False
1785328373.519992,08:00:27:a5:9e:2d,0.10106695228638912,False
1785328383.519992,08:00:27:5a:87:bc,0.10106695228638912,False
1785328383.519992,08:00:27:8a:0d:75,0.10106695228638912,False
1785328383.519992,08:00:27:a5:9e:2d,0.10106695228638912,False
1785328393.519992,08:00:27:5a:87:bc,0.10106695228638912,False
1785328393.519992,08:00:27:8a:0d:75,0.10106695228638912,False
1785328393.519992,08:00:27:a5:9e:2d,0.10106695228638912,False
1785328403.519992,08:00:27:5a:87:bc,0.10106695228638912,False
1785328403.519992,08:00:27:8a:0d:75,0.10106695228638912,False
1785328403.519992,08:00:27:a5:9e:2d,0.10106695228638912,False
1785328413.519992,08:00:27:5a:87:bc,0.10106695228638912,False
1785328413.519992,08:00:27:8a:0d:75,0.10106695228638912,False
1785328413.519992,08:00:27:a5:9e:2d,0.10106695228638912,False
1785328423.519992,08:00:27:5a:87:bc,0.10106695228638912,False
1785328423.519992,08:00:27:8a:0d:75,0.10106695228638912,False
1785328423.519992,08:00:27:a5:9e:2d,0.10106695228638912,False
1785328433.519992,08:00:27:5a:87:bc,0.10106695228638912,False
1785328433.519992,08:00:27:8a:0d:75,0.10106695228638912,False
1785328433.519992,08:00:27:a5:9e:2d,0.10106695228638912,False
1785328443.519992,08:00:27:5a:87:bc,0.10106695228638912,False
1785328443.519992,08:00:27:8a:0d:75,0.10106695228638912,False
1785328443.519992,08:00:27:a5:9e:2d,0.10106695228638912,False
1785328453.519992,08:00:27:5a:87:bc,0.10106695228638912,False
1785328453.519992,08:00:27:8a:0d:75,0.10106695228638912,False
1785328453.519992,08:00:27:a5:9e:2d,0.10106695228638912,False
1785328463.519992,08:00:27:5a:87:bc,0.10106695228638912,False
1785328463.519992,08:00:27:8a:0d:75,0.10106695228638912,False
1785328463.519992,08:00:27:a5:9e:2d,0.10106695228638912,False
1785328473.519992,08:00:27:5a:87:bc,0.10106695228638912,False
1785328473.519992,08:00:27:8a:0d:75,0.10106695228638912,False
1785328473.519992,08:00:27:a5:9e:2d,0.10106695228638912,False
1785328483.519992,08:00:27:5a:87:bc,0.10106695228638912,False
1785328483.519992,08:00:27:8a:0d:75,0.10106695228638912,False
1785328483.519992,08:00:27:a5:9e:2d,0.10106695228638912,False
1785328493.519992,08:00:27:5a:87:bc,0.10106695228638912,False
1785328493.519992,08:00:27:8a:0d:75,0.10106695228638912,False
1785328493.519992,08:00:27:a5:9e:2d,0.10106695228638912,False
1785328503.519992,08:00:27:5a:87:bc,0.10106695228638912,False
1785328503.519992,08:00:27:8a:0d:75,0.10106695228638912,False
1785328503.519992,08:00:27:a5:9e:2d,0.10106695228638912,False
1785328513.519992,08:00:27:5a:87:bc,0.10106695228638912,False
1785328513.519992,08:00:27:8a:0d:75,0.10106695228638912,False
1785328513.519992,08:00:27:a5:9e:2d,0.10106695228638912,False
1785328523.519992,08:00:27:5a:87:bc,0.10106695228638912,False
1785328523.519992,08:00:27:8a:0d:75,0.10106695228638912,False
1785328523.519992,08:00:27:a5:9e:2d,0.10106695228638912,False
1785328533.519992,08:00:27:5a:87:bc,0.10106695228638912,False
1785328533.519992,08:00:27:8a:0d:75,0.10106695228638912,False
1785328533.519992,08:00:27:a5:9e:2d,0.10106695228638912,False
1785328543.519992,08:00:27:5a:87:bc,0.10106695228638912,False
1785328543.519992,08:00:27:8a:0d:75,0.10106695228638912,False
1785328543.519992,08:00:27:a5:9e:2d,0.10106695228638912,False
1785328553.519992,08:00:27:5a:87:bc,0.10106695228638912,False
1785328553.519992,08:00:27:8a:0d:75,0.10106695228638912,False
1785328553.519992,08:00:27:a5:9e:2d,0.10106695228638912,False
1785328563.519992,08:00:27:5a:87:bc,0.10106695228638912,False
1785328563.519992,08:00:27:8a:0d:75,0.10106695228638912,False
1785328563.519992,08:00:27:a5:9e:2d,0.10106695228638912,False
1785328573.519992,08:00:27:5a:87:bc,0.10106695228638912,False
1785328573.519992,08:00:27:8a:0d:75,0.10106695228638912,False
1785328573.519992,08:00:27:a5:9e:2d,0.10106695228638912,False
1785328583.519992,08:00:27:5a:87:bc,0.10106695228638912,False
1785328583.519992,08:00:27:8a:0d:75,0.10106695228638912,False
1785328583.519992,08:00:27:a5:9e:2d,0.10106695228638912,False
1785328593.519992,08:00:27:5a:87:bc,0.10106695228638912,False
1785328593.519992,08:00:27:8a:0d:75,0.10106695228638912,False
1785328593.519992,08:00:27:a5:9e:2d,0.10106695228638912,False
1785328603.519992,08:00:27:5a:87:bc,0.10106695228638912,False
1785328603.519992,08:00:27:8a:0d:75,0.10106695228638912,False
1785328603.519992,08:00:27:a5:9e:2d,0.10106695228638912,False
1785328613.519992,08:00:27:5a:87:bc,0.10106695228638912,False
1785328613.519992,08:00:27:8a:0d:75,0.10106695228638912,False
1785328613.519992,08:00:27:a5:9e:2d,0.10106695228638912,False
1785328623.519992,08:00:27:5a:87:bc,0.10106695228638912,False
1785328623.519992,08:00:27:8a:0d:75,0.10106695228638912,False
1785328623.519992,08:00:27:a5:9e:2d,0.10106695228638912,False
1785328633.519992,08:00:27:5a:87:bc,0.10106695228638912,False
1785328633.519992,08:00:27:8a:0d:75,0.10106695228638912,False
1785328633.519992,08:00:27:a5:9e:2d,0.10106695228638912,False
1785328643.519992,08:00:27:5a:87:bc,0.10106695228638912,False
1785328643.519992,08:00:27:8a:0d:75,0.10106695228638912,False
1785328643.519992,08:00:27:a5:9e:2d,0.10106695228638912,False
1785328653.519992,08:00:27:5a:87:bc,0.10106695228638912,False
1785328653.519992,08:00:27:8a:0d:75,0.10106695228638912,False
1785328653.519992,08:00:27:a5:9e:2d,0.10106695228638912,False
1785328663.519992,08:00:27:5a:87:bc,0.10106695228638912,False
1785328663.519992,08:00:27:8a:0d:75,0.10106695228638912,False
1785328663.519992,08:00:27:a5:9e:2d,0.10106695228638912,False
1785328673.519992,08:00:27:5a:87:bc,0.10106695228638912,False
1785328673.519992,08:00:27:8a:0d:75,0.10106695228638912,False
1785328673.519992,08:00:27:a5:9e:2d,0.10106695228638912,False
1785328683.519992,08:00:27:5a:87:bc,0.10106695228638912,False
1785328683.519992,08:00:27:8a:0d:75,0.10106695228638912,False
1785328683.519992,08:00:27:a5:9e:2d,0.10106695228638912,False
1785328693.519992,08:00:27:5a:87:bc,0.10106695228638912,False
1785328693.519992,08:00:27:8a:0d:75,0.10106695228638912,False
1785328693.519992,08:00:27:a5:9e:2d,0.10106695228638912,False
1785328703.519992,08:00:27:5a:87:bc,0.10106695228638912,False
1785328703.519992,08:00:27:8a:0d:75,0.10106695228638912,False
1785328703.519992,08:00:27:a5:9e:2d,0.10106695228638912,False
1785328713.519992,08:00:27:5a:87:bc,0.10106695228638912,False
1785328713.519992,08:00:27:8a:0d:75,0.10106695228638912,False
1785328713.519992,08:00:27:a5:9e:2d,0.10106695228638912,False
1785328723.519992,08:00:27:5a:87:bc,0.10106695228638912,False
1785328723.519992,08:00:27:8a:0d:75,0.10106695228638912,False
1785328723.519992,08:00:27:a5:9e:2d,0.10106695228638912,False
1785328733.519992,08:00:27:5a:87:bc,0.10106695228638912,False
1785328733.519992,08:00:27:8a:0d:75,0.10106695228638912,False
1785328733.519992,08:00:27:a5:9e:2d,0.10106695228638912,False
1785328743.519992,08:00:27:5a:87:bc,0.10106695228638912,False
1785328743.519992,08:00:27:8a:0d:75,0.10106695228638912,False
1785328743.519992,08:00:27:a5:9e:2d,0.10106695228638912,False
1785328753.519992,08:00:27:5a:87:bc,0.10106695228638912,False
1785328753.519992,08:00:27:8a:0d:75,0.10106695228638912,False
1785328753.519992,08:00:27:a5:9e:2d,0.10106695228638912,False
1785328763.519992,08:00:27:5a:87:bc,0.10106695228638912,False
1785328763.519992,08:00:27:8a:0d:75,0.10106695228638912,False
1785328763.519992,08:00:27:a5:9e:2d,0.10106695228638912,False
1785328773.519992,08:00:27:5a:87:bc,0.10106695228638912,False
1785328773.519992,08:00:27:8a:0d:75,0.10106695228638912,False
1785328773.519992,08:00:27:a5:9e:2d,0.10106695228638912,False
1785328783.519992,08:00:27:5a:87:bc,0.10106695228638912,False
1785328783.519992,08:00:27:8a:0d:75,0.10106695228638912,False
1785328783.519992,08:00:27:a5:9e:2d,0.10106695228638912,False
1785328793.519992,08:00:27:5a:87:bc,0.10106695228638912,False
1785328793.519992,08:00:27:8a:0d:75,0.10106695228638912,False
1785328793.519992,08:00:27:a5:9e:2d,0.10106695228638912,False
1785328803.519992,08:00:27:5a:87:bc,0.10106695228638912,False
1785328803.519992,08:00:27:8a:0d:75,0.10106695228638912,False
1785328803.519992,08:00:27:a5:9e:2d,0.10106695228638912,False
1785328813.519992,08:00:27:5a:87:bc,0.10106695228638912,False
1785328813.519992,08:00:27:8a:0d:75,0.10106695228638912,False
1785328813.519992,08:00:27:a5:9e:2d,0.10106695228638912,False
1785328823.519992,08:00:27:5a:87:bc,0.10106695228638912,False
1785328823.519992,08:00:27:8a:0d:75,0.10106695228638912,False
1785328823.519992,08:00:27:a5:9e:2d,0.10106695228638912,False
1785328833.519992,08:00:27:5a:87:bc,0.10106695228638912,False
1785328833.519992,08:00:27:8a:0d:75,0.10106695228638912,False
1785328833.519992,08:00:27:a5:9e:2d,0.10106695228638912,False
1785328843.519992,08:00:27:5a:87:bc,0.10106695228638912,False
1785328843.519992,08:00:27:8a:0d:75,0.10106695228638912,False
1785328843.519992,08:00:27:a5:9e:2d,0.10106695228638912,False
1785328853.519992,08:00:27:5a:87:bc,0.10106695228638912,False
1785328853.519992,08:00:27:8a:0d:75,0.10106695228638912,False
1785328853.519992,08:00:27:a5:9e:2d,0.10106695228638912,False
1785328863.519992,08:00:27:5a:87:bc,0.10106695228638912,False
1785328863.519992,08:00:27:8a:0d:75,0.10106695228638912,False
1785328863.519992,08:00:27:a5:9e:2d,0.10106695228638912,False
1785328873.519992,08:00:27:5a:87:bc,0.10106695228638912,False
1785328873.519992,08:00:27:8a:0d:75,0.10106695228638912,False
1785328873.519992,08:00:27:a5:9e:2d,0.10106695228638912,False
1785328883.519992,08:00:27:5a:87:bc,0.10106695228638912,False
1785328883.519992,08:00:27:8a:0d:75,0.10106695228638912,False
1785328883.519992,08:00:27:a5:9e:2d,0.10106695228638912,False
1785328893.519992,08:00:27:5a:87:bc,0.10106695228638912,False
1785328893.519992,08:00:27:8a:0d:75,0.10106695228638912,False
1785328893.519992,08:00:27:a5:9e:2d,0.10106695228638912,False
1785328903.519992,08:00:27:5a:87:bc,0.10106695228638912,False
1785328903.519992,08:00:27:8a:0d:75,0.10106695228638912,False
1785328903.519992,08:00:27:a5:9e:2d,0.10106695228638912,False
1785328913.519992,08:00:27:5a:87:bc,0.10106695228638912,False
1785328913.519992,08:00:27:8a:0d:75,0.10106695228638912,False
1785328913.519992,08:00:27:a5:9e:2d,0.10106695228638912,False
1785328923.519992,08:00:27:5a:87:bc,0.10106695228638912,False
1785328923.519992,08:00:27:8a:0d:75,0.10106695228638912,False
1785328923.519992,08:00:27:a5:9e:2d,0.10106695228638912,False
1785328933.519992,08:00:27:5a:87:bc,0.10106695228638912,False
1785328933.519992,08:00:27:8a:0d:75,0.10106695228638912,False
1785328933.519992,08:00:27:a5:9e:2d,0.10106695228638912,False
1785328943.519992,08:00:27:5a:87:bc,0.10106695228638912,False
1785328943.519992,08:00:27:8a:0d:75,0.10106695228638912,False
1785328943.519992,08:00:27:a5:9e:2d,0.10106695228638912,False
1785328953.519992,08:00:27:5a:87:bc,0.10106695228638912,False
1785328953.519992,08:00:27:8a:0d:75,0.10106695228638912,False
1785328953.519992,08:00:27:a5:9e:2d,0.10106695228638912,False
1785328963.519992,08:00:27:5a:87:bc,0.10106695228638912,False
1785328963.519992,08:00:27:8a:0d:75,0.10106695228638912,False
1785328963.519992,08:00:27:a5:9e:2d,0.10106695228638912,False
1785328973.519992,08:00:27:5a:87:bc,0.10106695228638912,False
1785328973.519992,08:00:27:8a:0d:75,0.10106695228638912,False
1785328973.519992,08:00:27:a5:9e:2d,0.10106695228638912,False
1785328983.519992,08:00:27:5a:87:bc,0.10106695228638912,False
1785328983.519992,08:00:27:8a:0d:75,0.10106695228638912,False
1785328983.519992,08:00:27:a5:9e:2d,0.10106695228638912,False
1785328993.519992,08:00:27:5a:87:bc,0.10106695228638912,False
1785328993.519992,08:00:27:8a:0d:75,0.10106695228638912,False
1785328993.519992,08:00:27:a5:9e:2d,0.10106695228638912,False
1785329003.519992,08:00:27:5a:87:bc,0.10106695228638912,False
1785329003.519992,08:00:27:8a:0d:75,0.10106695228638912,False
1785329003.519992,08:00:27:a5:9e:2d,0.10106695228638912,False
1785329013.519992,08:00:27:5a:87:bc,0.10106695228638912,False
1785329013.519992,08:00:27:8a:0d:75,0.10106695228638912,False
1785329013.519992,08:00:27:a5:9e:2d,0.10106695228638912,False
1785329023.519992,08:00:27:5a:87:bc,0.10106695228638912,False
1785329023.519992,08:00:27:8a:0d:75,0.10106695228638912,False
1785329023.519992,08:00:27:a5:9e:2d,0.10106695228638912,False
1785329033.519992,08:00:27:5a:87:bc,0.10106695228638912,False
1785329033.519992,08:00:27:8a:0d:75,0.10106695228638912,False
1785329033.519992,08:00:27:a5:9e:2d,0.10106695228638912,False
1785329043.519992,08:00:27:5a:87:bc,0.10106695228638912,False
1785329043.519992,08:00:27:8a:0d:75,0.10106695228638912,False
1785329043.519992,08:00:27:a5:9e:2d,0.10106695228638912,False
1785329053.519992,08:00:27:5a:87:bc,0.10106695228638912,False
1785329053.519992,08:00:27:8a:0d:75,0.10106695228638912,False
1785329053.519992,08:00:27:a5:9e:2d,0.10106695228638912,False
1785329063.519992,08:00:27:5a:87:bc,0.10106695228638912,False
1785329063.519992,08:00:27:8a:0d:75,0.10106695228638912,False
1785329063.519992,08:00:27:a5:9e:2d,0.10106695228638912,False
1785329073.519992,08:00:27:5a:87:bc,0.10106695228638912,False
1785329073.519992,08:00:27:8a:0d:75,0.10106695228638912,False
1785329073.519992,08:00:27:a5:9e:2d,0.10106695228638912,False
1785329083.519992,08:00:27:5a:87:bc,0.10106695228638912,False
1785329083.519992,08:00:27:8a:0d:75,0.10106695228638912,False
1785329083.519992,08:00:27:a5:9e:2d,0.10106695228638912,False
1785329093.519992,08:00:27:5a:87:bc,0.10106695228638912,False
1785329093.519992,08:00:27:8a:0d:75,0.10106695228638912,False
1785329093.519992,08:00:27:a5:9e:2d,0.10106695228638912,False
1785329103.519992,08:00:27:5a:87:bc,0.10106695228638912,False
1785329103.519992,08:00:27:8a:0d:75,0.10106695228638912,False
1785329103.519992,08:00:27:a5:9e:2d,0.10106695228638912,False
1785329113.519992,08:00:27:5a:87:bc,0.10106695228638912,False
1785329113.519992,08:00:27:8a:0d:75,0.10106695228638912,False
1785329113.519992,08:00:27:a5:9e:2d,0.10106695228638912,False
1785329123.519992,08:00:27:5a:87:bc,0.10106695228638912,False
1785329123.519992,08:00:27:8a:0d:75,0.10106695228638912,False
1785329123.519992,08:00:27:a5:9e:2d,0.10106695228638912,False
1785329133.519992,08:00:27:5a:87:bc,0.10106695228638912,False
1785329133.519992,08:00:27:8a:0d:75,0.10106695228638912,False
1785329133.519992,08:00:27:a5:9e:2d,0.10106695228638912,False
1785329143.519992,08:00:27:5a:87:bc,0.10106695228638912,False
1785329143.519992,08:00:27:8a:0d:75,0.10106695228638912,False
1785329143.519992,08:00:27:a5:9e:2d,0.10106695228638912,False
1785329153.519992,08:00:27:5a:87:bc,0.10106695228638912,False
1785329153.519992,08:00:27:8a:0d:75,0.10106695228638912,False
1785329153.519992,08:00:27:a5:9e:2d,0.10106695228638912,False
1785329163.519992,08:00:27:5a:87:bc,0.10106695228638912,False
1785329163.519992,08:00:27:8a:0d:75,0.10106695228638912,False
1785329163.519992,08:00:27:a5:9e:2d,0.10106695228638912,False
1785329173.519992,08:00:27:5a:87:bc,0.10106695228638912,False
1785329173.519992,08:00:27:8a:0d:75,0.10106695228638912,False
1785329173.519992,08:00:27:a5:9e:2d,0.10106695228638912,False
1785329183.519992,08:00:27:5a:87:bc,0.10106695228638912,False
1785329183.519992,08:00:27:8a:0d:75,0.10106695228638912,False
1785329183.519992,08:00:27:a5:9e:2d,0.10106695228638912,False
1785329193.519992,08:00:27:5a:87:bc,0.10106695228638912,False
1785329193.519992,08:00:27:8a:0d:75,0.10106695228638912,False
1785329193.519992,08:00:27:a5:9e:2d,0.10106695228638912,False
1785329203.519992,08:00:27:5a:87:bc,0.10106695228638912,False
1785329203.519992,08:00:27:8a:0d:75,0.10106695228638912,False
1785329203.519992,08:00:27:a5:9e:2d,0.10106695228638912,False
1785329213.519992,08:00:27:5a:87:bc,0.10106695228638912,False
1785329213.519992,08:00:27:8a:0d:75,0.10106695228638912,False
1785329213.519992,08:00:27:a5:9e:2d,0.10106695228638912,False
1785329223.519992,08:00:27:5a:87:bc,0.10106695228638912,False
1785329223.519992,08:00:27:8a:0d:75,0.10106695228638912,False
1785329223.519992,08:00:27:a5:9e:2d,0.10106695228638912,False
1785329233.519992,08:00:27:5a:87:bc,0.10106695228638912,False
1785329233.519992,08:00:27:8a:0d:75,0.10106695228638912,False
1785329233.519992,08:00:27:a5:9e:2d,0.10106695228638912,False
1785329243.519992,08:00:27:5a:87:bc,0.10106695228638912,False
1785329243.519992,08:00:27:8a:0d:75,0.10106695228638912,False
1785329243.519992,08:00:27:a5:9e:2d,0.10106695228638912,False
1785329253.519992,08:00:27:5a:87:bc,0.10106695228638912,False
1785329253.519992,08:00:27:8a:0d:75,0.10106695228638912,False
1785329253.519992,08:00:27:a5:9e:2d,0.10106695228638912,False
1785329263.519992,08:00:27:5a:87:bc,0.10106695228638912,False
1785329263.519992,08:00:27:8a:0d:75,0.10106695228638912,False
1785329263.519992,08:00:27:a5:9e:2d,0.10106695228638912,False
1785329273.519992,08:00:27:5a:87:bc,0.10106695228638912,False
1785329273.519992,08:00:27:8a:0d:75,0.10106695228638912,False
1785329273.519992,08:00:27:a5:9e:2d,0.10106695228638912,False
1785329283.519992,08:00:27:5a:87:bc,0.10106695228638912,False
1785329283.519992,08:00:27:8a:0d:75,0.10106695228638912,False
1785329283.519992,08:00:27:a5:9e:2d,0.10106695228638912,False
1785329293.519992,08:00:27:5a:87:bc,0.10106695228638912,False
1785329293.519992,08:00:27:8a:0d:75,0.10106695228638912,False
1785329293.519992,08:00:27:a5:9e:2d,0.10106695228638912,False
1785329303.519992,08:00:27:5a:87:bc,0.10106695228638912,False
1785329303.519992,08:00:27:8a:0d:75,0.10106695228638912,False
1785329303.519992,08:00:27:a5:9e:2d,0.10106695228638912,False
1785329313.519992,08:00:27:5a:87:bc,0.10106695228638912,False
1785329313.519992,08:00:27:8a:0d:75,0.10106695228638912,False
1785329313.519992,08:00:27:a5:9e:2d,0.10106695228638912,False
1785329323.519992,08:00:27:5a:87:bc,0.10106695228638912,False
1785329323.519992,08:00:27:8a:0d:75,0.10106695228638912,False
1785329323.519992,08:00:27:a5:9e:2d,0.10106695228638912,False
1785329333.519992,08:00:27:5a:87:bc,0.10106695228638912,False
1785329333.519992,08:00:27:8a:0d:75,0.10106695228638912,False
1785329333.519992,08:00:27:a5:9e:2d,0.10106695228638912,False
1785329343.519992,08:00:27:5a:87:bc,0.10106695228638912,False
1785329343.519992,08:00:27:8a:0d:75,0.10106695228638912,False
1785329343.519992,08:00:27:a5:9e:2d,0.10106695228638912,False
1785329353.519992,08:00:27:5a:87:bc,0.10106695228638912,False
1785329353.519992,08:00:27:8a:0d:75,0.10106695228638912,False
1785329353.519992,08:00:27:a5:9e:2d,0.10106695228638912,False
1785329363.519992,08:00:27:5a:87:bc,0.10106695228638912,False
1785329363.519992,08:00:27:8a:0d:75,0.10106695228638912,False
1785329363.519992,08:00:27:a5:9e:2d,0.10106695228638912,False
1785329373.519992,08:00:27:5a:87:bc,0.10106695228638912,False
1785329373.519992,08:00:27:8a:0d:75,0.10106695228638912,False
1785329373.519992,08:00:27:a5:9e:2d,0.10106695228638912,False
1785329383.519992,08:00:27:5a:87:bc,0.10106695228638912,False
1785329383.519992,08:00:27:8a:0d:75,0.10106695228638912,False
1785329383.519992,08:00:27:a5:9e:2d,0.10106695228638912,False
1785329393.519992,08:00:27:5a:87:bc,0.10106695228638912,False
1785329393.519992,08:00:27:8a:0d:75,0.10106695228638912,False
1785329393.519992,08:00:27:a5:9e:2d,0.10106695228638912,False
1785329403.519992,08:00:27:5a:87:bc,0.10106695228638912,False
1785329403.519992,08:00:27:8a:0d:75,0.10106695228638912,False
1785329403.519992,08:00:27:a5:9e:2d,0.10106695228638912,False
1785329413.519992,08:00:27:5a:87:bc,0.10106695228638912,False
1785329413.519992,08:00:27:8a:0d:75,0.10106695228638912,False
1785329413.519992,08:00:27:a5:9e:2d,0.10106695228638912,False
1785329423.519992,08:00:27:5a:87:bc,0.10106695228638912,False
1785329423.519992,08:00:27:8a:0d:75,0.10106695228638912,False
1785329423.519992,08:00:27:a5:9e:2d,0.10106695228638912,False
1785329433.519992,08:00:27:5a:87:bc,0.10106695228638912,False
1785329433.519992,08:00:27:8a:0d:75,0.10106695228638912,False
1785329433.519992,08:00:27:a5:9e:2d,0.10106695228638912,False
1785329443.519992,08:00:27:5a:87:bc,0.10106695228638912,False
1785329443.519992,08:00:27:8a:0d:75,0.10106695228638912,False
1785329443.519992,08:00:27:a5:9e:2d,0.10106695228638912,False
1785329453.519992,08:00:27:5a:87:bc,0.10106695228638912,False
1785329453.519992,08:00:27:8a:0d:75,0.10106695228638912,False
1785329453.519992,08:00:27:a5:9e:2d,0.10106695228638912,False
1785329463.519992,08:00:27:5a:87:bc,0.10106695228638912,False
1785329463.519992,08:00:27:8a:0d:75,0.10106695228638912,False
1785329463.519992,08:00:27:a5:9e:2d,0.10106695228638912,False
1785329473.519992,08:00:27:5a:87:bc,0.10106695228638912,False
1785329473.519992,08:00:27:8a:0d:75,0.10106695228638912,False
1785329473.519992,08:00:27:a5:9e:2d,0.10106695228638912,False
1785329483.519992,08:00:27:5a:87:bc,0.10106695228638912,False
1785329483.519992,08:00:27:8a:0d:75,0.10106695228638912,False
1785329483.519992,08:00:27:a5:9e:2d,0.10106695228638912,False
1785329493.519992,08:00:27:5a:87:bc,0.10106695228638912,False
1785329493.519992,08:00:27:8a:0d:75,0.10106695228638912,False
1785329493.519992,08:00:27:a5:9e:2d,0.10106695228638912,False
1785329503.519992,08:00:27:5a:87:bc,0.10106695228638912,False
1785329503.519992,08:00:27:8a:0d:75,0.10106695228638912,False
1785329503.519992,08:00:27:a5:9e:2d,0.10106695228638912,False
1785329513.519992,08:00:27:5a:87:bc,0.10106695228638912,False
1785329513.519992,08:00:27:8a:0d:75,0.10106695228638912,False
1785329513.519992,08:00:27:a5:9e:2d,0.10106695228638912,False
1785329523.519992,08:00:27:5a:87:bc,0.10106695228638912,False
1785329523.519992,08:00:27:8a:0d:75,0.10106695228638912,False
1785329523.519992,08:00:27:a5:9e:2d,0.10106695228638912,False
1785329533.519992,08:00:27:5a:87:bc,0.10106695228638912,False
1785329533.519992,08:00:27:8a:0d:75,0.10106695228638912,False
1785329533.519992,08:00:27:a5:9e:2d,0.10106695228638912,False
1785329543.519992,08:00:27:5a:87:bc,0.10106695228638912,False
1785329543.519992,08:00:27:8a:0d:75,0.10106695228638912,False
1785329543.519992,08:00:27:a5:9e:2d,0.10106695228638912,False
1785329553.519992,08:00:27:5a:87:bc,0.10106695228638912,False
1785329553.519992,08:00:27:8a:0d:75,0.10106695228638912,False
1785329553.519992,08:00:27:a5:9e:2d,0.10106695228638912,False
1785329563.519992,08:00:27:5a:87:bc,0.10106695228638912,False
1785329563.519992,08:00:27:8a:0d:75,0.10106695228638912,False
1785329563.519992,08:00:27:a5:9e:2d,0.10106695228638912,False
1785329573.519992,08:00:27:5a:87:bc,0.10106695228638912,False
1785329573.519992,08:00:27:8a:0d:75,0.10106695228638912,False
1785329573.519992,08:00:27:a5:9e:2d,0.10106695228638912,False
1785329583.519992,08:00:27:5a:87:bc,0.10106695228638912,False
1785329583.519992,08:00:27:8a:0d:75,0.10106695228638912,False
1785329583.519992,08:00:27:a5:9e:2d,0.10106695228638912,False
1785329593.519992,08:00:27:5a:87:bc,0.10106695228638912,False
1785329593.519992,08:00:27:8a:0d:75,0.10106695228638912,False
1785329593.519992,08:00:27:a5:9e:2d,0.10106695228638912,False
1785329603.519992,08:00:27:5a:87:bc,0.10106695228638912,False
1785329603.519992,08:00:27:8a:0d:75,0.10106695228638912,False
1785329603.519992,08:00:27:a5:9e:2d,0.10106695228638912,False
1785329613.519992,08:00:27:5a:87:bc,0.10106695228638912,False
1785329613.519992,08:00:27:8a:0d:75,0.10106695228638912,False
1785329613.519992,08:00:27:a5:9e:2d,0.10106695228638912,False
1785329623.519992,08:00:27:5a:87:bc,0.10106695228638912,False
1785329623.519992,08:00:27:8a:0d:75,0.10106695228638912,False
1785329623.519992,08:00:27:a5:9e:2d,0.10106695228638912,False
1785329633.519992,08:00:27:5a:87:bc,0.10106695228638912,False
1785329633.519992,08:00:27:8a:0d:75,0.10106695228638912,False
1785329633.519992,08:00:27:a5:9e:2d,0.10106695228638912,False
1785329643.519992,08:00:27:5a:87:bc,0.10106695228638912,False
1785329643.519992,08:00:27:8a:0d:75,0.10106695228638912,False
1785329643.519992,08:00:27:a5:9e:2d,0.10106695228638912,False
1785329653.519992,08:00:27:5a:87:bc,0.10106695228638912,False
1785329653.519992,08:00:27:8a:0d:75,0.10106695228638912,False
1785329653.519992,08:00:27:a5:9e:2d,0.10106695228638912,False
1785329663.519992,08:00:27:5a:87:bc,0.10106695228638912,False
1785329663.519992,08:00:27:8a:0d:75,0.10106695228638912,False
1785329663.519992,08:00:27:a5:9e:2d,0.10106695228638912,False
1785329673.519992,08:00:27:5a:87:bc,0.10106695228638912,False
1785329673.519992,08:00:27:8a:0d:75,0.10106695228638912,False
1785329673.519992,08:00:27:a5:9e:2d,0.10106695228638912,False
1785329683.519992,08:00:27:5a:87:bc,0.10106695228638912,False
1785329683.519992,08:00:27:8a:0d:75,0.10106695228638912,False
1785329683.519992,08:00:27:a5:9e:2d,0.10106695228638912,False
1785329693.519992,08:00:27:5a:87:bc,0.10106695228638912,False
1785329693.519992,08:00:27:8a:0d:75,0.10106695228638912,False
1785329693.519992,08:00:27:a5:9e:2d,0.10106695228638912,False
1785329703.519992,08:00:27:5a:87:bc,0.10106695228638912,False
1785329703.519992,08:00:27:8a:0d:75,0.10106695228638912,False
1785329703.519992,08:00:27:a5:9e:2d,0.10106695228638912,False
1785329713.519992,08:00:27:5a:87:bc,0.10106695228638912,False
1785329713.519992,08:00:27:8a:0d:75,0.10106695228638912,False
1785329713.519992,08:00:27:a5:9e:2d,0.10106695228638912,False
1785329723.519992,08:00:27:5a:87:bc,0.10106695228638912,False
1785329723.519992,08:00:27:8a:0d:75,0.10106695228638912,False
1785329723.519992,08:00:27:a5:9e:2d,0.10106695228638912,False
1785329733.519992,08:00:27:5a:87:bc,0.10106695228638912,False
1785329733.519992,08:00:27:8a:0d:75,0.10106695228638912,False
1785329733.519992,08:00:27:a5:9e:2d,0.10106695228638912,False
1785329743.519992,08:00:27:5a:87:bc,0.10106695228638912,False
1785329743.519992,08:00:27:8a:0d:75,0.10106695228638912,False
1785329743.519992,08:00:27:a5:9e:2d,0.10106695228638912,False
1785329753.519992,08:00:27:5a:87:bc,0.10106695228638912,False
1785329753.519992,08:00:27:8a:0d:75,0.10106695228638912,False
1785329753.519992,08:00:27:a5:9e:2d,0.10106695228638912,False
1785329763.519992,08:00:27:5a:87:bc,0.10106695228638912,False
1785329763.519992,08:00:27:8a:0d:75,0.10106695228638912,False
1785329763.519992,08:00:27:a5:9e:2d,0.10106695228638912,False
1785329773.519992,08:00:27:5a:87:bc,0.10106695228638912,False
1785329773.519992,08:00:27:8a:0d:75,0.10106695228638912,False
1785329773.519992,08:00:27:a5:9e:2d,0.10106695228638912,False
1785329783.519992,08:00:27:5a:87:bc,0.10106695228638912,False
1785329783.519992,08:00:27:8a:0d:75,0.10106695228638912,False
1785329783.519992,08:00:27:a5:9e:2d,0.10106695228638912,False
1785329793.519992,08:00:27:5a:87:bc,0.10106695228638912,False
1785329793.519992,08:00:27:8a:0d:75,0.10106695228638912,False
1785329793.519992,08:00:27:a5:9e:2d,0.10106695228638912,False
1785329803.519992,08:00:27:5a:87:bc,0.10106695228638912,False
1785329803.519992,08:00:27:8a:0d:75,0.10106695228638912,False
1785329803.519992,08:00:27:a5:9e:2d,0.10106695228638912,False
1785329813.519992,08:00:27:5a:87:bc,0.10106695228638912,False
1785329813.519992,08:00:27:8a:0d:75,0.10106695228638912,False
1785329813.519992,08:00:27:a5:9e:2d,0.10106695228638912,False
1785329823.519992,08:00:27:5a:87:bc,0.10106695228638912,False
1785329823.519992,08:00:27:8a:0d:75,0.10106695228638912,False
1785329823.519992,08:00:27:a5:9e:2d,0.10106695228638912,False
1785329833.519992,08:00:27:5a:87:bc,0.10106695228638912,False
1785329833.519992,08:00:27:8a:0d:75,0.10106695228638912,False
1785329833.519992,08:00:27:a5:9e:2d,0.10106695228638912,False
1785329843.519992,08:00:27:5a:87:bc,0.10106695228638912,False
1785329843.519992,08:00:27:8a:0d:75,0.10106695228638912,False
1785329843.519992,08:00:27:a5:9e:2d,0.10106695228638912,False
1785329853.519992,08:00:27:5a:87:bc,0.10106695228638912,False
1785329853.519992,08:00:27:8a:0d:75,0.10106695228638912,False
1785329853.519992,08:00:27:a5:9e:2d,0.10106695228638912,False
1785329863.519992,08:00:27:5a:87:bc,0.10106695228638912,False
1785329863.519992,08:00:27:8a:0d:75,0.10106695228638912,False
1785329863.519992,08:00:27:a5:9e:2d,0.10106695228638912,False
1785329873.519992,08:00:27:5a:87:bc,0.10106695228638912,False
1785329873.519992,08:00:27:8a:0d:75,0.10106695228638912,False
1785329873.519992,08:00:27:a5:9e:2d,0.10106695228638912,False
1785329883.519992,08:00:27:5a:87:bc,0.10106695228638912,False
1785329883.519992,08:00:27:8a:0d:75,0.10106695228638912,False
1785329883.519992,08:00:27:a5:9e:2d,0.10106695228638912,False
1785329893.519992,08:00:27:5a:87:bc,0.10106695228638912,False
1785329893.519992,08:00:27:8a:0d:75,0.10106695228638912,False
1785329893.519992,08:00:27:a5:9e:2d,0.10106695228638912,False
1785329903.519992,08:00:27:5a:87:bc,0.10106695228638912,False
1785329903.519992,08:00:27:8a:0d:75,0.10106695228638912,False
1785329903.519992,08:00:27:a5:9e:2d,0.10106695228638912,False
1785329913.519992,08:00:27:5a:87:bc,0.10106695228638912,False
1785329913.519992,08:00:27:8a:0d:75,0.10106695228638912,False
1785329913.519992,08:00:27:a5:9e:2d,0.10106695228638912,False
1785329923.519992,08:00:27:5a:87:bc,0.10106695228638912,False
1785329923.519992,08:00:27:8a:0d:75,0.10106695228638912,False
1785329923.519992,08:00:27:a5:9e:2d,0.10106695228638912,False
1785329933.519992,08:00:27:5a:87:bc,0.10106695228638912,False
1785329933.519992,08:00:27:8a:0d:75,0.10106695228638912,False
1785329933.519992,08:00:27:a5:9e:2d,0.10106695228638912,False
1785329943.519992,08:00:27:5a:87:bc,0.10106695228638912,False
1785329943.519992,08:00:27:8a:0d:75,0.10106695228638912,False
1785329943.519992,08:00:27:a5:9e:2d,0.10106695228638912,False
1785329953.519992,08:00:27:5a:87:bc,0.10106695228638912,False
1785329953.519992,08:00:27:8a:0d:75,0.10106695228638912,False
1785329953.519992,08:00:27:a5:9e:2d,0.10106695228638912,False
1785329963.519992,08:00:27:5a:87:bc,0.10106695228638912,False
1785329963.519992,08:00:27:8a:0d:75,0.10106695228638912,False
1785329963.519992,08:00:27:a5:9e:2d,0.10106695228638912,False
1785329973.519992,08:00:27:5a:87:bc,0.10106695228638912,False
1785329973.519992,08:00:27:8a:0d:75,0.10106695228638912,False
1785329973.519992,08:00:27:a5:9e:2d,0.10106695228638912,False
1785329983.519992,08:00:27:5a:87:bc,0.10106695228638912,False
1785329983.519992,08:00:27:8a:0d:75,0.10106695228638912,False
1785329983.519992,08:00:27:a5:9e:2d,0.10106695228638912,False
1785329993.519992,08:00:27:5a:87:bc,0.10106695228638912,False
1785329993.519992,08:00:27:8a:0d:75,0.10106695228638912,False
1785329993.519992,08:00:27:a5:9e:2d,0.10106695228638912,False
1785330003.519992,08:00:27:5a:87:bc,0.10106695228638912,False
1785330003.519992,08:00:27:8a:0d:75,0.10106695228638912,False
1785330003.519992,08:00:27:a5:9e:2d,0.10106695228638912,False
1785330013.519992,08:00:27:5a:87:bc,0.10106695228638912,False
1785330013.519992,08:00:27:8a:0d:75,0.10106695228638912,False
1785330013.519992,08:00:27:a5:9e:2d,0.10106695228638912,False
1785330023.519992,08:00:27:5a:87:bc,0.10106695228638912,False
1785330023.519992,08:00:27:8a:0d:75,0.10106695228638912,False
1785330023.519992,08:00:27:a5:9e:2d,0.10106695228638912,False
1785330033.519992,08:00:27:5a:87:bc,0.10106695228638912,False
1785330033.519992,08:00:27:8a:0d:75,0.10106695228638912,False
1785330033.519992,08:00:27:a5:9e:2d,0.10106695228638912,False
1785330043.519992,08:00:27:5a:87:bc,0.10106695228638912,False
1785330043.519992,08:00:27:8a:0d:75,0.10106695228638912,False
1785330043.519992,08:00:27:a5:9e:2d,0.10106695228638912,False
1785330053.519992,08:00:27:5a:87:bc,0.10106695228638912,False
1785330053.519992,08:00:27:8a:0d:75,0.10106695228638912,False
1785330053.519992,08:00:27:a5:9e:2d,0.10106695228638912,False
1785330063.519992,08:00:27:5a:87:bc,0.10106695228638912,False
1785330063.519992,08:00:27:8a:0d:75,0.10106695228638912,False
1785330063.519992,08:00:27:a5:9e:2d,0.10106695228638912,False
1785330073.519992,08:00:27:5a:87:bc,0.10106695228638912,False
1785330073.519992,08:00:27:8a:0d:75,0.10106695228638912,False
1785330073.519992,08:00:27:a5:9e:2d,0.10106695228638912,False
1785330083.519992,08:00:27:5a:87:bc,0.10106695228638912,False
1785330083.519992,08:00:27:8a:0d:75,0.10106695228638912,False
1785330083.519992,08:00:27:a5:9e:2d,0.10106695228638912,False
1785330093.519992,08:00:27:5a:87:bc,0.10106695228638912,False
1785330093.519992,08:00:27:8a:0d:75,0.10106695228638912,False
1785330093.519992,08:00:27:a5:9e:2d,0.10106695228638912,False
1785330103.519992,08:00:27:5a:87:bc,0.10106695228638912,False
1785330103.519992,08:00:27:8a:0d:75,0.10106695228638912,False
1785330103.519992,08:00:27:a5:9e:2d,0.10106695228638912,False
1785330113.519992,08:00:27:5a:87:bc,0.10106695228638912,False
1785330113.519992,08:00:27:8a:0d:75,0.10106695228638912,False
1785330113.519992,08:00:27:a5:9e:2d,0.10106695228638912,False
1785330123.519992,08:00:27:5a:87:bc,0.10106695228638912,False
1785330123.519992,08:00:27:8a:0d:75,0.10106695228638912,False
1785330123.519992,08:00:27:a5:9e:2d,0.10106695228638912,False
1785330133.519992,08:00:27:5a:87:bc,0.10106695228638912,False
1785330133.519992,08:00:27:8a:0d:75,0.10106695228638912,False
1785330133.519992,08:00:27:a5:9e:2d,0.10106695228638912,False
1785330143.519992,08:00:27:5a:87:bc,0.10106695228638912,False
1785330143.519992,08:00:27:8a:0d:75,0.10106695228638912,False
1785330143.519992,08:00:27:a5:9e:2d,0.10106695228638912,False
1785330153.519992,08:00:27:5a:87:bc,0.10106695228638912,False
1785330153.519992,08:00:27:8a:0d:75,0.10106695228638912,False
1785330153.519992,08:00:27:a5:9e:2d,0.10106695228638912,False
1785330163.519992,08:00:27:5a:87:bc,0.10106695228638912,False
1785330163.519992,08:00:27:8a:0d:75,0.10106695228638912,False
1785330163.519992,08:00:27:a5:9e:2d,0.10106695228638912,False
1785330173.519992,08:00:27:5a:87:bc,0.10106695228638912,False
1785330173.519992,08:00:27:8a:0d:75,0.10106695228638912,False
1785330173.519992,08:00:27:a5:9e:2d,0.10106695228638912,False
1785330183.519992,08:00:27:5a:87:bc,0.10106695228638912,False
1785330183.519992,08:00:27:8a:0d:75,0.10106695228638912,False
1785330183.519992,08:00:27:a5:9e:2d,0.10106695228638912,False
1785330193.519992,08:00:27:5a:87:bc,0.10106695228638912,False
1785330193.519992,08:00:27:8a:0d:75,0.10106695228638912,False
1785330193.519992,08:00:27:a5:9e:2d,0.10106695228638912,False
1785330203.519992,08:00:27:5a:87:bc,0.10106695228638912,False
1785330203.519992,08:00:27:8a:0d:75,0.10106695228638912,False
1785330203.519992,08:00:27:a5:9e:2d,0.10106695228638912,False
1785330213.519992,08:00:27:5a:87:bc,0.10106695228638912,False
1785330213.519992,08:00:27:8a:0d:75,0.10106695228638912,False
1785330213.519992,08:00:27:a5:9e:2d,0.10106695228638912,False
1785330223.519992,08:00:27:5a:87:bc,0.10106695228638912,False
1785330223.519992,08:00:27:8a:0d:75,0.10106695228638912,False
1785330223.519992,08:00:27:a5:9e:2d,0.10106695228638912,False
1785330233.519992,08:00:27:5a:87:bc,0.10106695228638912,False
1785330233.519992,08:00:27:8a:0d:75,0.10106695228638912,False
1785330233.519992,08:00:27:a5:9e:2d,0.10106695228638912,False
1785330243.519992,08:00:27:5a:87:bc,0.10106695228638912,False
1785330243.519992,08:00:27:8a:0d:75,0.10106695228638912,False
1785330243.519992,08:00:27:a5:9e:2d,0.10106695228638912,False
1785330253.519992,08:00:27:5a:87:bc,0.10106695228638912,False
1785330253.519992,08:00:27:8a:0d:75,0.10106695228638912,False
1785330253.519992,08:00:27:a5:9e:2d,0.10106695228638912,False
1785330263.519992,08:00:27:5a:87:bc,0.10106695228638912,False
1785330263.519992,08:00:27:8a:0d:75,0.10106695228638912,False
1785330263.519992,08:00:27:a5:9e:2d,0.10106695228638912,False
1785330273.519992,08:00:27:5a:87:bc,0.10106695228638912,False
1785330273.519992,08:00:27:8a:0d:75,0.10106695228638912,False
1785330273.519992,08:00:27:a5:9e:2d,0.10106695228638912,False
1785330283.519992,08:00:27:5a:87:bc,0.10106695228638912,False
1785330283.519992,08:00:27:8a:0d:75,0.10106695228638912,False
1785330283.519992,08:00:27:a5:9e:2d,0.10106695228638912,False
1785330293.519992,08:00:27:5a:87:bc,0.10106695228638912,False
1785330293.519992,08:00:27:8a:0d:75,0.10106695228638912,False
1785330293.519992,08:00:27:a5:9e:2d,0.10106695228638912,False
1785330303.519992,08:00:27:5a:87:bc,0.10106695228638912,False
1785330303.519992,08:00:27:8a:0d:75,0.10106695228638912,False
1785330303.519992,08:00:27:a5:9e:2d,0.10106695228638912,False
1785330313.519992,08:00:27:5a:87:bc,0.10106695228638912,False
1785330313.519992,08:00:27:8a:0d:75,0.10106695228638912,False
1785330313.519992,08:00:27:a5:9e:2d,0.10106695228638912,False
1785330323.519992,08:00:27:5a:87:bc,0.10106695228638912,False
1785330323.519992,08:00:27:8a:0d:75,0.01493756353073894,False
1785330323.519992,08:00:27:a5:9e:2d,0.0019685947453210173,False
1785330333.519992,08:00:27:5a:87:bc,0.10106695228638912,False
1785330333.519992,08:00:27:8a:0d:75,0.017995449104066474,False
1785330333.519992,08:00:27:a5:9e:2d,0.07428465093971603,False
1785330343.519992,08:00:27:5a:87:bc,0.10106695228638912,False
1785330343.519992,08:00:27:8a:0d:75,0.07460598694368753,False
1785330343.519992,08:00:27:a5:9e:2d,0.04382915039727886,False
1785330353.519992,08:00:27:5a:87:bc,0.10106695228638912,False
1785330353.519992,08:00:27:8a:0d:75,0.011020448855921516,False
1785330353.519992,08:00:27:a5:9e:2d,-0.0027350880730838134,True
1785330363.519992,08:00:27:5a:87:bc,0.10106695228638912,False
1785330363.519992,08:00:27:8a:0d:75,-0.0030702128311825283,True
1785330363.519992,08:00:27:a5:9e:2d,0.01016088725148373,False
1785330373.519992,08:00:27:5a:87:bc,0.10106695228638912,False
1785330373.519992,08:00:27:8a:0d:75,0.07290432559254362,False
1785330373.519992,08:00:27:a5:9e:2d,-0.040965766602218345,True
1785330383.519992,08:00:27:5a:87:bc,0.10106695228638912,False
1785330383.519992,08:00:27:8a:0d:75,0.012626538552387767,False
1785330383.519992,08:00:27:a5:9e:2d,-0.021611079785092024,True
1785330393.519992,08:00:27:5a:87:bc,0.10106695228638912,False
1785330393.519992,08:00:27:8a:0d:75,0.07460598694368753,False
1785330393.519992,08:00:27:a5:9e:2d,0.07091933241114834,False
1785330403.519992,08:00:27:5a:87:bc,0.10106695228638912,False
1785330403.519992,08:00:27:8a:0d:75,-0.00394241097290049,True
1785330403.519992,08:00:27:a5:9e:2d,-0.015472295259100932,True
1785330413.519992,08:00:27:5a:87:bc,0.10106695228638912,False
1785330413.519992,08:00:27:8a:0d:75,0.013816091087099247,False
1785330413.519992,08:00:27:a5:9e:2d,-0.019713316352945043,True
1785330423.519992,08:00:27:5a:87:bc,0.10106695228638912,False
1785330423.519992,08:00:27:8a:0d:75,0.10106695228638912,False
1785330423.519992,08:00:27:a5:9e:2d,0.10106695228638912,False
1785330433.519992,08:00:27:5a:87:bc,0.10106695228638912,False
1785330433.519992,08:00:27:8a:0d:75,0.10106695228638912,False
1785330433.519992,08:00:27:a5:9e:2d,0.10106695228638912,False
1785330443.519992,08:00:27:5a:87:bc,-0.31105436501589334,True
1785330443.519992,08:00:27:8a:0d:75,0.06975607632009578,False
1785330443.519992,08:00:27:a5:9e:2d,0.06268940236828768,False
1785330453.519992,08:00:27:5a:87:bc,-0.32599394839927065,True
1785330453.519992,08:00:27:8a:0d:75,-0.035955129399276975,True
1785330453.519992,08:00:27:a5:9e:2d,-2.7976231086024317e-05,True
1785330463.519992,08:00:27:5a:87:bc,-0.32802782479941195,True
1785330463.519992,08:00:27:8a:0d:75,0.0641707561360163,False
1785330463.519992,08:00:27:a5:9e:2d,0.057711456574390585,False
1785330473.519992,08:00:27:5a:87:bc,-0.32802782479941195,True
1785330473.519992,08:00:27:8a:0d:75,0.004930608627115973,False
1785330473.519992,08:00:27:a5:9e:2d,-0.034437067475315775,True
1785330483.519992,08:00:27:5a:87:bc,-0.3268391233255695,True
1785330483.519992,08:00:27:8a:0d:75,-0.010871329637681504,True
1785330483.519992,08:00:27:a5:9e:2d,0.004885607447621454,False
1785330493.519992,08:00:27:5a:87:bc,-0.32802782479941195,True
1785330493.519992,08:00:27:8a:0d:75,0.0026593493526869127,False
1785330493.519992,08:00:27:a5:9e:2d,-0.01085636560855735,True
1785330503.519992,08:00:27:5a:87:bc,-0.3262478820308111,True
1785330503.519992,08:00:27:8a:0d:75,0.0641707561360163,False
1785330503.519992,08:00:27:a5:9e:2d,0.047056942625936515,False
1785330513.519992,08:00:27:5a:87:bc,-0.323982794849789,True
1785330513.519992,08:00:27:8a:0d:75,-0.006139635743295346,True
1785330513.519992,08:00:27:a5:9e:2d,0.005301709071494076,False
1785330523.519992,08:00:27:5a:87:bc,-0.31652680932692845,True
1785330523.519992,08:00:27:8a:0d:75,0.011289863760298724,False
1785330523.519992,08:00:27:a5:9e:2d,-0.031366798528303264,True
1785330533.519992,08:00:27:5a:87:bc,0.10106695228638912,False
1785330533.519992,08:00:27:8a:0d:75,0.06938743670038944,False
1785330533.519992,08:00:27:a5:9e:2d,0.06842662477253852,False
1785330543.519992,08:00:27:5a:87:bc,0.10106695228638912,False
1785330543.519992,08:00:27:8a:0d:75,0.10106695228638912,False
1785330543.519992,08:00:27:a5:9e:2d,0.10106695228638912,False
1785330553.519992,08:00:27:5a:87:bc,0.10106695228638912,False
1785330553.519992,08:00:27:8a:0d:75,0.10106695228638912,False
1785330553.519992,08:00:27:a5:9e:2d,0.10106695228638912,False
1785330563.519992,08:00:27:5a:87:bc,-0.3008245899727068,True
1785330563.519992,08:00:27:8a:0d:75,-0.1287730387179883,True
1785330563.519992,08:00:27:a5:9e:2d,0.004482662979565899,False
1785330573.519992,08:00:27:5a:87:bc,-0.1532801424035236,True
1785330573.519992,08:00:27:8a:0d:75,0.07072859277544391,False
1785330573.519992,08:00:27:a5:9e:2d,0.07072859277544391,False
1785330583.519992,08:00:27:5a:87:bc,0.06087341864578222,False
1785330583.519992,08:00:27:8a:0d:75,0.07366134112201683,False
1785330583.519992,08:00:27:a5:9e:2d,0.07366134112201683,False
1785330593.519992,08:00:27:5a:87:bc,-0.029233960842084628,True
1785330593.519992,08:00:27:8a:0d:75,0.07366134112201683,False
1785330593.519992,08:00:27:a5:9e:2d,0.012407012877311774,False
1785330603.519992,08:00:27:5a:87:bc,-0.1552746127399377,True
1785330603.519992,08:00:27:8a:0d:75,0.012664323786748033,False
1785330603.519992,08:00:27:a5:9e:2d,0.07209562690373034,False
1785330613.519992,08:00:27:5a:87:bc,-0.12067557319597466,True
1785330613.519992,08:00:27:8a:0d:75,-0.0006179724859577407,True
1785330613.519992,08:00:27:a5:9e:2d,-0.0006179724859577407,True
1785330623.519992,08:00:27:5a:87:bc,-0.028178026698090997,True
1785330623.519992,08:00:27:8a:0d:75,0.07333492466067543,False
1785330623.519992,08:00:27:a5:9e:2d,0.01264532024076942,False
1785330633.519992,08:00:27:5a:87:bc,-0.15488247041627268,True
1785330633.519992,08:00:27:8a:0d:75,0.011726166191339205,False
1785330633.519992,08:00:27:a5:9e:2d,0.07209562690373034,False
1785330643.519992,08:00:27:5a:87:bc,-0.16046418153586528,True
1785330643.519992,08:00:27:8a:0d:75,0.07051431258013235,False
1785330643.519992,08:00:27:a5:9e:2d,0.06732956633309928,False
1785330653.519992,08:00:27:5a:87:bc,-0.2402470880084412,True
1785330653.519992,08:00:27:8a:0d:75,-0.07075280743780943,True
1785330653.519992,08:00:27:a5:9e:2d,-0.07166085544601064,True
