window_start,device_mac,pkt_count,byte_count,mean_iat,std_iat,arp_req_count,arp_req_rate,arp_reply_count,arp_reply_rate,broadcast_ratio,avg_response_latency,send_recv_ratio
1785423526.155571,08:00:27:34:35:33,5,490,1.0245282649993896,0.0008095514526802537,0,0.0,0,0.0,0.0,0.00011281967163085937,1.0
1785423526.155571,08:00:27:5a:87:bc,0,0,,,0,0.0,0,0.0,0.0,,0.0
1785423526.155571,08:00:27:8a:0d:75,5,490,1.0158112049102783,0.008043485775374741,0,0.0,0,0.0,0.0,,1.0
1785423526.155571,08:00:27:9c:f0:f1,5,490,1.0245395302772522,0.0007138761562219501,0,0.0,0,0.0,0.0,,1.0
1785423526.155571,08:00:27:a5:9e:2d,5,490,1.0158772468566895,0.008122854374922276,0,0.0,0,0.0,0.0,0.00013513565063476561,1.0
1785423531.155571,08:00:27:34:35:33,3,294,1.024179458618164,0.0001575946807861328,0,0.0,0,0.0,0.0,0.008144060770670572,1.0
1785423531.155571,08:00:27:5a:87:bc,0,0,,,0,0.0,0,0.0,0.0,,0.0
1785423531.155571,08:00:27:8a:0d:75,2,196,1.0241079330444336,0.0,0,0.0,0,0.0,0.0,,1.0
1785423531.155571,08:00:27:9c:f0:f1,5,490,1.1675062775611877,0.2703030907922661,0,0.0,0,0.0,0.0,8.654594421386719e-05,1.0
1785423531.155571,08:00:27:a5:9e:2d,4,392,1.4619456926981609,0.6289571703397498,0,0.0,0,0.0,0.0,0.0001035928726196289,1.0
1785423536.155571,08:00:27:34:35:33,5,490,1.0246917605400085,0.002913440616808411,0,0.0,0,0.0,0.0,9.884834289550782e-05,1.0
1785423536.155571,08:00:27:5a:87:bc,0,0,,,0,0.0,0,0.0,0.0,,0.0
1785423536.155571,08:00:27:8a:0d:75,0,0,,,0,0.0,0,0.0,0.0,,0.0
1785423536.155571,08:00:27:9c:f0:f1,10,980,0.5290355417463515,0.14869611976817962,0,0.0,0,0.0,0.0,0.00012540817260742188,1.0
1785423536.155571,08:00:27:a5:9e:2d,5,490,1.0240525007247925,0.00029217263023553145,0,0.0,0,0.0,0.0,,1.0
1785423541.155571,08:00:27:34:35:33,7,610,0.6826696395874023,0.4322221528494859,1,0.2,1,0.2,0.0,9.722709655761719e-05,1.0
1785423541.155571,08:00:27:5a:87:bc,0,0,,,0,0.0,0,0.0,0.0,,0.0
1785423541.155571,08:00:27:8a:0d:75,0,0,,,0,0.0,0,0.0,0.0,,0.0
1785423541.155571,08:00:27:9c:f0:f1,16,1390,0.27306793530782064,0.25661179772248005,1,0.2,1,0.2,0.0,0.00015362103780110678,0.5307369224894998
1785423541.155571,08:00:27:a5:9e:2d,8,2009,0.441115140914917,0.5018125373077772,0,0.0,0,0.0,0.0,,2.575641025641026
1785423546.155571,08:00:27:34:35:33,6,569,0.6021078109741211,1.2028367282235892,0,0.0,0,0.0,0.0,9.5367431640625e-07,0.8175287356321839
1785423546.155571,08:00:27:5a:87:bc,0,0,,,0,0.0,0,0.0,0.0,,0.0
1785423546.155571,08:00:27:8a:0d:75,0,0,,,0,0.0,0,0.0,0.0,,0.0
1785423546.155571,08:00:27:9c:f0:f1,16,1574,0.2726065317789714,0.3758055971590895,0,0.0,0,0.0,0.0,0.00012505054473876953,0.5881913303437967
1785423546.155571,08:00:27:a5:9e:2d,9,2107,0.5111271440982819,0.5056564979921349,0,0.0,0,0.0,0.0,,2.3997722095671983
1785423551.155571,08:00:27:34:35:33,5,490,1.0260429978370667,0.0035924316570082404,0,0.0,0,0.0,0.0,0.0001418590545654297,1.0
1785423551.155571,08:00:27:5a:87:bc,0,0,,,0,0.0,0,0.0,0.0,,0.0
1785423551.155571,08:00:27:8a:0d:75,6,486,0.004397010803222657,0.008596480583652769,0,0.0,0,0.0,0.0,,0.28338192419825076
1785423551.155571,08:00:27:9c:f0:f1,10,980,0.4881984392801921,0.21457129900645464,0,0.0,0,0.0,0.0,0.002417755126953125,1.0
1785423551.155571,08:00:27:a5:9e:2d,10,2205,0.45379845301310223,0.48679698740510124,0,0.0,0,0.0,0.0,,2.25922131147541
1785423556.155571,08:00:27:34:35:33,22,1669,0.19226419358026414,0.6664445941757573,0,0.0,0,0.0,0.0,5.245208740234375e-05,0.006313957667353926
1785423556.155571,08:00:27:5a:87:bc,0,0,,,0,0.0,0,0.0,0.0,,0.0
1785423556.155571,08:00:27:8a:0d:75,1,60,,,1,0.2,0,0.0,0.0,,1.0
1785423556.155571,08:00:27:9c:f0:f1,29,264335,0.14419936282294138,0.583153295033058,0,0.0,0,0.0,0.0,,158.3792690233673
1785423556.155571,08:00:27:a5:9e:2d,1,60,,,0,0.0,1,0.2,0.0,,1.0
1785423561.155571,08:00:27:34:35:33,28,2142,0.11138603422376844,0.5670235395458378,0,0.0,0,0.0,0.0,,0.008080975753300109
1785423561.155571,08:00:27:5a:87:bc,0,0,,,0,0.0,0,0.0,0.0,,0.0
1785423561.155571,08:00:27:8a:0d:75,0,0,,,0,0.0,0,0.0,0.0,,0.0
1785423561.155571,08:00:27:9c:f0:f1,49,266039,0.09082166850566864,0.45030387813000616,0,0.0,0,0.0,0.0,,47.7456927494616
1785423561.155571,08:00:27:a5:9e:2d,10,3430,0.11749577522277832,0.31662058565137857,0,0.0,0,0.0,0.0,,3.52880658436214
1785423566.155571,08:00:27:34:35:33,65,4749,0.06282896921038628,0.3910253832363438,0,0.0,0,0.0,0.0,,0.005983587657858231
1785423566.155571,08:00:27:5a:87:bc,0,0,,,0,0.0,0,0.0,0.0,,0.0
1785423566.155571,08:00:27:8a:0d:75,0,0,,,0,0.0,0,0.0,0.0,,0.0
1785423566.155571,08:00:27:9c:f0:f1,100,793671,0.040617535812686185,0.3158253359631419,0,0.0,0,0.0,0.0,,167.1238155401137
1785423566.155571,08:00:27:a5:9e:2d,0,0,,,0,0.0,0,0.0,0.0,,0.0
1785423571.155571,08:00:27:34:35:33,19,1465,0.11181683010525173,0.3155996095337717,1,0.2,0,0.0,0.05263157894736842,7.653236389160156e-05,0.005540951984719832
1785423571.155571,08:00:27:5a:87:bc,0,0,,,0,0.0,0,0.0,0.0,,0.0
1785423571.155571,08:00:27:8a:0d:75,0,0,,,0,0.0,0,0.0,0.0,,0.0
1785423571.155571,08:00:27:9c:f0:f1,30,264433,0.07017079715071053,0.22587235628743843,0,0.0,0,0.0,0.0,8.177757263183594e-05,175.93679308050565
1785423571.155571,08:00:27:a5:9e:2d,6,550,0.4666353702545166,0.3533942022670709,0,0.0,1,0.2,0.0,,1.1224489795918366
1785423576.155571,08:00:27:34:35:33,31,2289,0.13511122862497965,0.3443700750618966,0,0.0,1,0.2,0.0,0.00012103716532389323,0.008647819532964854
1785423576.155571,08:00:27:5a:87:bc,0,0,,,0,0.0,0,0.0,0.0,,0.0
1785423576.155571,08:00:27:8a:0d:75,13,3724,0.33980458974838257,0.4769530250020861,0,0.0,0,0.0,0.0,,2.941548183254344
1785423576.155571,08:00:27:9c:f0:f1,35,264827,0.12796247005462646,0.32963614761150173,0,0.0,0,0.0,0.0,6.756782531738281e-05,109.20701030927835
1785423576.155571,08:00:27:a5:9e:2d,24,2110,0.18058756123418393,0.25962143003950294,1,0.2,0,0.0,0.0,0.034592787424723305,0.46190893169877406
1785423581.155571,08:00:27:34:35:33,4,392,1.0188080469767253,0.00725883334933806,0,0.0,0,0.0,0.0,8.702278137207031e-05,1.0
1785423581.155571,08:00:27:5a:87:bc,0,0,,,0,0.0,0,0.0,0.0,,0.0
1785423581.155571,08:00:27:8a:0d:75,5,490,1.023204743862152,0.0005968821002298135,0,0.0,0,0.0,0.0,,1.0
1785423581.155571,08:00:27:9c:f0:f1,5,490,1.0145307779312134,0.007637477780861736,0,0.0,0,0.0,0.0,8.282661437988281e-05,1.0
1785423581.155571,08:00:27:a5:9e:2d,14,1372,0.3301263955923227,0.33417080233454916,0,0.0,0,0.0,0.0,0.00022249221801757814,1.0
1785423586.155571,08:00:27:34:35:33,7,686,0.6826860109965006,0.3176133735143682,0,0.0,0,0.0,0.0,8.015632629394531e-05,1.0
1785423586.155571,08:00:27:5a:87:bc,0,0,,,0,0.0,0,0.0,0.0,,0.0
1785423586.155571,08:00:27:8a:0d:75,7,1911,0.3417946894963582,0.47772320579767674,0,0.0,0,0.0,0.0,,2.802052785923754
1785423586.155571,08:00:27:9c:f0:f1,6,550,0.8448678016662597,0.34267311528955213,1,0.2,0,0.0,0.0,4.544258117675781e-05,1.0
1785423586.155571,08:00:27:a5:9e:2d,17,1526,0.2706470489501953,0.35883751856790447,0,0.0,1,0.2,0.0,0.00012099742889404297,0.553901996370236
1785423591.155571,08:00:27:34:35:33,9,882,0.5119193494319916,0.267200761424688,0,0.0,0,0.0,0.0,0.00016742944717407227,1.0
1785423591.155571,08:00:27:5a:87:bc,0,0,,,0,0.0,0,0.0,0.0,,0.0
1785423591.155571,08:00:27:8a:0d:75,0,0,,,0,0.0,0,0.0,0.0,,0.0
1785423591.155571,08:00:27:9c:f0:f1,5,490,1.0238427519798279,0.0005009388639620194,0,0.0,0,0.0,0.0,0.015146017074584961,1.0
1785423591.155571,08:00:27:a5:9e:2d,4,392,1.0237713654836018,0.00011314819840093558,0,0.0,0,0.0,0.0,,1.0
1785423596.155571,08:00:27:34:35:33,28,2129,0.15116892920600045,0.3621784210738842,0,0.0,0,0.0,0.0,0.00013077259063720703,0.008056246144997295
1785423596.155571,08:00:27:5a:87:bc,0,0,,,0,0.0,0,0.0,0.0,,0.0
1785423596.155571,08:00:27:8a:0d:75,0,0,,,0,0.0,0,0.0,0.0,,0.0
1785423596.155571,08:00:27:9c:f0:f1,23,263875,0.00014254179867831144,0.00019882499827722134,0,0.0,0,0.0,0.0,,151.91421991940126
1785423596.155571,08:00:27:a5:9e:2d,4,392,1.0240660508473713,9.202469871591015e-05,0,0.0,0,0.0,0.0,,1.0
1785423601.155571,08:00:27:34:35:33,0,0,,,0,0.0,0,0.0,0.0,,0.0
1785423601.155571,08:00:27:5a:87:bc,0,0,,,0,0.0,0,0.0,0.0,,0.0
1785423601.155571,08:00:27:8a:0d:75,6,1813,0.20565719604492189,0.40028423660369217,0,0.0,0,0.0,0.0,,3.1044520547945207
1785423601.155571,08:00:27:9c:f0:f1,0,0,,,0,0.0,0,0.0,0.0,,0.0
1785423601.155571,08:00:27:a5:9e:2d,7,584,0.17140869299570718,0.3733495777139533,0,0.0,0,0.0,0.0,9.5367431640625e-07,0.3221180364037507
1785423606.155571,08:00:27:34:35:33,2,196,1.0204048156738281,0.0,0,0.0,0,0.0,0.0,,1.0
1785423606.155571,08:00:27:5a:87:bc,0,0,,,0,0.0,0,0.0,0.0,,0.0
1785423606.155571,08:00:27:8a:0d:75,7,686,0.5592393080393473,0.18361727152610444,0,0.0,0,0.0,0.0,0.006553332010904948,1.0
1785423606.155571,08:00:27:9c:f0:f1,8,682,0.29295257159641813,0.45638314574182,0,0.0,0,0.0,0.0,0.0001125335693359375,0.3568812140240712
1785423606.155571,08:00:27:a5:9e:2d,12,2401,0.3171965642408891,0.32732744890541826,0,0.0,0,0.0,0.0,0.033501267433166504,2.0486348122866893
1785423611.155571,08:00:27:34:35:33,8,784,0.47683327538626535,0.2444311902858819,0,0.0,0,0.0,0.0,0.00023472309112548828,1.0
1785423611.155571,08:00:27:5a:87:bc,0,0,,,0,0.0,0,0.0,0.0,,0.0
1785423611.155571,08:00:27:8a:0d:75,3,294,1.0250284671783447,0.0002505779266357422,0,0.0,0,0.0,0.0,0.0001323223114013672,1.0
1785423611.155571,08:00:27:9c:f0:f1,5,452,0.7679769992828369,0.38914080861108086,0,0.0,1,0.2,0.0,0.00013267993927001953,1.0
1785423611.155571,08:00:27:a5:9e:2d,8,746,0.5599668366568429,0.31910729525274206,1,0.2,0,0.0,0.0,,1.0
1785423616.155571,08:00:27:34:35:33,9,825,0.5047535002231598,0.7004998945382181,1,0.2,0,0.0,0.0,0.00013359387715657553,0.8665966386554622
1785423616.155571,08:00:27:5a:87:bc,0,0,,,0,0.0,0,0.0,0.0,,0.0
1785423616.155571,08:00:27:8a:0d:75,0,0,,,0,0.0,0,0.0,0.0,,0.0
1785423616.155571,08:00:27:9c:f0:f1,6,696,0.20139918327331544,0.40181750441459385,0,0.0,0,0.0,0.0,,1.2231985940246046
1785423616.155571,08:00:27:a5:9e:2d,3,256,0.5275169610977173,0.49615800380706787,0,0.0,1,0.2,0.0,,1.0
1785423621.155571,08:00:27:34:35:33,5,490,1.02401202917099,0.000559330326389777,0,0.0,0,0.0,0.0,0.00016016960144042968,1.0
1785423621.155571,08:00:27:5a:87:bc,0,0,,,0,0.0,0,0.0,0.0,,0.0
1785423621.155571,08:00:27:8a:0d:75,0,0,,,0,0.0,0,0.0,0.0,,0.0
1785423621.155571,08:00:27:9c:f0:f1,5,490,1.02402925491333,0.00041146909443879606,0,0.0,0,0.0,0.0,,1.0
1785423621.155571,08:00:27:a5:9e:2d,0,0,,,0,0.0,0,0.0,0.0,,0.0
1785423626.155571,08:00:27:34:35:33,5,490,1.0241307616233826,0.00040365171559630063,0,0.0,0,0.0,0.0,0.00012974739074707032,1.0
1785423626.155571,08:00:27:5a:87:bc,0,0,,,0,0.0,0,0.0,0.0,,0.0
1785423626.155571,08:00:27:8a:0d:75,0,0,,,0,0.0,0,0.0,0.0,,0.0
1785423626.155571,08:00:27:9c:f0:f1,5,490,1.0241047739982605,0.00039284923080342446,0,0.0,0,0.0,0.0,,1.0
1785423626.155571,08:00:27:a5:9e:2d,0,0,,,0,0.0,0,0.0,0.0,,0.0
1785423631.155571,08:00:27:34:35:33,3,294,2.0164300203323364,0.9925581216812134,0,0.0,0,0.0,0.0,0.00010466575622558594,1.0
1785423631.155571,08:00:27:5a:87:bc,0,0,,,0,0.0,0,0.0,0.0,,0.0
1785423631.155571,08:00:27:8a:0d:75,0,0,,,0,0.0,0,0.0,0.0,,0.0
1785423631.155571,08:00:27:9c:f0:f1,3,294,2.0163880586624146,0.9925631284713745,0,0.0,0,0.0,0.0,,1.0
1785423631.155571,08:00:27:a5:9e:2d,0,0,,,0,0.0,0,0.0,0.0,,0.0
1785423636.155571,08:00:27:34:35:33,5,490,1.0239937901496887,0.00021684273806831463,0,0.0,0,0.0,0.0,0.0001349925994873047,1.0
1785423636.155571,08:00:27:5a:87:bc,0,0,,,0,0.0,0,0.0,0.0,,0.0
1785423636.155571,08:00:27:8a:0d:75,0,0,,,0,0.0,0,0.0,0.0,,0.0
1785423636.155571,08:00:27:9c:f0:f1,5,490,1.0239654779434204,0.00022006658011072317,0,0.0,0,0.0,0.0,,1.0
1785423636.155571,08:00:27:a5:9e:2d,0,0,,,0,0.0,0,0.0,0.0,,0.0
1785423641.155571,08:00:27:34:35:33,5,471,0.0006669759750366211,0.0005525437244282787,0,0.0,0,0.0,0.0,,0.7876254180602007
1785423641.155571,08:00:27:5a:87:bc,0,0,,,0,0.0,0,0.0,0.0,,0.0
1785423641.155571,08:00:27:8a:0d:75,0,0,,,0,0.0,0,0.0,0.0,,0.0
1785423641.155571,08:00:27:9c:f0:f1,5,598,0.0006434917449951172,0.0004935033937952428,0,0.0,0,0.0,0.0,,1.2696390658174097
1785423641.155571,08:00:27:a5:9e:2d,0,0,,,0,0.0,0,0.0,0.0,,0.0
1785423646.155571,08:00:27:34:35:33,40,2978,0.10314538539984287,0.4970796142475609,0,0.0,0,0.0,0.0,9.107589721679688e-05,0.005639660181120584
1785423646.155571,08:00:27:5a:87:bc,0,0,,,0,0.0,0,0.0,0.0,,0.0
1785423646.155571,08:00:27:8a:0d:75,8,2009,0.43919171605791363,0.5026327599077802,0,0.0,0,0.0,0.0,,2.575641025641026
1785423646.155571,08:00:27:9c:f0:f1,49,527948,0.02121385435263316,0.14453361324868594,0,0.0,0,0.0,0.0,,183.31527777777777
1785423646.155571,08:00:27:a5:9e:2d,10,878,0.3415879938337538,0.4365492411137688,0,0.0,0,0.0,0.0,0.00012071927388509114,0.4167062173706692
1785423651.155571,08:00:27:34:35:33,7,610,0.6986000140508016,0.44507649703611174,1,0.2,1,0.2,0.0,0.004481267929077148,1.0
1785423651.155571,08:00:27:5a:87:bc,0,0,,,0,0.0,0,0.0,0.0,,0.0
1785423651.155571,08:00:27:8a:0d:75,11,1002,0.4074902057647705,0.20344351881296693,1,0.2,1,0.2,0.0,9.717941284179688e-05,1.0
1785423651.155571,08:00:27:9c:f0:f1,6,486,0.005924606323242187,0.011579994020035385,0,0.0,0,0.0,0.0,,0.28338192419825076
1785423651.155571,08:00:27:a5:9e:2d,23,3327,0.207179687239907,0.17785755638567424,2,0.4,2,0.4,0.0,0.0001952648162841797,1.5857959961868446
1785423656.155571,08:00:27:34:35:33,5,490,1.0240552425384521,0.0001450388616595382,0,0.0,0,0.0,0.0,0.0001811981201171875,1.0
1785423656.155571,08:00:27:5a:87:bc,0,0,,,0,0.0,0,0.0,0.0,,0.0
1785423656.155571,08:00:27:8a:0d:75,10,980,0.5052553282843696,0.04887089171243541,0,0.0,0,0.0,0.0,0.0029726028442382812,1.0
1785423656.155571,08:00:27:9c:f0:f1,10,878,0.4565499888526069,0.5050834905532785,0,0.0,0,0.0,0.0,0.00011903047561645508,0.4167062173706692
1785423656.155571,08:00:27:a5:9e:2d,24,3577,0.21523696443308954,0.191595159522608,0,0.0,0,0.0,0.0,0.0015891551971435546,1.5234241908006814
1785423661.155571,08:00:27:34:35:33,4,392,1.023978630701701,0.004461924947031692,0,0.0,0,0.0,0.0,0.00011610984802246094,1.0
1785423661.155571,08:00:27:5a:87:bc,0,0,,,0,0.0,0,0.0,0.0,,0.0
1785423661.155571,08:00:27:8a:0d:75,15,2593,0.3270167963845389,0.45171859823559546,0,0.0,0,0.0,0.0,0.00010222196578979492,1.0
1785423661.155571,08:00:27:9c:f0:f1,5,490,1.0240013003349304,0.0005260255314489337,0,0.0,0,0.0,0.0,0.00251917839050293,1.0
1785423661.155571,08:00:27:a5:9e:2d,24,3475,0.19906012908272122,0.18746259812144944,0,0.0,0,0.0,0.0,,1.0
1785423666.155571,08:00:27:34:35:33,3,294,2.0139689445495605,0.9898149967193604,0,0.0,0,0.0,0.0,0.00012071927388509114,1.0
1785423666.155571,08:00:27:5a:87:bc,0,0,,,0,0.0,0,0.0,0.0,,0.0
1785423666.155571,08:00:27:8a:0d:75,5,490,1.0155837535858154,0.00878123067034275,0,0.0,0,0.0,0.0,9.46044921875e-05,1.0
1785423666.155571,08:00:27:9c:f0:f1,3,294,1.9231730699539185,0.8990238904953003,0,0.0,0,0.0,0.0,0.00011610984802246094,1.0
1785423666.155571,08:00:27:a5:9e:2d,7,686,0.7852111657460531,0.33616347518264267,0,0.0,0,0.0,0.0,,1.0
1785423671.155571,08:00:27:34:35:33,6,550,0.8184229850769043,0.38260678836457157,0,0.0,1,0.2,0.0,0.00017347335815429688,1.0
1785423671.155571,08:00:27:5a:87:bc,0,0,,,0,0.0,0,0.0,0.0,,0.0
1785423671.155571,08:00:27:8a:0d:75,5,490,1.0240142345428467,0.0022880643419685336,0,0.0,0,0.0,0.0,0.00013217926025390624,1.0
1785423671.155571,08:00:27:9c:f0:f1,6,550,0.8184041976928711,0.3827093581838164,1,0.2,0,0.0,0.0,,1.0
1785423671.155571,08:00:27:a5:9e:2d,5,490,1.0239952206611633,0.0024159577739093284,0,0.0,0,0.0,0.0,,1.0
1785423676.155571,08:00:27:34:35:33,31,2321,0.13597246805826824,0.3377186859852071,1,0.2,0,0.0,0.0,0.00011903047561645508,0.008772029282931014
1785423676.155571,08:00:27:5a:87:bc,0,0,,,0,0.0,0,0.0,0.0,,0.0
1785423676.155571,08:00:27:8a:0d:75,6,486,0.006153392791748047,0.011990819564951597,0,0.0,0,0.0,0.0,,0.28338192419825076
1785423676.155571,08:00:27:9c:f0:f1,32,264591,0.1315852903550671,0.333100708921059,0,0.0,1,0.2,0.0,,113.99870745368376
1785423676.155571,08:00:27:a5:9e:2d,5,1715,0.007674992084503174,0.01293839827613186,0,0.0,0,0.0,0.0,,3.52880658436214
1785423681.155571,08:00:27:34:35:33,25,1899,0.16923670967419943,0.4761391672863808,0,0.0,0,0.0,0.0,0.00018199284871419272,0.0071867844910780175
1785423681.155571,08:00:27:5a:87:bc,0,0,,,0,0.0,0,0.0,0.0,,0.0
1785423681.155571,08:00:27:8a:0d:75,0,0,,,0,0.0,0,0.0,0.0,,0.0
1785423681.155571,08:00:27:9c:f0:f1,24,263941,0.00014561155567998472,0.00020407698155188185,0,0.0,0,0.0,0.0,,164.44922118380063
1785423681.155571,08:00:27:a5:9e:2d,3,294,1.0265945196151733,0.0028895139694213867,0,0.0,0,0.0,0.0,,1.0
1785423686.155571,08:00:27:34:35:33,6,550,0.819941234588623,0.39413877773222794,1,0.2,0,0.0,0.0,0.00017199516296386718,1.0
1785423686.155571,08:00:27:5a:87:bc,0,0,,,0,0.0,0,0.0,0.0,,0.0
1785423686.155571,08:00:27:8a:0d:75,0,0,,,0,0.0,0,0.0,0.0,,0.0
1785423686.155571,08:00:27:9c:f0:f1,6,486,0.005773591995239258,0.011116283953552878,0,0.0,0,0.0,0.0,,0.28338192419825076
1785423686.155571,08:00:27:a5:9e:2d,11,2265,0.4099522829055786,0.4639912694063683,0,0.0,1,0.2,0.0,,2.186293436293436
1785423691.155571,08:00:27:34:35:33,5,490,1.0240445137023926,0.00023851362956307028,0,0.0,0,0.0,0.0,0.00010962486267089844,1.0
1785423691.155571,08:00:27:5a:87:bc,0,0,,,0,0.0,0,0.0,0.0,,0.0
1785423691.155571,08:00:27:8a:0d:75,0,0,,,0,0.0,0,0.0,0.0,,0.0
1785423691.155571,08:00:27:9c:f0:f1,5,452,0.7661790251731873,0.37627887754643796,1,0.2,0,0.0,0.0,0.00013273954391479492,1.0
1785423691.155571,08:00:27:a5:9e:2d,10,942,0.45513200759887695,0.28387935968614897,0,0.0,1,0.2,0.0,,1.0
1785423696.155571,08:00:27:34:35:33,6,569,0.6019744396209716,1.2030518637250396,0,0.0,0,0.0,0.0,0.00013208389282226562,0.8175287356321839
1785423696.155571,08:00:27:5a:87:bc,0,0,,,0,0.0,0,0.0,0.0,,0.0
1785423696.155571,08:00:27:8a:0d:75,9,2107,0.5125770270824432,0.5064528897332979,0,0.0,0,0.0,0.0,,2.3997722095671983
1785423696.155571,08:00:27:9c:f0:f1,5,598,0.00047600269317626953,0.00029998394187307615,0,0.0,0,0.0,0.0,,1.2696390658174097
1785423696.155571,08:00:27:a5:9e:2d,11,976,0.4100537061691284,0.4437434371862396,0,0.0,0,0.0,0.0,0.00021976232528686523,0.44263038548752837
1785423701.155571,08:00:27:34:35:33,4,392,1.0243629614512126,0.00030955151198067945,0,0.0,0,0.0,0.0,7.200241088867188e-05,1.0
1785423701.155571,08:00:27:5a:87:bc,0,0,,,0,0.0,0,0.0,0.0,,0.0
1785423701.155571,08:00:27:8a:0d:75,5,490,1.023899793624878,0.00038405385052547446,0,0.0,0,0.0,0.0,,1.0
1785423701.155571,08:00:27:9c:f0:f1,4,392,1.0244193077087402,0.00041395745775090587,0,0.0,0,0.0,0.0,,1.0
1785423701.155571,08:00:27:a5:9e:2d,5,490,1.0239027738571167,0.00046542257770887814,0,0.0,0,0.0,0.0,0.00011515617370605469,1.0
1785423706.155571,08:00:27:34:35:33,4,392,1.0253556569417317,0.0016153067864678708,0,0.0,0,0.0,0.0,0.00013697147369384766,1.0
1785423706.155571,08:00:27:5a:87:bc,0,0,,,0,0.0,0,0.0,0.0,,0.0
1785423706.155571,08:00:27:8a:0d:75,9,2107,0.5120105147361755,0.5039689691506071,0,0.0,0,0.0,0.0,,2.3997722095671983
1785423706.155571,08:00:27:9c:f0:f1,4,392,1.0253483454386394,0.0016558337941216534,0,0.0,0,0.0,0.0,,1.0
1785423706.155571,08:00:27:a5:9e:2d,10,878,0.45512543784247506,0.5016705556869498,0,0.0,0,0.0,0.0,0.00011670589447021484,0.4167062173706692
1785423711.155571,08:00:27:34:35:33,4,392,1.0236036777496338,0.00020351685123197553,0,0.0,0,0.0,0.0,0.00014322996139526367,1.0
1785423711.155571,08:00:27:5a:87:bc,0,0,,,0,0.0,0,0.0,0.0,,0.0
1785423711.155571,08:00:27:8a:0d:75,5,490,1.0241097211837769,0.00029337411002383867,0,0.0,0,0.0,0.0,,1.0
1785423711.155571,08:00:27:9c:f0:f1,0,0,,,0,0.0,0,0.0,0.0,,0.0
1785423711.155571,08:00:27:a5:9e:2d,9,882,0.5495199859142303,0.2654951877496929,0,0.0,0,0.0,0.0,0.00016541481018066405,1.0
1785423716.155571,08:00:27:34:35:33,6,512,0.6079214096069336,0.4547241813640948,1,0.2,1,0.2,0.0,0.00011295080184936523,1.0
1785423716.155571,08:00:27:5a:87:bc,0,0,,,0,0.0,0,0.0,0.0,,0.0
1785423716.155571,08:00:27:8a:0d:75,5,490,1.0159615278244019,0.008415331650431212,0,0.0,0,0.0,0.0,,1.0
1785423716.155571,08:00:27:9c:f0:f1,0,0,,,0,0.0,0,0.0,0.0,,0.0
1785423716.155571,08:00:27:a5:9e:2d,11,1002,0.4063955068588257,0.26550066696346525,1,0.2,1,0.2,0.0,0.00014657974243164061,1.0
1785423721.155571,08:00:27:34:35:33,5,490,1.0241102576255798,0.00020103722462586337,0,0.0,0,0.0,0.0,0.019336223602294922,1.0
1785423721.155571,08:00:27:5a:87:bc,0,0,,,0,0.0,0,0.0,0.0,,0.0
1785423721.155571,08:00:27:8a:0d:75,5,490,1.0240124464035034,0.00026348006527474206,0,0.0,0,0.0,0.0,,1.0
1785423721.155571,08:00:27:9c:f0:f1,1,98,,,0,0.0,0,0.0,0.0,0.00011682510375976562,1.0
1785423721.155571,08:00:27:a5:9e:2d,11,1078,0.48204360008239744,0.18541089833282207,0,0.0,0,0.0,0.0,0.0001041412353515625,1.0
1785423726.155571,08:00:27:34:35:33,70,10510,0.061132593431334564,0.2371216946437114,0,0.0,0,0.0,0.0,0.0001236597696940104,0.007932123363763706
1785423726.155571,08:00:27:5a:87:bc,0,0,,,0,0.0,0,0.0,0.0,,0.0
1785423726.155571,08:00:27:8a:0d:75,5,490,1.023989975452423,0.00016427302868835648,0,0.0,0,0.0,0.0,,1.0
1785423726.155571,08:00:27:9c:f0:f1,114,1325248,0.03685141664690676,0.17029441510119725,1,0.2,0,0.0,0.0,3.6764144897460935e-05,123.09567155861043
1785423726.155571,08:00:27:a5:9e:2d,14,1334,0.3707999266110934,0.13476618894645329,0,0.0,1,0.2,0.0,0.00011363029479980469,1.0
1785423731.155571,08:00:27:34:35:33,4,392,1.0194963614145915,0.006673989736784636,0,0.0,0,0.0,0.0,0.00013124942779541016,1.0
1785423731.155571,08:00:27:5a:87:bc,0,0,,,0,0.0,0,0.0,0.0,,0.0
1785423731.155571,08:00:27:8a:0d:75,6,1813,0.20856900215148927,0.4009754031596987,0,0.0,0,0.0,0.0,,3.1044520547945207
1785423731.155571,08:00:27:9c:f0:f1,9,882,0.5079303979873657,0.3262318336922676,0,0.0,0,0.0,0.0,0.0006775379180908204,1.0
1785423731.155571,08:00:27:a5:9e:2d,12,1074,0.3691327355124734,0.3801033265426292,0,0.0,0,0.0,0.0,0.00010395050048828125,0.46634824142422926
1785423736.155571,08:00:27:34:35:33,28,2225,0.15725470472265174,0.3269826831870528,0,0.0,0,0.0,0.0,0.002982795238494873,0.008395497749251952
1785423736.155571,08:00:27:5a:87:bc,0,0,,,0,0.0,0,0.0,0.0,,0.0
1785423736.155571,08:00:27:8a:0d:75,0,0,,,0,0.0,0,0.0,0.0,,0.0
1785423736.155571,08:00:27:9c:f0:f1,38,265083,0.11474675745577426,0.2833558535204921,0,0.0,1,0.2,0.0,0.00012922286987304688,116.01006564551422
1785423736.155571,08:00:27:a5:9e:2d,5,452,0.9732905030250549,0.6273645980760678,1,0.2,0,0.0,0.0,,1.0
1785423741.155571,08:00:27:34:35:33,10,980,0.47181357277764213,0.3496620131186609,0,0.0,0,0.0,0.0,0.00012879371643066407,1.0
1785423741.155571,08:00:27:5a:87:bc,0,0,,,0,0.0,0,0.0,0.0,,0.0
1785423741.155571,08:00:27:8a:0d:75,0,0,,,0,0.0,0,0.0,0.0,,0.0
1785423741.155571,08:00:27:9c:f0:f1,5,490,1.0158987045288086,0.008596536435025452,0,0.0,0,0.0,0.0,0.00013747215270996094,1.0
1785423741.155571,08:00:27:a5:9e:2d,5,490,1.0239357948303223,0.00020296725013004422,0,0.0,0,0.0,0.0,,1.0
1785423746.155571,08:00:27:34:35:33,9,844,0.5120424926280975,0.3809936319556724,1,0.2,0,0.0,0.0,9.002685546875e-05,1.0
1785423746.155571,08:00:27:5a:87:bc,0,0,,,0,0.0,0,0.0,0.0,,0.0
1785423746.155571,08:00:27:8a:0d:75,0,0,,,0,0.0,0,0.0,0.0,,0.0
1785423746.155571,08:00:27:9c:f0:f1,3,294,1.0240294933319092,6.532669067382812e-05,0,0.0,0,0.0,0.0,0.00012763341267903647,1.0
1785423746.155571,08:00:27:a5:9e:2d,6,550,0.8192710399627685,0.3634853414478303,0,0.0,1,0.2,0.0,,1.0
1785423751.155571,08:00:27:34:35:33,4,392,1.024407943089803,0.00044419735264667344,0,0.0,0,0.0,0.0,0.00020325183868408203,1.0
1785423751.155571,08:00:27:5a:87:bc,0,0,,,0,0.0,0,0.0,0.0,,0.0
1785423751.155571,08:00:27:8a:0d:75,0,0,,,0,0.0,0,0.0,0.0,,0.0
1785423751.155571,08:00:27:9c:f0:f1,6,486,0.004895591735839843,0.009455936569097427,0,0.0,0,0.0,0.0,,0.28338192419825076
1785423751.155571,08:00:27:a5:9e:2d,9,2107,0.38415148854255676,0.47953880856008185,0,0.0,0,0.0,0.0,,2.3997722095671983
1785423756.155571,08:00:27:34:35:33,5,490,1.0185059905052185,0.009622456964661812,0,0.0,0,0.0,0.0,0.0001537799835205078,1.0
1785423756.155571,08:00:27:5a:87:bc,0,0,,,0,0.0,0,0.0,0.0,,0.0
1785423756.155571,08:00:27:8a:0d:75,0,0,,,0,0.0,0,0.0,0.0,,0.0
1785423756.155571,08:00:27:9c:f0:f1,3,294,1.0254865884780884,0.0014175176620483398,0,0.0,0,0.0,0.0,0.00011928876241048177,1.0
1785423756.155571,08:00:27:a5:9e:2d,8,784,0.585191147668021,0.4885965972988156,0,0.0,0,0.0,0.0,,1.0
1785423761.155571,08:00:27:34:35:33,4,392,1.024086316426595,2.2975217505223345e-05,0,0.0,0,0.0,0.0,0.00019466876983642578,1.0
1785423761.155571,08:00:27:5a:87:bc,0,0,,,0,0.0,0,0.0,0.0,,0.0
1785423761.155571,08:00:27:8a:0d:75,0,0,,,0,0.0,0,0.0,0.0,,0.0
1785423761.155571,08:00:27:9c:f0:f1,4,392,1.0239773591359456,0.00011333910929297207,0,0.0,0,0.0,0.0,0.0026487112045288086,1.0
1785423761.155571,08:00:27:a5:9e:2d,8,784,0.4420407158987863,0.4820380414281755,0,0.0,0,0.0,0.0,,1.0
1785423766.155571,08:00:27:34:35:33,9,825,0.2673857510089874,0.4213852275877609,0,0.0,1,0.2,0.0,,0.8665966386554622
1785423766.155571,08:00:27:5a:87:bc,0,0,,,0,0.0,0,0.0,0.0,,0.0
1785423766.155571,08:00:27:8a:0d:75,0,0,,,0,0.0,0,0.0,0.0,,0.0
1785423766.155571,08:00:27:9c:f0:f1,15,1476,0.29279686723436626,0.44759558867190985,0,0.0,0,0.0,0.0,2.950429916381836e-05,0.5725368502715283
1785423766.155571,08:00:27:a5:9e:2d,7,1873,0.35156063238779706,0.48931422914267664,1,0.2,0,0.0,0.0,,2.908385093167702
1785423771.155571,08:00:27:34:35:33,8,765,0.5759458541870117,0.9933892625733222,0,0.0,0,0.0,0.0,0.00011801719665527344,0.8576233183856502
1785423771.155571,08:00:27:5a:87:bc,0,0,,,0,0.0,0,0.0,0.0,,0.0
1785423771.155571,08:00:27:8a:0d:75,0,0,,,0,0.0,0,0.0,0.0,,0.0
1785423771.155571,08:00:27:9c:f0:f1,6,696,0.03000640869140625,0.05909187160668178,0,0.0,0,0.0,0.0,0.00011491775512695312,1.2231985940246046
1785423771.155571,08:00:27:a5:9e:2d,2,196,1.0254080295562744,0.0,0,0.0,0,0.0,0.0,,1.0
1785423776.155571,08:00:27:34:35:33,6,550,0.8191215991973877,0.36344002993730085,1,0.2,0,0.0,0.0,0.00011920928955078125,1.0
1785423776.155571,08:00:27:5a:87:bc,0,0,,,0,0.0,0,0.0,0.0,,0.0
1785423776.155571,08:00:27:8a:0d:75,4,392,1.017726977666219,0.010376225142909075,0,0.0,0,0.0,0.0,7.557868957519531e-05,1.0
1785423776.155571,08:00:27:9c:f0:f1,0,0,,,0,0.0,0,0.0,0.0,,0.0
1785423776.155571,08:00:27:a5:9e:2d,10,942,0.45507099893358016,0.46557790355149525,0,0.0,1,0.2,0.0,,1.0
1785423781.155571,08:00:27:34:35:33,0,0,,,0,0.0,0,0.0,0.0,,0.0
1785423781.155571,08:00:27:5a:87:bc,0,0,,,0,0.0,0,0.0,0.0,,0.0
1785423781.155571,08:00:27:8a:0d:75,7,610,0.6871939897537231,0.4336472648816585,1,0.2,1,0.2,0.0,0.00011725425720214844,1.0
1785423781.155571,08:00:27:9c:f0:f1,0,0,,,0,0.0,0,0.0,0.0,,0.0
1785423781.155571,08:00:27:a5:9e:2d,7,610,0.6872106790542603,0.43371927805425864,1,0.2,1,0.2,0.0,,1.0
1785423786.155571,08:00:27:34:35:33,2,196,1.0104079246520996,0.0,0,0.0,0,0.0,0.0,,1.0
1785423786.155571,08:00:27:5a:87:bc,0,0,,,0,0.0,0,0.0,0.0,,0.0
1785423786.155571,08:00:27:8a:0d:75,5,490,1.0250577330589294,0.0003045692775651879,0,0.0,0,0.0,0.0,0.05432486534118652,1.0
1785423786.155571,08:00:27:9c:f0:f1,2,196,1.0103659629821777,0.0,0,0.0,0,0.0,0.0,0.00010204315185546875,1.0
1785423786.155571,08:00:27:a5:9e:2d,5,490,1.0250232219696045,0.19202232521352028,0,0.0,0,0.0,0.0,,1.0
1785423791.155571,08:00:27:34:35:33,5,490,0.9945700168609619,0.03978608040969862,0,0.0,0,0.0,0.0,6.302197774251302e-05,1.0
1785423791.155571,08:00:27:5a:87:bc,0,0,,,0,0.0,0,0.0,0.0,,0.0
1785423791.155571,08:00:27:8a:0d:75,17,1462,0.26952336728572845,0.38226298353398075,0,0.0,0,0.0,0.0,0.00010363260904947917,0.37295918367346936
1785423791.155571,08:00:27:9c:f0:f1,8,682,0.2945645536695208,0.456872610826546,0,0.0,0,0.0,0.0,9.799003601074219e-05,0.3568812140240712
1785423791.155571,08:00:27:a5:9e:2d,23,5929,0.19601622494784268,0.2846313710533362,0,0.0,0,0.0,0.0,0.00790858268737793,2.6445138269402317
1785423796.155571,08:00:27:34:35:33,6,550,0.8192307949066162,0.3688992442188432,0,0.0,1,0.2,0.0,0.00012540817260742188,1.0
1785423796.155571,08:00:27:5a:87:bc,0,0,,,0,0.0,0,0.0,0.0,,0.0
1785423796.155571,08:00:27:8a:0d:75,10,980,0.5254925621880425,0.1252283969582841,0,0.0,0,0.0,0.0,0.00014181137084960936,1.0
1785423796.155571,08:00:27:9c:f0:f1,2,120,0.03397989273071289,0.0,1,0.2,1,0.2,0.0,,1.0
1785423796.155571,08:00:27:a5:9e:2d,18,1650,0.27820899907280416,0.16004128064614362,2,0.4,1,0.2,0.0,0.00011615753173828125,1.0
1785423801.155571,08:00:27:34:35:33,4,354,1.3440120220184326,1.2376324435412014,1,0.2,0,0.0,0.0,0.00017023086547851562,1.0
1785423801.155571,08:00:27:5a:87:bc,0,0,,,0,0.0,0,0.0,0.0,,0.0
1785423801.155571,08:00:27:8a:0d:75,10,980,0.5256831116146512,0.1353374887587678,0,0.0,0,0.0,0.0,8.454322814941407e-05,1.0
1785423801.155571,08:00:27:9c:f0:f1,7,686,0.6805656353632609,0.47726840794941,0,0.0,0,0.0,0.0,0.00016274452209472657,1.0
1785423801.155571,08:00:27:a5:9e:2d,17,1628,0.2957131117582321,0.18785103746820075,0,0.0,1,0.2,0.0,0.00011057853698730469,1.0
1785423806.155571,08:00:27:34:35:33,6,569,0.40217223167419436,0.8034674757363197,0,0.0,0,0.0,0.0,9.703636169433594e-05,0.8175287356321839
1785423806.155571,08:00:27:5a:87:bc,0,0,,,0,0.0,0,0.0,0.0,,0.0
1785423806.155571,08:00:27:8a:0d:75,11,976,0.4098713159561157,0.4519311441336432,0,0.0,0,0.0,0.0,,0.44263038548752837
1785423806.155571,08:00:27:9c:f0:f1,9,990,0.25644975900650024,0.43212155344778874,0,0.0,0,0.0,0.0,9.473164876302083e-05,1.1471610660486675
1785423806.155571,08:00:27:a5:9e:2d,13,2499,0.3415507475535075,0.3760243881805903,0,0.0,0,0.0,0.0,0.0001289844512939453,1.9677165354330708
1785423811.155571,08:00:27:34:35:33,5,490,1.0261384844779968,0.004382354606918743,0,0.0,0,0.0,0.0,0.00016326904296875,1.0
1785423811.155571,08:00:27:5a:87:bc,0,0,,,0,0.0,0,0.0,0.0,,0.0
1785423811.155571,08:00:27:8a:0d:75,5,490,1.0239337086677551,0.0002665695310359386,0,0.0,0,0.0,0.0,,1.0
1785423811.155571,08:00:27:9c:f0:f1,0,0,,,0,0.0,0,0.0,0.0,,0.0
1785423811.155571,08:00:27:a5:9e:2d,10,980,0.4600464502970378,0.46601426504968635,0,0.0,0,0.0,0.0,0.00011677742004394532,1.0
1785423816.155571,08:00:27:34:35:33,6,550,0.819982385635376,0.40210964009591244,0,0.0,1,0.2,0.0,0.00010175704956054688,1.0
1785423816.155571,08:00:27:5a:87:bc,0,0,,,0,0.0,0,0.0,0.0,,0.0
1785423816.155571,08:00:27:8a:0d:75,6,1813,0.20878477096557618,0.40219379182544157,0,0.0,0,0.0,0.0,,3.1044520547945207
1785423816.155571,08:00:27:9c:f0:f1,0,0,,,0,0.0,0,0.0,0.0,,0.0
1785423816.155571,08:00:27:a5:9e:2d,13,1134,0.34533341725667316,0.4676591615217856,1,0.2,0,0.0,0.0,8.320808410644531e-05,0.4798984341938214
1785423821.155571,08:00:27:34:35:33,5,490,1.023998737335205,0.002710340210326819,0,0.0,0,0.0,0.0,0.00011014938354492188,1.0
1785423821.155571,08:00:27:5a:87:bc,0,0,,,0,0.0,0,0.0,0.0,,0.0
1785423821.155571,08:00:27:8a:0d:75,0,0,,,0,0.0,0,0.0,0.0,,0.0
1785423821.155571,08:00:27:9c:f0:f1,6,486,0.0030112266540527344,0.005764643813813355,0,0.0,0,0.0,0.0,,0.28338192419825076
1785423821.155571,08:00:27:a5:9e:2d,10,2205,0.4551140202416314,0.4669613475021258,0,0.0,0,0.0,0.0,,2.25922131147541
1785423826.155571,08:00:27:34:35:33,42,3072,0.07837424627164515,0.3565344644618536,1,0.2,0,0.0,0.0,,0.005808654744301959
1785423826.155571,08:00:27:5a:87:bc,0,0,,,0,0.0,0,0.0,0.0,,0.0
1785423826.155571,08:00:27:8a:0d:75,0,0,,,0,0.0,0,0.0,0.0,,0.0
1785423826.155571,08:00:27:9c:f0:f1,63,528866,0.03245677486542733,0.22662897233522508,0,0.0,1,0.2,0.0,,172.15690104166666
1785423826.155571,08:00:27:a5:9e:2d,2,120,1.4200689792633057,0.0,1,0.2,1,0.2,0.0,,1.0
1785423831.155571,08:00:27:34:35:33,5,490,1.0207655429840088,0.005600952460651617,0,0.0,0,0.0,0.0,0.000182342529296875,1.0
1785423831.155571,08:00:27:5a:87:bc,0,0,,,0,0.0,0,0.0,0.0,,0.0
1785423831.155571,08:00:27:8a:0d:75,0,0,,,0,0.0,0,0.0,0.0,,0.0
1785423831.155571,08:00:27:9c:f0:f1,0,0,,,0,0.0,0,0.0,0.0,,0.0
1785423831.155571,08:00:27:a5:9e:2d,5,490,1.0207752585411072,0.005651669456772357,0,0.0,0,0.0,0.0,,1.0
1785423836.155571,08:00:27:34:35:33,4,392,1.024118979771932,0.00039071174371325333,0,0.0,0,0.0,0.0,5.2988529205322266e-05,1.0
1785423836.155571,08:00:27:5a:87:bc,0,0,,,0,0.0,0,0.0,0.0,,0.0
1785423836.155571,08:00:27:8a:0d:75,0,0,,,0,0.0,0,0.0,0.0,,0.0
1785423836.155571,08:00:27:9c:f0:f1,0,0,,,0,0.0,0,0.0,0.0,,0.0
1785423836.155571,08:00:27:a5:9e:2d,4,392,1.024116039276123,0.0003949381993478733,0,0.0,0,0.0,0.0,,1.0
1785423841.155571,08:00:27:34:35:33,6,550,0.8190311908721923,0.354302178092503,0,0.0,1,0.2,0.0,0.00011639595031738281,1.0
1785423841.155571,08:00:27:5a:87:bc,0,0,,,0,0.0,0,0.0,0.0,,0.0
1785423841.155571,08:00:27:8a:0d:75,0,0,,,0,0.0,0,0.0,0.0,,0.0
1785423841.155571,08:00:27:9c:f0:f1,4,392,1.0169154008229573,0.010878115602500248,0,0.0,0,0.0,0.0,0.00016927719116210938,1.0
1785423841.155571,08:00:27:a5:9e:2d,10,942,0.5098088847266303,0.22059809032064778,1,0.2,0,0.0,0.0,,1.0
1785423846.155571,08:00:27:34:35:33,23,1767,0.18460777672854337,0.49483362751161053,0,0.0,0,0.0,0.0,0.00020400683085123697,0.006683890198095829
1785423846.155571,08:00:27:5a:87:bc,0,0,,,0,0.0,0,0.0,0.0,,0.0
1785423846.155571,08:00:27:8a:0d:75,3,294,1.0206915140151978,0.004216551780700684,0,0.0,0,0.0,0.0,0.00017229715983072916,1.0
1785423846.155571,08:00:27:9c:f0:f1,27,264171,0.13722519691173846,0.6853806308792602,0,0.0,0,0.0,0.0,1.1920928955078125e-06,168.1546785486951
1785423846.155571,08:00:27:a5:9e:2d,7,686,0.6618833541870117,0.313275882695565,0,0.0,0,0.0,0.0,,1.0
1785423851.155571,08:00:27:34:35:33,9,844,0.5650046467781067,0.19620826493606305,1,0.2,0,0.0,0.0,0.00010577837626139323,1.0
1785423851.155571,08:00:27:5a:87:bc,0,0,,,0,0.0,0,0.0,0.0,,0.0
1785423851.155571,08:00:27:8a:0d:75,16,1326,0.2733657995859782,0.4448697613027568,0,0.0,1,0.2,0.0,0.0005373954772949219,0.35042283298097254
1785423851.155571,08:00:27:9c:f0:f1,10,904,0.5021974510616727,0.21920945130796932,0,0.0,2,0.4,0.0,0.00015702247619628907,1.0
1785423851.155571,08:00:27:a5:9e:2d,15,3844,0.2929853541510446,0.4216646253323151,2,0.4,0,0.0,0.0,,2.7734487734487736
1785423856.155571,08:00:27:34:35:33,10,980,0.5110954443613688,0.01202639529846707,0,0.0,0,0.0,0.0,5.059242248535156e-05,1.0
1785423856.155571,08:00:27:5a:87:bc,0,0,,,0,0.0,0,0.0,0.0,,0.0
1785423856.155571,08:00:27:8a:0d:75,5,490,1.0250604748725891,0.0026501809241801177,0,0.0,0,0.0,0.0,0.00014719963073730468,1.0
1785423856.155571,08:00:27:9c:f0:f1,10,980,0.5110710197024875,0.012187260075417875,0,0.0,0,0.0,0.0,0.0001194000244140625,1.0
1785423856.155571,08:00:27:a5:9e:2d,5,490,1.0250765085220337,0.002739200873522943,0,0.0,0,0.0,0.0,,1.0
1785423861.155571,08:00:27:34:35:33,10,980,0.5074720117780898,0.014035113344319646,0,0.0,0,0.0,0.0,0.00014119148254394532,1.0
1785423861.155571,08:00:27:5a:87:bc,0,0,,,0,0.0,0,0.0,0.0,,0.0
1785423861.155571,08:00:27:8a:0d:75,0,0,,,0,0.0,0,0.0,0.0,,0.0
1785423861.155571,08:00:27:9c:f0:f1,10,980,0.5074340237511529,0.014285109363277199,0,0.0,0,0.0,0.0,0.00012602806091308594,1.0
1785423861.155571,08:00:27:a5:9e:2d,0,0,,,0,0.0,0,0.0,0.0,,0.0
1785423866.155571,08:00:27:34:35:33,21,1795,0.20410856008529663,0.250029965902096,0,0.0,0,0.0,0.0,0.00010532140731811523,0.006784004111975751
1785423866.155571,08:00:27:5a:87:bc,0,0,,,0,0.0,0,0.0,0.0,,0.0
1785423866.155571,08:00:27:8a:0d:75,0,0,,,0,0.0,0,0.0,0.0,,0.0
1785423866.155571,08:00:27:9c:f0:f1,30,264593,0.1407628552667026,0.22810872777472224,0,0.0,0,0.0,0.0,0.00011831521987915039,147.40557103064066
1785423866.155571,08:00:27:a5:9e:2d,0,0,,,0,0.0,0,0.0,0.0,,0.0
1785423871.155571,08:00:27:34:35:33,9,882,0.5723346173763275,0.17151300952597087,0,0.0,0,0.0,0.0,0.035385191440582275,1.0
1785423871.155571,08:00:27:5a:87:bc,0,0,,,0,0.0,0,0.0,0.0,,0.0
1785423871.155571,08:00:27:8a:0d:75,0,0,,,0,0.0,0,0.0,0.0,,0.0
1785423871.155571,08:00:27:9c:f0:f1,9,882,0.5723735988140106,0.18148341681730984,0,0.0,0,0.0,0.0,9.918212890625e-05,1.0
1785423871.155571,08:00:27:a5:9e:2d,0,0,,,0,0.0,0,0.0,0.0,,0.0
1785423876.155571,08:00:27:34:35:33,12,1138,0.407408822666515,0.8783054916414161,0,0.0,0,0.0,0.0,,0.8175287356321839
1785423876.155571,08:00:27:5a:87:bc,0,0,,,0,0.0,0,0.0,0.0,,0.0
1785423876.155571,08:00:27:8a:0d:75,0,0,,,0,0.0,0,0.0,0.0,,0.0
1785423876.155571,08:00:27:9c:f0:f1,12,1392,0.40746027773076837,0.8782686217458275,0,0.0,0,0.0,0.0,0.0001709461212158203,1.2231985940246046
1785423876.155571,08:00:27:a5:9e:2d,0,0,,,0,0.0,0,0.0,0.0,,0.0
1785423881.155571,08:00:27:34:35:33,4,392,1.0179800192515056,0.008360485078503774,0,0.0,0,0.0,0.0,0.0016816258430480957,1.0
1785423881.155571,08:00:27:5a:87:bc,0,0,,,0,0.0,0,0.0,0.0,,0.0
1785423881.155571,08:00:27:8a:0d:75,0,0,,,0,0.0,0,0.0,0.0,,0.0
1785423881.155571,08:00:27:9c:f0:f1,4,392,1.0159536997477214,0.011114121772826302,0,0.0,0,0.0,0.0,,1.0
1785423881.155571,08:00:27:a5:9e:2d,0,0,,,0,0.0,0,0.0,0.0,,0.0
1785423886.155571,08:00:27:34:35:33,5,490,1.0240127444267273,0.0030702614402422484,0,0.0,0,0.0,0.0,0.00013127326965332032,1.0
1785423886.155571,08:00:27:5a:87:bc,0,0,,,0,0.0,0,0.0,0.0,,0.0
1785423886.155571,08:00:27:8a:0d:75,0,0,,,0,0.0,0,0.0,0.0,,0.0
1785423886.155571,08:00:27:9c:f0:f1,5,490,1.0240184664726257,0.003070763481020456,0,0.0,0,0.0,0.0,,1.0
1785423886.155571,08:00:27:a5:9e:2d,0,0,,,0,0.0,0,0.0,0.0,,0.0
1785423891.155571,08:00:27:34:35:33,69,10001,0.06157867698108449,0.3806543309028652,0,0.0,0,0.0,0.0,,0.012560914343129868
1785423891.155571,08:00:27:5a:87:bc,0,0,,,0,0.0,0,0.0,0.0,,0.0
1785423891.155571,08:00:27:8a:0d:75,0,0,,,0,0.0,0,0.0,0.0,,0.0
1785423891.155571,08:00:27:9c:f0:f1,85,796200,0.04984536908921741,0.3433359676262551,0,0.0,0,0.0,0.0,,79.61203879612039
1785423891.155571,08:00:27:a5:9e:2d,0,0,,,0,0.0,0,0.0,0.0,,0.0
1785423896.155571,08:00:27:34:35:33,112,13670,0.03758300961674871,0.23072881287620556,0,0.0,0,0.0,0.0,9.5367431640625e-07,0.007368986217246554
1785423896.155571,08:00:27:5a:87:bc,0,0,,,0,0.0,0,0.0,0.0,,0.0
1785423896.155571,08:00:27:8a:0d:75,0,0,,,0,0.0,0,0.0,0.0,,0.0
1785423896.155571,08:00:27:9c:f0:f1,155,1855072,0.027088084778228362,0.19663922755186855,0,0.0,0,0.0,0.0,,135.70387710314557
1785423896.155571,08:00:27:a5:9e:2d,0,0,,,0,0.0,0,0.0,0.0,,0.0
1785423901.155571,08:00:27:34:35:33,5,490,1.02403724193573,0.0003694377432357324,0,0.0,0,0.0,0.0,9.140968322753906e-05,1.0
1785423901.155571,08:00:27:5a:87:bc,0,0,,,0,0.0,0,0.0,0.0,,0.0
1785423901.155571,08:00:27:8a:0d:75,5,490,1.0226655006408691,0.002342124828474896,0,0.0,0,0.0,0.0,,1.0
1785423901.155571,08:00:27:9c:f0:f1,5,490,1.0240314602851868,0.00037090300939725057,0,0.0,0,0.0,0.0,,1.0
1785423901.155571,08:00:27:a5:9e:2d,5,490,1.0226494669914246,0.002380532507822208,0,0.0,0,0.0,0.0,9.46044921875e-05,1.0
1785423906.155571,08:00:27:34:35:33,7,667,0.6724315087000529,1.1095050501147057,0,0.0,0,0.0,0.0,0.0064334869384765625,0.8400503778337531
1785423906.155571,08:00:27:5a:87:bc,0,0,,,0,0.0,0,0.0,0.0,,0.0
1785423906.155571,08:00:27:8a:0d:75,7,610,0.6939160029093424,0.46677444853395994,1,0.2,1,0.2,0.0,,1.0
1785423906.155571,08:00:27:9c:f0:f1,7,794,0.6703448295593262,1.1088367465715099,0,0.0,0,0.0,0.0,,1.1904047976011993
1785423906.155571,08:00:27:a5:9e:2d,7,610,0.6938583453496298,0.4668171713251393,1,0.2,1,0.2,0.0,0.0001331329345703125,1.0
1785423911.155571,08:00:27:34:35:33,17,1371,0.12823137640953064,0.31423396901065426,0,0.0,0,0.0,0.0,,0.005188563210778285
1785423911.155571,08:00:27:5a:87:bc,0,0,,,0,0.0,0,0.0,0.0,,0.0
1785423911.155571,08:00:27:8a:0d:75,5,490,1.024058997631073,0.0003183313215891932,0,0.0,0,0.0,0.0,,1.0
1785423911.155571,08:00:27:9c:f0:f1,27,264235,0.0789108551465548,0.2542484394872473,0,0.0,0,0.0,0.0,9.624163309733073e-05,192.7315827862874
1785423911.155571,08:00:27:a5:9e:2d,5,490,1.024054765701294,0.00018519384705427668,0,0.0,0,0.0,0.0,0.00015096664428710939,1.0
1785423916.155571,08:00:27:34:35:33,85,11383,0.05046953473772321,0.34264608555692083,0,0.0,0,0.0,0.0,0.00010001659393310547,0.010724120745516229
1785423916.155571,08:00:27:5a:87:bc,0,0,,,0,0.0,0,0.0,0.0,,0.0
1785423916.155571,08:00:27:8a:0d:75,5,490,1.0204269886016846,0.006435217950605623,0,0.0,0,0.0,0.0,,1.0
1785423916.155571,08:00:27:9c:f0:f1,91,1061243,0.002416290177239312,0.010593097784396852,0,0.0,0,0.0,0.0,0.00018715858459472656,94.86394922678109
1785423916.155571,08:00:27:a5:9e:2d,7,686,0.6803006728490194,0.2411300451448466,0,0.0,0,0.0,0.0,0.0001155853271484375,1.0
1785423921.155571,08:00:27:34:35:33,7,610,0.6826395193735758,0.4348122607544665,1,0.2,1,0.2,0.0,0.00014562606811523436,1.0
1785423921.155571,08:00:27:5a:87:bc,0,0,,,0,0.0,0,0.0,0.0,,0.0
1785423921.155571,08:00:27:8a:0d:75,4,392,1.0252503554026287,0.0016274500681713083,0,0.0,0,0.0,0.0,,1.0
1785423921.155571,08:00:27:9c:f0:f1,0,0,,,0,0.0,0,0.0,0.0,,0.0
1785423921.155571,08:00:27:a5:9e:2d,11,1002,0.4095954895019531,0.1780985899865008,1,0.2,1,0.2,0.0,0.00010901689529418945,1.0
1785423926.155571,08:00:27:34:35:33,8,784,0.585129874093192,0.19878520164844177,0,0.0,0,0.0,0.0,0.00014142990112304689,1.0
1785423926.155571,08:00:27:5a:87:bc,0,0,,,0,0.0,0,0.0,0.0,,0.0
1785423926.155571,08:00:27:8a:0d:75,11,976,0.40961859226226804,0.4520039633999084,0,0.0,0,0.0,0.0,,0.44263038548752837
1785423926.155571,08:00:27:9c:f0:f1,3,294,1.0146729946136475,0.010102033615112305,0,0.0,0,0.0,0.0,0.00011531511942545573,1.0
1785423926.155571,08:00:27:a5:9e:2d,15,2695,0.3322842802320208,0.22523690583176947,0,0.0,0,0.0,0.0,0.00015816688537597656,1.8383356070941337
1785423931.155571,08:00:27:34:35:33,10,980,0.5017344421810574,0.0872162126614334,0,0.0,0,0.0,0.0,0.000164031982421875,1.0
1785423931.155571,08:00:27:5a:87:bc,0,0,,,0,0.0,0,0.0,0.0,,0.0
1785423931.155571,08:00:27:8a:0d:75,5,490,1.0159557461738586,0.008026694103248903,0,0.0,0,0.0,0.0,,1.0
1785423931.155571,08:00:27:9c:f0:f1,5,490,1.0234645009040833,0.0018313162569556945,0,0.0,0,0.0,0.0,0.00011601448059082032,1.0
1785423931.155571,08:00:27:a5:9e:2d,10,980,0.5168517960442437,0.06580382308169169,0,0.0,0,0.0,0.0,0.00011615753173828125,1.0
1785423936.155571,08:00:27:34:35:33,13,1223,0.3391333222389221,0.3225228198395546,0,0.0,0,0.0,0.0,0.00014591217041015625,0.9059259259259259
1785423936.155571,08:00:27:5a:87:bc,0,0,,,0,0.0,0,0.0,0.0,,0.0
1785423936.155571,08:00:27:8a:0d:75,5,490,1.0219690203666687,0.003573907468894241,0,0.0,0,0.0,0.0,,1.0
1785423936.155571,08:00:27:9c:f0:f1,11,1154,0.4069750070571899,0.44409775918714056,0,0.0,0,0.0,0.0,0.00011897087097167969,1.1236611489776047
1785423936.155571,08:00:27:a5:9e:2d,7,686,0.6826469898223877,0.24926290525341732,0,0.0,0,0.0,0.0,0.001729440689086914,1.0
1785423941.155571,08:00:27:34:35:33,8,784,0.5860410077231271,0.2329417966211739,0,0.0,0,0.0,0.0,0.00015163421630859375,1.0
1785423941.155571,08:00:27:5a:87:bc,0,0,,,0,0.0,0,0.0,0.0,,0.0
1785423941.155571,08:00:27:8a:0d:75,10,3430,0.1181948979695638,0.3096463573082111,0,0.0,0,0.0,0.0,,3.52880658436214
1785423941.155571,08:00:27:9c:f0:f1,8,784,0.5860541548047747,0.2327628599366942,0,0.0,0,0.0,0.0,0.0001491546630859375,1.0
1785423941.155571,08:00:27:a5:9e:2d,12,972,0.0967097282409668,0.2887458705051241,0,0.0,0,0.0,0.0,,0.28338192419825076
1785423946.155571,08:00:27:34:35:33,29,2208,0.10752631936754499,0.5579356995473804,0,0.0,0,0.0,0.0,,0.008323751719978135
1785423946.155571,08:00:27:5a:87:bc,0,0,,,0,0.0,0,0.0,0.0,,0.0
1785423946.155571,08:00:27:8a:0d:75,0,0,,,0,0.0,0,0.0,0.0,,0.0
1785423946.155571,08:00:27:9c:f0:f1,45,265755,0.09263652563095093,0.25769614415469966,0,0.0,0,0.0,0.0,0.00012564659118652344,98.50074128984433
1785423946.155571,08:00:27:a5:9e:2d,5,490,1.0190067291259766,0.009901574360829599,0,0.0,0,0.0,0.0,,1.0
1785423951.155571,08:00:27:34:35:33,5,471,0.00045675039291381836,0.00032104968945868774,0,0.0,0,0.0,0.0,,0.7876254180602007
1785423951.155571,08:00:27:5a:87:bc,0,0,,,0,0.0,0,0.0,0.0,,0.0
1785423951.155571,08:00:27:8a:0d:75,0,0,,,0,0.0,0,0.0,0.0,,0.0
1785423951.155571,08:00:27:9c:f0:f1,7,718,0.21989119052886963,0.44373155338955184,1,0.2,1,0.2,0.0,,1.2148900169204737
1785423951.155571,08:00:27:a5:9e:2d,2,120,0.10989594459533691,0.0,1,0.2,1,0.2,0.0,,1.0
1785423956.155571,08:00:27:34:35:33,2,196,0.9938430786132812,0.0,0,0.0,0,0.0,0.0,,1.0
1785423956.155571,08:00:27:5a:87:bc,0,0,,,0,0.0,0,0.0,0.0,,0.0
1785423956.155571,08:00:27:8a:0d:75,0,0,,,0,0.0,0,0.0,0.0,,0.0
1785423956.155571,08:00:27:9c:f0:f1,8,682,0.2908444404602051,0.45141015305111587,0,0.0,0,0.0,0.0,0.004796028137207031,0.3568812140240712
1785423956.155571,08:00:27:a5:9e:2d,5,1715,0.006727755069732666,0.011158302926760785,0,0.0,0,0.0,0.0,,3.52880658436214
1785423961.155571,08:00:27:34:35:33,3,294,1.612391471862793,0.586714506149292,0,0.0,0,0.0,0.0,0.007253408432006836,1.0
1785423961.155571,08:00:27:5a:87:bc,0,0,,,0,0.0,0,0.0,0.0,,0.0
1785423961.155571,08:00:27:8a:0d:75,0,0,,,0,0.0,0,0.0,0.0,,0.0
1785423961.155571,08:00:27:9c:f0:f1,5,490,1.0164932012557983,0.008355247816039992,0,0.0,0,0.0,0.0,0.0016980171203613281,1.0
1785423961.155571,08:00:27:a5:9e:2d,6,588,0.6121912002563477,0.35472825099975985,0,0.0,0,0.0,0.0,,1.0
1785423966.155571,08:00:27:34:35:33,7,610,0.6827401717503866,0.434680125334771,1,0.2,1,0.2,0.0,0.0032293319702148436,1.0
1785423966.155571,08:00:27:5a:87:bc,0,0,,,0,0.0,0,0.0,0.0,,0.0
1785423966.155571,08:00:27:8a:0d:75,0,0,,,0,0.0,0,0.0,0.0,,0.0
1785423966.155571,08:00:27:9c:f0:f1,0,0,,,0,0.0,0,0.0,0.0,,0.0
1785423966.155571,08:00:27:a5:9e:2d,7,610,0.6827338536580404,0.43496641498319927,1,0.2,1,0.2,0.0,,1.0
1785423971.155571,08:00:27:34:35:33,5,490,1.0248772501945496,0.0016841964990080953,0,0.0,0,0.0,0.0,0.002382230758666992,1.0
1785423971.155571,08:00:27:5a:87:bc,0,0,,,0,0.0,0,0.0,0.0,,0.0
1785423971.155571,08:00:27:8a:0d:75,0,0,,,0,0.0,0,0.0,0.0,,0.0
1785423971.155571,08:00:27:9c:f0:f1,4,392,1.0270029703776042,0.003347239691769477,0,0.0,0,0.0,0.0,9.948015213012695e-05,1.0
1785423971.155571,08:00:27:a5:9e:2d,9,882,0.5124356150627136,0.19999893185996687,0,0.0,0,0.0,0.0,,1.0
1785423976.155571,08:00:27:34:35:33,4,392,1.3506943384806316,0.4623797420158404,0,0.0,0,0.0,0.0,0.00014632940292358398,1.0
1785423976.155571,08:00:27:5a:87:bc,0,0,,,0,0.0,0,0.0,0.0,,0.0
1785423976.155571,08:00:27:8a:0d:75,0,0,,,0,0.0,0,0.0,0.0,,0.0
1785423976.155571,08:00:27:9c:f0:f1,10,878,0.4842563470204671,0.5352356652470003,0,0.0,0,0.0,0.0,0.000110626220703125,0.4167062173706692
1785423976.155571,08:00:27:a5:9e:2d,11,2303,0.31060428619384767,0.2905683555257876,0,0.0,0,0.0,0.0,,2.144320297951583
1785423981.155571,08:00:27:34:35:33,7,610,0.7071731487909952,0.41565159636222054,1,0.2,1,0.2,0.0,0.002949953079223633,1.0
1785423981.155571,08:00:27:5a:87:bc,0,0,,,0,0.0,0,0.0,0.0,,0.0
1785423981.155571,08:00:27:8a:0d:75,0,0,,,0,0.0,0,0.0,0.0,,0.0
1785423981.155571,08:00:27:9c:f0:f1,7,610,0.7047755320866903,0.4483437525376395,1,0.2,1,0.2,0.0,,1.0
1785423981.155571,08:00:27:a5:9e:2d,0,0,,,0,0.0,0,0.0,0.0,,0.0
1785423986.155571,08:00:27:34:35:33,4,392,1.0227163632710774,0.0015658777641485103,0,0.0,0,0.0,0.0,0.00012069940567016602,1.0
1785423986.155571,08:00:27:5a:87:bc,0,0,,,0,0.0,0,0.0,0.0,,0.0
1785423986.155571,08:00:27:8a:0d:75,0,0,,,0,0.0,0,0.0,0.0,,0.0
1785423986.155571,08:00:27:9c:f0:f1,7,686,0.610917846361796,0.201109665625071,0,0.0,0,0.0,0.0,0.0001347064971923828,1.0
1785423986.155571,08:00:27:a5:9e:2d,3,294,1.0148614645004272,0.009633421897888184,0,0.0,0,0.0,0.0,,1.0
1785423991.155571,08:00:27:34:35:33,0,0,,,0,0.0,0,0.0,0.0,,0.0
1785423991.155571,08:00:27:5a:87:bc,0,0,,,0,0.0,0,0.0,0.0,,0.0
1785423991.155571,08:00:27:8a:0d:75,0,0,,,0,0.0,0,0.0,0.0,,0.0
1785423991.155571,08:00:27:9c:f0:f1,6,486,0.004645395278930664,0.0090586811422254,0,0.0,0,0.0,0.0,,0.28338192419825076
1785423991.155571,08:00:27:a5:9e:2d,5,1715,0.005804479122161865,0.009625336862723315,0,0.0,0,0.0,0.0,,3.52880658436214
1785423996.155571,08:00:27:34:35:33,0,0,,,0,0.0,0,0.0,0.0,,0.0
1785423996.155571,08:00:27:5a:87:bc,0,0,,,0,0.0,0,0.0,0.0,,0.0
1785423996.155571,08:00:27:8a:0d:75,0,0,,,0,0.0,0,0.0,0.0,,0.0
1785423996.155571,08:00:27:9c:f0:f1,6,486,0.0049705982208251955,0.00957661546497328,0,0.0,0,0.0,0.0,,0.28338192419825076
1785423996.155571,08:00:27:a5:9e:2d,5,1715,0.00620424747467041,0.010101937320325948,0,0.0,0,0.0,0.0,,3.52880658436214
1785424001.155571,08:00:27:34:35:33,0,0,,,0,0.0,0,0.0,0.0,,0.0
1785424001.155571,08:00:27:5a:87:bc,0,0,,,0,0.0,0,0.0,0.0,,0.0
1785424001.155571,08:00:27:8a:0d:75,3,294,1.0818220376968384,0.05655801296234131,0,0.0,0,0.0,0.0,0.028099219004313152,1.0
1785424001.155571,08:00:27:9c:f0:f1,0,0,,,0,0.0,0,0.0,0.0,,0.0
1785424001.155571,08:00:27:a5:9e:2d,3,294,1.1238110065460205,0.014526128768920898,0,0.0,0,0.0,0.0,,1.0
1785424006.155571,08:00:27:34:35:33,5,471,0.0005375146865844727,0.00036899869876144323,0,0.0,0,0.0,0.0,,0.7876254180602007
1785424006.155571,08:00:27:5a:87:bc,0,0,,,0,0.0,0,0.0,0.0,,0.0
1785424006.155571,08:00:27:8a:0d:75,12,998,0.3789692792025479,0.4513608807440157,1,0.2,1,0.2,0.0,0.0016800165176391602,0.44813650651100134
1785424006.155571,08:00:27:9c:f0:f1,12,1182,0.11956108700145375,0.2914504546520476,0,0.0,0,0.0,0.0,1.1920928955078125e-06,0.5175131348511384
1785424006.155571,08:00:27:a5:9e:2d,17,4040,0.2605384439229965,0.4063028372857462,1,0.2,1,0.2,0.0,,2.553729456384324
1785424011.155571,08:00:27:34:35:33,7,667,0.3374900023142497,0.476551733151804,0,0.0,0,0.0,0.0,6.54458999633789e-05,0.8400503778337531
1785424011.155571,08:00:27:5a:87:bc,0,0,,,0,0.0,0,0.0,0.0,,0.0
1785424011.155571,08:00:27:8a:0d:75,0,0,,,0,0.0,0,0.0,0.0,,0.0
1785424011.155571,08:00:27:9c:f0:f1,10,1088,0.45534223980373806,0.4693647103162744,0,0.0,0,0.0,0.0,0.00014300346374511718,1.1321540062434963
1785424011.155571,08:00:27:a5:9e:2d,7,686,0.7146584987640381,0.37535947861041236,0,0.0,0,0.0,0.0,,1.0
1785424016.155571,08:00:27:34:35:33,7,610,0.6820404926935831,0.44231084774693114,1,0.2,1,0.2,0.0,7.376670837402343e-05,1.0
1785424016.155571,08:00:27:5a:87:bc,0,0,,,0,0.0,0,0.0,0.0,,0.0
1785424016.155571,08:00:27:8a:0d:75,1,98,,,0,0.0,0,0.0,0.0,,1.0
1785424016.155571,08:00:27:9c:f0:f1,2,196,1.024454116821289,0.0,0,0.0,0,0.0,0.0,5.447864532470703e-05,1.0
1785424016.155571,08:00:27:a5:9e:2d,10,904,0.4757507907019721,0.38166560420171614,1,0.2,1,0.2,0.0,0.0001289844512939453,1.0
1785424021.155571,08:00:27:34:35:33,5,490,1.0231364965438843,0.0005788883743046508,0,0.0,0,0.0,0.0,0.00019922256469726563,1.0
1785424021.155571,08:00:27:5a:87:bc,0,0,,,0,0.0,0,0.0,0.0,,0.0
1785424021.155571,08:00:27:8a:0d:75,5,490,1.0228744745254517,0.00034251260289405673,0,0.0,0,0.0,0.0,,1.0
1785424021.155571,08:00:27:9c:f0:f1,6,486,0.005039024353027344,0.009806859116663288,0,0.0,0,0.0,0.0,,0.28338192419825076
1785424021.155571,08:00:27:a5:9e:2d,15,2695,0.30912957872663227,0.2986397286066388,0,0.0,0,0.0,0.0,0.00011477470397949218,1.8383356070941337
1785424026.155571,08:00:27:34:35:33,5,490,1.0241487622261047,0.002747874875481627,0,0.0,0,0.0,0.0,7.481575012207032e-05,1.0
1785424026.155571,08:00:27:5a:87:bc,0,0,,,0,0.0,0,0.0,0.0,,0.0
1785424026.155571,08:00:27:8a:0d:75,6,1813,0.20917277336120604,0.4026594801820787,0,0.0,0,0.0,0.0,,3.1044520547945207
1785424026.155571,08:00:27:9c:f0:f1,0,0,,,0,0.0,0,0.0,0.0,,0.0
1785424026.155571,08:00:27:a5:9e:2d,12,1074,0.39383682337674225,0.4413082432804161,0,0.0,0,0.0,0.0,0.00015401840209960938,0.46634824142422926
1785424031.155571,08:00:27:34:35:33,3,294,1.0261244773864746,0.0011985301971435547,0,0.0,0,0.0,0.0,8.376439412434895e-05,1.0
1785424031.155571,08:00:27:5a:87:bc,0,0,,,0,0.0,0,0.0,0.0,,0.0
1785424031.155571,08:00:27:8a:0d:75,1,60,,,0,0.0,1,0.2,0.0,,1.0
1785424031.155571,08:00:27:9c:f0:f1,0,0,,,0,0.0,0,0.0,0.0,,0.0
1785424031.155571,08:00:27:a5:9e:2d,4,354,0.6840876738230387,0.36877724172139814,1,0.2,0,0.0,0.0,,1.0
1785424036.155571,08:00:27:34:35:33,9,863,0.5084592401981354,0.5079825973787416,0,0.0,0,0.0,0.0,0.00013446807861328125,0.8717171717171717
1785424036.155571,08:00:27:5a:87:bc,0,0,,,0,0.0,0,0.0,0.0,,0.0
1785424036.155571,08:00:27:8a:0d:75,0,0,,,0,0.0,0,0.0,0.0,,0.0
1785424036.155571,08:00:27:9c:f0:f1,5,598,0.0004967451095581055,0.0003002187206305847,0,0.0,0,0.0,0.0,,1.2696390658174097
1785424036.155571,08:00:27:a5:9e:2d,4,392,1.0203680197397869,0.004847209986615725,0,0.0,0,0.0,0.0,,1.0
1785424041.155571,08:00:27:34:35:33,8,670,0.5851408413478306,0.45960232609775975,2,0.4,1,0.2,0.0,0.00012960433959960938,1.0
1785424041.155571,08:00:27:5a:87:bc,0,0,,,0,0.0,0,0.0,0.0,,0.0
1785424041.155571,08:00:27:8a:0d:75,4,364,1.1424349943796794,0.1644882283005371,0,0.0,0,0.0,0.25,0.01778237024943034,1.2380952380952381
1785424041.155571,08:00:27:9c:f0:f1,1,60,,,0,0.0,1,0.2,0.0,,1.0
1785424041.155571,08:00:27:a5:9e:2d,10,904,0.4934009975857205,0.3224886333469906,1,0.2,1,0.2,0.0,,1.0
1785424046.155571,08:00:27:34:35:33,23,1812,0.09144500168887051,0.41780646265109206,0,0.0,0,0.0,0.0,,0.006849651658167605
1785424046.155571,08:00:27:5a:87:bc,0,0,,,0,0.0,0,0.0,0.0,,0.0
1785424046.155571,08:00:27:8a:0d:75,15,1266,0.29330720220293316,0.4567713501117583,0,0.0,0,0.0,0.0,0.00010371208190917969,0.3399570354457572
1785424046.155571,08:00:27:9c:f0:f1,32,264833,0.13950703220982705,0.423411300580102,0,0.0,0,0.0,0.0,9.139378865559895e-05,125.75166191832858
1785424046.155571,08:00:27:a5:9e:2d,16,4018,0.27375434239705404,0.39339729751013486,0,0.0,0,0.0,0.0,,2.575641025641026
1785424051.155571,08:00:27:34:35:33,13,1236,0.3379403352737427,0.4773403707673242,0,0.0,0,0.0,0.0,0.0001533031463623047,0.8295302013422818
1785424051.155571,08:00:27:5a:87:bc,0,0,,,0,0.0,0,0.0,0.0,,0.0
1785424051.155571,08:00:27:8a:0d:75,5,490,1.0226012468338013,0.008558726443030145,0,0.0,0,0.0,0.0,0.00018935203552246095,1.0
1785424051.155571,08:00:27:9c:f0:f1,20,2100,0.2381610995844791,0.25860111427393445,1,0.2,1,0.2,0.0,0.00016841888427734374,1.1375947995666305
1785424051.155571,08:00:27:a5:9e:2d,12,1100,0.38426362384449353,0.36476182693376297,1,0.2,1,0.2,0.0,,1.0
1785424056.155571,08:00:27:34:35:33,18,1405,0.1784956455230713,0.5165438930265301,0,0.0,0,0.0,0.0,0.0001214742660522461,0.005327195999105183
1785424056.155571,08:00:27:5a:87:bc,0,0,,,0,0.0,0,0.0,0.0,,0.0
1785424056.155571,08:00:27:8a:0d:75,5,490,1.032242774963379,0.015410156664767572,0,0.0,0,0.0,0.0,0.000118255615234375,1.0
1785424056.155571,08:00:27:9c:f0:f1,28,264423,0.11238896405255352,0.2538108046827349,0,0.0,0,0.0,0.0,0.0001100301742553711,79.74155609167671
1785424056.155571,08:00:27:a5:9e:2d,12,2401,0.3856089115142822,0.4411826838509311,0,0.0,0,0.0,0.0,,2.0486348122866893
1785424061.155571,08:00:27:34:35:33,3,294,1.0126110315322876,0.011169075965881348,0,0.0,0,0.0,0.0,0.00014503796895345053,1.0
1785424061.155571,08:00:27:5a:87:bc,0,0,,,0,0.0,0,0.0,0.0,,0.0
1785424061.155571,08:00:27:8a:0d:75,4,392,1.0302940209706624,0.007726912006303085,0,0.0,0,0.0,0.0,0.0001512765884399414,1.0
1785424061.155571,08:00:27:9c:f0:f1,3,294,1.0126609802246094,0.011187076568603516,0,0.0,0,0.0,0.0,,1.0
1785424061.155571,08:00:27:a5:9e:2d,4,392,1.0303720633188884,0.007734650547560928,0,0.0,0,0.0,0.0,,1.0
1785424066.155571,08:00:27:34:35:33,4,392,1.0247976779937744,0.0012045940568481434,0,0.0,0,0.0,0.0,6.097555160522461e-05,1.0
1785424066.155571,08:00:27:5a:87:bc,0,0,,,0,0.0,0,0.0,0.0,,0.0
1785424066.155571,08:00:27:8a:0d:75,5,490,1.0171977281570435,0.007091126115596304,0,0.0,0,0.0,0.0,0.00015883445739746095,1.0
1785424066.155571,08:00:27:9c:f0:f1,7,584,0.6733434995015463,1.4942275015281943,0,0.0,0,0.0,0.0,0.00013685226440429688,0.3221180364037507
1785424066.155571,08:00:27:a5:9e:2d,15,2695,0.33950170448848177,0.26168653603770764,0,0.0,0,0.0,0.0,,1.8383356070941337
1785424071.155571,08:00:27:34:35:33,5,414,1.0079465508460999,0.6059128513028216,1,0.2,1,0.2,0.0,0.0001266002655029297,1.0
1785424071.155571,08:00:27:5a:87:bc,0,0,,,0,0.0,0,0.0,0.0,,0.0
1785424071.155571,08:00:27:8a:0d:75,6,550,0.8352344036102295,0.3793721566968433,0,0.0,1,0.2,0.0,0.00012192726135253906,1.0
1785424071.155571,08:00:27:9c:f0:f1,5,490,1.0244929790496826,0.00040080755031951347,0,0.0,0,0.0,0.0,9.636878967285156e-05,1.0
1785424071.155571,08:00:27:a5:9e:2d,16,1454,0.3187613328297933,0.1363907171018265,2,0.4,1,0.2,0.0,,1.0
1785424076.155571,08:00:27:34:35:33,5,490,1.0239537358283997,0.0004892414998089921,0,0.0,0,0.0,0.0,0.00010938644409179688,1.0
1785424076.155571,08:00:27:5a:87:bc,0,0,,,0,0.0,0,0.0,0.0,,0.0
1785424076.155571,08:00:27:8a:0d:75,13,2499,0.3703678250312805,0.3132798819547193,0,0.0,0,0.0,0.0,9.779930114746093e-05,1.9677165354330708
1785424076.155571,08:00:27:9c:f0:f1,9,780,0.38539475202560425,0.4912187582325834,0,0.0,0,0.0,0.0,0.000110626220703125,0.38825286212045795
1785424076.155571,08:00:27:a5:9e:2d,27,3769,0.17092707523932824,0.14452332696680212,0,0.0,0,0.0,0.0,7.303555806477864e-05,1.0
1785424081.155571,08:00:27:34:35:33,63,9891,0.06761019460616573,0.24854965060805947,0,0.0,0,0.0,0.0,9.047985076904297e-05,0.009315883907001277
1785424081.155571,08:00:27:5a:87:bc,0,0,,,0,0.0,0,0.0,0.0,,0.0
1785424081.155571,08:00:27:8a:0d:75,10,980,0.49641211827596027,0.13842228849052524,0,0.0,0,0.0,0.0,0.00015277862548828124,1.0
1785424081.155571,08:00:27:9c:f0:f1,99,1061829,0.01792111202162139,0.16011508065208455,0,0.0,0,0.0,0.0,,94.68780096308186
1785424081.155571,08:00:27:a5:9e:2d,19,3087,0.2667841646406386,0.24865605472031382,0,0.0,0,0.0,0.0,0.00015039443969726561,1.6614639397201292
1785424086.155571,08:00:27:34:35:33,4,392,1.0241680145263672,0.00024232251045565087,0,0.0,0,0.0,0.0,0.0001990795135498047,1.0
1785424086.155571,08:00:27:5a:87:bc,0,0,,,0,0.0,0,0.0,0.0,,0.0
1785424086.155571,08:00:27:8a:0d:75,7,584,0.06446282068888347,0.13195606920879951,0,0.0,0,0.0,0.0,,0.3221180364037507
1785424086.155571,08:00:27:9c:f0:f1,7,584,0.1716561714808146,0.3727459470604685,0,0.0,0,0.0,0.0,0.00024890899658203125,0.3221180364037507
1785424086.155571,08:00:27:a5:9e:2d,16,4018,0.2428916613260905,0.373636368482685,0,0.0,0,0.0,0.0,8.797645568847656e-05,2.575641025641026
1785424091.155571,08:00:27:34:35:33,5,490,1.0229382514953613,0.0014289806738562224,0,0.0,0,0.0,0.0,0.00016775131225585938,1.0
1785424091.155571,08:00:27:5a:87:bc,0,0,,,0,0.0,0,0.0,0.0,,0.0
1785424091.155571,08:00:27:8a:0d:75,0,0,,,0,0.0,0,0.0,0.0,,0.0
1785424091.155571,08:00:27:9c:f0:f1,5,490,1.0196000337600708,0.008388808740898611,0,0.0,0,0.0,0.0,0.00015535354614257813,1.0
1785424091.155571,08:00:27:a5:9e:2d,10,980,0.47130134370591903,0.34451681542874374,0,0.0,0,0.0,0.0,,1.0
1785424096.155571,08:00:27:34:35:33,3,256,0.511821985244751,0.46817803382873535,0,0.0,1,0.2,0.0,0.00011789798736572266,1.0
1785424096.155571,08:00:27:5a:87:bc,0,0,,,0,0.0,0,0.0,0.0,,0.0
1785424096.155571,08:00:27:8a:0d:75,0,0,,,0,0.0,0,0.0,0.0,,0.0
1785424096.155571,08:00:27:9c:f0:f1,9,780,0.38522788882255554,0.49152676490137587,0,0.0,0,0.0,0.0,0.00018596649169921875,0.38825286212045795
1785424096.155571,08:00:27:a5:9e:2d,11,2265,0.32199141979217527,0.42211223415410115,1,0.2,0,0.0,0.0,,2.186293436293436
1785424101.155571,08:00:27:34:35:33,0,0,,,0,0.0,0,0.0,0.0,,0.0
1785424101.155571,08:00:27:5a:87:bc,0,0,,,0,0.0,0,0.0,0.0,,0.0
1785424101.155571,08:00:27:8a:0d:75,0,0,,,0,0.0,0,0.0,0.0,,0.0
1785424101.155571,08:00:27:9c:f0:f1,0,0,,,0,0.0,0,0.0,0.0,,0.0
1785424101.155571,08:00:27:a5:9e:2d,0,0,,,0,0.0,0,0.0,0.0,,0.0
1785424106.155571,08:00:27:34:35:33,3,294,1.0232754945755005,0.00044548511505126953,0,0.0,0,0.0,0.0,0.00018056233723958334,1.0
1785424106.155571,08:00:27:5a:87:bc,0,0,,,0,0.0,0,0.0,0.0,,0.0
1785424106.155571,08:00:27:8a:0d:75,0,0,,,0,0.0,0,0.0,0.0,,0.0
1785424106.155571,08:00:27:9c:f0:f1,0,0,,,0,0.0,0,0.0,0.0,,0.0
1785424106.155571,08:00:27:a5:9e:2d,3,294,1.023323893547058,0.0005110502243041992,0,0.0,0,0.0,0.0,,1.0
1785424111.155571,08:00:27:34:35:33,6,550,0.8192018032073974,0.36374119233040425,1,0.2,0,0.0,0.0,0.00014123916625976562,1.0
1785424111.155571,08:00:27:5a:87:bc,0,0,,,0,0.0,0,0.0,0.0,,0.0
1785424111.155571,08:00:27:8a:0d:75,0,0,,,0,0.0,0,0.0,0.0,,0.0
1785424111.155571,08:00:27:9c:f0:f1,0,0,,,0,0.0,0,0.0,0.0,,0.0
1785424111.155571,08:00:27:a5:9e:2d,6,550,0.8191854000091553,0.3637228992551737,0,0.0,1,0.2,0.0,,1.0
1785424116.155571,08:00:27:34:35:33,9,863,0.510630875825882,0.5100841978931012,0,0.0,0,0.0,0.0,5.9545040130615234e-05,0.8717171717171717
1785424116.155571,08:00:27:5a:87:bc,0,0,,,0,0.0,0,0.0,0.0,,0.0
1785424116.155571,08:00:27:8a:0d:75,6,486,0.005466985702514649,0.010671712140924172,0,0.0,0,0.0,0.0,,0.28338192419825076
1785424116.155571,08:00:27:9c:f0:f1,5,598,0.0005449652671813965,0.0003954395263671182,0,0.0,0,0.0,0.0,,1.2696390658174097
1785424116.155571,08:00:27:a5:9e:2d,9,2107,0.4081796109676361,0.4797248653245023,0,0.0,0,0.0,0.0,,2.3997722095671983
1785424121.155571,08:00:27:34:35:33,3,180,2.1178334951400757,1.9184755086898804,1,0.2,2,0.4,0.0,,1.0
1785424121.155571,08:00:27:5a:87:bc,0,0,,,0,0.0,0,0.0,0.0,,0.0
1785424121.155571,08:00:27:8a:0d:75,2,120,0.07247495651245117,0.0,1,0.2,1,0.2,0.0,,1.0
1785424121.155571,08:00:27:9c:f0:f1,2,120,0.1995251178741455,0.0,1,0.2,1,0.2,0.0,,1.0
1785424121.155571,08:00:27:a5:9e:2d,3,180,1.6638615131378174,1.591646432876587,2,0.4,1,0.2,0.0,,1.0
1785424126.155571,08:00:27:34:35:33,0,0,,,0,0.0,0,0.0,0.0,,0.0
1785424126.155571,08:00:27:5a:87:bc,0,0,,,0,0.0,0,0.0,0.0,,0.0
1785424126.155571,08:00:27:8a:0d:75,0,0,,,0,0.0,0,0.0,0.0,,0.0
1785424126.155571,08:00:27:9c:f0:f1,0,0,,,0,0.0,0,0.0,0.0,,0.0
1785424126.155571,08:00:27:a5:9e:2d,0,0,,,0,0.0,0,0.0,0.0,,0.0
1785424131.155571,08:00:27:34:35:33,4,392,1.0240220228830974,0.0005296075544435796,0,0.0,0,0.0,0.0,0.0001437067985534668,1.0
1785424131.155571,08:00:27:5a:87:bc,0,0,,,0,0.0,0,0.0,0.0,,0.0
1785424131.155571,08:00:27:8a:0d:75,0,0,,,0,0.0,0,0.0,0.0,,0.0
1785424131.155571,08:00:27:9c:f0:f1,0,0,,,0,0.0,0,0.0,0.0,,0.0
1785424131.155571,08:00:27:a5:9e:2d,4,392,1.0240269502003987,0.00044636841302610636,0,0.0,0,0.0,0.0,,1.0
1785424136.155571,08:00:27:34:35:33,5,490,1.0238912105560303,0.0002720445314690964,0,0.0,0,0.0,0.0,0.0001282215118408203,1.0
1785424136.155571,08:00:27:5a:87:bc,0,0,,,0,0.0,0,0.0,0.0,,0.0
1785424136.155571,08:00:27:8a:0d:75,0,0,,,0,0.0,0,0.0,0.0,,0.0
1785424136.155571,08:00:27:9c:f0:f1,0,0,,,0,0.0,0,0.0,0.0,,0.0
1785424136.155571,08:00:27:a5:9e:2d,5,490,1.0238812565803528,0.0002203134984271195,0,0.0,0,0.0,0.0,,1.0
1785424141.155571,08:00:27:34:35:33,5,490,1.0159170031547546,0.008159348075757003,0,0.0,0,0.0,0.0,0.00012640953063964845,1.0
1785424141.155571,08:00:27:5a:87:bc,0,0,,,0,0.0,0,0.0,0.0,,0.0
1785424141.155571,08:00:27:8a:0d:75,0,0,,,0,0.0,0,0.0,0.0,,0.0
1785424141.155571,08:00:27:9c:f0:f1,2,196,1.0107638835906982,0.0,0,0.0,0,0.0,0.0,,1.0
1785424141.155571,08:00:27:a5:9e:2d,3,294,1.0237360000610352,0.0001380443572998047,0,0.0,0,0.0,0.0,,1.0
1785424146.155571,08:00:27:34:35:33,5,452,0.7678980231285095,0.4321106397213217,0,0.0,1,0.2,0.0,9.578466415405273e-05,1.0
1785424146.155571,08:00:27:5a:87:bc,0,0,,,0,0.0,0,0.0,0.0,,0.0
1785424146.155571,08:00:27:8a:0d:75,0,0,,,0,0.0,0,0.0,0.0,,0.0
1785424146.155571,08:00:27:9c:f0:f1,4,392,1.0238787333170574,0.00041101336214091546,0,0.0,0,0.0,0.0,,1.0
1785424146.155571,08:00:27:a5:9e:2d,1,60,,,1,0.2,0,0.0,0.0,,1.0
1785424151.155571,08:00:27:34:35:33,80,11074,0.03979922849920731,0.33623195435429315,0,0.0,0,0.0,0.0,,0.008352150939070177
1785424151.155571,08:00:27:5a:87:bc,0,0,,,0,0.0,0,0.0,0.0,,0.0
1785424151.155571,08:00:27:8a:0d:75,0,0,,,0,0.0,0,0.0,0.0,,0.0
1785424151.155571,08:00:27:9c:f0:f1,136,1326764,0.03039722266020598,0.14730194187132434,0,0.0,0,0.0,0.0,0.0001589655876159668,100.65730976405432
1785424151.155571,08:00:27:a5:9e:2d,9,2107,0.5129571259021759,0.5071171925498555,0,0.0,0,0.0,0.0,,2.3997722095671983
1785424156.155571,08:00:27:34:35:33,10,942,0.22323711713155112,0.6301474209867152,0,0.0,0,0.0,0.0,,0.7876254180602007
1785424156.155571,08:00:27:5a:87:bc,0,0,,,0,0.0,0,0.0,0.0,,0.0
1785424156.155571,08:00:27:8a:0d:75,0,0,,,0,0.0,0,0.0,0.0,,0.0
1785424156.155571,08:00:27:9c:f0:f1,14,1512,0.19488954544067383,0.39546524891008716,1,0.2,1,0.2,0.0,0.00012385845184326172,1.2019077901430844
1785424156.155571,08:00:27:a5:9e:2d,4,316,0.3748106161753337,0.4622232126018317,1,0.2,1,0.2,0.0,,1.0
1785424161.155571,08:00:27:34:35:33,0,0,,,0,0.0,0,0.0,0.0,,0.0
1785424161.155571,08:00:27:5a:87:bc,0,0,,,0,0.0,0,0.0,0.0,,0.0
1785424161.155571,08:00:27:8a:0d:75,0,0,,,0,0.0,0,0.0,0.0,,0.0
1785424161.155571,08:00:27:9c:f0:f1,1,98,,,0,0.0,0,0.0,0.0,0.00010395050048828125,1.0
1785424161.155571,08:00:27:a5:9e:2d,1,98,,,0,0.0,0,0.0,0.0,,1.0
1785424166.155571,08:00:27:34:35:33,0,0,,,0,0.0,0,0.0,0.0,,0.0
1785424166.155571,08:00:27:5a:87:bc,0,0,,,0,0.0,0,0.0,0.0,,0.0
1785424166.155571,08:00:27:8a:0d:75,0,0,,,0,0.0,0,0.0,0.0,,0.0
1785424166.155571,08:00:27:9c:f0:f1,4,392,1.0232713222503662,0.0019246425116046576,0,0.0,0,0.0,0.0,0.00014126300811767578,1.0
1785424166.155571,08:00:27:a5:9e:2d,4,392,1.023265282313029,0.0018728238396321475,0,0.0,0,0.0,0.0,,1.0
1785424171.155571,08:00:27:34:35:33,0,0,,,0,0.0,0,0.0,0.0,,0.0
1785424171.155571,08:00:27:5a:87:bc,0,0,,,0,0.0,0,0.0,0.0,,0.0
1785424171.155571,08:00:27:8a:0d:75,24,3239,0.09721900069195291,0.2831843193989706,0,0.0,0,0.0,0.0,,0.5685448481657013
1785424171.155571,08:00:27:9c:f0:f1,0,0,,,0,0.0,0,0.0,0.0,,0.0
1785424171.155571,08:00:27:a5:9e:2d,22,5697,0.10647000585283552,0.2947283021637099,0,0.0,0,0.0,0.0,,1.7588761963569002
1785424176.155571,08:00:27:34:35:33,0,0,,,0,0.0,0,0.0,0.0,,0.0
1785424176.155571,08:00:27:5a:87:bc,0,0,,,0,0.0,0,0.0,0.0,,0.0
1785424176.155571,08:00:27:8a:0d:75,13,2499,0.34157198667526245,0.38102337196044866,0,0.0,0,0.0,0.0,0.0001590728759765625,1.9677165354330708
1785424176.155571,08:00:27:9c:f0:f1,4,392,1.021985610326131,0.003421977895157133,0,0.0,0,0.0,0.0,0.00013774633407592773,1.0
1785424176.155571,08:00:27:a5:9e:2d,18,1662,0.2411197634304271,0.28031491291321453,0,0.0,0,0.0,0.0,8.869171142578125e-05,0.5748875821515047
1785424181.155571,08:00:27:34:35:33,26,2074,0.16091283798217773,0.46454696896503955,0,0.0,0,0.0,0.0,0.0001671314239501953,0.007836202955389561
1785424181.155571,08:00:27:5a:87:bc,0,0,,,0,0.0,0,0.0,0.0,,0.0
1785424181.155571,08:00:27:8a:0d:75,9,882,0.513143002986908,0.3680464733007563,0,0.0,0,0.0,0.0,6.54458999633789e-05,1.0
1785424181.155571,08:00:27:9c:f0:f1,36,265219,0.13937249183654785,0.2943993484301476,0,0.0,1,0.2,0.0,0.0001132965087890625,101.07431402439025
1785424181.155571,08:00:27:a5:9e:2d,15,1432,0.3453835589545114,0.2936397197913244,1,0.2,0,0.0,0.0,0.0018871784210205077,1.0
1785424186.155571,08:00:27:34:35:33,2,168,0.2881960868835449,0.0,0,0.0,0,0.0,0.5,1.9073486328125e-06,1.7142857142857142
1785424186.155571,08:00:27:5a:87:bc,0,0,,,0,0.0,0,0.0,0.0,,0.0
1785424186.155571,08:00:27:8a:0d:75,12,2401,0.38234144991094415,0.4370653610971748,0,0.0,0,0.0,0.0,0.00011873245239257812,2.0486348122866893
1785424186.155571,08:00:27:9c:f0:f1,3,256,0.44391751289367676,0.41179847717285156,1,0.2,0,0.0,0.0,0.00015997886657714844,1.0
1785424186.155571,08:00:27:a5:9e:2d,15,1330,0.3003661462238857,0.39919358804870475,0,0.0,1,0.2,0.0,0.00021463632583618164,0.5197342711996874
1785424191.155571,08:00:27:34:35:33,0,0,,,0,0.0,0,0.0,0.0,,0.0
1785424191.155571,08:00:27:5a:87:bc,0,0,,,0,0.0,0,0.0,0.0,,0.0
1785424191.155571,08:00:27:8a:0d:75,17,5341,0.2582530081272125,0.4365977309966593,0,0.0,0,0.0,0.0,,3.229141475211608
1785424191.155571,08:00:27:9c:f0:f1,0,0,,,0,0.0,0,0.0,0.0,,0.0
1785424191.155571,08:00:27:a5:9e:2d,20,1654,0.2174764683372096,0.41154839231125856,0,0.0,0,0.0,0.0,0.00016951560974121094,0.30967983523684706
1785424196.155571,08:00:27:34:35:33,0,0,,,0,0.0,0,0.0,0.0,,0.0
1785424196.155571,08:00:27:5a:87:bc,0,0,,,0,0.0,0,0.0,0.0,,0.0
1785424196.155571,08:00:27:8a:0d:75,9,2107,0.5131537318229675,0.5073656335673257,0,0.0,0,0.0,0.0,,2.3997722095671983
1785424196.155571,08:00:27:9c:f0:f1,3,294,1.0280015468597412,0.0030126571655273438,0,0.0,0,0.0,0.0,1.0331471761067708e-06,1.0
1785424196.155571,08:00:27:a5:9e:2d,13,1172,0.3420969049135844,0.31418869235937164,0,0.0,0,0.0,0.0,0.00012481212615966797,0.48812994585589337
1785424201.155571,08:00:27:34:35:33,0,0,,,0,0.0,0,0.0,0.0,,0.0
1785424201.155571,08:00:27:5a:87:bc,0,0,,,0,0.0,0,0.0,0.0,,0.0
1785424201.155571,08:00:27:8a:0d:75,5,490,1.023926019668579,0.00033500198706741405,0,0.0,0,0.0,0.0,,1.0
1785424201.155571,08:00:27:9c:f0:f1,10,878,0.45176267623901367,0.49986927196971903,0,0.0,0,0.0,0.0,0.00012499094009399414,0.4167062173706692
1785424201.155571,08:00:27:a5:9e:2d,14,2597,0.3536577041332538,0.23223790613885673,0,0.0,0,0.0,0.0,0.00012555122375488282,1.898391812865497
1785424206.155571,08:00:27:34:35:33,0,0,,,0,0.0,0,0.0,0.0,,0.0
1785424206.155571,08:00:27:5a:87:bc,0,0,,,0,0.0,0,0.0,0.0,,0.0
1785424206.155571,08:00:27:8a:0d:75,1,98,,,0,0.0,0,0.0,0.0,,1.0
1785424206.155571,08:00:27:9c:f0:f1,3,294,1.0244159698486328,1.0013580322265625e-05,0,0.0,0,0.0,0.0,0.00012230873107910156,1.0
1785424206.155571,08:00:27:a5:9e:2d,4,392,0.6829683780670166,0.24186090913532382,0,0.0,0,0.0,0.0,0.00011205673217773438,1.0
1785424211.155571,08:00:27:34:35:33,18,1341,0.00020787295173196231,0.00030536885327515467,0,0.0,0,0.0,0.0,,0.00507433657117126
1785424211.155571,08:00:27:5a:87:bc,0,0,,,0,0.0,0,0.0,0.0,,0.0
1785424211.155571,08:00:27:8a:0d:75,0,0,,,0,0.0,0,0.0,0.0,,0.0
1785424211.155571,08:00:27:9c:f0:f1,29,264271,0.00012531450816563198,0.0002012708703185208,0,0.0,0,0.0,0.0,,197.07009694258016
1785424211.155571,08:00:27:a5:9e:2d,0,0,,,0,0.0,0,0.0,0.0,,0.0
1785424216.155571,08:00:27:34:35:33,1,60,,,0,0.0,1,0.2,0.0,,1.0
1785424216.155571,08:00:27:5a:87:bc,0,0,,,0,0.0,0,0.0,0.0,,0.0
1785424216.155571,08:00:27:8a:0d:75,0,0,,,0,0.0,0,0.0,0.0,,0.0
1785424216.155571,08:00:27:9c:f0:f1,4,354,0.6766250133514404,0.4783981349437806,1,0.2,0,0.0,0.0,0.00026337305704752606,1.0
1785424216.155571,08:00:27:a5:9e:2d,3,294,1.015062928199768,0.009642958641052246,0,0.0,0,0.0,0.0,,1.0
1785424221.155571,08:00:27:34:35:33,0,0,,,0,0.0,0,0.0,0.0,,0.0
1785424221.155571,08:00:27:5a:87:bc,0,0,,,0,0.0,0,0.0,0.0,,0.0
1785424221.155571,08:00:27:8a:0d:75,8,682,0.30023142269679476,0.4678834891919587,0,0.0,0,0.0,0.0,7.390975952148438e-05,0.3568812140240712
1785424221.155571,08:00:27:9c:f0:f1,6,486,0.0043354034423828125,0.008429729740518074,0,0.0,0,0.0,0.0,,0.28338192419825076
1785424221.155571,08:00:27:a5:9e:2d,12,3626,0.19104526259682394,0.3816718671856824,0,0.0,0,0.0,0.0,,3.1044520547945207
1785424226.155571,08:00:27:34:35:33,0,0,,,0,0.0,0,0.0,0.0,,0.0
1785424226.155571,08:00:27:5a:87:bc,0,0,,,0,0.0,0,0.0,0.0,,0.0
1785424226.155571,08:00:27:8a:0d:75,14,1232,0.3426474607907809,0.35454317628705545,0,0.0,1,0.2,0.0,0.0001277327537536621,0.5006095083299472
1785424226.155571,08:00:27:9c:f0:f1,4,354,0.6771796544392904,0.34589821391474734,0,0.0,1,0.2,0.0,6.40551249186198e-05,1.0
1785424226.155571,08:00:27:a5:9e:2d,17,2815,0.27837975323200226,0.3245151401143764,2,0.4,0,0.0,0.0,0.00015743573506673178,1.774905422446406
1785424231.155571,08:00:27:34:35:33,0,0,,,0,0.0,0,0.0,0.0,,0.0
1785424231.155571,08:00:27:5a:87:bc,0,0,,,0,0.0,0,0.0,0.0,,0.0
1785424231.155571,08:00:27:8a:0d:75,10,980,0.5106692314147949,0.3116551359285412,0,0.0,0,0.0,0.0,0.0017189979553222656,1.0
1785424231.155571,08:00:27:9c:f0:f1,3,294,1.0244970321655273,0.00030493736267089844,0,0.0,0,0.0,0.0,0.00016506512959798178,1.0
1785424231.155571,08:00:27:a5:9e:2d,13,1274,0.38938101132710773,0.3213072435547816,0,0.0,0,0.0,0.0,0.00012617111206054689,1.0
1785424236.155571,08:00:27:34:35:33,2,196,1.0176031589508057,0.0,0,0.0,0,0.0,0.0,0.000164031982421875,1.0
1785424236.155571,08:00:27:5a:87:bc,0,0,,,0,0.0,0,0.0,0.0,,0.0
1785424236.155571,08:00:27:8a:0d:75,5,490,1.0239619612693787,0.00012717462171955708,0,0.0,0,0.0,0.0,,1.0
1785424236.155571,08:00:27:9c:f0:f1,0,0,,,0,0.0,0,0.0,0.0,,0.0
1785424236.155571,08:00:27:a5:9e:2d,7,686,0.6826413075129191,0.3658030920324699,0,0.0,0,0.0,0.0,7.538795471191406e-05,1.0
1785424241.155571,08:00:27:34:35:33,7,610,0.6826810042063395,0.4439703704000416,1,0.2,1,0.2,0.0,0.00019278526306152344,1.0
1785424241.155571,08:00:27:5a:87:bc,0,0,,,0,0.0,0,0.0,0.0,,0.0
1785424241.155571,08:00:27:8a:0d:75,4,392,1.0132503509521484,0.0077166568680710765,0,0.0,0,0.0,0.0,,1.0
1785424241.155571,08:00:27:9c:f0:f1,0,0,,,0,0.0,0,0.0,0.0,,0.0
1785424241.155571,08:00:27:a5:9e:2d,11,1002,0.4096132040023804,0.3279566585783536,1,0.2,1,0.2,0.0,0.00013244152069091797,1.0
1785424246.155571,08:00:27:34:35:33,3,294,1.0240620374679565,0.0003160238265991211,0,0.0,0,0.0,0.0,0.0001948674519856771,1.0
1785424246.155571,08:00:27:5a:87:bc,0,0,,,0,0.0,0,0.0,0.0,,0.0
1785424246.155571,08:00:27:8a:0d:75,5,490,1.0229764580726624,0.009632157312021121,0,0.0,0,0.0,0.0,,1.0
1785424246.155571,08:00:27:9c:f0:f1,0,0,,,0,0.0,0,0.0,0.0,,0.0
1785424246.155571,08:00:27:a5:9e:2d,8,784,0.5845513003213065,0.3373701533570232,0,0.0,0,0.0,0.0,0.0027994155883789063,1.0
1785424251.155571,08:00:27:34:35:33,82,11217,0.05169035770274975,0.21923272457486442,0,0.0,0,0.0,0.0,0.00020700693130493164,0.010564783114430626
1785424251.155571,08:00:27:5a:87:bc,0,0,,,0,0.0,0,0.0,0.0,,0.0
1785424251.155571,08:00:27:8a:0d:75,10,942,0.45302597681681317,0.377534018539043,0,0.0,1,0.2,0.0,0.00011903047561645508,1.0
1785424251.155571,08:00:27:9c:f0:f1,97,1061735,0.04361592729886373,0.20227686880605733,0,0.0,0,0.0,0.0,,94.65409646072925
1785424251.155571,08:00:27:a5:9e:2d,10,942,0.4530191156599257,0.3777279187461913,1,0.2,0,0.0,0.0,9.741783142089844e-05,1.0
1785424256.155571,08:00:27:34:35:33,25,2002,0.16982812682787576,0.47432326382338996,1,0.2,0,0.0,0.0,0.00014793872833251953,0.007556798665292703
1785424256.155571,08:00:27:5a:87:bc,0,0,,,0,0.0,0,0.0,0.0,,0.0
1785424256.155571,08:00:27:8a:0d:75,9,882,0.5247907638549805,0.4236947761633906,0,0.0,0,0.0,0.0,0.00018554925918579102,1.0
1785424256.155571,08:00:27:9c:f0:f1,38,265319,0.1101577024202089,0.28127172042914994,0,0.0,1,0.2,0.0,0.00019228458404541016,110.8266499582289
1785424256.155571,08:00:27:a5:9e:2d,13,1274,0.3585556745529175,0.35996466794623283,0,0.0,0,0.0,0.0,0.0001286029815673828,1.0
1785424261.155571,08:00:27:34:35:33,0,0,,,0,0.0,0,0.0,0.0,,0.0
1785424261.155571,08:00:27:5a:87:bc,0,0,,,0,0.0,0,0.0,0.0,,0.0
1785424261.155571,08:00:27:8a:0d:75,6,550,0.8192076206207275,0.3626264318237848,1,0.2,0,0.0,0.0,,1.0
1785424261.155571,08:00:27:9c:f0:f1,7,610,0.6776848634084066,0.47598167770767924,1,0.2,1,0.2,0.0,0.0024405956268310548,1.0
1785424261.155571,08:00:27:a5:9e:2d,13,1160,0.34756898880004883,0.39015204101421447,1,0.2,2,0.4,0.0,0.0007905960083007812,1.0
1785424266.155571,08:00:27:34:35:33,0,0,,,0,0.0,0,0.0,0.0,,0.0
1785424266.155571,08:00:27:5a:87:bc,0,0,,,0,0.0,0,0.0,0.0,,0.0
1785424266.155571,08:00:27:8a:0d:75,5,490,1.0240440368652344,0.0036477277901992822,0,0.0,0,0.0,0.0,,1.0
1785424266.155571,08:00:27:9c:f0:f1,5,490,1.0245214700698853,0.0001458646834928015,0,0.0,0,0.0,0.0,0.00017728805541992188,1.0
1785424266.155571,08:00:27:a5:9e:2d,10,980,0.4637146790822347,0.4340222031219411,0,0.0,0,0.0,0.0,6.1798095703125e-05,1.0
1785424271.155571,08:00:27:34:35:33,0,0,,,0,0.0,0,0.0,0.0,,0.0
1785424271.155571,08:00:27:5a:87:bc,1,70,,,0,0.0,0,0.0,1.0,,10.0
1785424271.155571,08:00:27:8a:0d:75,0,0,,,0,0.0,0,0.0,0.0,,0.0
1785424271.155571,08:00:27:9c:f0:f1,1,98,,,0,0.0,0,0.0,0.0,0.00011181831359863281,1.0
1785424271.155571,08:00:27:a5:9e:2d,1,98,,,0,0.0,0,0.0,0.0,,1.0
1785424276.155571,08:00:27:34:35:33,127,19664,0.026127183248126316,0.26704536329400486,0,0.0,0,0.0,0.0,,0.009263987849024888
1785424276.155571,08:00:27:5a:87:bc,0,0,,,0,0.0,0,0.0,0.0,,0.0
1785424276.155571,08:00:27:8a:0d:75,0,0,,,0,0.0,0,0.0,0.0,,0.0
1785424276.155571,08:00:27:9c:f0:f1,185,2122628,0.017889113529868748,0.22134266109814346,0,0.0,0,0.0,0.0,,107.94487388120423
1785424276.155571,08:00:27:a5:9e:2d,0,0,,,0,0.0,0,0.0,0.0,,0.0
1785424281.155571,08:00:27:34:35:33,32,2438,0.12957080718009703,0.49281706443097534,0,0.0,0,0.0,0.0,0.00011301040649414062,0.009214917734747951
1785424281.155571,08:00:27:5a:87:bc,0,0,,,0,0.0,0,0.0,0.0,,0.0
1785424281.155571,08:00:27:8a:0d:75,0,0,,,0,0.0,0,0.0,0.0,,0.0
1785424281.155571,08:00:27:9c:f0:f1,30,264669,0.13850679068729796,0.4854888980628181,0,0.0,0,0.0,0.0,8.416175842285156e-05,104.3647476340694
1785424281.155571,08:00:27:a5:9e:2d,1,98,,,0,0.0,0,0.0,0.0,,1.0
1785424286.155571,08:00:27:34:35:33,4,392,1.0239816506703694,0.00030321471703587035,0,0.0,0,0.0,0.0,0.00010645389556884766,1.0
1785424286.155571,08:00:27:5a:87:bc,0,0,,,0,0.0,0,0.0,0.0,,0.0
1785424286.155571,08:00:27:8a:0d:75,0,0,,,0,0.0,0,0.0,0.0,,0.0
1785424286.155571,08:00:27:9c:f0:f1,10,942,0.4634624587164985,0.3408672797229675,0,0.0,1,0.2,0.0,0.00011076927185058594,1.0
1785424286.155571,08:00:27:a5:9e:2d,6,550,0.8341817855834961,0.38077205508619577,1,0.2,0,0.0,0.0,,1.0
1785424291.155571,08:00:27:34:35:33,6,588,0.986268424987793,0.0756115757983664,0,0.0,0,0.0,0.0,0.00011181831359863281,1.0
1785424291.155571,08:00:27:5a:87:bc,0,0,,,0,0.0,0,0.0,0.0,,0.0
1785424291.155571,08:00:27:8a:0d:75,0,0,,,0,0.0,0,0.0,0.0,,0.0
1785424291.155571,08:00:27:9c:f0:f1,16,1428,0.328739070892334,0.3669454889455482,1,0.2,0,0.0,0.0,9.03010368347168e-05,0.5374482499059089
1785424291.155571,08:00:27:a5:9e:2d,9,2069,0.38475486636161804,0.46748367436129823,0,0.0,1,0.2,0.0,,2.4630952380952382
1785424296.155571,08:00:27:34:35:33,7,686,0.677256186803182,0.3482310477517662,0,0.0,0,0.0,0.0,0.00016202926635742188,1.0
1785424296.155571,08:00:27:5a:87:bc,0,0,,,0,0.0,0,0.0,0.0,,0.0
1785424296.155571,08:00:27:8a:0d:75,1,98,,,0,0.0,0,0.0,0.0,8.797645568847656e-05,1.0
1785424296.155571,08:00:27:9c:f0:f1,6,588,0.7711129665374756,0.29393692466255233,0,0.0,0,0.0,0.0,8.636713027954102e-05,1.0
1785424296.155571,08:00:27:a5:9e:2d,6,588,0.42322940826416017,0.32452831804287585,0,0.0,0,0.0,0.0,,1.0
1785424301.155571,08:00:27:34:35:33,7,610,0.6826881567637125,0.434532882914835,1,0.2,1,0.2,0.0,0.00014519691467285156,1.0
1785424301.155571,08:00:27:5a:87:bc,0,0,,,0,0.0,0,0.0,0.0,,0.0
1785424301.155571,08:00:27:8a:0d:75,7,610,0.6978788375854492,0.44288642708696024,1,0.2,1,0.2,0.0,0.000157928466796875,1.0
1785424301.155571,08:00:27:9c:f0:f1,9,780,0.3852551281452179,0.4911009024826537,0,0.0,0,0.0,0.0,7.565816243489583e-05,0.38825286212045795
1785424301.155571,08:00:27:a5:9e:2d,22,3229,0.21346338589986166,0.27511174729914006,2,0.4,2,0.4,0.0,,1.6145
1785424306.155571,08:00:27:34:35:33,66,10061,0.06418795585632324,0.3891302017557432,0,0.0,0,0.0,0.0,0.006564021110534668,0.009475249548180999
1785424306.155571,08:00:27:5a:87:bc,0,0,,,0,0.0,0,0.0,0.0,,0.0
1785424306.155571,08:00:27:8a:0d:75,5,490,1.0174777507781982,0.011882130512345572,0,0.0,0,0.0,0.0,0.0001056671142578125,1.0
1785424306.155571,08:00:27:9c:f0:f1,97,1061623,0.001442218820254008,0.00579930412383946,0,0.0,0,0.0,0.0,,107.61510390268626
1785424306.155571,08:00:27:a5:9e:2d,7,686,0.6970138549804688,0.4176546594415016,0,0.0,0,0.0,0.0,,1.0
1785424311.155571,08:00:27:34:35:33,5,452,0.7623034715652466,0.409879957133906,0,0.0,1,0.2,0.0,0.00014013051986694336,1.0
1785424311.155571,08:00:27:5a:87:bc,0,0,,,0,0.0,0,0.0,0.0,,0.0
1785424311.155571,08:00:27:8a:0d:75,0,0,,,0,0.0,0,0.0,0.0,,0.0
1785424311.155571,08:00:27:9c:f0:f1,9,844,0.4325958788394928,0.17028859425435244,1,0.2,0,0.0,0.0,0.005043745040893555,1.0
1785424311.155571,08:00:27:a5:9e:2d,4,392,1.0182796319325764,0.00928052620601201,0,0.0,0,0.0,0.0,,1.0
1785424316.155571,08:00:27:34:35:33,5,490,1.0239572525024414,0.0029585349328260457,0,0.0,0,0.0,0.0,0.00015611648559570311,1.0
1785424316.155571,08:00:27:5a:87:bc,0,0,,,0,0.0,0,0.0,0.0,,0.0
1785424316.155571,08:00:27:8a:0d:75,0,0,,,0,0.0,0,0.0,0.0,,0.0
1785424316.155571,08:00:27:9c:f0:f1,12,1074,0.407992731441151,0.4259904671295984,0,0.0,0,0.0,0.0,0.0001480579376220703,0.46634824142422926
1785424316.155571,08:00:27:a5:9e:2d,6,1813,0.20662879943847656,0.401526028514081,0,0.0,0,0.0,0.0,,3.1044520547945207
1785424321.155571,08:00:27:34:35:33,5,490,1.0240502953529358,0.00035317398789396317,0,0.0,0,0.0,0.0,0.0001033782958984375,1.0
1785424321.155571,08:00:27:5a:87:bc,0,0,,,0,0.0,0,0.0,0.0,,0.0
1785424321.155571,08:00:27:8a:0d:75,0,0,,,0,0.0,0,0.0,0.0,,0.0
1785424321.155571,08:00:27:9c:f0:f1,14,1270,0.31509016110346866,0.2458399472062493,0,0.0,0,0.0,0.0,0.00011165936787923177,0.508203281312525
1785424321.155571,08:00:27:a5:9e:2d,8,2009,0.4426890100751604,0.49457349871370465,0,0.0,0,0.0,0.0,,2.575641025641026
1785424326.155571,08:00:27:34:35:33,4,392,0.6833416620890299,0.2504158353777473,0,0.0,0,0.0,0.0,0.00012803077697753906,1.0
1785424326.155571,08:00:27:5a:87:bc,0,0,,,0,0.0,0,0.0,0.0,,0.0
1785424326.155571,08:00:27:8a:0d:75,0,0,,,0,0.0,0,0.0,0.0,,0.0
1785424326.155571,08:00:27:9c:f0:f1,8,784,0.643094709941319,0.24808177692323494,0,0.0,0,0.0,0.0,0.00011248588562011719,1.0
1785424326.155571,08:00:27:a5:9e:2d,4,392,1.0201366742451985,0.006149754737588482,0,0.0,0,0.0,0.0,,1.0
1785424331.155571,08:00:27:34:35:33,10,980,0.504908005396525,0.06374327013460263,0,0.0,0,0.0,0.0,0.0022121429443359374,1.0
1785424331.155571,08:00:27:5a:87:bc,0,0,,,0,0.0,0,0.0,0.0,,0.0
1785424331.155571,08:00:27:8a:0d:75,0,0,,,0,0.0,0,0.0,0.0,,0.0
1785424331.155571,08:00:27:9c:f0:f1,10,980,0.5049316618177626,0.06126248933730121,0,0.0,0,0.0,0.0,0.00012345314025878905,1.0
1785424331.155571,08:00:27:a5:9e:2d,0,0,,,0,0.0,0,0.0,0.0,,0.0
1785424336.155571,08:00:27:34:35:33,7,648,0.5884331464767456,0.3435387156684746,0,0.0,1,0.2,0.0,5.27501106262207e-05,1.0
1785424336.155571,08:00:27:5a:87:bc,0,0,,,0,0.0,0,0.0,0.0,,0.0
1785424336.155571,08:00:27:8a:0d:75,0,0,,,0,0.0,0,0.0,0.0,,0.0
1785424336.155571,08:00:27:9c:f0:f1,19,1620,0.19615121682484946,0.2406762880206053,1,0.2,0,0.0,0.0,0.00012505054473876953,0.39725355566454146
1785424336.155571,08:00:27:a5:9e:2d,10,3430,0.11765678723653157,0.31572458624709704,0,0.0,0,0.0,0.0,,3.52880658436214
1785424341.155571,08:00:27:34:35:33,5,490,1.0169274806976318,0.009099736052695104,0,0.0,0,0.0,0.0,0.00014319419860839844,1.0
1785424341.155571,08:00:27:5a:87:bc,0,0,,,0,0.0,0,0.0,0.0,,0.0
1785424341.155571,08:00:27:8a:0d:75,3,294,1.0281165838241577,0.0038524866104125977,0,0.0,0,0.0,0.0,,1.0
1785424341.155571,08:00:27:9c:f0:f1,2,196,1.023972988128662,0.0,0,0.0,0,0.0,0.0,,1.0
1785424341.155571,08:00:27:a5:9e:2d,6,588,0.5133533954620362,0.014641582823752792,0,0.0,0,0.0,0.0,0.00018858909606933594,1.0
1785424346.155571,08:00:27:34:35:33,26,1921,0.16137900352478027,0.4499612833023256,1,0.2,1,0.2,0.0,0.00015795230865478516,0.007262183342721371
1785424346.155571,08:00:27:5a:87:bc,0,0,,,0,0.0,0,0.0,0.0,,0.0
1785424346.155571,08:00:27:8a:0d:75,7,610,0.6826313336690267,0.4432123929643363,1,0.2,1,0.2,0.0,,1.0
1785424346.155571,08:00:27:9c:f0:f1,28,264205,0.00012063097070764613,0.00019526574331958792,0,0.0,0,0.0,0.0,,164.61370716510905
1785424346.155571,08:00:27:a5:9e:2d,11,926,0.46280360221862793,0.3257168637972493,2,0.4,2,0.4,0.0,0.0001384735107421875,1.0
1785424351.155571,08:00:27:34:35:33,85,11440,0.01362279767081851,0.10931678262813348,0,0.0,0,0.0,0.0,,0.008627711243174756
1785424351.155571,08:00:27:5a:87:bc,0,0,,,0,0.0,0,0.0,0.0,,0.0
1785424351.155571,08:00:27:8a:0d:75,0,0,,,0,0.0,0,0.0,0.0,,0.0
1785424351.155571,08:00:27:9c:f0:f1,127,1325960,0.009080048591371567,0.08703469511093831,0,0.0,0,0.0,0.0,,115.9055944055944
1785424351.155571,08:00:27:a5:9e:2d,0,0,,,0,0.0,0,0.0,0.0,,0.0
1785424356.155571,08:00:27:34:35:33,0,0,,,0,0.0,0,0.0,0.0,,0.0
1785424356.155571,08:00:27:5a:87:bc,0,0,,,0,0.0,0,0.0,0.0,,0.0
1785424356.155571,08:00:27:8a:0d:75,0,0,,,0,0.0,0,0.0,0.0,,0.0
1785424356.155571,08:00:27:9c:f0:f1,0,0,,,0,0.0,0,0.0,0.0,,0.0
1785424356.155571,08:00:27:a5:9e:2d,0,0,,,0,0.0,0,0.0,0.0,,0.0
1785424361.155571,08:00:27:34:35:33,0,0,,,0,0.0,0,0.0,0.0,,0.0
1785424361.155571,08:00:27:5a:87:bc,0,0,,,0,0.0,0,0.0,0.0,,0.0
1785424361.155571,08:00:27:8a:0d:75,0,0,,,0,0.0,0,0.0,0.0,,0.0
1785424361.155571,08:00:27:9c:f0:f1,6,486,0.007372808456420898,0.014368595717302408,0,0.0,0,0.0,0.0,,0.28338192419825076
1785424361.155571,08:00:27:a5:9e:2d,5,1715,0.009234011173248291,0.015380122663067828,0,0.0,0,0.0,0.0,,3.52880658436214
1785424366.155571,08:00:27:34:35:33,76,10762,0.015473496119181316,0.11563451100742476,0,0.0,0,0.0,0.0,,0.010135380123843383
1785424366.155571,08:00:27:5a:87:bc,0,0,,,0,0.0,0,0.0,0.0,,0.0
1785424366.155571,08:00:27:8a:0d:75,5,1715,0.004290759563446045,0.007073814344251066,0,0.0,0,0.0,0.0,,3.52880658436214
1785424366.155571,08:00:27:9c:f0:f1,98,1061945,0.03603948514486097,0.2500475685185538,1,0.2,1,0.2,0.0,,97.58730012865283
1785424366.155571,08:00:27:a5:9e:2d,8,606,0.5782338551112584,1.3837534078125966,1,0.2,1,0.2,0.0,,0.3302452316076294
1785424371.155571,08:00:27:34:35:33,10,942,0.2236268785264757,0.6306514523240877,0,0.0,0,0.0,0.0,,0.7876254180602007
1785424371.155571,08:00:27:5a:87:bc,0,0,,,0,0.0,0,0.0,0.0,,0.0
1785424371.155571,08:00:27:8a:0d:75,0,0,,,0,0.0,0,0.0,0.0,,0.0
1785424371.155571,08:00:27:9c:f0:f1,18,1878,0.25241530642789956,0.5453607480976812,0,0.0,0,0.0,0.0,0.00011098384857177734,0.658254468980021
1785424371.155571,08:00:27:a5:9e:2d,7,1911,0.34260515371958417,0.4753200693203018,0,0.0,0,0.0,0.0,,2.802052785923754
1785424376.155571,08:00:27:34:35:33,28,2238,0.15002041392856175,0.3591981868715531,0,0.0,0,0.0,0.0,0.00017261505126953125,0.008454822611172606
1785424376.155571,08:00:27:5a:87:bc,0,0,,,0,0.0,0,0.0,0.0,,0.0
1785424376.155571,08:00:27:8a:0d:75,0,0,,,0,0.0,0,0.0,0.0,,0.0
1785424376.155571,08:00:27:9c:f0:f1,31,264799,0.13501896063486735,0.32282775771840055,0,0.0,0,0.0,0.0,0.00010991096496582031,113.35573630136986
1785424376.155571,08:00:27:a5:9e:2d,1,98,,,0,0.0,0,0.0,0.0,,1.0
1785424381.155571,08:00:27:34:35:33,5,490,1.0240932703018188,0.00042460021247549864,0,0.0,0,0.0,0.0,0.00014295578002929688,1.0
1785424381.155571,08:00:27:5a:87:bc,0,0,,,0,0.0,0,0.0,0.0,,0.0
1785424381.155571,08:00:27:8a:0d:75,0,0,,,0,0.0,0,0.0,0.0,,0.0
1785424381.155571,08:00:27:9c:f0:f1,17,1462,0.25602173805236816,0.3889616625878883,0,0.0,0,0.0,0.0,,0.37295918367346936
1785424381.155571,08:00:27:a5:9e:2d,10,3430,0.11772365040249294,0.31573234813062456,0,0.0,0,0.0,0.0,,3.52880658436214
1785424386.155571,08:00:27:34:35:33,8,765,0.5759580135345459,0.7320458531199282,0,0.0,0,0.0,0.0,0.00024096171061197916,0.8576233183856502
1785424386.155571,08:00:27:5a:87:bc,0,0,,,0,0.0,0,0.0,0.0,,0.0
1785424386.155571,08:00:27:8a:0d:75,0,0,,,0,0.0,0,0.0,0.0,,0.0
1785424386.155571,08:00:27:9c:f0:f1,8,892,0.5984108788626534,0.7475868154138811,0,0.0,0,0.0,0.0,0.0001264810562133789,1.166013071895425
1785424386.155571,08:00:27:a5:9e:2d,4,392,0.3916929562886556,0.32001368583951073,0,0.0,0,0.0,0.0,,1.0
1785424391.155571,08:00:27:34:35:33,6,550,0.819171953201294,0.40374957743872064,0,0.0,1,0.2,0.0,0.00016226768493652344,1.0
1785424391.155571,08:00:27:5a:87:bc,0,0,,,0,0.0,0,0.0,0.0,,0.0
1785424391.155571,08:00:27:8a:0d:75,0,0,,,0,0.0,0,0.0,0.0,,0.0
1785424391.155571,08:00:27:9c:f0:f1,4,392,1.0244056383768718,0.00017366709268115937,0,0.0,0,0.0,0.0,0.00011426210403442383,1.0
1785424391.155571,08:00:27:a5:9e:2d,10,942,0.45509420500861275,0.3665401157505379,1,0.2,0,0.0,0.0,,1.0
1785424396.155571,08:00:27:34:35:33,6,550,0.8126379966735839,0.3470032890504902,1,0.2,0,0.0,0.0,0.00011348724365234375,1.0
1785424396.155571,08:00:27:5a:87:bc,0,0,,,0,0.0,0,0.0,0.0,,0.0
1785424396.155571,08:00:27:8a:0d:75,11,976,0.42647609710693357,0.4900635640361055,0,0.0,0,0.0,0.0,,0.44263038548752837
1785424396.155571,08:00:27:9c:f0:f1,2,168,0.5288882255554199,0.0,0,0.0,0,0.0,0.5,9.918212890625e-05,1.7142857142857142
1785424396.155571,08:00:27:a5:9e:2d,17,2853,0.2692827433347702,0.3692228038075406,0,0.0,1,0.2,0.0,0.00015382766723632814,1.7567733990147782
1785424401.155571,08:00:27:34:35:33,4,392,1.0216106573740642,0.0020210943561304487,0,0.0,0,0.0,0.0,0.00014072656631469727,1.0
1785424401.155571,08:00:27:5a:87:bc,0,0,,,0,0.0,0,0.0,0.0,,0.0
1785424401.155571,08:00:27:8a:0d:75,6,512,0.6644476413726806,0.44095291710149853,1,0.2,1,0.2,0.0,,1.0
1785424401.155571,08:00:27:9c:f0:f1,5,490,1.0234560370445251,0.00011397634711052146,0,0.0,0,0.0,0.0,0.0001277923583984375,1.0
1785424401.155571,08:00:27:a5:9e:2d,15,1394,0.29241956983293804,0.3582325501266108,1,0.2,1,0.2,0.0,8.45789909362793e-05,1.0
1785424406.155571,08:00:27:34:35:33,5,490,1.0220297574996948,0.0018515758658819654,0,0.0,0,0.0,0.0,7.243156433105469e-05,1.0
1785424406.155571,08:00:27:5a:87:bc,0,0,,,0,0.0,0,0.0,0.0,,0.0
1785424406.155571,08:00:27:8a:0d:75,5,490,1.0230442881584167,0.0027864396695214395,0,0.0,0,0.0,0.0,,1.0
1785424406.155571,08:00:27:9c:f0:f1,2,120,2.9882349967956543,0.0,1,0.2,1,0.2,0.0,,1.0
1785424406.155571,08:00:27:a5:9e:2d,12,1100,0.37601481784473767,0.4349121376217294,1,0.2,1,0.2,0.0,6.532669067382812e-05,1.0
1785424411.155571,08:00:27:34:35:33,5,490,1.024068534374237,0.00021570270372516472,0,0.0,0,0.0,0.0,0.00023055076599121094,1.0
1785424411.155571,08:00:27:5a:87:bc,0,0,,,0,0.0,0,0.0,0.0,,0.0
1785424411.155571,08:00:27:8a:0d:75,15,2593,0.29230170590536936,0.4156634517781091,0,0.0,0,0.0,0.0,,1.0
1785424411.155571,08:00:27:9c:f0:f1,0,0,,,0,0.0,0,0.0,0.0,,0.0
1785424411.155571,08:00:27:a5:9e:2d,20,3083,0.21769400646812037,0.35713600530938827,0,0.0,0,0.0,0.0,0.00010353326797485352,1.0
1785424416.155571,08:00:27:34:35:33,4,392,1.3512723445892334,0.4628238816803339,0,0.0,0,0.0,0.0,0.00018024444580078125,1.0
1785424416.155571,08:00:27:5a:87:bc,0,0,,,0,0.0,0,0.0,0.0,,0.0
1785424416.155571,08:00:27:8a:0d:75,5,490,1.0238784551620483,0.0029216538470325892,0,0.0,0,0.0,0.0,,1.0
1785424416.155571,08:00:27:9c:f0:f1,1,98,,,0,0.0,0,0.0,0.0,,1.0
1785424416.155571,08:00:27:a5:9e:2d,8,784,0.5850685664585659,0.4689703215782215,0,0.0,0,0.0,0.0,0.00013446807861328125,1.0
1785424421.155571,08:00:27:34:35:33,6,512,0.8030162334442139,0.36110392809200975,0,0.0,2,0.4,0.0,0.00021374225616455078,1.0
1785424421.155571,08:00:27:5a:87:bc,0,0,,,0,0.0,0,0.0,0.0,,0.0
1785424421.155571,08:00:27:8a:0d:75,6,588,0.8127632141113281,0.2834747331888826,0,0.0,0,0.0,0.0,0.000141143798828125,1.0
1785424421.155571,08:00:27:9c:f0:f1,11,938,0.40146970748901367,0.45523152202804085,1,0.2,0,0.0,0.0,,0.43285648361790496
1785424421.155571,08:00:27:a5:9e:2d,12,2363,0.36945290998979047,0.43122732180824747,1,0.2,0,0.0,0.0,0.0001381397247314453,2.083774250440917
1785424426.155571,08:00:27:34:35:33,0,0,,,0,0.0,0,0.0,0.0,,0.0
1785424426.155571,08:00:27:5a:87:bc,0,0,,,0,0.0,0,0.0,0.0,,0.0
1785424426.155571,08:00:27:8a:0d:75,10,980,0.4896327919430203,0.18171473672199448,0,0.0,0,0.0,0.0,0.00010476112365722656,1.0
1785424426.155571,08:00:27:9c:f0:f1,1,60,,,1,0.2,0,0.0,0.0,,1.0
1785424426.155571,08:00:27:a5:9e:2d,11,1040,0.44064152240753174,0.2235432382030432,0,0.0,1,0.2,0.0,0.0001399517059326172,1.0
1785424431.155571,08:00:27:34:35:33,0,0,,,0,0.0,0,0.0,0.0,,0.0
1785424431.155571,08:00:27:5a:87:bc,0,0,,,0,0.0,0,0.0,0.0,,0.0
1785424431.155571,08:00:27:8a:0d:75,10,980,0.49467354350619847,0.14349366479746667,0,0.0,0,0.0,0.0,0.00010962486267089844,1.0
1785424431.155571,08:00:27:9c:f0:f1,0,0,,,0,0.0,0,0.0,0.0,,0.0
1785424431.155571,08:00:27:a5:9e:2d,10,980,0.4946422047085232,0.1627697802191799,0,0.0,0,0.0,0.0,0.025720787048339844,1.0
1785424436.155571,08:00:27:34:35:33,68,10237,0.03203462842685073,0.17171601560439584,0,0.0,0,0.0,0.0,0.0001285076141357422,0.009641002845117671
1785424436.155571,08:00:27:5a:87:bc,0,0,,,0,0.0,0,0.0,0.0,,0.0
1785424436.155571,08:00:27:8a:0d:75,16,1326,0.2796717325846354,0.44690965408512,0,0.0,1,0.2,0.0,0.001604000727335612,0.35042283298097254
1785424436.155571,08:00:27:9c:f0:f1,99,1061819,0.021901427483072087,0.1427873823141844,0,0.0,0,0.0,0.0,,103.72364950669142
1785424436.155571,08:00:27:a5:9e:2d,14,3784,0.3227119995997502,0.465360601127972,1,0.2,0,0.0,0.0,,2.8536953242835597
1785424441.155571,08:00:27:34:35:33,6,550,0.8191269874572754,0.37929619750263155,1,0.2,0,0.0,0.0,0.00010676383972167969,1.0
1785424441.155571,08:00:27:5a:87:bc,0,0,,,0,0.0,0,0.0,0.0,,0.0
1785424441.155571,08:00:27:8a:0d:75,0,0,,,0,0.0,0,0.0,0.0,,0.0
1785424441.155571,08:00:27:9c:f0:f1,10,942,0.4550770123799642,0.1542785283425465,0,0.0,1,0.2,0.0,0.00011831521987915039,1.0
1785424441.155571,08:00:27:a5:9e:2d,4,392,1.0214982827504475,0.005363494314326278,0,0.0,0,0.0,0.0,,1.0
1785424446.155571,08:00:27:34:35:33,4,392,1.3508559862772624,0.46249672160678884,0,0.0,0,0.0,0.0,0.00012177228927612305,1.0
1785424446.155571,08:00:27:5a:87:bc,0,0,,,0,0.0,0,0.0,0.0,,0.0
1785424446.155571,08:00:27:8a:0d:75,0,0,,,0,0.0,0,0.0,0.0,,0.0
1785424446.155571,08:00:27:9c:f0:f1,4,354,0.8706233501434326,0.21664086882944408,0,0.0,1,0.2,0.0,,1.0
1785424446.155571,08:00:27:a5:9e:2d,2,158,1.4407739639282227,0.0,1,0.2,0,0.0,0.0,,1.0
1785424451.155571,08:00:27:34:35:33,6,550,0.8191401958465576,0.4094895867542203,1,0.2,0,0.0,0.0,0.0007187366485595703,1.0
1785424451.155571,08:00:27:5a:87:bc,0,0,,,0,0.0,0,0.0,0.0,,0.0
1785424451.155571,08:00:27:8a:0d:75,5,1715,0.007801532745361328,0.013016115517271006,0,0.0,0,0.0,0.0,,3.52880658436214
1785424451.155571,08:00:27:9c:f0:f1,0,0,,,0,0.0,0,0.0,0.0,,0.0
1785424451.155571,08:00:27:a5:9e:2d,12,1036,0.372578274119984,0.4648369766048206,0,0.0,1,0.2,0.0,,0.4573951434878587
1785424456.155571,08:00:27:34:35:33,5,452,0.993940532207489,0.05203814312244054,0,0.0,1,0.2,0.0,0.004946291446685791,1.0
1785424456.155571,08:00:27:5a:87:bc,0,0,,,0,0.0,0,0.0,0.0,,0.0
1785424456.155571,08:00:27:8a:0d:75,2,196,1.023400068283081,0.0,0,0.0,0,0.0,0.0,0.00017249584197998047,1.0
1785424456.155571,08:00:27:9c:f0:f1,10,878,0.45351311895582413,0.501503821629519,0,0.0,0,0.0,0.0,9.554624557495117e-05,0.4167062173706692
1785424456.155571,08:00:27:a5:9e:2d,16,2755,0.3025928020477295,0.22839125923791795,1,0.2,0,0.0,0.0,,1.8053735255570118
1785424461.155571,08:00:27:34:35:33,5,490,1.0230955481529236,0.0019546163175543888,0,0.0,0,0.0,0.0,6.861686706542969e-05,1.0
1785424461.155571,08:00:27:5a:87:bc,0,0,,,0,0.0,0,0.0,0.0,,0.0
1785424461.155571,08:00:27:8a:0d:75,5,490,1.024990737438202,0.000601816415744192,0,0.0,0,0.0,0.0,9.140968322753906e-05,1.0
1785424461.155571,08:00:27:9c:f0:f1,5,490,1.0243884921073914,7.041150448856345e-05,0,0.0,0,0.0,0.0,0.00013527870178222656,1.0
1785424461.155571,08:00:27:a5:9e:2d,15,1470,0.3324445145470755,0.10335804291008362,0,0.0,0,0.0,0.0,,1.0
1785424466.155571,08:00:27:34:35:33,3,294,1.0239804983139038,0.0003045797348022461,0,0.0,0,0.0,0.0,7.836023966471355e-05,1.0
1785424466.155571,08:00:27:5a:87:bc,0,0,,,0,0.0,0,0.0,0.0,,0.0
1785424466.155571,08:00:27:8a:0d:75,5,490,1.0256867408752441,0.0037887414962778907,0,0.0,0,0.0,0.0,0.0001266956329345703,1.0
1785424466.155571,08:00:27:9c:f0:f1,3,294,1.024487018585205,0.0002770423889160156,0,0.0,0,0.0,0.0,0.00012270609537760416,1.0
1785424466.155571,08:00:27:a5:9e:2d,11,1078,0.46668210029602053,0.29376306873884345,0,0.0,0,0.0,0.0,,1.0
1785424471.155571,08:00:27:34:35:33,56,4155,0.07317069227045232,0.4212314256929088,0,0.0,0,0.0,0.0,,0.0052465102183836205
1785424471.155571,08:00:27:5a:87:bc,0,0,,,0,0.0,0,0.0,0.0,,0.0
1785424471.155571,08:00:27:8a:0d:75,5,490,1.0241075158119202,0.0022341560675595714,0,0.0,0,0.0,0.0,0.00013794898986816407,1.0
1785424471.155571,08:00:27:9c:f0:f1,74,791955,0.055130315153566124,0.36700204079264404,0,0.0,0,0.0,0.0,,190.6028880866426
1785424471.155571,08:00:27:a5:9e:2d,5,490,1.024179995059967,0.0022432961045215525,0,0.0,0,0.0,0.0,,1.0
1785424476.155571,08:00:27:34:35:33,5,490,1.022745966911316,0.002079226861617055,0,0.0,0,0.0,0.0,0.00014591217041015625,1.0
1785424476.155571,08:00:27:5a:87:bc,0,0,,,0,0.0,0,0.0,0.0,,0.0
1785424476.155571,08:00:27:8a:0d:75,9,780,0.3863216042518616,0.49266705417001017,0,0.0,0,0.0,0.0,0.00011928876241048177,0.38825286212045795
1785424476.155571,08:00:27:9c:f0:f1,5,490,1.0227787494659424,0.002148963739431825,0,0.0,0,0.0,0.0,,1.0
1785424476.155571,08:00:27:a5:9e:2d,8,2009,0.4415034226008824,0.5030474340620984,0,0.0,0,0.0,0.0,,2.575641025641026
1785424481.155571,08:00:27:34:35:33,7,667,0.33887434005737305,0.47853617150394534,0,0.0,0,0.0,0.0,0.000102996826171875,0.8400503778337531
1785424481.155571,08:00:27:5a:87:bc,0,0,,,0,0.0,0,0.0,0.0,,0.0
1785424481.155571,08:00:27:8a:0d:75,5,490,1.0253530144691467,0.001492340843520712,0,0.0,0,0.0,0.0,5.779266357421875e-05,1.0
1785424481.155571,08:00:27:9c:f0:f1,7,794,0.3388723134994507,0.47855041114614416,0,0.0,0,0.0,0.0,,1.1904047976011993
1785424481.155571,08:00:27:a5:9e:2d,5,490,1.0253667831420898,0.0016175490093691628,0,0.0,0,0.0,0.0,,1.0
1785424486.155571,08:00:27:34:35:33,28,2283,0.1489442542747215,0.5254543689622255,0,0.0,0,0.0,0.0,,0.008602077610860548
1785424486.155571,08:00:27:5a:87:bc,0,0,,,0,0.0,0,0.0,0.0,,0.0
1785424486.155571,08:00:27:8a:0d:75,5,490,1.0250652432441711,0.001649344140879122,0,0.0,0,0.0,0.0,0.00015735626220703125,1.0
1785424486.155571,08:00:27:9c:f0:f1,38,265401,0.10868759413023253,0.45371701017989124,0,0.0,0,0.0,0.0,,116.25098554533508
1785424486.155571,08:00:27:a5:9e:2d,5,490,1.0250757336616516,0.001873180538981794,0,0.0,0,0.0,0.0,,1.0
1785424491.155571,08:00:27:34:35:33,5,490,1.0196147561073303,0.007651147359310265,0,0.0,0,0.0,0.0,0.0001746654510498047,1.0
1785424491.155571,08:00:27:5a:87:bc,0,0,,,0,0.0,0,0.0,0.0,,0.0
1785424491.155571,08:00:27:8a:0d:75,5,490,1.0243470072746277,0.005281821645267453,0,0.0,0,0.0,0.0,8.416175842285156e-05,1.0
1785424491.155571,08:00:27:9c:f0:f1,6,486,0.004924201965332031,0.009633139777909631,0,0.0,0,0.0,0.0,,0.28338192419825076
1785424491.155571,08:00:27:a5:9e:2d,15,2695,0.2983231544494629,0.38059542627532283,0,0.0,0,0.0,0.0,,1.8383356070941337
1785424496.155571,08:00:27:34:35:33,6,550,0.8280045986175537,0.3919999280254698,0,0.0,1,0.2,0.0,0.0001282215118408203,1.0
1785424496.155571,08:00:27:5a:87:bc,0,0,,,0,0.0,0,0.0,0.0,,0.0
1785424496.155571,08:00:27:8a:0d:75,5,490,1.0249994993209839,0.00041964563695330755,0,0.0,0,0.0,0.0,7.271766662597656e-05,1.0
1785424496.155571,08:00:27:9c:f0:f1,8,606,0.290748017174857,0.6512611939534096,1,0.2,1,0.2,0.0,,0.3302452316076294
1785424496.155571,08:00:27:a5:9e:2d,18,2875,0.24556734982658834,0.3546944234897928,2,0.4,1,0.2,0.0,,1.7466585662211422
1785424501.155571,08:00:27:34:35:33,5,490,1.023894727230072,0.0004163017236276285,0,0.0,0,0.0,0.0,0.00013980865478515624,1.0
1785424501.155571,08:00:27:5a:87:bc,0,0,,,0,0.0,0,0.0,0.0,,0.0
1785424501.155571,08:00:27:8a:0d:75,11,2265,0.4099246025085449,0.4588197403791627,0,0.0,1,0.2,0.0,9.918212890625e-05,2.0553539019963702
1785424501.155571,08:00:27:9c:f0:f1,0,0,,,0,0.0,0,0.0,0.0,,0.0
1785424501.155571,08:00:27:a5:9e:2d,18,1592,0.24498358894796932,0.3726704389363823,1,0.2,0,0.0,0.0,,0.5778584392014519
1785424506.155571,08:00:27:34:35:33,10,923,0.4534328778584798,0.48673655736571336,1,0.2,0,0.0,0.0,0.0001747608184814453,0.8790476190476191
1785424506.155571,08:00:27:5a:87:bc,0,0,,,0,0.0,0,0.0,0.0,,0.0
1785424506.155571,08:00:27:8a:0d:75,4,392,1.0250140031178792,0.0012029016717290876,0,0.0,0,0.0,0.0,0.00013208389282226562,1.0
1785424506.155571,08:00:27:9c:f0:f1,11,1084,0.21579668521881104,0.6391465352748918,0,0.0,0,0.0,0.0,,0.4958828911253431
1785424506.155571,08:00:27:a5:9e:2d,14,2559,0.24161591896644005,0.3671803453810203,0,0.0,1,0.2,0.0,,1.9240601503759398
1785424511.155571,08:00:27:34:35:33,24,1910,0.17466639435809592,0.637488684518691,0,0.0,0,0.0,0.0,0.00012183189392089844,0.007212037683840882
1785424511.155571,08:00:27:5a:87:bc,0,0,,,0,0.0,0,0.0,0.0,,0.0
1785424511.155571,08:00:27:8a:0d:75,0,0,,,0,0.0,0,0.0,0.0,,0.0
1785424511.155571,08:00:27:9c:f0:f1,32,264737,0.0326211606302569,0.1777180116449038,0,0.0,0,0.0,0.0,,146.10209713024284
1785424511.155571,08:00:27:a5:9e:2d,1,98,,,0,0.0,0,0.0,0.0,,1.0
1785424516.155571,08:00:27:34:35:33,5,490,1.0240257382392883,0.0001176212603760498,0,0.0,0,0.0,0.0,0.00013537406921386718,1.0
1785424516.155571,08:00:27:5a:87:bc,0,0,,,0,0.0,0,0.0,0.0,,0.0
1785424516.155571,08:00:27:8a:0d:75,0,0,,,0,0.0,0,0.0,0.0,,0.0
1785424516.155571,08:00:27:9c:f0:f1,5,490,1.0211485028266907,0.005996205542145377,0,0.0,0,0.0,0.0,0.00010223388671875,1.0
1785424516.155571,08:00:27:a5:9e:2d,10,980,0.4717622333102756,0.34893319155810243,0,0.0,0,0.0,0.0,,1.0
1785424521.155571,08:00:27:34:35:33,5,452,1.0030304789543152,0.03630898509168549,0,0.0,1,0.2,0.0,0.003101348876953125,1.0
1785424521.155571,08:00:27:5a:87:bc,0,0,,,0,0.0,0,0.0,0.0,,0.0
1785424521.155571,08:00:27:8a:0d:75,0,0,,,0,0.0,0,0.0,0.0,,0.0
1785424521.155571,08:00:27:9c:f0:f1,1,98,,,0,0.0,0,0.0,0.0,0.000102996826171875,1.0
1785424521.155571,08:00:27:a5:9e:2d,6,550,0.8024378299713135,0.33449446062740024,1,0.2,0,0.0,0.0,,1.0
1785424526.155571,08:00:27:34:35:33,5,490,1.0249984860420227,0.0018468726270472826,0,0.0,0,0.0,0.0,0.00016841888427734374,1.0
1785424526.155571,08:00:27:5a:87:bc,0,0,,,0,0.0,0,0.0,0.0,,0.0
1785424526.155571,08:00:27:8a:0d:75,0,0,,,0,0.0,0,0.0,0.0,,0.0
1785424526.155571,08:00:27:9c:f0:f1,0,0,,,0,0.0,0,0.0,0.0,,0.0
1785424526.155571,08:00:27:a5:9e:2d,5,490,1.025005042552948,0.0018696072498987513,0,0.0,0,0.0,0.0,,1.0
1785424531.155571,08:00:27:34:35:33,3,294,1.023792028427124,0.0039670467376708984,0,0.0,0,0.0,0.0,0.00012262662251790365,1.0
1785424531.155571,08:00:27:5a:87:bc,0,0,,,0,0.0,0,0.0,0.0,,0.0
1785424531.155571,08:00:27:8a:0d:75,0,0,,,0,0.0,0,0.0,0.0,,0.0
1785424531.155571,08:00:27:9c:f0:f1,3,294,1.0179170370101929,0.006492972373962402,0,0.0,0,0.0,0.0,0.00010927518208821614,1.0
1785424531.155571,08:00:27:a5:9e:2d,6,588,0.9355283737182617,0.17074967758199974,0,0.0,0,0.0,0.0,,1.0
1785424536.155571,08:00:27:34:35:33,5,490,1.024456262588501,0.002831490117347768,0,0.0,0,0.0,0.0,9.074211120605469e-05,1.0
1785424536.155571,08:00:27:5a:87:bc,0,0,,,0,0.0,0,0.0,0.0,,0.0
1785424536.155571,08:00:27:8a:0d:75,0,0,,,0,0.0,0,0.0,0.0,,0.0
1785424536.155571,08:00:27:9c:f0:f1,12,1100,0.4314856312491677,0.2132983619597971,1,0.2,1,0.2,0.0,0.002691841125488281,1.0
1785424536.155571,08:00:27:a5:9e:2d,7,610,0.6830734809239706,0.4468428302208582,1,0.2,1,0.2,0.0,,1.0
1785424541.155571,08:00:27:34:35:33,28,2027,0.11182022094726562,0.5614592751071154,0,0.0,1,0.2,0.0,0.0002460479736328125,0.007667487507707206
1785424541.155571,08:00:27:5a:87:bc,0,0,,,0,0.0,0,0.0,0.0,,0.0
1785424541.155571,08:00:27:8a:0d:75,0,0,,,0,0.0,0,0.0,0.0,,0.0
1785424541.155571,08:00:27:9c:f0:f1,30,264363,0.10410285818165746,0.5425380493892853,1,0.2,0,0.0,0.0,,130.4208189442526
1785424541.155571,08:00:27:a5:9e:2d,0,0,,,0,0.0,0,0.0,0.0,,0.0
1785424546.155571,08:00:27:34:35:33,4,392,1.0210013389587402,0.004138325842998674,0,0.0,0,0.0,0.0,0.003834247589111328,1.0
1785424546.155571,08:00:27:5a:87:bc,0,0,,,0,0.0,0,0.0,0.0,,0.0
1785424546.155571,08:00:27:8a:0d:75,0,0,,,0,0.0,0,0.0,0.0,,0.0
1785424546.155571,08:00:27:9c:f0:f1,0,0,,,0,0.0,0,0.0,0.0,,0.0
1785424546.155571,08:00:27:a5:9e:2d,4,392,1.0210060278574626,0.00914583090178523,0,0.0,0,0.0,0.0,,1.0
1785424551.155571,08:00:27:34:35:33,4,354,0.6825946966807047,0.46836853249398047,0,0.0,1,0.2,0.0,0.0001609325408935547,1.0
1785424551.155571,08:00:27:5a:87:bc,0,0,,,0,0.0,0,0.0,0.0,,0.0
1785424551.155571,08:00:27:8a:0d:75,5,490,0.7698277235031128,0.440067303247388,0,0.0,0,0.0,0.0,7.724761962890625e-05,1.0
1785424551.155571,08:00:27:9c:f0:f1,0,0,,,0,0.0,0,0.0,0.0,,0.0
1785424551.155571,08:00:27:a5:9e:2d,9,844,0.5495384931564331,0.4226857912129247,1,0.2,0,0.0,0.0,0.000102996826171875,1.0
1785424556.155571,08:00:27:34:35:33,6,550,0.819712781906128,0.3940491556068822,1,0.2,0,0.0,0.0,8.645057678222657e-05,1.0
1785424556.155571,08:00:27:5a:87:bc,0,0,,,0,0.0,0,0.0,0.0,,0.0
1785424556.155571,08:00:27:8a:0d:75,10,904,0.3431738747490777,0.45640491377225384,1,0.2,1,0.2,0.0,0.00012034177780151367,1.0
1785424556.155571,08:00:27:9c:f0:f1,5,490,1.024599552154541,0.0012904353229777669,0,0.0,0,0.0,0.0,,1.0
1785424556.155571,08:00:27:a5:9e:2d,11,964,0.3088377952575684,0.39181301339141417,1,0.2,2,0.4,0.0,0.0007420182228088379,1.0
1785424561.155571,08:00:27:34:35:33,7,667,0.6726929744084676,1.1097508405100915,0,0.0,0,0.0,0.0,0.00019752979278564453,0.8400503778337531
1785424561.155571,08:00:27:5a:87:bc,0,0,,,0,0.0,0,0.0,0.0,,0.0
1785424561.155571,08:00:27:8a:0d:75,10,980,0.49345511860317653,0.15817418694421365,0,0.0,0,0.0,0.0,0.00012903213500976564,1.0
1785424561.155571,08:00:27:9c:f0:f1,7,794,0.6726821660995483,1.109719241490486,0,0.0,0,0.0,0.0,,1.1904047976011993
1785424561.155571,08:00:27:a5:9e:2d,10,980,0.4934629069434272,0.1579534264319878,0,0.0,0,0.0,0.0,7.8582763671875e-05,1.0
1785424566.155571,08:00:27:34:35:33,4,392,1.0254846413930256,0.0022493151941413245,0,0.0,0,0.0,0.0,0.021377742290496826,1.0
1785424566.155571,08:00:27:5a:87:bc,0,0,,,0,0.0,0,0.0,0.0,,0.0
1785424566.155571,08:00:27:8a:0d:75,15,1368,0.31989262785230366,0.25403181506551276,0,0.0,0,0.0,0.0,0.0001290440559387207,0.5267616480554486
1785424566.155571,08:00:27:9c:f0:f1,0,0,,,0,0.0,0,0.0,0.0,,0.0
1785424566.155571,08:00:27:a5:9e:2d,18,2989,0.2805337064406451,0.1856371541808642,0,0.0,0,0.0,0.0,8.282661437988281e-05,1.6982954545454545
1785424571.155571,08:00:27:34:35:33,5,490,1.023887276649475,0.00027750798596727513,0,0.0,0,0.0,0.0,0.00012831687927246095,1.0
1785424571.155571,08:00:27:5a:87:bc,0,0,,,0,0.0,0,0.0,0.0,,0.0
1785424571.155571,08:00:27:8a:0d:75,10,980,0.4979679054684109,0.1262870005233059,0,0.0,0,0.0,0.0,0.00013580322265625,1.0
1785424571.155571,08:00:27:9c:f0:f1,5,490,1.0138399600982666,0.006922695888864563,0,0.0,0,0.0,0.0,0.0019498348236083984,1.0
1785424571.155571,08:00:27:a5:9e:2d,20,1960,0.2558945229178981,0.078827106805668,0,0.0,0,0.0,0.0,0.00011334419250488281,1.0
1785424576.155571,08:00:27:34:35:33,5,452,0.768055260181427,0.400841952390895,0,0.0,1,0.2,0.0,0.00011926889419555664,1.0
1785424576.155571,08:00:27:5a:87:bc,0,0,,,0,0.0,0,0.0,0.0,,0.0
1785424576.155571,08:00:27:8a:0d:75,10,980,0.5023372173309326,0.10987754911335287,0,0.0,0,0.0,0.0,0.00013341903686523438,1.0
1785424576.155571,08:00:27:9c:f0:f1,7,610,0.684011975924174,0.42777544487662517,1,0.2,1,0.2,0.0,9.784698486328124e-05,1.0
1785424576.155571,08:00:27:a5:9e:2d,22,2042,0.22750871522086008,0.11454453311420679,2,0.4,1,0.2,0.0,0.0001502513885498047,1.0
1785424581.155571,08:00:27:34:35:33,139,20524,0.02391635507777117,0.1901024742763705,0,0.0,0,0.0,0.0,0.00013589859008789062,0.009667424397293272
1785424581.155571,08:00:27:5a:87:bc,0,0,,,0,0.0,0,0.0,0.0,,0.0
1785424581.155571,08:00:27:8a:0d:75,12,1074,0.3723599043759433,0.3816921799801882,0,0.0,0,0.0,0.0,9.5367431640625e-07,0.46634824142422926
1785424581.155571,08:00:27:9c:f0:f1,189,2122908,0.00686054787737258,0.07351322386674704,0,0.0,0,0.0,0.0,,103.93165573288945
1785424581.155571,08:00:27:a5:9e:2d,12,2401,0.40898281877691095,0.3630613284687979,0,0.0,0,0.0,0.0,9.555816650390625e-05,2.0486348122866893
1785424586.155571,08:00:27:34:35:33,0,0,,,0,0.0,0,0.0,0.0,,0.0
1785424586.155571,08:00:27:5a:87:bc,0,0,,,0,0.0,0,0.0,0.0,,0.0
1785424586.155571,08:00:27:8a:0d:75,21,6958,0.2083965539932251,0.40160340696170804,0,0.0,0,0.0,0.0,,3.407443682664055
1785424586.155571,08:00:27:9c:f0:f1,0,0,,,0,0.0,0,0.0,0.0,,0.0
1785424586.155571,08:00:27:a5:9e:2d,25,2042,0.17366441090901694,0.3746843551966467,0,0.0,0,0.0,0.0,8.678436279296875e-05,0.2934751365334866
1785424591.155571,08:00:27:34:35:33,1,98,,,0,0.0,0,0.0,0.0,0.00011992454528808594,1.0
1785424591.155571,08:00:27:5a:87:bc,0,0,,,0,0.0,0,0.0,0.0,,0.0
1785424591.155571,08:00:27:8a:0d:75,0,0,,,0,0.0,0,0.0,0.0,,0.0
1785424591.155571,08:00:27:9c:f0:f1,1,98,,,0,0.0,0,0.0,0.0,,1.0
1785424591.155571,08:00:27:a5:9e:2d,0,0,,,0,0.0,0,0.0,0.0,,0.0
1785424596.155571,08:00:27:34:35:33,5,490,1.0239957571029663,0.0006446356167231273,0,0.0,0,0.0,0.0,0.00016927719116210938,1.0
1785424596.155571,08:00:27:5a:87:bc,0,0,,,0,0.0,0,0.0,0.0,,0.0
1785424596.155571,08:00:27:8a:0d:75,0,0,,,0,0.0,0,0.0,0.0,,0.0
1785424596.155571,08:00:27:9c:f0:f1,5,490,1.0239754915237427,0.000616021302179509,0,0.0,0,0.0,0.0,,1.0
1785424596.155571,08:00:27:a5:9e:2d,0,0,,,0,0.0,0,0.0,0.0,,0.0
1785424601.155571,08:00:27:34:35:33,6,550,0.8488954067230224,0.3502181811806007,0,0.0,1,0.2,0.0,7.762908935546876e-05,1.0
1785424601.155571,08:00:27:5a:87:bc,0,0,,,0,0.0,0,0.0,0.0,,0.0
1785424601.155571,08:00:27:8a:0d:75,0,0,,,0,0.0,0,0.0,0.0,,0.0
1785424601.155571,08:00:27:9c:f0:f1,6,550,0.8466067790985108,0.3548085119156456,1,0.2,0,0.0,0.0,,1.0
1785424601.155571,08:00:27:a5:9e:2d,0,0,,,0,0.0,0,0.0,0.0,,0.0
1785424606.155571,08:00:27:34:35:33,7,667,0.6689579884211222,1.1075261963345688,0,0.0,0,0.0,0.0,0.0001214742660522461,0.8400503778337531
1785424606.155571,08:00:27:5a:87:bc,0,0,,,0,0.0,0,0.0,0.0,,0.0
1785424606.155571,08:00:27:8a:0d:75,0,0,,,0,0.0,0,0.0,0.0,,0.0
1785424606.155571,08:00:27:9c:f0:f1,6,696,0.20168099403381348,0.4023811042856632,0,0.0,0,0.0,0.0,,1.2231985940246046
1785424606.155571,08:00:27:a5:9e:2d,1,98,,,0,0.0,0,0.0,0.0,,1.0
1785424611.155571,08:00:27:34:35:33,7,610,0.6913294792175293,0.44843337193801697,1,0.2,1,0.2,0.0,0.00015044212341308594,1.0
1785424611.155571,08:00:27:5a:87:bc,0,0,,,0,0.0,0,0.0,0.0,,0.0
1785424611.155571,08:00:27:8a:0d:75,5,1715,0.005917251110076904,0.00982646403334095,0,0.0,0,0.0,0.0,,3.52880658436214
1785424611.155571,08:00:27:9c:f0:f1,4,392,1.0179443359375,0.0092142095051835,0,0.0,0,0.0,0.0,0.0001277923583984375,1.0
1785424611.155571,08:00:27:a5:9e:2d,17,1488,0.25922930240631104,0.2602520659091738,1,0.2,1,0.2,0.0,,0.5476628634523372
1785424616.155571,08:00:27:34:35:33,34,2653,0.1349442077405525,0.26054041514571197,0,0.0,0,0.0,0.0,0.0001437664031982422,0.010011736336225277
1785424616.155571,08:00:27:5a:87:bc,0,0,,,0,0.0,0,0.0,0.0,,0.0
1785424616.155571,08:00:27:8a:0d:75,6,486,0.004486608505249024,0.008696308023422566,0,0.0,0,0.0,0.0,,0.28338192419825076
1785424616.155571,08:00:27:9c:f0:f1,35,264815,0.1201705862494076,0.2907188588632988,1,0.2,1,0.2,0.0,0.00012784004211425782,106.8233158531666
1785424616.155571,08:00:27:a5:9e:2d,10,2129,0.38534122043185765,0.45538455437786185,1,0.2,1,0.2,0.0,,2.3655555555555554
1785424621.155571,08:00:27:34:35:33,6,588,0.8917887687683106,0.26248701743061337,0,0.0,0,0.0,0.0,0.00015101432800292968,1.0
1785424621.155571,08:00:27:5a:87:bc,0,0,,,0,0.0,0,0.0,0.0,,0.0
1785424621.155571,08:00:27:8a:0d:75,10,878,0.4810828897688124,0.5372069978471529,0,0.0,0,0.0,0.0,0.0001304149627685547,0.4167062173706692
1785424621.155571,08:00:27:9c:f0:f1,1,98,,,0,0.0,0,0.0,0.0,0.0002841949462890625,1.0
1785424621.155571,08:00:27:a5:9e:2d,14,2597,0.3714996851407565,0.2775084521139151,0,0.0,0,0.0,0.0,,1.898391812865497
1785424626.155571,08:00:27:34:35:33,5,490,1.0220459699630737,0.0017221548673783357,0,0.0,0,0.0,0.0,0.00011200904846191407,1.0
1785424626.155571,08:00:27:5a:87:bc,0,0,,,0,0.0,0,0.0,0.0,,0.0
1785424626.155571,08:00:27:8a:0d:75,5,490,1.0186437368392944,0.005497823067776245,0,0.0,0,0.0,0.0,0.00010952949523925781,1.0
1785424626.155571,08:00:27:9c:f0:f1,0,0,,,0,0.0,0,0.0,0.0,,0.0
1785424626.155571,08:00:27:a5:9e:2d,10,980,0.5116314623090956,0.01714278569176851,0,0.0,0,0.0,0.0,,1.0
1785424631.155571,08:00:27:34:35:33,6,588,0.6832014083862304,0.30068642526941936,0,0.0,0,0.0,0.0,0.00010877847671508789,1.0
1785424631.155571,08:00:27:5a:87:bc,0,0,,,0,0.0,0,0.0,0.0,,0.0
1785424631.155571,08:00:27:8a:0d:75,5,490,1.0248515009880066,0.007963978528566356,0,0.0,0,0.0,0.0,0.00010471343994140625,1.0
1785424631.155571,08:00:27:9c:f0:f1,2,196,1.007983922958374,0.0,0,0.0,0,0.0,0.0,9.000301361083984e-05,1.0
1785424631.155571,08:00:27:a5:9e:2d,9,882,0.5124272704124451,0.011750546317695601,0,0.0,0,0.0,0.0,,1.0
1785424636.155571,08:00:27:34:35:33,8,784,0.6318417276654925,0.2790672635472613,0,0.0,0,0.0,0.0,0.00015910466512044272,1.0
1785424636.155571,08:00:27:5a:87:bc,0,0,,,0,0.0,0,0.0,0.0,,0.0
1785424636.155571,08:00:27:8a:0d:75,15,1266,0.29699128014700754,0.4620709564693733,0,0.0,0,0.0,0.0,9.028116861979167e-05,0.3399570354457572
1785424636.155571,08:00:27:9c:f0:f1,5,490,1.0197080373764038,0.008389730485686352,0,0.0,0,0.0,0.0,0.00012521743774414064,1.0
1785424636.155571,08:00:27:a5:9e:2d,16,4018,0.31048173904418946,0.35979717656464777,0,0.0,0,0.0,0.0,,2.575641025641026
1785424641.155571,08:00:27:34:35:33,11,1002,0.448038387298584,0.17476251072762955,0,0.0,2,0.4,0.0,0.00011129379272460938,1.0
1785424641.155571,08:00:27:5a:87:bc,0,0,,,0,0.0,0,0.0,0.0,,0.0
1785424641.155571,08:00:27:8a:0d:75,5,490,1.0556614995002747,0.05227226739428931,0,0.0,0,0.0,0.0,0.00011415481567382813,1.0
1785424641.155571,08:00:27:9c:f0:f1,10,942,0.4977960056728787,0.13116987050689322,1,0.2,0,0.0,0.0,0.00018227100372314453,1.0
1785424641.155571,08:00:27:a5:9e:2d,7,620,0.7037653128306071,0.2886462016881326,1,0.2,0,0.0,0.14285714285714285,,1.1272727272727272
1785424646.155571,08:00:27:34:35:33,5,490,1.0239187479019165,0.0029968014480038388,0,0.0,0,0.0,0.0,0.00011029243469238282,1.0
1785424646.155571,08:00:27:5a:87:bc,0,0,,,0,0.0,0,0.0,0.0,,0.0
1785424646.155571,08:00:27:8a:0d:75,4,392,1.0249276955922444,0.0007976990737176,0,0.0,0,0.0,0.0,8.052587509155273e-05,1.0
1785424646.155571,08:00:27:9c:f0:f1,5,490,1.0238919854164124,0.0029163353840720423,0,0.0,0,0.0,0.0,,1.0
1785424646.155571,08:00:27:a5:9e:2d,4,392,1.0249149799346924,0.0008257390826304158,0,0.0,0,0.0,0.0,,1.0
1785424651.155571,08:00:27:34:35:33,4,392,1.0163456598917644,0.01077954320976863,0,0.0,0,0.0,0.0,0.000512242317199707,1.0
1785424651.155571,08:00:27:5a:87:bc,0,0,,,0,0.0,0,0.0,0.0,,0.0
1785424651.155571,08:00:27:8a:0d:75,10,878,0.45354390144348145,0.5038671249978863,0,0.0,0,0.0,0.0,0.0002052783966064453,0.4167062173706692
1785424651.155571,08:00:27:9c:f0:f1,4,392,1.0159040292104085,0.011359449152728296,0,0.0,0,0.0,0.0,,1.0
1785424651.155571,08:00:27:a5:9e:2d,9,2107,0.5102429986000061,0.506694491187394,0,0.0,0,0.0,0.0,,2.3997722095671983
1785424656.155571,08:00:27:34:35:33,4,392,1.0238836606343586,0.00016567767885250525,0,0.0,0,0.0,0.0,0.0001589655876159668,1.0
1785424656.155571,08:00:27:5a:87:bc,0,0,,,0,0.0,0,0.0,0.0,,0.0
1785424656.155571,08:00:27:8a:0d:75,15,1266,0.29459205695561,0.45754908892470114,0,0.0,0,0.0,0.0,8.400281270345052e-05,0.3399570354457572
1785424656.155571,08:00:27:9c:f0:f1,4,392,1.023886998494466,0.00025072086391943763,0,0.0,0,0.0,0.0,,1.0
1785424656.155571,08:00:27:a5:9e:2d,13,3724,0.343696653842926,0.47683543309930965,0,0.0,0,0.0,0.0,,2.941548183254344
1785424661.155571,08:00:27:34:35:33,4,392,1.024780035018921,0.0010326427487639225,0,0.0,0,0.0,0.0,0.002049267292022705,1.0
1785424661.155571,08:00:27:5a:87:bc,0,0,,,0,0.0,0,0.0,0.0,,0.0
1785424661.155571,08:00:27:8a:0d:75,0,0,,,0,0.0,0,0.0,0.0,,0.0
1785424661.155571,08:00:27:9c:f0:f1,0,0,,,0,0.0,0,0.0,0.0,,0.0
1785424661.155571,08:00:27:a5:9e:2d,4,392,1.0222690105438232,0.0024692878912776686,0,0.0,0,0.0,0.0,,1.0
1785424666.155571,08:00:27:34:35:33,9,844,0.5131957530975342,0.492884951598118,1,0.2,0,0.0,0.0,0.0001148223876953125,1.0
1785424666.155571,08:00:27:5a:87:bc,0,0,,,0,0.0,0,0.0,0.0,,0.0
1785424666.155571,08:00:27:8a:0d:75,0,0,,,0,0.0,0,0.0,0.0,,0.0
1785424666.155571,08:00:27:9c:f0:f1,9,780,0.3857889771461487,0.49031691190690113,0,0.0,0,0.0,0.0,9.401639302571614e-05,0.38825286212045795
1785424666.155571,08:00:27:a5:9e:2d,11,2265,0.40962700843811034,0.48468087431907125,0,0.0,1,0.2,0.0,,2.186293436293436
1785424671.155571,08:00:27:34:35:33,7,648,0.5120528141657511,0.48487042293804716,1,0.2,0,0.0,0.0,0.00015854835510253906,1.0
1785424671.155571,08:00:27:5a:87:bc,0,0,,,0,0.0,0,0.0,0.0,,0.0
1785424671.155571,08:00:27:8a:0d:75,0,0,,,0,0.0,0,0.0,0.0,,0.0
1785424671.155571,08:00:27:9c:f0:f1,5,376,0.5020737648010254,0.48246155855652256,1,0.2,2,0.4,0.0,0.00014603137969970703,1.0
1785424671.155571,08:00:27:a5:9e:2d,6,512,0.6144724369049073,0.48106863259056315,1,0.2,1,0.2,0.0,,1.0
1785424676.155571,08:00:27:34:35:33,5,452,1.0045084953308105,0.03459798160552419,0,0.0,1,0.2,0.0,9.500980377197266e-05,1.0
1785424676.155571,08:00:27:5a:87:bc,0,0,,,0,0.0,0,0.0,0.0,,0.0
1785424676.155571,08:00:27:8a:0d:75,0,0,,,0,0.0,0,0.0,0.0,,0.0
1785424676.155571,08:00:27:9c:f0:f1,1,60,,,1,0.2,0,0.0,0.0,,1.0
1785424676.155571,08:00:27:a5:9e:2d,4,392,1.024536371231079,0.0009099478005224329,0,0.0,0,0.0,0.0,,1.0
1785424681.155571,08:00:27:34:35:33,11,3819,0.4056416034698486,0.9200601091271028,0,0.0,0,0.0,0.0,0.00015747547149658203,1.1513415737111847
1785424681.155571,08:00:27:5a:87:bc,0,0,,,0,0.0,0,0.0,0.0,,0.0
1785424681.155571,08:00:27:8a:0d:75,0,0,,,0,0.0,0,0.0,0.0,,0.0
1785424681.155571,08:00:27:9c:f0:f1,6,3121,0.0036094188690185547,0.0043053381782168785,0,0.0,0,0.0,0.0,,0.861440794921336
1785424681.155571,08:00:27:a5:9e:2d,2,196,1.0261669158935547,0.0,0,0.0,0,0.0,0.0,,1.0
1785424686.155571,08:00:27:34:35:33,89,8807,0.04689345576546409,0.21075281098032322,0,0.0,0,0.0,0.0,9.091695149739583e-05,0.0066598256058838165
1785424686.155571,08:00:27:5a:87:bc,0,0,,,0,0.0,0,0.0,0.0,,0.0
1785424686.155571,08:00:27:8a:0d:75,0,0,,,0,0.0,0,0.0,0.0,,0.0
1785424686.155571,08:00:27:9c:f0:f1,113,1322407,0.0368468484708241,0.18781473418525846,0,0.0,0,0.0,0.0,,150.15408198024298
1785424686.155571,08:00:27:a5:9e:2d,0,0,,,0,0.0,0,0.0,0.0,,0.0
1785424691.155571,08:00:27:34:35:33,5,490,1.0229857563972473,0.0017303521974364482,0,0.0,0,0.0,0.0,8.802413940429687e-05,1.0
1785424691.155571,08:00:27:5a:87:bc,0,0,,,0,0.0,0,0.0,0.0,,0.0
1785424691.155571,08:00:27:8a:0d:75,0,0,,,0,0.0,0,0.0,0.0,,0.0
1785424691.155571,08:00:27:9c:f0:f1,7,686,0.776305357615153,0.24894701549971923,0,0.0,0,0.0,0.0,9.799003601074219e-05,1.0
1785424691.155571,08:00:27:a5:9e:2d,2,196,1.0246779918670654,0.0,0,0.0,0,0.0,0.0,,1.0
1785424696.155571,08:00:27:34:35:33,4,392,1.0241070588429768,0.0001250402345600172,0,0.0,0,0.0,0.0,6.479024887084961e-05,1.0
1785424696.155571,08:00:27:5a:87:bc,0,0,,,0,0.0,0,0.0,0.0,,0.0
1785424696.155571,08:00:27:8a:0d:75,5,1715,0.008297502994537354,0.013871048319293849,0,0.0,0,0.0,0.0,,3.52880658436214
1785424696.155571,08:00:27:9c:f0:f1,9,882,0.5831041038036346,0.1744830362919536,0,0.0,0,0.0,0.0,0.00016202926635742188,1.0
1785424696.155571,08:00:27:a5:9e:2d,11,976,0.4098207950592041,0.465775235817519,0,0.0,0,0.0,0.0,,0.44263038548752837
1785424701.155571,08:00:27:34:35:33,4,392,1.0250989596048992,0.0014652220940528289,0,0.0,0,0.0,0.0,0.00011271238327026367,1.0
1785424701.155571,08:00:27:5a:87:bc,0,0,,,0,0.0,0,0.0,0.0,,0.0
1785424701.155571,08:00:27:8a:0d:75,15,5145,0.1502577236720494,0.35093534750159705,0,0.0,0,0.0,0.0,,3.52880658436214
1785424701.155571,08:00:27:9c:f0:f1,2,158,1.0233910083770752,0.0,1,0.2,0,0.0,0.0,8.0108642578125e-05,1.0
1785424701.155571,08:00:27:a5:9e:2d,24,2008,0.15875373715939728,0.2576798776453591,0,0.0,1,0.2,0.0,,0.35258999122036877
1785424706.155571,08:00:27:34:35:33,6,550,0.8192669868469238,0.3583681082232872,0,0.0,1,0.2,0.0,8.597373962402344e-05,1.0
1785424706.155571,08:00:27:5a:87:bc,0,0,,,0,0.0,0,0.0,0.0,,0.0
1785424706.155571,08:00:27:8a:0d:75,0,0,,,0,0.0,0,0.0,0.0,,0.0
1785424706.155571,08:00:27:9c:f0:f1,0,0,,,0,0.0,0,0.0,0.0,,0.0
1785424706.155571,08:00:27:a5:9e:2d,6,550,0.8192714214324951,0.35837624005977986,1,0.2,0,0.0,0.0,,1.0
1785424711.155571,08:00:27:34:35:33,5,490,1.0230417847633362,0.00023793382090368535,0,0.0,0,0.0,0.0,0.00015501976013183595,1.0
1785424711.155571,08:00:27:5a:87:bc,0,0,,,0,0.0,0,0.0,0.0,,0.0
1785424711.155571,08:00:27:8a:0d:75,0,0,,,0,0.0,0,0.0,0.0,,0.0
1785424711.155571,08:00:27:9c:f0:f1,0,0,,,0,0.0,0,0.0,0.0,,0.0
1785424711.155571,08:00:27:a5:9e:2d,5,490,1.0230462551116943,0.00026892225968522975,0,0.0,0,0.0,0.0,,1.0
1785424716.155571,08:00:27:34:35:33,9,825,0.3816314935684204,0.484314285799923,1,0.2,0,0.0,0.0,0.00010800361633300781,0.8665966386554622
1785424716.155571,08:00:27:5a:87:bc,0,0,,,0,0.0,0,0.0,0.0,,0.0
1785424716.155571,08:00:27:8a:0d:75,0,0,,,0,0.0,0,0.0,0.0,,0.0
1785424716.155571,08:00:27:9c:f0:f1,11,1084,0.02716031074523926,0.07345644314171718,0,0.0,0,0.0,0.0,,0.4958828911253431
1785424716.155571,08:00:27:a5:9e:2d,9,2069,0.41534364223480225,0.5253065787759608,0,0.0,1,0.2,0.0,,2.4630952380952382
1785424721.155571,08:00:27:34:35:33,7,610,0.6819381713867188,0.4315615671043284,1,0.2,1,0.2,0.0,0.003501224517822266,1.0
1785424721.155571,08:00:27:5a:87:bc,0,0,,,0,0.0,0,0.0,0.0,,0.0
1785424721.155571,08:00:27:8a:0d:75,0,0,,,0,0.0,0,0.0,0.0,,0.0
1785424721.155571,08:00:27:9c:f0:f1,13,1160,0.4030812581380208,0.2816673191450717,1,0.2,2,0.4,0.0,0.0001476287841796875,1.0
1785424721.155571,08:00:27:a5:9e:2d,6,550,0.8177226066589356,0.3698832408537367,1,0.2,0,0.0,0.0,,1.0
1785424726.155571,08:00:27:34:35:33,4,392,1.024113655090332,0.0002680760805027931,0,0.0,0,0.0,0.0,0.0001061558723449707,1.0
1785424726.155571,08:00:27:5a:87:bc,0,0,,,0,0.0,0,0.0,0.0,,0.0
1785424726.155571,08:00:27:8a:0d:75,0,0,,,0,0.0,0,0.0,0.0,,0.0
1785424726.155571,08:00:27:9c:f0:f1,9,882,0.5122035145759583,0.2177107034689684,0,0.0,0,0.0,0.0,8.902549743652343e-05,1.0
1785424726.155571,08:00:27:a5:9e:2d,5,490,1.0244114995002747,0.0002724203995083337,0,0.0,0,0.0,0.0,,1.0
1785424731.155571,08:00:27:34:35:33,37,2748,0.08376547363069323,0.4943695707394484,0,0.0,0,0.0,0.0,,0.005203757006514165
1785424731.155571,08:00:27:5a:87:bc,0,0,,,0,0.0,0,0.0,0.0,,0.0
1785424731.155571,08:00:27:8a:0d:75,8,682,0.2937142848968506,0.45615830617965764,0,0.0,0,0.0,0.0,6.151199340820312e-05,0.3568812140240712
1785424731.155571,08:00:27:9c:f0:f1,51,528080,0.06031181812286377,0.4211516717286786,0,0.0,0,0.0,0.0,,192.1688500727802
1785424731.155571,08:00:27:a5:9e:2d,7,1911,0.34266197681427,0.4753524899025005,0,0.0,0,0.0,0.0,,2.802052785923754
1785424736.155571,08:00:27:34:35:33,77,10915,0.04044470975273534,0.1576247690050953,0,0.0,0,0.0,0.0,0.0002295970916748047,0.010276529498770864
1785424736.155571,08:00:27:5a:87:bc,0,0,,,0,0.0,0,0.0,0.0,,0.0
1785424736.155571,08:00:27:8a:0d:75,8,682,0.2938088689531599,0.45766638390352127,0,0.0,0,0.0,0.0,0.00015652179718017578,0.3568812140240712
1785424736.155571,08:00:27:9c:f0:f1,100,1061933,0.03104813171155525,0.16084718915046253,0,0.0,0,0.0,0.0,0.00011557340621948242,99.0701557981155
1785424736.155571,08:00:27:a5:9e:2d,9,2107,0.44867098331451416,0.46717736395043535,0,0.0,0,0.0,0.0,,2.3997722095671983
1785424741.155571,08:00:27:34:35:33,10,942,0.4550795555114746,0.30556894810904006,1,0.2,0,0.0,0.0,0.00015473365783691406,1.0
1785424741.155571,08:00:27:5a:87:bc,0,0,,,0,0.0,0,0.0,0.0,,0.0
1785424741.155571,08:00:27:8a:0d:75,0,0,,,0,0.0,0,0.0,0.0,,0.0
1785424741.155571,08:00:27:9c:f0:f1,4,392,1.0245696703592937,0.003017012937840065,0,0.0,0,0.0,0.0,0.00010776519775390625,1.0
1785424741.155571,08:00:27:a5:9e:2d,6,550,0.8191184043884278,0.3633261585756357,0,0.0,1,0.2,0.0,,1.0
1785424746.155571,08:00:27:34:35:33,5,490,1.0239782333374023,0.000245732652454168,0,0.0,0,0.0,0.0,8.702278137207031e-05,1.0
1785424746.155571,08:00:27:5a:87:bc,0,0,,,0,0.0,0,0.0,0.0,,0.0
1785424746.155571,08:00:27:8a:0d:75,0,0,,,0,0.0,0,0.0,0.0,,0.0
1785424746.155571,08:00:27:9c:f0:f1,0,0,,,0,0.0,0,0.0,0.0,,0.0
1785424746.155571,08:00:27:a5:9e:2d,5,490,1.0239452123641968,0.00026307804907544963,0,0.0,0,0.0,0.0,,1.0
1785424751.155571,08:00:27:34:35:33,5,490,1.0250549912452698,0.0013358513773710186,0,0.0,0,0.0,0.0,0.0022235870361328124,1.0
1785424751.155571,08:00:27:5a:87:bc,0,0,,,0,0.0,0,0.0,0.0,,0.0
1785424751.155571,08:00:27:8a:0d:75,8,2009,0.440274851662772,0.5015568537044933,0,0.0,0,0.0,0.0,,2.575641025641026
1785424751.155571,08:00:27:9c:f0:f1,3,294,1.028417944908142,0.004210114479064941,0,0.0,0,0.0,0.0,9.1552734375e-05,1.0
1785424751.155571,08:00:27:a5:9e:2d,17,1564,0.2872536927461624,0.30616685888544665,0,0.0,0,0.0,0.0,0.00011070569356282552,0.5599713569638382
1785424756.155571,08:00:27:34:35:33,2,158,2.0641469955444336,0.0,0,0.0,1,0.2,0.0,9.202957153320312e-05,1.0
1785424756.155571,08:00:27:5a:87:bc,0,0,,,0,0.0,0,0.0,0.0,,0.0
1785424756.155571,08:00:27:8a:0d:75,4,392,1.0237967173258464,0.00045485842576675436,0,0.0,0,0.0,0.0,,1.0
1785424756.155571,08:00:27:9c:f0:f1,5,452,0.7685210108757019,0.44130032836652155,1,0.2,0,0.0,0.0,0.00011605024337768555,1.0
1785424756.155571,08:00:27:a5:9e:2d,11,1002,0.3568198919296265,0.23053698190877928,1,0.2,1,0.2,0.0,0.00031870603561401367,1.0
1785424761.155571,08:00:27:34:35:33,0,0,,,0,0.0,0,0.0,0.0,,0.0
1785424761.155571,08:00:27:5a:87:bc,0,0,,,0,0.0,0,0.0,0.0,,0.0
1785424761.155571,08:00:27:8a:0d:75,0,0,,,0,0.0,0,0.0,0.0,,0.0
1785424761.155571,08:00:27:9c:f0:f1,0,0,,,0,0.0,0,0.0,0.0,,0.0
1785424761.155571,08:00:27:a5:9e:2d,0,0,,,0,0.0,0,0.0,0.0,,0.0
1785424766.155571,08:00:27:34:35:33,0,0,,,0,0.0,0,0.0,0.0,,0.0
1785424766.155571,08:00:27:5a:87:bc,0,0,,,0,0.0,0,0.0,0.0,,0.0
1785424766.155571,08:00:27:8a:0d:75,0,0,,,0,0.0,0,0.0,0.0,,0.0
1785424766.155571,08:00:27:9c:f0:f1,6,486,0.004927825927734375,0.009478673681523333,0,0.0,0,0.0,0.0,,0.28338192419825076
1785424766.155571,08:00:27:a5:9e:2d,5,1715,0.0061577558517456055,0.0101567654204882,0,0.0,0,0.0,0.0,,3.52880658436214
1785424771.155571,08:00:27:34:35:33,5,471,0.0004564523696899414,0.0004722529982694451,0,0.0,0,0.0,0.0,,0.7876254180602007
1785424771.155571,08:00:27:5a:87:bc,0,0,,,0,0.0,0,0.0,0.0,,0.0
1785424771.155571,08:00:27:8a:0d:75,1,98,,,0,0.0,0,0.0,0.0,0.00011181831359863281,1.0
1785424771.155571,08:00:27:9c:f0:f1,13,1280,0.17003625631332397,0.33973171892926196,0,0.0,0,0.0,0.0,0.0001220703125,0.5373635600335852
1785424771.155571,08:00:27:a5:9e:2d,8,2009,0.29381799697875977,0.4520016705384475,0,0.0,0,0.0,0.0,,2.575641025641026
1785424776.155571,08:00:27:34:35:33,7,610,0.7001721461613973,0.4515275241383679,1,0.2,1,0.2,0.0,6.299018859863281e-05,1.0
1785424776.155571,08:00:27:5a:87:bc,0,0,,,0,0.0,0,0.0,0.0,,0.0
1785424776.155571,08:00:27:8a:0d:75,12,2401,0.3109475482593883,0.367092386926567,0,0.0,0,0.0,0.0,0.0007707476615905762,2.0486348122866893
1785424776.155571,08:00:27:9c:f0:f1,12,1100,0.3907463550567627,0.31621319443077417,1,0.2,1,0.2,0.0,8.497238159179687e-05,1.0
1785424776.155571,08:00:27:a5:9e:2d,18,1662,0.24107847494237564,0.24718892184063684,0,0.0,0,0.0,0.0,0.00017627080281575522,0.5748875821515047
1785424781.155571,08:00:27:34:35:33,2,196,1.0240190029144287,0.0,0,0.0,0,0.0,0.0,9.5367431640625e-07,1.0
1785424781.155571,08:00:27:5a:87:bc,0,0,,,0,0.0,0,0.0,0.0,,0.0
1785424781.155571,08:00:27:8a:0d:75,10,980,0.4702455732557509,0.3601283373448184,0,0.0,0,0.0,0.0,0.00012640953063964845,1.0
1785424781.155571,08:00:27:9c:f0:f1,9,780,0.15759912133216858,0.2589055341477208,0,0.0,0,0.0,0.0,9.298324584960938e-05,0.38825286212045795
1785424781.155571,08:00:27:a5:9e:2d,16,2793,0.2821300665537516,0.3021571511407126,0,0.0,0,0.0,0.0,0.00010437965393066407,1.7858056265984654
1785424786.155571,08:00:27:34:35:33,0,0,,,0,0.0,0,0.0,0.0,,0.0
1785424786.155571,08:00:27:5a:87:bc,0,0,,,0,0.0,0,0.0,0.0,,0.0
1785424786.155571,08:00:27:8a:0d:75,7,686,0.6837191581726074,0.40407857191363233,0,0.0,0,0.0,0.0,0.00015745162963867187,1.0
1785424786.155571,08:00:27:9c:f0:f1,0,0,,,0,0.0,0,0.0,0.0,,0.0
1785424786.155571,08:00:27:a5:9e:2d,7,686,0.683740496635437,0.40426028662869656,0,0.0,0,0.0,0.0,0.0001380443572998047,1.0
1785424791.155571,08:00:27:34:35:33,2,196,1.0367119312286377,0.0,0,0.0,0,0.0,0.0,,1.0
1785424791.155571,08:00:27:5a:87:bc,0,0,,,0,0.0,0,0.0,0.0,,0.0
1785424791.155571,08:00:27:8a:0d:75,0,0,,,0,0.0,0,0.0,0.0,,0.0
1785424791.155571,08:00:27:9c:f0:f1,2,196,1.036686897277832,0.0,0,0.0,0,0.0,0.0,0.0001264810562133789,1.0
1785424791.155571,08:00:27:a5:9e:2d,0,0,,,0,0.0,0,0.0,0.0,,0.0
1785424796.155571,08:00:27:34:35:33,4,392,1.0258007049560547,0.001869281709102022,0,0.0,0,0.0,0.0,,1.0
1785424796.155571,08:00:27:5a:87:bc,0,0,,,0,0.0,0,0.0,0.0,,0.0
1785424796.155571,08:00:27:8a:0d:75,0,0,,,0,0.0,0,0.0,0.0,,0.0
1785424796.155571,08:00:27:9c:f0:f1,4,392,1.0258076190948486,0.0018497537429841113,0,0.0,0,0.0,0.0,9.799003601074219e-05,1.0
1785424796.155571,08:00:27:a5:9e:2d,0,0,,,0,0.0,0,0.0,0.0,,0.0
1785424801.155571,08:00:27:34:35:33,4,392,1.023322343826294,0.0037225667610719083,0,0.0,0,0.0,0.0,,1.0
1785424801.155571,08:00:27:5a:87:bc,0,0,,,0,0.0,0,0.0,0.0,,0.0
1785424801.155571,08:00:27:8a:0d:75,0,0,,,0,0.0,0,0.0,0.0,,0.0
1785424801.155571,08:00:27:9c:f0:f1,4,392,1.0232963562011719,0.003793169795612372,0,0.0,0,0.0,0.0,0.0001323223114013672,1.0
1785424801.155571,08:00:27:a5:9e:2d,0,0,,,0,0.0,0,0.0,0.0,,0.0
1785424806.155571,08:00:27:34:35:33,1,60,,,1,0.2,0,0.0,0.0,,1.0
1785424806.155571,08:00:27:5a:87:bc,0,0,,,0,0.0,0,0.0,0.0,,0.0
1785424806.155571,08:00:27:8a:0d:75,0,0,,,0,0.0,0,0.0,0.0,,0.0
1785424806.155571,08:00:27:9c:f0:f1,1,60,,,0,0.0,1,0.2,0.0,,1.0
1785424806.155571,08:00:27:a5:9e:2d,0,0,,,0,0.0,0,0.0,0.0,,0.0
1785424811.155571,08:00:27:34:35:33,0,0,,,0,0.0,0,0.0,0.0,,0.0
1785424811.155571,08:00:27:5a:87:bc,0,0,,,0,0.0,0,0.0,0.0,,0.0
1785424811.155571,08:00:27:8a:0d:75,0,0,,,0,0.0,0,0.0,0.0,,0.0
1785424811.155571,08:00:27:9c:f0:f1,0,0,,,0,0.0,0,0.0,0.0,,0.0
1785424811.155571,08:00:27:a5:9e:2d,0,0,,,0,0.0,0,0.0,0.0,,0.0
1785424816.155571,08:00:27:34:35:33,8,765,0.4373504434313093,0.5045331679569848,0,0.0,0,0.0,0.0,0.00014869372049967447,0.8576233183856502
1785424816.155571,08:00:27:5a:87:bc,0,0,,,0,0.0,0,0.0,0.0,,0.0
1785424816.155571,08:00:27:8a:0d:75,0,0,,,0,0.0,0,0.0,0.0,,0.0
1785424816.155571,08:00:27:9c:f0:f1,5,598,0.0005197525024414062,0.0002918010142141263,0,0.0,0,0.0,0.0,,1.2696390658174097
1785424816.155571,08:00:27:a5:9e:2d,3,294,1.0272319316864014,0.00397491455078125,0,0.0,0,0.0,0.0,,1.0
1785424821.155571,08:00:27:34:35:33,13,1160,0.3910706639289856,0.21384700023354752,1,0.2,2,0.4,0.0,0.0001434803009033203,1.0
1785424821.155571,08:00:27:5a:87:bc,0,0,,,0,0.0,0,0.0,0.0,,0.0
1785424821.155571,08:00:27:8a:0d:75,2,196,1.005096197128296,0.0,0,0.0,0,0.0,0.0,,1.0
1785424821.155571,08:00:27:9c:f0:f1,6,550,0.8149772167205811,0.2758912151300268,1,0.2,0,0.0,0.0,0.00016236305236816406,1.0
1785424821.155571,08:00:27:a5:9e:2d,9,806,0.5120669901371002,0.33129428325044835,1,0.2,1,0.2,0.0,0.00011897087097167969,1.0
1785424826.155571,08:00:27:34:35:33,7,686,0.7854343255360922,0.24784191912105874,0,0.0,0,0.0,0.0,0.0002025604248046875,1.0
1785424826.155571,08:00:27:5a:87:bc,0,0,,,0,0.0,0,0.0,0.0,,0.0
1785424826.155571,08:00:27:8a:0d:75,9,806,0.49788498878479004,0.41563589374625504,1,0.2,1,0.2,0.0,0.00010347366333007812,1.0
1785424826.155571,08:00:27:9c:f0:f1,8,682,0.2947138377598354,0.45842962891362526,0,0.0,0,0.0,0.0,9.751319885253906e-05,0.3568812140240712
1785424826.155571,08:00:27:a5:9e:2d,19,3011,0.25664349397023517,0.2133673483447142,1,0.2,1,0.2,0.0,0.02506742477416992,1.6896745230078563
1785424831.155571,08:00:27:34:35:33,4,392,1.02393905321757,0.00031442968666825315,0,0.0,0,0.0,0.0,0.0001125335693359375,1.0
1785424831.155571,08:00:27:5a:87:bc,0,0,,,0,0.0,0,0.0,0.0,,0.0
1785424831.155571,08:00:27:8a:0d:75,3,294,0.5641249418258667,0.4600130319595337,0,0.0,0,0.0,0.0,0.00018596649169921875,1.0
1785424831.155571,08:00:27:9c:f0:f1,5,414,0.513860285282135,0.494608982268968,1,0.2,1,0.2,0.0,0.00011189778645833333,1.0
1785424831.155571,08:00:27:a5:9e:2d,12,1100,0.3650381781838157,0.23348360338469348,1,0.2,1,0.2,0.0,0.0001424551010131836,1.0
1785424836.155571,08:00:27:34:35:33,59,9631,0.05501582704741379,0.22492084779422805,0,0.0,0,0.0,0.0,0.00011491775512695312,0.009074095534746031
1785424836.155571,08:00:27:5a:87:bc,0,0,,,0,0.0,0,0.0,0.0,,0.0
1785424836.155571,08:00:27:8a:0d:75,0,0,,,0,0.0,0,0.0,0.0,,0.0
1785424836.155571,08:00:27:9c:f0:f1,90,1061177,0.03234545836287938,0.2887786107608134,0,0.0,0,0.0,0.0,0.000331878662109375,112.47239003709592
1785424836.155571,08:00:27:a5:9e:2d,4,392,0.6813457012176514,0.29114104133047,0,0.0,0,0.0,0.0,,1.0
1785424841.155571,08:00:27:34:35:33,14,1302,0.2418176944439228,0.4213015908822582,0,0.0,0,0.0,0.0,0.00017404556274414062,0.8367609254498715
1785424841.155571,08:00:27:5a:87:bc,0,0,,,0,0.0,0,0.0,0.0,,0.0
1785424841.155571,08:00:27:8a:0d:75,0,0,,,0,0.0,0,0.0,0.0,,0.0
1785424841.155571,08:00:27:9c:f0:f1,14,1556,0.24181122046250564,0.4212813842811465,0,0.0,0,0.0,0.0,0.00010156631469726562,1.1950844854070661
1785424841.155571,08:00:27:a5:9e:2d,0,0,,,0,0.0,0,0.0,0.0,,0.0
1785424846.155571,08:00:27:34:35:33,7,686,0.7045150200525919,0.4076262981140524,0,0.0,0,0.0,0.0,0.00010395050048828125,1.0
1785424846.155571,08:00:27:5a:87:bc,0,0,,,0,0.0,0,0.0,0.0,,0.0
1785424846.155571,08:00:27:8a:0d:75,0,0,,,0,0.0,0,0.0,0.0,,0.0
1785424846.155571,08:00:27:9c:f0:f1,7,686,0.7044651905695597,0.40775471664097823,0,0.0,0,0.0,0.0,0.00014019012451171875,1.0
1785424846.155571,08:00:27:a5:9e:2d,0,0,,,0,0.0,0,0.0,0.0,,0.0
1785424851.155571,08:00:27:34:35:33,2,196,1.0245640277862549,0.0,0,0.0,0,0.0,0.0,,1.0
1785424851.155571,08:00:27:5a:87:bc,0,0,,,0,0.0,0,0.0,0.0,,0.0
1785424851.155571,08:00:27:8a:0d:75,0,0,,,0,0.0,0,0.0,0.0,,0.0
1785424851.155571,08:00:27:9c:f0:f1,14,1168,0.237698298234206,0.42543745664070276,0,0.0,0,0.0,0.0,9.298324584960938e-05,0.3221180364037507
1785424851.155571,08:00:27:a5:9e:2d,10,3430,0.11739555994669597,0.3154893973254683,0,0.0,0,0.0,0.0,,3.52880658436214
1785424856.155571,08:00:27:34:35:33,21,1712,0.2009608507156372,0.6020108989406662,0,0.0,0,0.0,0.0,0.00010395050048828125,0.0064724674391788434
1785424856.155571,08:00:27:5a:87:bc,0,0,,,0,0.0,0,0.0,0.0,,0.0
1785424856.155571,08:00:27:8a:0d:75,0,0,,,0,0.0,0,0.0,0.0,,0.0
1785424856.155571,08:00:27:9c:f0:f1,27,264407,0.07744149978344257,0.38616255031079466,0,0.0,0,0.0,0.0,,163.82094175960347
1785424856.155571,08:00:27:a5:9e:2d,1,98,,,0,0.0,0,0.0,0.0,,1.0
1785424861.155571,08:00:27:34:35:33,6,550,0.8183219909667969,0.3934694387349115,1,0.2,0,0.0,0.0,0.00017004013061523439,1.0
1785424861.155571,08:00:27:5a:87:bc,0,0,,,0,0.0,0,0.0,0.0,,0.0
1785424861.155571,08:00:27:8a:0d:75,0,0,,,0,0.0,0,0.0,0.0,,0.0
1785424861.155571,08:00:27:9c:f0:f1,0,0,,,0,0.0,0,0.0,0.0,,0.0
1785424861.155571,08:00:27:a5:9e:2d,6,550,0.8182896137237549,0.3934708634334519,0,0.0,1,0.2,0.0,,1.0
1785424866.155571,08:00:27:34:35:33,7,667,0.5054258108139038,0.7685322939862114,0,0.0,0,0.0,0.0,0.0001595020294189453,0.8400503778337531
1785424866.155571,08:00:27:5a:87:bc,0,0,,,0,0.0,0,0.0,0.0,,0.0
1785424866.155571,08:00:27:8a:0d:75,0,0,,,0,0.0,0,0.0,0.0,,0.0
1785424866.155571,08:00:27:9c:f0:f1,5,598,0.0004284977912902832,0.00026312881400465356,0,0.0,0,0.0,0.0,,1.2696390658174097
1785424866.155571,08:00:27:a5:9e:2d,2,196,1.023805856704712,0.0,0,0.0,0,0.0,0.0,,1.0
1785424871.155571,08:00:27:34:35:33,86,11643,0.03719868379480699,0.24069848554597406,0,0.0,0,0.0,0.0,,0.010957632932943202
1785424871.155571,08:00:27:5a:87:bc,0,0,,,0,0.0,0,0.0,0.0,,0.0
1785424871.155571,08:00:27:8a:0d:75,1,98,,,0,0.0,0,0.0,0.0,,1.0
1785424871.155571,08:00:27:9c:f0:f1,109,1063033,0.029329445627000596,0.21332181956338708,0,0.0,0,0.0,0.0,,79.58025153466087
1785424871.155571,08:00:27:a5:9e:2d,6,1813,0.04560399055480957,0.07894543688831625,0,0.0,0,0.0,0.0,9.202957153320312e-05,3.1044520547945207
1785424876.155571,08:00:27:34:35:33,82,11206,0.03889412350124783,0.33197077429714933,0,0.0,0,0.0,0.0,,0.008458022365529068
1785424876.155571,08:00:27:5a:87:bc,0,0,,,0,0.0,0,0.0,0.0,,0.0
1785424876.155571,08:00:27:8a:0d:75,6,550,0.819202184677124,0.38276418190331024,1,0.2,0,0.0,0.0,,1.0
1785424876.155571,08:00:27:9c:f0:f1,111,1324896,0.02863999930295077,0.2854254630528286,0,0.0,0,0.0,0.0,,118.23094770658575
1785424876.155571,08:00:27:a5:9e:2d,6,550,0.8192106246948242,0.3828948806667476,0,0.0,1,0.2,0.0,9.3841552734375e-05,1.0
1785424881.155571,08:00:27:34:35:33,4,392,1.0187772909800212,0.007253085765576859,0,0.0,0,0.0,0.0,0.00015550851821899414,1.0
1785424881.155571,08:00:27:5a:87:bc,0,0,,,0,0.0,0,0.0,0.0,,0.0
1785424881.155571,08:00:27:8a:0d:75,6,550,0.8190842151641846,0.37847764675074547,0,0.0,1,0.2,0.0,,1.0
1785424881.155571,08:00:27:9c:f0:f1,0,0,,,0,0.0,0,0.0,0.0,,0.0
1785424881.155571,08:00:27:a5:9e:2d,10,942,0.47777046097649467,0.33914449662144064,1,0.2,0,0.0,0.0,0.0001311779022216797,1.0
1785424886.155571,08:00:27:34:35:33,26,1889,0.12287099838256836,0.41987208951455224,1,0.2,1,0.2,0.0,5.3882598876953125e-05,0.007150996180330786
1785424886.155571,08:00:27:5a:87:bc,0,0,,,0,0.0,0,0.0,0.0,,0.0
1785424886.155571,08:00:27:8a:0d:75,5,490,1.0240657329559326,0.0026045112665675878,0,0.0,0,0.0,0.0,,1.0
1785424886.155571,08:00:27:9c:f0:f1,24,263941,0.00014674145242442256,0.00022611141957889792,0,0.0,0,0.0,0.0,,157.95391980849791
1785424886.155571,08:00:27:a5:9e:2d,8,708,0.5851666927337646,0.31209932512506255,1,0.2,1,0.2,0.0,0.00017180442810058594,1.0
1785424891.155571,08:00:27:34:35:33,4,392,1.0164793332417805,0.010695883574647137,0,0.0,0,0.0,0.0,0.00015461444854736328,1.0
1785424891.155571,08:00:27:5a:87:bc,0,0,,,0,0.0,0,0.0,0.0,,0.0
1785424891.155571,08:00:27:8a:0d:75,13,3724,0.33981724580128986,0.47443227765181034,0,0.0,0,0.0,0.0,,2.941548183254344
1785424891.155571,08:00:27:9c:f0:f1,4,392,1.0164740085601807,0.010659428941720322,0,0.0,0,0.0,0.0,,1.0
1785424891.155571,08:00:27:a5:9e:2d,15,1266,0.2912689277103969,0.4550054477821572,0,0.0,0,0.0,0.0,7.033348083496094e-05,0.3399570354457572
1785424896.155571,08:00:27:34:35:33,26,2042,0.16071563720703125,0.5442964558393848,0,0.0,0,0.0,0.0,0.00015783309936523438,0.0077085401716112814
1785424896.155571,08:00:27:5a:87:bc,0,0,,,0,0.0,0,0.0,0.0,,0.0
1785424896.155571,08:00:27:8a:0d:75,4,392,1.0133360226949055,0.008226920543814477,0,0.0,0,0.0,0.0,,1.0
1785424896.155571,08:00:27:9c:f0:f1,34,264901,0.12175403219280821,0.4787419000520583,0,0.0,0,0.0,0.0,,129.72624877571008
1785424896.155571,08:00:27:a5:9e:2d,4,392,1.0133580366770427,0.00830897797611724,0,0.0,0,0.0,0.0,8.32676887512207e-05,1.0
1785424901.155571,08:00:27:34:35:33,72,10461,0.0301198724290015,0.23612760848847372,0,0.0,0,0.0,0.0,0.00029015541076660156,0.009858460738145298
1785424901.155571,08:00:27:5a:87:bc,0,0,,,0,0.0,0,0.0,0.0,,0.0
1785424901.155571,08:00:27:8a:0d:75,5,490,1.0259607434272766,0.0028970624521478705,0,0.0,0,0.0,0.0,,1.0
1785424901.155571,08:00:27:9c:f0:f1,94,1061507,0.0076497857288647724,0.0573260925413019,0,0.0,0,0.0,0.0,,87.88764696141746
1785424901.155571,08:00:27:a5:9e:2d,11,2303,0.41920881271362304,0.4441391992926003,0,0.0,0,0.0,0.0,0.0016237735748291016,2.144320297951583
1785424906.155571,08:00:27:34:35:33,5,490,1.0240027904510498,0.0005763647966777665,0,0.0,0,0.0,0.0,0.00012903213500976564,1.0
1785424906.155571,08:00:27:5a:87:bc,0,0,,,0,0.0,0,0.0,0.0,,0.0
1785424906.155571,08:00:27:8a:0d:75,7,686,0.7264363368352255,0.33674866414963744,0,0.0,0,0.0,0.0,0.00569605827331543,1.0
1785424906.155571,08:00:27:9c:f0:f1,1,60,,,1,0.2,0,0.0,0.0,,1.0
1785424906.155571,08:00:27:a5:9e:2d,13,1236,0.36324115594228107,0.33774394590913265,0,0.0,1,0.2,0.0,0.00011920928955078125,1.0
1785424911.155571,08:00:27:34:35:33,6,550,0.8191775798797607,0.3783471091316269,1,0.2,0,0.0,0.0,0.0001842021942138672,1.0
1785424911.155571,08:00:27:5a:87:bc,0,0,,,0,0.0,0,0.0,0.0,,0.0
1785424911.155571,08:00:27:8a:0d:75,9,882,0.5455785095691681,0.2903630323426629,0,0.0,0,0.0,0.0,0.00014281272888183594,1.0
1785424911.155571,08:00:27:9c:f0:f1,0,0,,,0,0.0,0,0.0,0.0,,0.0
1785424911.155571,08:00:27:a5:9e:2d,15,1432,0.31179164137159077,0.29960005981986776,0,0.0,1,0.2,0.0,0.0001379847526550293,1.0
1785424916.155571,08:00:27:34:35:33,5,490,1.0240342617034912,0.002685467997169487,0,0.0,0,0.0,0.0,0.0035245418548583984,1.0
1785424916.155571,08:00:27:5a:87:bc,0,0,,,0,0.0,0,0.0,0.0,,0.0
1785424916.155571,08:00:27:8a:0d:75,10,878,0.4530790117051866,0.5014552953768769,0,0.0,0,0.0,0.0,0.00013679265975952148,0.4167062173706692
1785424916.155571,08:00:27:9c:f0:f1,6,486,0.004732561111450195,0.009149358370168182,0,0.0,0,0.0,0.0,,0.28338192419825076
1785424916.155571,08:00:27:a5:9e:2d,19,4312,0.23730683326721191,0.31558564425546226,0,0.0,0,0.0,0.0,,2.3257820927723842
1785424921.155571,08:00:27:34:35:33,4,392,1.0252749919891357,0.0017418366444390053,0,0.0,0,0.0,0.0,0.00010102987289428711,1.0
1785424921.155571,08:00:27:5a:87:bc,0,0,,,0,0.0,0,0.0,0.0,,0.0
1785424921.155571,08:00:27:8a:0d:75,6,486,0.004757022857666016,0.00931235683718216,0,0.0,0,0.0,0.0,,0.28338192419825076
1785424921.155571,08:00:27:9c:f0:f1,0,0,,,0,0.0,0,0.0,0.0,,0.0
1785424921.155571,08:00:27:a5:9e:2d,9,2107,0.3844783902168274,0.4542329682246588,0,0.0,0,0.0,0.0,,2.3997722095671983
1785424926.155571,08:00:27:34:35:33,5,490,1.025564968585968,0.0024498832762876554,0,0.0,0,0.0,0.0,0.0021129608154296874,1.0
1785424926.155571,08:00:27:5a:87:bc,0,0,,,0,0.0,0,0.0,0.0,,0.0
1785424926.155571,08:00:27:8a:0d:75,0,0,,,0,0.0,0,0.0,0.0,,0.0
1785424926.155571,08:00:27:9c:f0:f1,0,0,,,0,0.0,0,0.0,0.0,,0.0
1785424926.155571,08:00:27:a5:9e:2d,5,490,1.025551974773407,0.007548462743586578,0,0.0,0,0.0,0.0,,1.0
1785424931.155571,08:00:27:34:35:33,5,490,1.0239959955215454,0.000257519355184343,0,0.0,0,0.0,0.0,0.00015358924865722657,1.0
1785424931.155571,08:00:27:5a:87:bc,0,0,,,0,0.0,0,0.0,0.0,,0.0
1785424931.155571,08:00:27:8a:0d:75,0,0,,,0,0.0,0,0.0,0.0,,0.0
1785424931.155571,08:00:27:9c:f0:f1,0,0,,,0,0.0,0,0.0,0.0,,0.0
1785424931.155571,08:00:27:a5:9e:2d,5,490,1.0238932371139526,0.0004190717926399398,0,0.0,0,0.0,0.0,,1.0
1785424936.155571,08:00:27:34:35:33,6,512,0.614399003982544,0.4563051904364602,1,0.2,1,0.2,0.0,0.00017273426055908203,1.0
1785424936.155571,08:00:27:5a:87:bc,0,0,,,0,0.0,0,0.0,0.0,,0.0
1785424936.155571,08:00:27:8a:0d:75,9,780,0.3844238817691803,0.4906449244885428,0,0.0,0,0.0,0.0,0.0001586278279622396,0.38825286212045795
1785424936.155571,08:00:27:9c:f0:f1,6,486,0.0047207832336425785,0.009175718265476085,0,0.0,0,0.0,0.0,,0.28338192419825076
1785424936.155571,08:00:27:a5:9e:2d,19,4236,0.22187750869327122,0.3842354927638362,1,0.2,1,0.2,0.0,,2.3824521934758156
1785424941.155571,08:00:27:34:35:33,5,490,1.0238779783248901,0.00269374505760331,0,0.0,0,0.0,0.0,0.00011334419250488281,1.0
1785424941.155571,08:00:27:5a:87:bc,0,0,,,0,0.0,0,0.0,0.0,,0.0
1785424941.155571,08:00:27:8a:0d:75,10,980,0.48997100194295246,0.20009272189788208,0,0.0,0,0.0,0.0,0.00011582374572753907,1.0
1785424941.155571,08:00:27:9c:f0:f1,4,392,1.0171246528625488,0.010688821288506366,0,0.0,0,0.0,0.0,0.0032030344009399414,1.0
1785424941.155571,08:00:27:a5:9e:2d,19,1862,0.2464580535888672,0.19368056452605015,0,0.0,0,0.0,0.0,8.525848388671876e-05,1.0
1785424946.155571,08:00:27:34:35:33,65,10068,0.06510654836893082,0.3912861116342701,0,0.0,0,0.0,0.0,7.605552673339844e-05,0.00948334245434705
1785424946.155571,08:00:27:5a:87:bc,0,0,,,0,0.0,0,0.0,0.0,,0.0
1785424946.155571,08:00:27:8a:0d:75,10,980,0.48588257365756565,0.337631145017605,0,0.0,0,0.0,0.0,0.00015225410461425782,1.0
1785424946.155571,08:00:27:9c:f0:f1,102,1062431,0.04264393183264402,0.18924669337129799,0,0.0,0,0.0,0.0,0.0043177008628845215,87.9714333029726
1785424946.155571,08:00:27:a5:9e:2d,20,3185,0.23918242203561882,0.19972130459346513,0,0.0,0,0.0,0.0,9.770393371582032e-05,1.628323108384458
1785424951.155571,08:00:27:34:35:33,22,1778,0.14382457733154297,0.4688619746983991,0,0.0,0,0.0,0.0,9.894371032714844e-05,0.00671528766585212
1785424951.155571,08:00:27:5a:87:bc,0,0,,,0,0.0,0,0.0,0.0,,0.0
1785424951.155571,08:00:27:8a:0d:75,6,588,0.6239994049072266,0.41858653733706935,0,0.0,0,0.0,0.0,0.00031071901321411133,1.0
1785424951.155571,08:00:27:9c:f0:f1,36,265161,0.11710948944091797,0.3019250905884712,0,0.0,0,0.0,0.0,0.00017037391662597657,122.19400921658986
1785424951.155571,08:00:27:a5:9e:2d,12,1176,0.3828695470636541,0.20916622054731043,0,0.0,0,0.0,0.0,0.00017404556274414062,1.0
1785424956.155571,08:00:27:34:35:33,5,490,1.0239765048027039,8.850458857522479e-05,0,0.0,0,0.0,0.0,0.0001609325408935547,1.0
1785424956.155571,08:00:27:5a:87:bc,0,0,,,0,0.0,0,0.0,0.0,,0.0
1785424956.155571,08:00:27:8a:0d:75,4,392,1.016727368036906,0.007647420966128313,0,0.0,0,0.0,0.0,0.0001468062400817871,1.0
1785424956.155571,08:00:27:9c:f0:f1,0,0,,,0,0.0,0,0.0,0.0,,0.0
1785424956.155571,08:00:27:a5:9e:2d,9,882,0.5166032314300537,0.46572509221042213,0,0.0,0,0.0,0.0,,1.0
1785424961.155571,08:00:27:34:35:33,6,550,0.8184706211090088,0.4091817320330525,1,0.2,0,0.0,0.0,9.441375732421875e-05,1.0
1785424961.155571,08:00:27:5a:87:bc,0,0,,,0,0.0,0,0.0,0.0,,0.0
1785424961.155571,08:00:27:8a:0d:75,0,0,,,0,0.0,0,0.0,0.0,,0.0
1785424961.155571,08:00:27:9c:f0:f1,0,0,,,0,0.0,0,0.0,0.0,,0.0
1785424961.155571,08:00:27:a5:9e:2d,6,550,0.8184753894805908,0.4091940383614928,0,0.0,1,0.2,0.0,,1.0
1785424966.155571,08:00:27:34:35:33,3,294,2.0121599435806274,0.9897061586380005,0,0.0,0,0.0,0.0,0.00011730194091796875,1.0
1785424966.155571,08:00:27:5a:87:bc,0,0,,,0,0.0,0,0.0,0.0,,0.0
1785424966.155571,08:00:27:8a:0d:75,0,0,,,0,0.0,0,0.0,0.0,,0.0
1785424966.155571,08:00:27:9c:f0:f1,0,0,,,0,0.0,0,0.0,0.0,,0.0
1785424966.155571,08:00:27:a5:9e:2d,3,294,2.012176036834717,0.9897229671478271,0,0.0,0,0.0,0.0,,1.0
1785424971.155571,08:00:27:34:35:33,5,490,1.0230370163917542,0.0015961268850703068,0,0.0,0,0.0,0.0,0.00010266304016113282,1.0
1785424971.155571,08:00:27:5a:87:bc,0,0,,,0,0.0,0,0.0,0.0,,0.0
1785424971.155571,08:00:27:8a:0d:75,0,0,,,0,0.0,0,0.0,0.0,,0.0
1785424971.155571,08:00:27:9c:f0:f1,5,490,1.0219997763633728,0.005105502156450586,0,0.0,0,0.0,0.0,0.00012865066528320313,1.0
1785424971.155571,08:00:27:a5:9e:2d,10,980,0.49983954429626465,0.0984958282750074,0,0.0,0,0.0,0.0,,1.0
1785424976.155571,08:00:27:34:35:33,9,863,0.5099590122699738,0.5095232215160385,0,0.0,0,0.0,0.0,0.00010251998901367188,0.8717171717171717
1785424976.155571,08:00:27:5a:87:bc,0,0,,,0,0.0,0,0.0,0.0,,0.0
1785424976.155571,08:00:27:8a:0d:75,0,0,,,0,0.0,0,0.0,0.0,,0.0
1785424976.155571,08:00:27:9c:f0:f1,8,892,0.642005273274013,0.8604775378187697,0,0.0,0,0.0,0.0,6.159146626790364e-05,1.166013071895425
1785424976.155571,08:00:27:a5:9e:2d,7,686,0.5810428063074747,0.2170657191334603,0,0.0,0,0.0,0.0,,1.0
1785424981.155571,08:00:27:34:35:33,4,392,1.0225406487782795,0.001390698621557496,0,0.0,0,0.0,0.0,0.00013405084609985352,1.0
1785424981.155571,08:00:27:5a:87:bc,0,0,,,0,0.0,0,0.0,0.0,,0.0
1785424981.155571,08:00:27:8a:0d:75,0,0,,,0,0.0,0,0.0,0.0,,0.0
1785424981.155571,08:00:27:9c:f0:f1,10,878,0.3408530023362901,0.41533202401944214,0,0.0,0,0.0,0.0,,0.4167062173706692
1785424981.155571,08:00:27:a5:9e:2d,5,1715,0.006133019924163818,0.01020805314011697,0,0.0,0,0.0,0.0,,3.52880658436214
1785424986.155571,08:00:27:34:35:33,5,452,0.9920225143432617,0.05390290063708168,1,0.2,0,0.0,0.0,0.002805769443511963,1.0
1785424986.155571,08:00:27:5a:87:bc,0,0,,,0,0.0,0,0.0,0.0,,0.0
1785424986.155571,08:00:27:8a:0d:75,6,486,0.005109024047851562,0.009926144747089605,0,0.0,0,0.0,0.0,,0.28338192419825076
1785424986.155571,08:00:27:9c:f0:f1,12,998,0.36074209213256836,0.36446146124153517,1,0.2,1,0.2,0.0,,0.44813650651100134
1785424986.155571,08:00:27:a5:9e:2d,11,3490,0.09069030284881592,0.2437376398174749,0,0.0,1,0.2,0.0,,3.381782945736434
1785424991.155571,08:00:27:34:35:33,9,863,0.5107908844947815,0.5102698193211549,0,0.0,0,0.0,0.0,0.00018870830535888672,0.8717171717171717
1785424991.155571,08:00:27:5a:87:bc,0,0,,,0,0.0,0,0.0,0.0,,0.0
1785424991.155571,08:00:27:8a:0d:75,5,414,0.5068507790565491,0.4995870497225831,1,0.2,1,0.2,0.0,,1.0
1785424991.155571,08:00:27:9c:f0:f1,9,990,0.5107723772525787,0.5102555758190956,0,0.0,0,0.0,0.0,,1.1471610660486675
1785424991.155571,08:00:27:a5:9e:2d,5,414,0.5068410038948059,0.49969916582959817,1,0.2,1,0.2,0.0,0.00012143452962239583,1.0
1785424996.155571,08:00:27:34:35:33,3,294,1.0145195722579956,0.009432435035705566,0,0.0,0,0.0,0.0,0.0001389185587565104,1.0
1785424996.155571,08:00:27:5a:87:bc,0,0,,,0,0.0,0,0.0,0.0,,0.0
1785424996.155571,08:00:27:8a:0d:75,5,490,1.0239629745483398,0.0003300050331675744,0,0.0,0,0.0,0.0,,1.0
1785424996.155571,08:00:27:9c:f0:f1,7,686,0.5086105267206827,0.11590656033118911,0,0.0,0,0.0,0.0,5.14984130859375e-05,1.0
1785424996.155571,08:00:27:a5:9e:2d,9,882,0.5120127499103546,0.3200382294621804,0,0.0,0,0.0,0.0,0.00017442703247070313,1.0
1785425001.155571,08:00:27:34:35:33,5,490,1.0229420065879822,0.0018635576292403892,0,0.0,0,0.0,0.0,0.00010867118835449219,1.0
1785425001.155571,08:00:27:5a:87:bc,0,0,,,0,0.0,0,0.0,0.0,,0.0
1785425001.155571,08:00:27:8a:0d:75,7,686,0.6830941438674927,0.2629964747975007,0,0.0,0,0.0,0.0,6.902217864990234e-05,1.0
1785425001.155571,08:00:27:9c:f0:f1,15,1368,0.3185986450740269,0.2588348841945039,0,0.0,0,0.0,0.0,0.0001455545425415039,0.5267616480554486
1785425001.155571,08:00:27:a5:9e:2d,16,2793,0.28735599517822263,0.2787023036431969,0,0.0,0,0.0,0.0,0.0001201629638671875,1.7858056265984654
1785425006.155571,08:00:27:34:35:33,45,3276,0.06846706975590099,0.44805894658234224,0,0.0,0,0.0,0.0,,0.006206708398381254
1785425006.155571,08:00:27:5a:87:bc,0,0,,,0,0.0,0,0.0,0.0,,0.0
1785425006.155571,08:00:27:8a:0d:75,5,490,1.0225022435188293,0.003254264220168889,0,0.0,0,0.0,0.0,9.441375732421875e-05,1.0
1785425006.155571,08:00:27:9c:f0:f1,49,528012,0.06276129186153412,0.2725407592691265,0,0.0,0,0.0,0.0,9.28640365600586e-05,152.07718894009216
1785425006.155571,08:00:27:a5:9e:2d,7,686,0.6816854874293009,0.38094701192232555,0,0.0,0,0.0,0.0,,1.0
1785425011.155571,08:00:27:34:35:33,7,686,0.7380826870600382,0.3057012290652885,0,0.0,0,0.0,0.0,6.260871887207032e-05,1.0
1785425011.155571,08:00:27:5a:87:bc,0,0,,,0,0.0,0,0.0,0.0,,0.0
1785425011.155571,08:00:27:8a:0d:75,5,490,1.0252522826194763,0.0026159688461956337,0,0.0,0,0.0,0.0,0.00012183189392089844,1.0
1785425011.155571,08:00:27:9c:f0:f1,7,686,0.7380593220392863,0.3058070215555495,0,0.0,0,0.0,0.0,0.00013697147369384766,1.0
1785425011.155571,08:00:27:a5:9e:2d,5,490,1.0252912640571594,0.0026494345320234288,0,0.0,0,0.0,0.0,,1.0
1785425016.155571,08:00:27:34:35:33,7,686,0.6773374875386556,0.27172530364605196,0,0.0,0,0.0,0.0,3.843307495117187e-05,1.0
1785425016.155571,08:00:27:5a:87:bc,0,0,,,0,0.0,0,0.0,0.0,,0.0
1785425016.155571,08:00:27:8a:0d:75,5,490,1.0254732370376587,0.002949354016525387,0,0.0,0,0.0,0.0,0.00019998550415039061,1.0
1785425016.155571,08:00:27:9c:f0:f1,10,980,0.48983332845899796,0.17403850068480933,0,0.0,0,0.0,0.0,0.00011420249938964844,1.0
1785425016.155571,08:00:27:a5:9e:2d,8,784,0.585998569216047,0.4753278094849567,0,0.0,0,0.0,0.0,,1.0
1785425021.155571,08:00:27:34:35:33,4,392,1.0239070256551106,0.00025249959598681345,0,0.0,0,0.0,0.0,0.00012093782424926758,1.0
1785425021.155571,08:00:27:5a:87:bc,0,0,,,0,0.0,0,0.0,0.0,,0.0
1785425021.155571,08:00:27:8a:0d:75,4,392,1.0188896656036377,0.00861616984780273,0,0.0,0,0.0,0.0,0.00010502338409423828,1.0
1785425021.155571,08:00:27:9c:f0:f1,13,1172,0.28560417890548706,0.26937419165170395,0,0.0,0,0.0,0.0,0.00015425682067871094,0.48812994585589337
1785425021.155571,08:00:27:a5:9e:2d,12,2401,0.2802645509893244,0.4428723094946345,0,0.0,0,0.0,0.0,,2.0486348122866893
